<results>
  <transactions>
    <repetition>
      <id>1</id>
      <transaction>
        <timestamp>1333593445875</timestamp>
        <buyerID>115</buyerID>
        <sellerID>113</sellerID>
        <price>133</price>
      </transaction>
      <transaction>
        <timestamp>1333593446123</timestamp>
        <buyerID>116</buyerID>
        <sellerID>131</sellerID>
        <price>135</price>
      </transaction>
      <transaction>
        <timestamp>1333593446246</timestamp>
        <buyerID>133</buyerID>
        <sellerID>112</sellerID>
        <price>135</price>
      </transaction>
      <transaction>
        <timestamp>1333593446474</timestamp>
        <buyerID>115</buyerID>
        <sellerID>113</sellerID>
        <price>135</price>
      </transaction>
      <transaction>
        <timestamp>1333593447710</timestamp>
        <buyerID>134</buyerID>
        <sellerID>114</sellerID>
        <price>136</price>
      </transaction>
      <transaction>
        <timestamp>1333593447926</timestamp>
        <buyerID>117</buyerID>
        <sellerID>111</sellerID>
        <price>136</price>
      </transaction>
      <transaction>
        <timestamp>1333593448141</timestamp>
        <buyerID>118</buyerID>
        <sellerID>113</sellerID>
        <price>136</price>
      </transaction>
      <transaction>
        <timestamp>1333593448441</timestamp>
        <buyerID>116</buyerID>
        <sellerID>132</sellerID>
        <price>138</price>
      </transaction>
      <transaction>
        <timestamp>1333593448454</timestamp>
        <buyerID>133</buyerID>
        <sellerID>131</sellerID>
        <price>137</price>
      </transaction>
      <transaction>
        <timestamp>1333593448733</timestamp>
        <buyerID>134</buyerID>
        <sellerID>113</sellerID>
        <price>138</price>
      </transaction>
      <transaction>
        <timestamp>1333593449090</timestamp>
        <buyerID>118</buyerID>
        <sellerID>111</sellerID>
        <price>138</price>
      </transaction>
      <transaction>
        <timestamp>1333593449520</timestamp>
        <buyerID>115</buyerID>
        <sellerID>131</sellerID>
        <price>139</price>
      </transaction>
      <transaction>
        <timestamp>1333593449778</timestamp>
        <buyerID>115</buyerID>
        <sellerID>132</sellerID>
        <price>140</price>
      </transaction>
      <transaction>
        <timestamp>1333593450185</timestamp>
        <buyerID>134</buyerID>
        <sellerID>111</sellerID>
        <price>141</price>
      </transaction>
      <transaction>
        <timestamp>1333593450339</timestamp>
        <buyerID>133</buyerID>
        <sellerID>131</sellerID>
        <price>141</price>
      </transaction>
      <transaction>
        <timestamp>1333593450718</timestamp>
        <buyerID>133</buyerID>
        <sellerID>132</sellerID>
        <price>142</price>
      </transaction>
      <transaction>
        <timestamp>1333593450919</timestamp>
        <buyerID>115</buyerID>
        <sellerID>111</sellerID>
        <price>142</price>
      </transaction>
      <transaction>
        <timestamp>1333593451024</timestamp>
        <buyerID>133</buyerID>
        <sellerID>131</sellerID>
        <price>144</price>
      </transaction>
      <transaction>
        <timestamp>1333593451704</timestamp>
        <buyerID>134</buyerID>
        <sellerID>111</sellerID>
        <price>145</price>
      </transaction>
      <transaction>
        <timestamp>1333593451709</timestamp>
        <buyerID>118</buyerID>
        <sellerID>132</sellerID>
        <price>145</price>
      </transaction>
      <transaction>
        <timestamp>1333593452198</timestamp>
        <buyerID>134</buyerID>
        <sellerID>132</sellerID>
        <price>148</price>
      </transaction>
      <transaction>
        <timestamp>1333593452533</timestamp>
        <buyerID>133</buyerID>
        <sellerID>132</sellerID>
        <price>148</price>
      </transaction>
      <transaction>
        <timestamp>1333593452752</timestamp>
        <buyerID>134</buyerID>
        <sellerID>111</sellerID>
        <price>149</price>
      </transaction>
      <transaction>
        <timestamp>1333593454278</timestamp>
        <buyerID>116</buyerID>
        <sellerID>112</sellerID>
        <price>153</price>
      </transaction>
      <transaction>
        <timestamp>1333593454941</timestamp>
        <buyerID>116</buyerID>
        <sellerID>132</sellerID>
        <price>154</price>
      </transaction>
      <transaction>
        <timestamp>1333593557154</timestamp>
        <buyerID>73</buyerID>
        <sellerID>131</sellerID>
        <price>156</price>
      </transaction>
      <transaction>
        <timestamp>1333593557886</timestamp>
        <buyerID>73</buyerID>
        <sellerID>131</sellerID>
        <price>213</price>
      </transaction>
      <transaction>
        <timestamp>1333593558617</timestamp>
        <buyerID>73</buyerID>
        <sellerID>132</sellerID>
        <price>234</price>
      </transaction>
      <transaction>
        <timestamp>1333593559483</timestamp>
        <buyerID>74</buyerID>
        <sellerID>114</sellerID>
        <price>190</price>
      </transaction>
      <transaction>
        <timestamp>1333593560226</timestamp>
        <buyerID>74</buyerID>
        <sellerID>132</sellerID>
        <price>183</price>
      </transaction>
      <transaction>
        <timestamp>1333593560238</timestamp>
        <buyerID>116</buyerID>
        <sellerID>72</sellerID>
        <price>158</price>
      </transaction>
      <transaction>
        <timestamp>1333593560270</timestamp>
        <buyerID>115</buyerID>
        <sellerID>71</sellerID>
        <price>153</price>
      </transaction>
      <transaction>
        <timestamp>1333593560868</timestamp>
        <buyerID>116</buyerID>
        <sellerID>72</sellerID>
        <price>153</price>
      </transaction>
      <transaction>
        <timestamp>1333593560956</timestamp>
        <buyerID>117</buyerID>
        <sellerID>71</sellerID>
        <price>153</price>
      </transaction>
      <transaction>
        <timestamp>1333593561595</timestamp>
        <buyerID>118</buyerID>
        <sellerID>71</sellerID>
        <price>153</price>
      </transaction>
      <transaction>
        <timestamp>1333593561655</timestamp>
        <buyerID>116</buyerID>
        <sellerID>72</sellerID>
        <price>153</price>
      </transaction>
      <transaction>
        <timestamp>1333593561716</timestamp>
        <buyerID>74</buyerID>
        <sellerID>131</sellerID>
        <price>201</price>
      </transaction>
      <transaction>
        <timestamp>1333593562414</timestamp>
        <buyerID>118</buyerID>
        <sellerID>71</sellerID>
        <price>140</price>
      </transaction>
      <transaction>
        <timestamp>1333593563108</timestamp>
        <buyerID>133</buyerID>
        <sellerID>72</sellerID>
        <price>152</price>
      </transaction>
      <transaction>
        <timestamp>1333593563148</timestamp>
        <buyerID>74</buyerID>
        <sellerID>114</sellerID>
        <price>187</price>
      </transaction>
      <transaction>
        <timestamp>1333593563156</timestamp>
        <buyerID>115</buyerID>
        <sellerID>71</sellerID>
        <price>140</price>
      </transaction>
      <transaction>
        <timestamp>1333593564634</timestamp>
        <buyerID>74</buyerID>
        <sellerID>112</sellerID>
        <price>173</price>
      </transaction>
    </repetition>
    <repetition>
      <id>2</id>
      <transaction>
        <timestamp>1333593571854</timestamp>
        <buyerID>116</buyerID>
        <sellerID>114</sellerID>
        <price>235</price>
      </transaction>
      <transaction>
        <timestamp>1333593572765</timestamp>
        <buyerID>118</buyerID>
        <sellerID>131</sellerID>
        <price>189</price>
      </transaction>
      <transaction>
        <timestamp>1333593572770</timestamp>
        <buyerID>115</buyerID>
        <sellerID>131</sellerID>
        <price>187</price>
      </transaction>
      <transaction>
        <timestamp>1333593573098</timestamp>
        <buyerID>73</buyerID>
        <sellerID>113</sellerID>
        <price>183</price>
      </transaction>
      <transaction>
        <timestamp>1333593573253</timestamp>
        <buyerID>117</buyerID>
        <sellerID>71</sellerID>
        <price>179</price>
      </transaction>
      <transaction>
        <timestamp>1333593573262</timestamp>
        <buyerID>134</buyerID>
        <sellerID>71</sellerID>
        <price>177</price>
      </transaction>
      <transaction>
        <timestamp>1333593573527</timestamp>
        <buyerID>73</buyerID>
        <sellerID>112</sellerID>
        <price>175</price>
      </transaction>
      <transaction>
        <timestamp>1333593573667</timestamp>
        <buyerID>117</buyerID>
        <sellerID>131</sellerID>
        <price>174</price>
      </transaction>
      <transaction>
        <timestamp>1333593573868</timestamp>
        <buyerID>118</buyerID>
        <sellerID>72</sellerID>
        <price>174</price>
      </transaction>
      <transaction>
        <timestamp>1333593574237</timestamp>
        <buyerID>74</buyerID>
        <sellerID>132</sellerID>
        <price>174</price>
      </transaction>
      <transaction>
        <timestamp>1333593574252</timestamp>
        <buyerID>115</buyerID>
        <sellerID>72</sellerID>
        <price>173</price>
      </transaction>
      <transaction>
        <timestamp>1333593574319</timestamp>
        <buyerID>133</buyerID>
        <sellerID>131</sellerID>
        <price>174</price>
      </transaction>
      <transaction>
        <timestamp>1333593574508</timestamp>
        <buyerID>118</buyerID>
        <sellerID>71</sellerID>
        <price>164</price>
      </transaction>
      <transaction>
        <timestamp>1333593574513</timestamp>
        <buyerID>134</buyerID>
        <sellerID>111</sellerID>
        <price>174</price>
      </transaction>
      <transaction>
        <timestamp>1333593574597</timestamp>
        <buyerID>73</buyerID>
        <sellerID>112</sellerID>
        <price>174</price>
      </transaction>
      <transaction>
        <timestamp>1333593574828</timestamp>
        <buyerID>116</buyerID>
        <sellerID>71</sellerID>
        <price>164</price>
      </transaction>
      <transaction>
        <timestamp>1333593574832</timestamp>
        <buyerID>134</buyerID>
        <sellerID>112</sellerID>
        <price>174</price>
      </transaction>
      <transaction>
        <timestamp>1333593574981</timestamp>
        <buyerID>133</buyerID>
        <sellerID>111</sellerID>
        <price>172</price>
      </transaction>
      <transaction>
        <timestamp>1333593575192</timestamp>
        <buyerID>134</buyerID>
        <sellerID>132</sellerID>
        <price>171</price>
      </transaction>
      <transaction>
        <timestamp>1333593575986</timestamp>
        <buyerID>133</buyerID>
        <sellerID>113</sellerID>
        <price>169</price>
      </transaction>
      <transaction>
        <timestamp>1333593576130</timestamp>
        <buyerID>133</buyerID>
        <sellerID>71</sellerID>
        <price>166</price>
      </transaction>
      <transaction>
        <timestamp>1333593576278</timestamp>
        <buyerID>134</buyerID>
        <sellerID>72</sellerID>
        <price>166</price>
      </transaction>
      <transaction>
        <timestamp>1333593576664</timestamp>
        <buyerID>115</buyerID>
        <sellerID>113</sellerID>
        <price>166</price>
      </transaction>
      <transaction>
        <timestamp>1333593576875</timestamp>
        <buyerID>133</buyerID>
        <sellerID>111</sellerID>
        <price>166</price>
      </transaction>
      <transaction>
        <timestamp>1333593577078</timestamp>
        <buyerID>116</buyerID>
        <sellerID>113</sellerID>
        <price>166</price>
      </transaction>
      <transaction>
        <timestamp>1333593577529</timestamp>
        <buyerID>116</buyerID>
        <sellerID>132</sellerID>
        <price>165</price>
      </transaction>
      <transaction>
        <timestamp>1333593577666</timestamp>
        <buyerID>115</buyerID>
        <sellerID>131</sellerID>
        <price>166</price>
      </transaction>
      <transaction>
        <timestamp>1333593577944</timestamp>
        <buyerID>116</buyerID>
        <sellerID>111</sellerID>
        <price>166</price>
      </transaction>
      <transaction>
        <timestamp>1333593578406</timestamp>
        <buyerID>116</buyerID>
        <sellerID>131</sellerID>
        <price>166</price>
      </transaction>
      <transaction>
        <timestamp>1333593578481</timestamp>
        <buyerID>115</buyerID>
        <sellerID>132</sellerID>
        <price>166</price>
      </transaction>
      <transaction>
        <timestamp>1333593579074</timestamp>
        <buyerID>115</buyerID>
        <sellerID>132</sellerID>
        <price>166</price>
      </transaction>
      <transaction>
        <timestamp>1333593580681</timestamp>
        <buyerID>74</buyerID>
        <sellerID>131</sellerID>
        <price>164</price>
      </transaction>
      <transaction>
        <timestamp>1333593581282</timestamp>
        <buyerID>74</buyerID>
        <sellerID>132</sellerID>
        <price>164</price>
      </transaction>
      <transaction>
        <timestamp>1333593581363</timestamp>
        <buyerID>134</buyerID>
        <sellerID>132</sellerID>
        <price>163</price>
      </transaction>
      <transaction>
        <timestamp>1333593583505</timestamp>
        <buyerID>74</buyerID>
        <sellerID>111</sellerID>
        <price>163</price>
      </transaction>
      <transaction>
        <timestamp>1333593585059</timestamp>
        <buyerID>74</buyerID>
        <sellerID>111</sellerID>
        <price>164</price>
      </transaction>
      <transaction>
        <timestamp>1333593686954</timestamp>
        <buyerID>74</buyerID>
        <sellerID>132</sellerID>
        <price>166</price>
      </transaction>
      <transaction>
        <timestamp>1333593687663</timestamp>
        <buyerID>133</buyerID>
        <sellerID>72</sellerID>
        <price>160</price>
      </transaction>
    </repetition>
    <repetition>
      <id>3</id>
      <transaction>
        <timestamp>1333593699264</timestamp>
        <buyerID>118</buyerID>
        <sellerID>113</sellerID>
        <price>159</price>
      </transaction>
      <transaction>
        <timestamp>1333593699575</timestamp>
        <buyerID>117</buyerID>
        <sellerID>112</sellerID>
        <price>160</price>
      </transaction>
      <transaction>
        <timestamp>1333593700119</timestamp>
        <buyerID>115</buyerID>
        <sellerID>114</sellerID>
        <price>161</price>
      </transaction>
      <transaction>
        <timestamp>1333593700135</timestamp>
        <buyerID>74</buyerID>
        <sellerID>111</sellerID>
        <price>162</price>
      </transaction>
      <transaction>
        <timestamp>1333593700277</timestamp>
        <buyerID>133</buyerID>
        <sellerID>111</sellerID>
        <price>163</price>
      </transaction>
      <transaction>
        <timestamp>1333593700390</timestamp>
        <buyerID>73</buyerID>
        <sellerID>132</sellerID>
        <price>170</price>
      </transaction>
      <transaction>
        <timestamp>1333593701040</timestamp>
        <buyerID>116</buyerID>
        <sellerID>131</sellerID>
        <price>164</price>
      </transaction>
      <transaction>
        <timestamp>1333593701342</timestamp>
        <buyerID>115</buyerID>
        <sellerID>72</sellerID>
        <price>164</price>
      </transaction>
      <transaction>
        <timestamp>1333593701354</timestamp>
        <buyerID>74</buyerID>
        <sellerID>132</sellerID>
        <price>166</price>
      </transaction>
      <transaction>
        <timestamp>1333593701459</timestamp>
        <buyerID>73</buyerID>
        <sellerID>111</sellerID>
        <price>167</price>
      </transaction>
      <transaction>
        <timestamp>1333593701466</timestamp>
        <buyerID>134</buyerID>
        <sellerID>71</sellerID>
        <price>163</price>
      </transaction>
      <transaction>
        <timestamp>1333593701482</timestamp>
        <buyerID>117</buyerID>
        <sellerID>71</sellerID>
        <price>162</price>
      </transaction>
      <transaction>
        <timestamp>1333593701913</timestamp>
        <buyerID>134</buyerID>
        <sellerID>131</sellerID>
        <price>164</price>
      </transaction>
      <transaction>
        <timestamp>1333593701995</timestamp>
        <buyerID>74</buyerID>
        <sellerID>113</sellerID>
        <price>165</price>
      </transaction>
      <transaction>
        <timestamp>1333593702004</timestamp>
        <buyerID>133</buyerID>
        <sellerID>132</sellerID>
        <price>166</price>
      </transaction>
      <transaction>
        <timestamp>1333593702206</timestamp>
        <buyerID>134</buyerID>
        <sellerID>72</sellerID>
        <price>164</price>
      </transaction>
      <transaction>
        <timestamp>1333593702530</timestamp>
        <buyerID>116</buyerID>
        <sellerID>111</sellerID>
        <price>166</price>
      </transaction>
      <transaction>
        <timestamp>1333593702689</timestamp>
        <buyerID>115</buyerID>
        <sellerID>131</sellerID>
        <price>165</price>
      </transaction>
      <transaction>
        <timestamp>1333593702767</timestamp>
        <buyerID>73</buyerID>
        <sellerID>132</sellerID>
        <price>165</price>
      </transaction>
      <transaction>
        <timestamp>1333593702773</timestamp>
        <buyerID>118</buyerID>
        <sellerID>71</sellerID>
        <price>164</price>
      </transaction>
      <transaction>
        <timestamp>1333593703015</timestamp>
        <buyerID>118</buyerID>
        <sellerID>131</sellerID>
        <price>164</price>
      </transaction>
      <transaction>
        <timestamp>1333593703207</timestamp>
        <buyerID>133</buyerID>
        <sellerID>113</sellerID>
        <price>164</price>
      </transaction>
      <transaction>
        <timestamp>1333593703349</timestamp>
        <buyerID>134</buyerID>
        <sellerID>111</sellerID>
        <price>164</price>
      </transaction>
      <transaction>
        <timestamp>1333593703503</timestamp>
        <buyerID>116</buyerID>
        <sellerID>112</sellerID>
        <price>164</price>
      </transaction>
      <transaction>
        <timestamp>1333593703628</timestamp>
        <buyerID>133</buyerID>
        <sellerID>71</sellerID>
        <price>162</price>
      </transaction>
      <transaction>
        <timestamp>1333593703840</timestamp>
        <buyerID>115</buyerID>
        <sellerID>111</sellerID>
        <price>162</price>
      </transaction>
      <transaction>
        <timestamp>1333593703930</timestamp>
        <buyerID>74</buyerID>
        <sellerID>131</sellerID>
        <price>163</price>
      </transaction>
      <transaction>
        <timestamp>1333593704195</timestamp>
        <buyerID>134</buyerID>
        <sellerID>71</sellerID>
        <price>163</price>
      </transaction>
      <transaction>
        <timestamp>1333593704363</timestamp>
        <buyerID>116</buyerID>
        <sellerID>132</sellerID>
        <price>164</price>
      </transaction>
      <transaction>
        <timestamp>1333593704793</timestamp>
        <buyerID>74</buyerID>
        <sellerID>113</sellerID>
        <price>164</price>
      </transaction>
      <transaction>
        <timestamp>1333593704900</timestamp>
        <buyerID>133</buyerID>
        <sellerID>131</sellerID>
        <price>165</price>
      </transaction>
      <transaction>
        <timestamp>1333593705269</timestamp>
        <buyerID>116</buyerID>
        <sellerID>72</sellerID>
        <price>164</price>
      </transaction>
      <transaction>
        <timestamp>1333593705912</timestamp>
        <buyerID>115</buyerID>
        <sellerID>131</sellerID>
        <price>164</price>
      </transaction>
      <transaction>
        <timestamp>1333593706002</timestamp>
        <buyerID>74</buyerID>
        <sellerID>132</sellerID>
        <price>165</price>
      </transaction>
      <transaction>
        <timestamp>1333593706797</timestamp>
        <buyerID>115</buyerID>
        <sellerID>132</sellerID>
        <price>164</price>
      </transaction>
      <transaction>
        <timestamp>1333593815227</timestamp>
        <buyerID>116</buyerID>
        <sellerID>71</sellerID>
        <price>164</price>
      </transaction>
      <transaction>
        <timestamp>1333593818262</timestamp>
        <buyerID>133</buyerID>
        <sellerID>72</sellerID>
        <price>152</price>
      </transaction>
    </repetition>
    <repetition>
      <id>4</id>
      <transaction>
        <timestamp>1333593826660</timestamp>
        <buyerID>133</buyerID>
        <sellerID>113</sellerID>
        <price>158</price>
      </transaction>
      <transaction>
        <timestamp>1333593826891</timestamp>
        <buyerID>115</buyerID>
        <sellerID>112</sellerID>
        <price>158</price>
      </transaction>
      <transaction>
        <timestamp>1333593827377</timestamp>
        <buyerID>118</buyerID>
        <sellerID>111</sellerID>
        <price>154</price>
      </transaction>
      <transaction>
        <timestamp>1333593827386</timestamp>
        <buyerID>134</buyerID>
        <sellerID>131</sellerID>
        <price>155</price>
      </transaction>
      <transaction>
        <timestamp>1333593827525</timestamp>
        <buyerID>73</buyerID>
        <sellerID>114</sellerID>
        <price>158</price>
      </transaction>
      <transaction>
        <timestamp>1333593827653</timestamp>
        <buyerID>116</buyerID>
        <sellerID>71</sellerID>
        <price>155</price>
      </transaction>
      <transaction>
        <timestamp>1333593827935</timestamp>
        <buyerID>74</buyerID>
        <sellerID>111</sellerID>
        <price>160</price>
      </transaction>
      <transaction>
        <timestamp>1333593827942</timestamp>
        <buyerID>118</buyerID>
        <sellerID>72</sellerID>
        <price>155</price>
      </transaction>
      <transaction>
        <timestamp>1333593827958</timestamp>
        <buyerID>133</buyerID>
        <sellerID>131</sellerID>
        <price>156</price>
      </transaction>
      <transaction>
        <timestamp>1333593828438</timestamp>
        <buyerID>117</buyerID>
        <sellerID>131</sellerID>
        <price>156</price>
      </transaction>
      <transaction>
        <timestamp>1333593828448</timestamp>
        <buyerID>115</buyerID>
        <sellerID>71</sellerID>
        <price>155</price>
      </transaction>
      <transaction>
        <timestamp>1333593828463</timestamp>
        <buyerID>133</buyerID>
        <sellerID>72</sellerID>
        <price>156</price>
      </transaction>
      <transaction>
        <timestamp>1333593828467</timestamp>
        <buyerID>74</buyerID>
        <sellerID>112</sellerID>
        <price>160</price>
      </transaction>
      <transaction>
        <timestamp>1333593828718</timestamp>
        <buyerID>73</buyerID>
        <sellerID>132</sellerID>
        <price>159</price>
      </transaction>
      <transaction>
        <timestamp>1333593828914</timestamp>
        <buyerID>134</buyerID>
        <sellerID>131</sellerID>
        <price>158</price>
      </transaction>
      <transaction>
        <timestamp>1333593829673</timestamp>
        <buyerID>115</buyerID>
        <sellerID>111</sellerID>
        <price>158</price>
      </transaction>
      <transaction>
        <timestamp>1333593829695</timestamp>
        <buyerID>73</buyerID>
        <sellerID>113</sellerID>
        <price>160</price>
      </transaction>
      <transaction>
        <timestamp>1333593829930</timestamp>
        <buyerID>116</buyerID>
        <sellerID>131</sellerID>
        <price>161</price>
      </transaction>
      <transaction>
        <timestamp>1333593830000</timestamp>
        <buyerID>134</buyerID>
        <sellerID>72</sellerID>
        <price>160</price>
      </transaction>
      <transaction>
        <timestamp>1333593830210</timestamp>
        <buyerID>117</buyerID>
        <sellerID>71</sellerID>
        <price>160</price>
      </transaction>
      <transaction>
        <timestamp>1333593830568</timestamp>
        <buyerID>74</buyerID>
        <sellerID>113</sellerID>
        <price>161</price>
      </transaction>
      <transaction>
        <timestamp>1333593830637</timestamp>
        <buyerID>115</buyerID>
        <sellerID>71</sellerID>
        <price>160</price>
      </transaction>
      <transaction>
        <timestamp>1333593830728</timestamp>
        <buyerID>134</buyerID>
        <sellerID>131</sellerID>
        <price>160</price>
      </transaction>
      <transaction>
        <timestamp>1333593830876</timestamp>
        <buyerID>116</buyerID>
        <sellerID>111</sellerID>
        <price>161</price>
      </transaction>
      <transaction>
        <timestamp>1333593830965</timestamp>
        <buyerID>133</buyerID>
        <sellerID>132</sellerID>
        <price>161</price>
      </transaction>
      <transaction>
        <timestamp>1333593831224</timestamp>
        <buyerID>115</buyerID>
        <sellerID>113</sellerID>
        <price>161</price>
      </transaction>
      <transaction>
        <timestamp>1333593831286</timestamp>
        <buyerID>118</buyerID>
        <sellerID>71</sellerID>
        <price>160</price>
      </transaction>
      <transaction>
        <timestamp>1333593831592</timestamp>
        <buyerID>116</buyerID>
        <sellerID>131</sellerID>
        <price>160</price>
      </transaction>
      <transaction>
        <timestamp>1333593831952</timestamp>
        <buyerID>116</buyerID>
        <sellerID>111</sellerID>
        <price>160</price>
      </transaction>
      <transaction>
        <timestamp>1333593832512</timestamp>
        <buyerID>133</buyerID>
        <sellerID>132</sellerID>
        <price>161</price>
      </transaction>
      <transaction>
        <timestamp>1333593833251</timestamp>
        <buyerID>74</buyerID>
        <sellerID>112</sellerID>
        <price>166</price>
      </transaction>
      <transaction>
        <timestamp>1333593834051</timestamp>
        <buyerID>74</buyerID>
        <sellerID>111</sellerID>
        <price>163</price>
      </transaction>
      <transaction>
        <timestamp>1333593834322</timestamp>
        <buyerID>134</buyerID>
        <sellerID>132</sellerID>
        <price>163</price>
      </transaction>
      <transaction>
        <timestamp>1333593834861</timestamp>
        <buyerID>116</buyerID>
        <sellerID>132</sellerID>
        <price>163</price>
      </transaction>
      <transaction>
        <timestamp>1333593840012</timestamp>
        <buyerID>74</buyerID>
        <sellerID>132</sellerID>
        <price>167</price>
      </transaction>
      <transaction>
        <timestamp>1333593844614</timestamp>
        <buyerID>134</buyerID>
        <sellerID>132</sellerID>
        <price>163</price>
      </transaction>
      <transaction>
        <timestamp>1333593942633</timestamp>
        <buyerID>115</buyerID>
        <sellerID>71</sellerID>
        <price>163</price>
      </transaction>
      <transaction>
        <timestamp>1333593944889</timestamp>
        <buyerID>133</buyerID>
        <sellerID>72</sellerID>
        <price>155</price>
      </transaction>
    </repetition>
    <repetition>
      <id>5</id>
      <transaction>
        <timestamp>1333593954026</timestamp>
        <buyerID>133</buyerID>
        <sellerID>71</sellerID>
        <price>160</price>
      </transaction>
      <transaction>
        <timestamp>1333593954481</timestamp>
        <buyerID>117</buyerID>
        <sellerID>72</sellerID>
        <price>159</price>
      </transaction>
      <transaction>
        <timestamp>1333593954611</timestamp>
        <buyerID>73</buyerID>
        <sellerID>113</sellerID>
        <price>160</price>
      </transaction>
      <transaction>
        <timestamp>1333593954869</timestamp>
        <buyerID>116</buyerID>
        <sellerID>131</sellerID>
        <price>159</price>
      </transaction>
      <transaction>
        <timestamp>1333593955177</timestamp>
        <buyerID>115</buyerID>
        <sellerID>131</sellerID>
        <price>158</price>
      </transaction>
      <transaction>
        <timestamp>1333593956702</timestamp>
        <buyerID>118</buyerID>
        <sellerID>113</sellerID>
        <price>160</price>
      </transaction>
      <transaction>
        <timestamp>1333593956712</timestamp>
        <buyerID>73</buyerID>
        <sellerID>132</sellerID>
        <price>160</price>
      </transaction>
      <transaction>
        <timestamp>1333593956816</timestamp>
        <buyerID>115</buyerID>
        <sellerID>111</sellerID>
        <price>161</price>
      </transaction>
      <transaction>
        <timestamp>1333593956821</timestamp>
        <buyerID>116</buyerID>
        <sellerID>71</sellerID>
        <price>159</price>
      </transaction>
      <transaction>
        <timestamp>1333593956900</timestamp>
        <buyerID>117</buyerID>
        <sellerID>72</sellerID>
        <price>159</price>
      </transaction>
      <transaction>
        <timestamp>1333593956960</timestamp>
        <buyerID>133</buyerID>
        <sellerID>71</sellerID>
        <price>158</price>
      </transaction>
      <transaction>
        <timestamp>1333593957048</timestamp>
        <buyerID>73</buyerID>
        <sellerID>112</sellerID>
        <price>162</price>
      </transaction>
      <transaction>
        <timestamp>1333593957317</timestamp>
        <buyerID>116</buyerID>
        <sellerID>131</sellerID>
        <price>160</price>
      </transaction>
      <transaction>
        <timestamp>1333593957324</timestamp>
        <buyerID>74</buyerID>
        <sellerID>113</sellerID>
        <price>161</price>
      </transaction>
      <transaction>
        <timestamp>1333593957549</timestamp>
        <buyerID>134</buyerID>
        <sellerID>114</sellerID>
        <price>161</price>
      </transaction>
      <transaction>
        <timestamp>1333593957842</timestamp>
        <buyerID>74</buyerID>
        <sellerID>132</sellerID>
        <price>162</price>
      </transaction>
      <transaction>
        <timestamp>1333593957847</timestamp>
        <buyerID>133</buyerID>
        <sellerID>131</sellerID>
        <price>161</price>
      </transaction>
      <transaction>
        <timestamp>1333593958038</timestamp>
        <buyerID>116</buyerID>
        <sellerID>132</sellerID>
        <price>161</price>
      </transaction>
      <transaction>
        <timestamp>1333593958190</timestamp>
        <buyerID>115</buyerID>
        <sellerID>112</sellerID>
        <price>162</price>
      </transaction>
      <transaction>
        <timestamp>1333593958196</timestamp>
        <buyerID>118</buyerID>
        <sellerID>71</sellerID>
        <price>161</price>
      </transaction>
      <transaction>
        <timestamp>1333593958387</timestamp>
        <buyerID>115</buyerID>
        <sellerID>132</sellerID>
        <price>161</price>
      </transaction>
      <transaction>
        <timestamp>1333593958526</timestamp>
        <buyerID>116</buyerID>
        <sellerID>131</sellerID>
        <price>161</price>
      </transaction>
      <transaction>
        <timestamp>1333593958531</timestamp>
        <buyerID>74</buyerID>
        <sellerID>111</sellerID>
        <price>162</price>
      </transaction>
      <transaction>
        <timestamp>1333593958869</timestamp>
        <buyerID>116</buyerID>
        <sellerID>132</sellerID>
        <price>161</price>
      </transaction>
      <transaction>
        <timestamp>1333593958983</timestamp>
        <buyerID>118</buyerID>
        <sellerID>71</sellerID>
        <price>161</price>
      </transaction>
      <transaction>
        <timestamp>1333593959043</timestamp>
        <buyerID>115</buyerID>
        <sellerID>72</sellerID>
        <price>161</price>
      </transaction>
      <transaction>
        <timestamp>1333593959321</timestamp>
        <buyerID>74</buyerID>
        <sellerID>131</sellerID>
        <price>160</price>
      </transaction>
      <transaction>
        <timestamp>1333593959443</timestamp>
        <buyerID>134</buyerID>
        <sellerID>132</sellerID>
        <price>161</price>
      </transaction>
      <transaction>
        <timestamp>1333593959505</timestamp>
        <buyerID>133</buyerID>
        <sellerID>113</sellerID>
        <price>161</price>
      </transaction>
      <transaction>
        <timestamp>1333593959516</timestamp>
        <buyerID>74</buyerID>
        <sellerID>111</sellerID>
        <price>162</price>
      </transaction>
      <transaction>
        <timestamp>1333593960168</timestamp>
        <buyerID>134</buyerID>
        <sellerID>111</sellerID>
        <price>163</price>
      </transaction>
      <transaction>
        <timestamp>1333593960207</timestamp>
        <buyerID>115</buyerID>
        <sellerID>132</sellerID>
        <price>163</price>
      </transaction>
      <transaction>
        <timestamp>1333593960601</timestamp>
        <buyerID>134</buyerID>
        <sellerID>111</sellerID>
        <price>162</price>
      </transaction>
      <transaction>
        <timestamp>1333593960995</timestamp>
        <buyerID>133</buyerID>
        <sellerID>111</sellerID>
        <price>162</price>
      </transaction>
      <transaction>
        <timestamp>1333593962363</timestamp>
        <buyerID>134</buyerID>
        <sellerID>131</sellerID>
        <price>162</price>
      </transaction>
      <transaction>
        <timestamp>1333593966652</timestamp>
        <buyerID>74</buyerID>
        <sellerID>132</sellerID>
        <price>166</price>
      </transaction>
      <transaction>
        <timestamp>1333594070257</timestamp>
        <buyerID>134</buyerID>
        <sellerID>71</sellerID>
        <price>163</price>
      </transaction>
      <transaction>
        <timestamp>1333594071671</timestamp>
        <buyerID>133</buyerID>
        <sellerID>72</sellerID>
        <price>151</price>
      </transaction>
    </repetition>
  </transactions>
  <scores>
    <agent>
      <ID>71</ID>
      <userName>kaplan1</userName>
      <strategy>KAPLAN</strategy>
      <values>
        <value>64</value>
        <value>70</value>
        <value>80</value>
        <value>129</value>
        <value>135</value>
        <value>163</value>
        <value>185</value>
        <value>207</value>
        <value>225</value>
        <value>240</value>
      </values>
      <score>320.6</score>
    </agent>
    <agent>
      <ID>111</ID>
      <userName>gdx1</userName>
      <strategy>GDX</strategy>
      <values>
        <value>63</value>
        <value>74</value>
        <value>82</value>
        <value>97</value>
        <value>120</value>
        <value>135</value>
        <value>190</value>
        <value>197</value>
        <value>223</value>
        <value>247</value>
      </values>
      <score>382.6</score>
    </agent>
    <agent>
      <ID>131</ID>
      <userName>rb1</userName>
      <strategy>RB</strategy>
      <values>
        <value>61</value>
        <value>109</value>
        <value>128</value>
        <value>129</value>
        <value>144</value>
        <value>156</value>
        <value>160</value>
        <value>201</value>
        <value>207</value>
        <value>230</value>
      </values>
      <score>245.2</score>
    </agent>
    <agent>
      <ID>133</ID>
      <userName>rb3</userName>
      <strategy>RB</strategy>
      <values>
        <value>254</value>
        <value>254</value>
        <value>220</value>
        <value>208</value>
        <value>186</value>
        <value>160</value>
        <value>152</value>
        <value>129</value>
        <value>120</value>
        <value>104</value>
      </values>
      <score>336.8</score>
    </agent>
    <agent>
      <ID>72</ID>
      <userName>kaplan2</userName>
      <strategy>KAPLAN</strategy>
      <values>
        <value>61</value>
        <value>63</value>
        <value>119</value>
        <value>151</value>
        <value>162</value>
        <value>168</value>
        <value>191</value>
        <value>202</value>
        <value>233</value>
        <value>238</value>
      </values>
      <score>243.8</score>
    </agent>
    <agent>
      <ID>132</ID>
      <userName>rb2</userName>
      <strategy>RB</strategy>
      <values>
        <value>72</value>
        <value>78</value>
        <value>79</value>
        <value>82</value>
        <value>84</value>
        <value>143</value>
        <value>154</value>
        <value>166</value>
        <value>178</value>
        <value>202</value>
      </values>
      <score>444.6</score>
    </agent>
    <agent>
      <ID>73</ID>
      <userName>kaplan3</userName>
      <strategy>KAPLAN</strategy>
      <values>
        <value>245</value>
        <value>244</value>
        <value>238</value>
        <value>156</value>
        <value>155</value>
        <value>147</value>
        <value>142</value>
        <value>111</value>
        <value>77</value>
        <value>75</value>
      </values>
      <score>207.8</score>
    </agent>
    <agent>
      <ID>74</ID>
      <userName>kaplan4</userName>
      <strategy>KAPLAN</strategy>
      <values>
        <value>249</value>
        <value>243</value>
        <value>211</value>
        <value>193</value>
        <value>191</value>
        <value>180</value>
        <value>117</value>
        <value>99</value>
        <value>79</value>
        <value>72</value>
      </values>
      <score>258.2</score>
    </agent>
    <agent>
      <ID>134</ID>
      <userName>rb4</userName>
      <strategy>RB</strategy>
      <values>
        <value>236</value>
        <value>232</value>
        <value>219</value>
        <value>218</value>
        <value>206</value>
        <value>163</value>
        <value>147</value>
        <value>128</value>
        <value>97</value>
        <value>92</value>
      </values>
      <score>315.2</score>
    </agent>
    <agent>
      <ID>118</ID>
      <userName>gdx8</userName>
      <strategy>GDX</strategy>
      <values>
        <value>234</value>
        <value>182</value>
        <value>178</value>
        <value>158</value>
        <value>148</value>
        <value>126</value>
        <value>110</value>
        <value>98</value>
        <value>91</value>
        <value>77</value>
      </values>
      <score>119.8</score>
    </agent>
    <agent>
      <ID>117</ID>
      <userName>gdx7</userName>
      <strategy>GDX</strategy>
      <values>
        <value>210</value>
        <value>188</value>
        <value>155</value>
        <value>125</value>
        <value>122</value>
        <value>115</value>
        <value>115</value>
        <value>102</value>
        <value>100</value>
        <value>88</value>
      </values>
      <score>78.4</score>
    </agent>
    <agent>
      <ID>116</ID>
      <userName>gdx6</userName>
      <strategy>GDX</strategy>
      <values>
        <value>255</value>
        <value>249</value>
        <value>235</value>
        <value>234</value>
        <value>216</value>
        <value>175</value>
        <value>158</value>
        <value>104</value>
        <value>89</value>
        <value>77</value>
      </values>
      <score>393.0</score>
    </agent>
    <agent>
      <ID>115</ID>
      <userName>gdx5</userName>
      <strategy>GDX</strategy>
      <values>
        <value>257</value>
        <value>256</value>
        <value>232</value>
        <value>224</value>
        <value>200</value>
        <value>186</value>
        <value>156</value>
        <value>122</value>
        <value>104</value>
        <value>87</value>
      </values>
      <score>404.8</score>
    </agent>
    <agent>
      <ID>114</ID>
      <userName>gdx4</userName>
      <strategy>GDX</strategy>
      <values>
        <value>69</value>
        <value>167</value>
        <value>185</value>
        <value>199</value>
        <value>212</value>
        <value>214</value>
        <value>219</value>
        <value>227</value>
        <value>233</value>
        <value>243</value>
      </values>
      <score>106.2</score>
    </agent>
    <agent>
      <ID>113</ID>
      <userName>gdx3</userName>
      <strategy>GDX</strategy>
      <values>
        <value>62</value>
        <value>70</value>
        <value>73</value>
        <value>102</value>
        <value>175</value>
        <value>214</value>
        <value>221</value>
        <value>223</value>
        <value>242</value>
        <value>251</value>
      </values>
      <score>325.0</score>
    </agent>
    <agent>
      <ID>112</ID>
      <userName>gdx2</userName>
      <strategy>GDX</strategy>
      <values>
        <value>92</value>
        <value>150</value>
        <value>164</value>
        <value>174</value>
        <value>176</value>
        <value>206</value>
        <value>210</value>
        <value>216</value>
        <value>217</value>
        <value>219</value>
      </values>
      <score>82.8</score>
    </agent>
  </scores>
</results>

