<results>
  <transactions>
    <repetition>
      <id>1</id>
      <transaction>
        <timestamp>1333598724350</timestamp>
        <buyerID>115</buyerID>
        <sellerID>112</sellerID>
        <price>186</price>
      </transaction>
      <transaction>
        <timestamp>1333598725985</timestamp>
        <buyerID>116</buyerID>
        <sellerID>114</sellerID>
        <price>182</price>
      </transaction>
      <transaction>
        <timestamp>1333598726327</timestamp>
        <buyerID>118</buyerID>
        <sellerID>111</sellerID>
        <price>183</price>
      </transaction>
      <transaction>
        <timestamp>1333598726772</timestamp>
        <buyerID>115</buyerID>
        <sellerID>114</sellerID>
        <price>183</price>
      </transaction>
      <transaction>
        <timestamp>1333598726967</timestamp>
        <buyerID>117</buyerID>
        <sellerID>112</sellerID>
        <price>182</price>
      </transaction>
      <transaction>
        <timestamp>1333598727078</timestamp>
        <buyerID>116</buyerID>
        <sellerID>113</sellerID>
        <price>182</price>
      </transaction>
      <transaction>
        <timestamp>1333598727665</timestamp>
        <buyerID>117</buyerID>
        <sellerID>113</sellerID>
        <price>181</price>
      </transaction>
      <transaction>
        <timestamp>1333598728158</timestamp>
        <buyerID>115</buyerID>
        <sellerID>111</sellerID>
        <price>180</price>
      </transaction>
      <transaction>
        <timestamp>1333598730075</timestamp>
        <buyerID>117</buyerID>
        <sellerID>114</sellerID>
        <price>172</price>
      </transaction>
      <transaction>
        <timestamp>1333598730841</timestamp>
        <buyerID>117</buyerID>
        <sellerID>111</sellerID>
        <price>170</price>
      </transaction>
      <transaction>
        <timestamp>1333598731590</timestamp>
        <buyerID>117</buyerID>
        <sellerID>113</sellerID>
        <price>169</price>
      </transaction>
      <transaction>
        <timestamp>1333598732027</timestamp>
        <buyerID>115</buyerID>
        <sellerID>112</sellerID>
        <price>169</price>
      </transaction>
      <transaction>
        <timestamp>1333598732299</timestamp>
        <buyerID>117</buyerID>
        <sellerID>113</sellerID>
        <price>169</price>
      </transaction>
      <transaction>
        <timestamp>1333598733477</timestamp>
        <buyerID>117</buyerID>
        <sellerID>113</sellerID>
        <price>168</price>
      </transaction>
      <transaction>
        <timestamp>1333598831293</timestamp>
        <buyerID>76</buyerID>
        <sellerID>113</sellerID>
        <price>169</price>
      </transaction>
      <transaction>
        <timestamp>1333598832037</timestamp>
        <buyerID>76</buyerID>
        <sellerID>114</sellerID>
        <price>169</price>
      </transaction>
      <transaction>
        <timestamp>1333598832687</timestamp>
        <buyerID>76</buyerID>
        <sellerID>113</sellerID>
        <price>169</price>
      </transaction>
      <transaction>
        <timestamp>1333598833517</timestamp>
        <buyerID>76</buyerID>
        <sellerID>114</sellerID>
        <price>169</price>
      </transaction>
      <transaction>
        <timestamp>1333598834161</timestamp>
        <buyerID>76</buyerID>
        <sellerID>111</sellerID>
        <price>169</price>
      </transaction>
      <transaction>
        <timestamp>1333598836545</timestamp>
        <buyerID>75</buyerID>
        <sellerID>114</sellerID>
        <price>169</price>
      </transaction>
      <transaction>
        <timestamp>1333598837163</timestamp>
        <buyerID>75</buyerID>
        <sellerID>112</sellerID>
        <price>169</price>
      </transaction>
      <transaction>
        <timestamp>1333598837304</timestamp>
        <buyerID>115</buyerID>
        <sellerID>74</sellerID>
        <price>108</price>
      </transaction>
      <transaction>
        <timestamp>1333598837897</timestamp>
        <buyerID>117</buyerID>
        <sellerID>72</sellerID>
        <price>103</price>
      </transaction>
      <transaction>
        <timestamp>1333598837926</timestamp>
        <buyerID>115</buyerID>
        <sellerID>73</sellerID>
        <price>103</price>
      </transaction>
      <transaction>
        <timestamp>1333598837943</timestamp>
        <buyerID>75</buyerID>
        <sellerID>111</sellerID>
        <price>169</price>
      </transaction>
      <transaction>
        <timestamp>1333598837956</timestamp>
        <buyerID>116</buyerID>
        <sellerID>71</sellerID>
        <price>100</price>
      </transaction>
      <transaction>
        <timestamp>1333598838645</timestamp>
        <buyerID>78</buyerID>
        <sellerID>111</sellerID>
        <price>198</price>
      </transaction>
      <transaction>
        <timestamp>1333598838660</timestamp>
        <buyerID>118</buyerID>
        <sellerID>74</sellerID>
        <price>101</price>
      </transaction>
      <transaction>
        <timestamp>1333598838725</timestamp>
        <buyerID>77</buyerID>
        <sellerID>112</sellerID>
        <price>201</price>
      </transaction>
      <transaction>
        <timestamp>1333598838794</timestamp>
        <buyerID>118</buyerID>
        <sellerID>71</sellerID>
        <price>103</price>
      </transaction>
      <transaction>
        <timestamp>1333598839384</timestamp>
        <buyerID>78</buyerID>
        <sellerID>112</sellerID>
        <price>201</price>
      </transaction>
      <transaction>
        <timestamp>1333598839391</timestamp>
        <buyerID>116</buyerID>
        <sellerID>73</sellerID>
        <price>103</price>
      </transaction>
      <transaction>
        <timestamp>1333598839453</timestamp>
        <buyerID>118</buyerID>
        <sellerID>74</sellerID>
        <price>103</price>
      </transaction>
      <transaction>
        <timestamp>1333598839501</timestamp>
        <buyerID>115</buyerID>
        <sellerID>71</sellerID>
        <price>103</price>
      </transaction>
      <transaction>
        <timestamp>1333598839510</timestamp>
        <buyerID>77</buyerID>
        <sellerID>111</sellerID>
        <price>201</price>
      </transaction>
      <transaction>
        <timestamp>1333598840134</timestamp>
        <buyerID>77</buyerID>
        <sellerID>114</sellerID>
        <price>201</price>
      </transaction>
      <transaction>
        <timestamp>1333598840927</timestamp>
        <buyerID>77</buyerID>
        <sellerID>112</sellerID>
        <price>201</price>
      </transaction>
      <transaction>
        <timestamp>1333598843269</timestamp>
        <buyerID>77</buyerID>
        <sellerID>111</sellerID>
        <price>199</price>
      </transaction>
      <transaction>
        <timestamp>1333598843294</timestamp>
        <buyerID>115</buyerID>
        <sellerID>71</sellerID>
        <price>108</price>
      </transaction>
    </repetition>
    <repetition>
      <id>2</id>
      <transaction>
        <timestamp>1333598850278</timestamp>
        <buyerID>116</buyerID>
        <sellerID>112</sellerID>
        <price>202</price>
      </transaction>
      <transaction>
        <timestamp>1333598851006</timestamp>
        <buyerID>75</buyerID>
        <sellerID>114</sellerID>
        <price>199</price>
      </transaction>
      <transaction>
        <timestamp>1333598851333</timestamp>
        <buyerID>115</buyerID>
        <sellerID>73</sellerID>
        <price>193</price>
      </transaction>
      <transaction>
        <timestamp>1333598851440</timestamp>
        <buyerID>118</buyerID>
        <sellerID>72</sellerID>
        <price>185</price>
      </transaction>
      <transaction>
        <timestamp>1333598851825</timestamp>
        <buyerID>77</buyerID>
        <sellerID>74</sellerID>
        <price>193</price>
      </transaction>
      <transaction>
        <timestamp>1333598852390</timestamp>
        <buyerID>117</buyerID>
        <sellerID>73</sellerID>
        <price>186</price>
      </transaction>
      <transaction>
        <timestamp>1333598852514</timestamp>
        <buyerID>75</buyerID>
        <sellerID>111</sellerID>
        <price>195</price>
      </transaction>
      <transaction>
        <timestamp>1333598852618</timestamp>
        <buyerID>78</buyerID>
        <sellerID>113</sellerID>
        <price>196</price>
      </transaction>
      <transaction>
        <timestamp>1333598852631</timestamp>
        <buyerID>76</buyerID>
        <sellerID>114</sellerID>
        <price>199</price>
      </transaction>
      <transaction>
        <timestamp>1333598853095</timestamp>
        <buyerID>78</buyerID>
        <sellerID>72</sellerID>
        <price>197</price>
      </transaction>
      <transaction>
        <timestamp>1333598853419</timestamp>
        <buyerID>117</buyerID>
        <sellerID>71</sellerID>
        <price>187</price>
      </transaction>
      <transaction>
        <timestamp>1333598853611</timestamp>
        <buyerID>115</buyerID>
        <sellerID>72</sellerID>
        <price>186</price>
      </transaction>
      <transaction>
        <timestamp>1333598853813</timestamp>
        <buyerID>75</buyerID>
        <sellerID>111</sellerID>
        <price>194</price>
      </transaction>
      <transaction>
        <timestamp>1333598854187</timestamp>
        <buyerID>116</buyerID>
        <sellerID>72</sellerID>
        <price>186</price>
      </transaction>
      <transaction>
        <timestamp>1333598854433</timestamp>
        <buyerID>115</buyerID>
        <sellerID>71</sellerID>
        <price>186</price>
      </transaction>
      <transaction>
        <timestamp>1333598854439</timestamp>
        <buyerID>117</buyerID>
        <sellerID>71</sellerID>
        <price>186</price>
      </transaction>
      <transaction>
        <timestamp>1333598854596</timestamp>
        <buyerID>117</buyerID>
        <sellerID>74</sellerID>
        <price>186</price>
      </transaction>
      <transaction>
        <timestamp>1333598856111</timestamp>
        <buyerID>76</buyerID>
        <sellerID>111</sellerID>
        <price>176</price>
      </transaction>
      <transaction>
        <timestamp>1333598856196</timestamp>
        <buyerID>117</buyerID>
        <sellerID>74</sellerID>
        <price>172</price>
      </transaction>
      <transaction>
        <timestamp>1333598856203</timestamp>
        <buyerID>75</buyerID>
        <sellerID>71</sellerID>
        <price>172</price>
      </transaction>
      <transaction>
        <timestamp>1333598856637</timestamp>
        <buyerID>77</buyerID>
        <sellerID>112</sellerID>
        <price>174</price>
      </transaction>
      <transaction>
        <timestamp>1333598856802</timestamp>
        <buyerID>117</buyerID>
        <sellerID>71</sellerID>
        <price>170</price>
      </transaction>
      <transaction>
        <timestamp>1333598856953</timestamp>
        <buyerID>115</buyerID>
        <sellerID>71</sellerID>
        <price>166</price>
      </transaction>
      <transaction>
        <timestamp>1333598856958</timestamp>
        <buyerID>75</buyerID>
        <sellerID>114</sellerID>
        <price>173</price>
      </transaction>
      <transaction>
        <timestamp>1333598858105</timestamp>
        <buyerID>77</buyerID>
        <sellerID>113</sellerID>
        <price>169</price>
      </transaction>
      <transaction>
        <timestamp>1333598858608</timestamp>
        <buyerID>77</buyerID>
        <sellerID>113</sellerID>
        <price>167</price>
      </transaction>
      <transaction>
        <timestamp>1333598858737</timestamp>
        <buyerID>78</buyerID>
        <sellerID>111</sellerID>
        <price>168</price>
      </transaction>
      <transaction>
        <timestamp>1333598859095</timestamp>
        <buyerID>115</buyerID>
        <sellerID>72</sellerID>
        <price>163</price>
      </transaction>
      <transaction>
        <timestamp>1333598859153</timestamp>
        <buyerID>117</buyerID>
        <sellerID>74</sellerID>
        <price>161</price>
      </transaction>
      <transaction>
        <timestamp>1333598860743</timestamp>
        <buyerID>117</buyerID>
        <sellerID>72</sellerID>
        <price>152</price>
      </transaction>
      <transaction>
        <timestamp>1333598860755</timestamp>
        <buyerID>77</buyerID>
        <sellerID>113</sellerID>
        <price>161</price>
      </transaction>
      <transaction>
        <timestamp>1333598861867</timestamp>
        <buyerID>75</buyerID>
        <sellerID>112</sellerID>
        <price>159</price>
      </transaction>
      <transaction>
        <timestamp>1333598862050</timestamp>
        <buyerID>76</buyerID>
        <sellerID>113</sellerID>
        <price>158</price>
      </transaction>
      <transaction>
        <timestamp>1333598862120</timestamp>
        <buyerID>78</buyerID>
        <sellerID>114</sellerID>
        <price>159</price>
      </transaction>
      <transaction>
        <timestamp>1333598863564</timestamp>
        <buyerID>75</buyerID>
        <sellerID>111</sellerID>
        <price>159</price>
      </transaction>
      <transaction>
        <timestamp>1333598863621</timestamp>
        <buyerID>76</buyerID>
        <sellerID>113</sellerID>
        <price>160</price>
      </transaction>
      <transaction>
        <timestamp>1333598865092</timestamp>
        <buyerID>78</buyerID>
        <sellerID>71</sellerID>
        <price>160</price>
      </transaction>
      <transaction>
        <timestamp>1333598867307</timestamp>
        <buyerID>76</buyerID>
        <sellerID>113</sellerID>
        <price>156</price>
      </transaction>
    </repetition>
    <repetition>
      <id>3</id>
      <transaction>
        <timestamp>1333598977897</timestamp>
        <buyerID>115</buyerID>
        <sellerID>111</sellerID>
        <price>151</price>
      </transaction>
      <transaction>
        <timestamp>1333598978683</timestamp>
        <buyerID>117</buyerID>
        <sellerID>113</sellerID>
        <price>153</price>
      </transaction>
      <transaction>
        <timestamp>1333598978925</timestamp>
        <buyerID>77</buyerID>
        <sellerID>112</sellerID>
        <price>153</price>
      </transaction>
      <transaction>
        <timestamp>1333598979134</timestamp>
        <buyerID>115</buyerID>
        <sellerID>73</sellerID>
        <price>153</price>
      </transaction>
      <transaction>
        <timestamp>1333598979136</timestamp>
        <buyerID>76</buyerID>
        <sellerID>113</sellerID>
        <price>154</price>
      </transaction>
      <transaction>
        <timestamp>1333598979147</timestamp>
        <buyerID>75</buyerID>
        <sellerID>74</sellerID>
        <price>154</price>
      </transaction>
      <transaction>
        <timestamp>1333598979372</timestamp>
        <buyerID>78</buyerID>
        <sellerID>114</sellerID>
        <price>155</price>
      </transaction>
      <transaction>
        <timestamp>1333598979495</timestamp>
        <buyerID>78</buyerID>
        <sellerID>111</sellerID>
        <price>156</price>
      </transaction>
      <transaction>
        <timestamp>1333598979950</timestamp>
        <buyerID>76</buyerID>
        <sellerID>114</sellerID>
        <price>157</price>
      </transaction>
      <transaction>
        <timestamp>1333598980265</timestamp>
        <buyerID>116</buyerID>
        <sellerID>72</sellerID>
        <price>154</price>
      </transaction>
      <transaction>
        <timestamp>1333598980274</timestamp>
        <buyerID>77</buyerID>
        <sellerID>112</sellerID>
        <price>157</price>
      </transaction>
      <transaction>
        <timestamp>1333598980905</timestamp>
        <buyerID>77</buyerID>
        <sellerID>111</sellerID>
        <price>157</price>
      </transaction>
      <transaction>
        <timestamp>1333598980990</timestamp>
        <buyerID>118</buyerID>
        <sellerID>74</sellerID>
        <price>155</price>
      </transaction>
      <transaction>
        <timestamp>1333598981074</timestamp>
        <buyerID>78</buyerID>
        <sellerID>114</sellerID>
        <price>156</price>
      </transaction>
      <transaction>
        <timestamp>1333598981088</timestamp>
        <buyerID>76</buyerID>
        <sellerID>71</sellerID>
        <price>157</price>
      </transaction>
      <transaction>
        <timestamp>1333598981099</timestamp>
        <buyerID>75</buyerID>
        <sellerID>73</sellerID>
        <price>156</price>
      </transaction>
      <transaction>
        <timestamp>1333598981307</timestamp>
        <buyerID>77</buyerID>
        <sellerID>113</sellerID>
        <price>157</price>
      </transaction>
      <transaction>
        <timestamp>1333598981311</timestamp>
        <buyerID>116</buyerID>
        <sellerID>72</sellerID>
        <price>155</price>
      </transaction>
      <transaction>
        <timestamp>1333598981704</timestamp>
        <buyerID>117</buyerID>
        <sellerID>72</sellerID>
        <price>156</price>
      </transaction>
      <transaction>
        <timestamp>1333598981708</timestamp>
        <buyerID>77</buyerID>
        <sellerID>112</sellerID>
        <price>158</price>
      </transaction>
      <transaction>
        <timestamp>1333598981834</timestamp>
        <buyerID>75</buyerID>
        <sellerID>113</sellerID>
        <price>158</price>
      </transaction>
      <transaction>
        <timestamp>1333598981910</timestamp>
        <buyerID>78</buyerID>
        <sellerID>114</sellerID>
        <price>158</price>
      </transaction>
      <transaction>
        <timestamp>1333598982566</timestamp>
        <buyerID>115</buyerID>
        <sellerID>71</sellerID>
        <price>157</price>
      </transaction>
      <transaction>
        <timestamp>1333598982582</timestamp>
        <buyerID>117</buyerID>
        <sellerID>71</sellerID>
        <price>156</price>
      </transaction>
      <transaction>
        <timestamp>1333598982806</timestamp>
        <buyerID>117</buyerID>
        <sellerID>74</sellerID>
        <price>156</price>
      </transaction>
      <transaction>
        <timestamp>1333598982978</timestamp>
        <buyerID>115</buyerID>
        <sellerID>71</sellerID>
        <price>156</price>
      </transaction>
      <transaction>
        <timestamp>1333598983345</timestamp>
        <buyerID>117</buyerID>
        <sellerID>111</sellerID>
        <price>156</price>
      </transaction>
      <transaction>
        <timestamp>1333598983438</timestamp>
        <buyerID>117</buyerID>
        <sellerID>111</sellerID>
        <price>156</price>
      </transaction>
      <transaction>
        <timestamp>1333598983675</timestamp>
        <buyerID>75</buyerID>
        <sellerID>113</sellerID>
        <price>156</price>
      </transaction>
      <transaction>
        <timestamp>1333598983683</timestamp>
        <buyerID>115</buyerID>
        <sellerID>74</sellerID>
        <price>155</price>
      </transaction>
      <transaction>
        <timestamp>1333598984289</timestamp>
        <buyerID>117</buyerID>
        <sellerID>113</sellerID>
        <price>156</price>
      </transaction>
      <transaction>
        <timestamp>1333598985657</timestamp>
        <buyerID>117</buyerID>
        <sellerID>71</sellerID>
        <price>155</price>
      </transaction>
      <transaction>
        <timestamp>1333599086214</timestamp>
        <buyerID>76</buyerID>
        <sellerID>113</sellerID>
        <price>157</price>
      </transaction>
    </repetition>
    <repetition>
      <id>4</id>
      <transaction>
        <timestamp>1333599105305</timestamp>
        <buyerID>117</buyerID>
        <sellerID>112</sellerID>
        <price>150</price>
      </transaction>
      <transaction>
        <timestamp>1333599105796</timestamp>
        <buyerID>116</buyerID>
        <sellerID>113</sellerID>
        <price>152</price>
      </transaction>
      <transaction>
        <timestamp>1333599105994</timestamp>
        <buyerID>118</buyerID>
        <sellerID>114</sellerID>
        <price>152</price>
      </transaction>
      <transaction>
        <timestamp>1333599106195</timestamp>
        <buyerID>118</buyerID>
        <sellerID>113</sellerID>
        <price>152</price>
      </transaction>
      <transaction>
        <timestamp>1333599107377</timestamp>
        <buyerID>76</buyerID>
        <sellerID>112</sellerID>
        <price>153</price>
      </transaction>
      <transaction>
        <timestamp>1333599107583</timestamp>
        <buyerID>117</buyerID>
        <sellerID>71</sellerID>
        <price>153</price>
      </transaction>
      <transaction>
        <timestamp>1333599107704</timestamp>
        <buyerID>115</buyerID>
        <sellerID>72</sellerID>
        <price>152</price>
      </transaction>
      <transaction>
        <timestamp>1333599107715</timestamp>
        <buyerID>116</buyerID>
        <sellerID>71</sellerID>
        <price>152</price>
      </transaction>
      <transaction>
        <timestamp>1333599107721</timestamp>
        <buyerID>78</buyerID>
        <sellerID>111</sellerID>
        <price>153</price>
      </transaction>
      <transaction>
        <timestamp>1333599108115</timestamp>
        <buyerID>115</buyerID>
        <sellerID>112</sellerID>
        <price>153</price>
      </transaction>
      <transaction>
        <timestamp>1333599108227</timestamp>
        <buyerID>117</buyerID>
        <sellerID>114</sellerID>
        <price>152</price>
      </transaction>
      <transaction>
        <timestamp>1333599108315</timestamp>
        <buyerID>116</buyerID>
        <sellerID>113</sellerID>
        <price>152</price>
      </transaction>
      <transaction>
        <timestamp>1333599108741</timestamp>
        <buyerID>117</buyerID>
        <sellerID>111</sellerID>
        <price>152</price>
      </transaction>
      <transaction>
        <timestamp>1333599109248</timestamp>
        <buyerID>117</buyerID>
        <sellerID>113</sellerID>
        <price>152</price>
      </transaction>
      <transaction>
        <timestamp>1333599109321</timestamp>
        <buyerID>115</buyerID>
        <sellerID>114</sellerID>
        <price>152</price>
      </transaction>
      <transaction>
        <timestamp>1333599109517</timestamp>
        <buyerID>115</buyerID>
        <sellerID>113</sellerID>
        <price>152</price>
      </transaction>
      <transaction>
        <timestamp>1333599109701</timestamp>
        <buyerID>117</buyerID>
        <sellerID>111</sellerID>
        <price>152</price>
      </transaction>
      <transaction>
        <timestamp>1333599110017</timestamp>
        <buyerID>117</buyerID>
        <sellerID>113</sellerID>
        <price>152</price>
      </transaction>
      <transaction>
        <timestamp>1333599110083</timestamp>
        <buyerID>115</buyerID>
        <sellerID>114</sellerID>
        <price>152</price>
      </transaction>
      <transaction>
        <timestamp>1333599110723</timestamp>
        <buyerID>117</buyerID>
        <sellerID>111</sellerID>
        <price>152</price>
      </transaction>
    </repetition>
    <repetition>
      <id>5</id>
      <transaction>
        <timestamp>1333599233008</timestamp>
        <buyerID>117</buyerID>
        <sellerID>112</sellerID>
        <price>149</price>
      </transaction>
      <transaction>
        <timestamp>1333599233116</timestamp>
        <buyerID>115</buyerID>
        <sellerID>114</sellerID>
        <price>149</price>
      </transaction>
      <transaction>
        <timestamp>1333599233388</timestamp>
        <buyerID>118</buyerID>
        <sellerID>113</sellerID>
        <price>149</price>
      </transaction>
      <transaction>
        <timestamp>1333599233529</timestamp>
        <buyerID>116</buyerID>
        <sellerID>72</sellerID>
        <price>152</price>
      </transaction>
      <transaction>
        <timestamp>1333599233872</timestamp>
        <buyerID>117</buyerID>
        <sellerID>111</sellerID>
        <price>152</price>
      </transaction>
      <transaction>
        <timestamp>1333599234077</timestamp>
        <buyerID>115</buyerID>
        <sellerID>113</sellerID>
        <price>152</price>
      </transaction>
      <transaction>
        <timestamp>1333599234686</timestamp>
        <buyerID>115</buyerID>
        <sellerID>114</sellerID>
        <price>151</price>
      </transaction>
      <transaction>
        <timestamp>1333599234851</timestamp>
        <buyerID>117</buyerID>
        <sellerID>112</sellerID>
        <price>151</price>
      </transaction>
      <transaction>
        <timestamp>1333599235082</timestamp>
        <buyerID>116</buyerID>
        <sellerID>113</sellerID>
        <price>151</price>
      </transaction>
      <transaction>
        <timestamp>1333599235406</timestamp>
        <buyerID>117</buyerID>
        <sellerID>111</sellerID>
        <price>151</price>
      </transaction>
      <transaction>
        <timestamp>1333599235525</timestamp>
        <buyerID>77</buyerID>
        <sellerID>113</sellerID>
        <price>151</price>
      </transaction>
      <transaction>
        <timestamp>1333599235679</timestamp>
        <buyerID>78</buyerID>
        <sellerID>114</sellerID>
        <price>151</price>
      </transaction>
      <transaction>
        <timestamp>1333599235759</timestamp>
        <buyerID>77</buyerID>
        <sellerID>112</sellerID>
        <price>151</price>
      </transaction>
      <transaction>
        <timestamp>1333599236200</timestamp>
        <buyerID>117</buyerID>
        <sellerID>113</sellerID>
        <price>151</price>
      </transaction>
      <transaction>
        <timestamp>1333599236339</timestamp>
        <buyerID>75</buyerID>
        <sellerID>111</sellerID>
        <price>151</price>
      </transaction>
      <transaction>
        <timestamp>1333599236438</timestamp>
        <buyerID>77</buyerID>
        <sellerID>111</sellerID>
        <price>151</price>
      </transaction>
      <transaction>
        <timestamp>1333599236656</timestamp>
        <buyerID>117</buyerID>
        <sellerID>74</sellerID>
        <price>151</price>
      </transaction>
      <transaction>
        <timestamp>1333599236733</timestamp>
        <buyerID>115</buyerID>
        <sellerID>71</sellerID>
        <price>151</price>
      </transaction>
      <transaction>
        <timestamp>1333599236850</timestamp>
        <buyerID>115</buyerID>
        <sellerID>114</sellerID>
        <price>151</price>
      </transaction>
      <transaction>
        <timestamp>1333599237214</timestamp>
        <buyerID>75</buyerID>
        <sellerID>113</sellerID>
        <price>151</price>
      </transaction>
      <transaction>
        <timestamp>1333599337515</timestamp>
        <buyerID>76</buyerID>
        <sellerID>73</sellerID>
        <price>151</price>
      </transaction>
      <transaction>
        <timestamp>1333599338144</timestamp>
        <buyerID>116</buyerID>
        <sellerID>73</sellerID>
        <price>151</price>
      </transaction>
      <transaction>
        <timestamp>1333599344224</timestamp>
        <buyerID>117</buyerID>
        <sellerID>71</sellerID>
        <price>151</price>
      </transaction>
      <transaction>
        <timestamp>1333599344923</timestamp>
        <buyerID>117</buyerID>
        <sellerID>71</sellerID>
        <price>151</price>
      </transaction>
      <transaction>
        <timestamp>1333599345758</timestamp>
        <buyerID>76</buyerID>
        <sellerID>113</sellerID>
        <price>153</price>
      </transaction>
    </repetition>
  </transactions>
  <scores>
    <agent>
      <ID>71</ID>
      <userName>kaplan1</userName>
      <strategy>KAPLAN</strategy>
      <values>
        <value>72</value>
        <value>74</value>
        <value>87</value>
        <value>108</value>
        <value>123</value>
        <value>144</value>
        <value>144</value>
        <value>156</value>
        <value>181</value>
        <value>201</value>
      </values>
      <score>248.8</score>
    </agent>
    <agent>
      <ID>76</ID>
      <userName>kaplan6</userName>
      <strategy>KAPLAN</strategy>
      <values>
        <value>236</value>
        <value>211</value>
        <value>182</value>
        <value>175</value>
        <value>173</value>
        <value>157</value>
        <value>154</value>
        <value>136</value>
        <value>130</value>
        <value>97</value>
      </values>
      <score>133.0</score>
    </agent>
    <agent>
      <ID>77</ID>
      <userName>kaplan7</userName>
      <strategy>KAPLAN</strategy>
      <values>
        <value>238</value>
        <value>212</value>
        <value>205</value>
        <value>202</value>
        <value>199</value>
        <value>166</value>
        <value>149</value>
        <value>140</value>
        <value>115</value>
        <value>71</value>
      </values>
      <score>144.2</score>
    </agent>
    <agent>
      <ID>111</ID>
      <userName>gdx1</userName>
      <strategy>GDX</strategy>
      <values>
        <value>62</value>
        <value>66</value>
        <value>77</value>
        <value>114</value>
        <value>155</value>
        <value>161</value>
        <value>167</value>
        <value>184</value>
        <value>203</value>
        <value>218</value>
      </values>
      <score>355.8</score>
    </agent>
    <agent>
      <ID>78</ID>
      <userName>kaplan8</userName>
      <strategy>KAPLAN</strategy>
      <values>
        <value>259</value>
        <value>209</value>
        <value>182</value>
        <value>170</value>
        <value>168</value>
        <value>142</value>
        <value>139</value>
        <value>120</value>
        <value>111</value>
        <value>76</value>
      </values>
      <score>117.2</score>
    </agent>
    <agent>
      <ID>72</ID>
      <userName>kaplan2</userName>
      <strategy>KAPLAN</strategy>
      <values>
        <value>89</value>
        <value>126</value>
        <value>130</value>
        <value>132</value>
        <value>137</value>
        <value>144</value>
        <value>193</value>
        <value>210</value>
        <value>244</value>
        <value>253</value>
      </values>
      <score>114.2</score>
    </agent>
    <agent>
      <ID>73</ID>
      <userName>kaplan3</userName>
      <strategy>KAPLAN</strategy>
      <values>
        <value>97</value>
        <value>102</value>
        <value>178</value>
        <value>192</value>
        <value>214</value>
        <value>236</value>
        <value>241</value>
        <value>242</value>
        <value>244</value>
        <value>253</value>
      </values>
      <score>80.0</score>
    </agent>
    <agent>
      <ID>74</ID>
      <userName>kaplan4</userName>
      <strategy>KAPLAN</strategy>
      <values>
        <value>64</value>
        <value>93</value>
        <value>98</value>
        <value>118</value>
        <value>141</value>
        <value>143</value>
        <value>171</value>
        <value>178</value>
        <value>190</value>
        <value>258</value>
      </values>
      <score>146.0</score>
    </agent>
    <agent>
      <ID>75</ID>
      <userName>kaplan5</userName>
      <strategy>KAPLAN</strategy>
      <values>
        <value>258</value>
        <value>248</value>
        <value>219</value>
        <value>193</value>
        <value>191</value>
        <value>177</value>
        <value>176</value>
        <value>162</value>
        <value>152</value>
        <value>136</value>
      </values>
      <score>185.4</score>
    </agent>
    <agent>
      <ID>118</ID>
      <userName>gdx8</userName>
      <strategy>GDX</strategy>
      <values>
        <value>203</value>
        <value>139</value>
        <value>131</value>
        <value>124</value>
        <value>118</value>
        <value>87</value>
        <value>87</value>
        <value>72</value>
        <value>62</value>
        <value>62</value>
      </values>
      <score>53.0</score>
    </agent>
    <agent>
      <ID>117</ID>
      <userName>gdx7</userName>
      <strategy>GDX</strategy>
      <values>
        <value>255</value>
        <value>241</value>
        <value>235</value>
        <value>206</value>
        <value>204</value>
        <value>191</value>
        <value>181</value>
        <value>161</value>
        <value>150</value>
        <value>84</value>
      </values>
      <score>398.0</score>
    </agent>
    <agent>
      <ID>116</ID>
      <userName>gdx6</userName>
      <strategy>GDX</strategy>
      <values>
        <value>241</value>
        <value>196</value>
        <value>153</value>
        <value>141</value>
        <value>113</value>
        <value>110</value>
        <value>101</value>
        <value>100</value>
        <value>89</value>
        <value>65</value>
      </values>
      <score>122.2</score>
    </agent>
    <agent>
      <ID>115</ID>
      <userName>gdx5</userName>
      <strategy>GDX</strategy>
      <values>
        <value>223</value>
        <value>217</value>
        <value>191</value>
        <value>172</value>
        <value>164</value>
        <value>146</value>
        <value>135</value>
        <value>122</value>
        <value>97</value>
        <value>93</value>
      </values>
      <score>183.4</score>
    </agent>
    <agent>
      <ID>114</ID>
      <userName>gdx4</userName>
      <strategy>GDX</strategy>
      <values>
        <value>100</value>
        <value>100</value>
        <value>103</value>
        <value>116</value>
        <value>162</value>
        <value>167</value>
        <value>170</value>
        <value>212</value>
        <value>214</value>
        <value>228</value>
      </values>
      <score>243.4</score>
    </agent>
    <agent>
      <ID>113</ID>
      <userName>gdx3</userName>
      <strategy>GDX</strategy>
      <values>
        <value>64</value>
        <value>76</value>
        <value>83</value>
        <value>87</value>
        <value>94</value>
        <value>123</value>
        <value>152</value>
        <value>194</value>
        <value>199</value>
        <value>203</value>
      </values>
      <score>438.4</score>
    </agent>
    <agent>
      <ID>112</ID>
      <userName>gdx2</userName>
      <strategy>GDX</strategy>
      <values>
        <value>68</value>
        <value>73</value>
        <value>127</value>
        <value>167</value>
        <value>176</value>
        <value>180</value>
        <value>182</value>
        <value>217</value>
        <value>218</value>
        <value>252</value>
      </values>
      <score>234.8</score>
    </agent>
  </scores>
</results>

