<results>
  <transactions>
    <repetition>
      <id>1</id>
      <transaction>
        <timestamp>1333595701972</timestamp>
        <buyerID>93</buyerID>
        <sellerID>91</sellerID>
        <price>218</price>
      </transaction>
      <transaction>
        <timestamp>1333595702263</timestamp>
        <buyerID>93</buyerID>
        <sellerID>91</sellerID>
        <price>217</price>
      </transaction>
      <transaction>
        <timestamp>1333595702372</timestamp>
        <buyerID>94</buyerID>
        <sellerID>92</sellerID>
        <price>217</price>
      </transaction>
      <transaction>
        <timestamp>1333595702999</timestamp>
        <buyerID>93</buyerID>
        <sellerID>91</sellerID>
        <price>217</price>
      </transaction>
      <transaction>
        <timestamp>1333595720293</timestamp>
        <buyerID>94</buyerID>
        <sellerID>92</sellerID>
        <price>174</price>
      </transaction>
      <transaction>
        <timestamp>1333595728484</timestamp>
        <buyerID>93</buyerID>
        <sellerID>91</sellerID>
        <price>155</price>
      </transaction>
      <transaction>
        <timestamp>1333595730044</timestamp>
        <buyerID>94</buyerID>
        <sellerID>92</sellerID>
        <price>152</price>
      </transaction>
      <transaction>
        <timestamp>1333595754038</timestamp>
        <buyerID>93</buyerID>
        <sellerID>91</sellerID>
        <price>123</price>
      </transaction>
      <transaction>
        <timestamp>1333595759269</timestamp>
        <buyerID>93</buyerID>
        <sellerID>91</sellerID>
        <price>119</price>
      </transaction>
      <transaction>
        <timestamp>1333595806479</timestamp>
        <buyerID>79</buyerID>
        <sellerID>91</sellerID>
        <price>120</price>
      </transaction>
      <transaction>
        <timestamp>1333595807374</timestamp>
        <buyerID>79</buyerID>
        <sellerID>91</sellerID>
        <price>120</price>
      </transaction>
    </repetition>
    <repetition>
      <id>2</id>
      <transaction>
        <timestamp>1333595828467</timestamp>
        <buyerID>94</buyerID>
        <sellerID>92</sellerID>
        <price>118</price>
      </transaction>
      <transaction>
        <timestamp>1333595829128</timestamp>
        <buyerID>93</buyerID>
        <sellerID>91</sellerID>
        <price>121</price>
      </transaction>
      <transaction>
        <timestamp>1333595829718</timestamp>
        <buyerID>80</buyerID>
        <sellerID>92</sellerID>
        <price>126</price>
      </transaction>
      <transaction>
        <timestamp>1333595829894</timestamp>
        <buyerID>78</buyerID>
        <sellerID>91</sellerID>
        <price>126</price>
      </transaction>
      <transaction>
        <timestamp>1333595830505</timestamp>
        <buyerID>94</buyerID>
        <sellerID>71</sellerID>
        <price>123</price>
      </transaction>
      <transaction>
        <timestamp>1333595830518</timestamp>
        <buyerID>82</buyerID>
        <sellerID>92</sellerID>
        <price>126</price>
      </transaction>
      <transaction>
        <timestamp>1333595830615</timestamp>
        <buyerID>80</buyerID>
        <sellerID>91</sellerID>
        <price>126</price>
      </transaction>
      <transaction>
        <timestamp>1333595831332</timestamp>
        <buyerID>94</buyerID>
        <sellerID>91</sellerID>
        <price>128</price>
      </transaction>
      <transaction>
        <timestamp>1333595832077</timestamp>
        <buyerID>93</buyerID>
        <sellerID>91</sellerID>
        <price>129</price>
      </transaction>
      <transaction>
        <timestamp>1333595832766</timestamp>
        <buyerID>81</buyerID>
        <sellerID>76</sellerID>
        <price>126</price>
      </transaction>
      <transaction>
        <timestamp>1333595832772</timestamp>
        <buyerID>78</buyerID>
        <sellerID>91</sellerID>
        <price>129</price>
      </transaction>
      <transaction>
        <timestamp>1333595834270</timestamp>
        <buyerID>93</buyerID>
        <sellerID>75</sellerID>
        <price>129</price>
      </transaction>
      <transaction>
        <timestamp>1333595834364</timestamp>
        <buyerID>79</buyerID>
        <sellerID>91</sellerID>
        <price>133</price>
      </transaction>
      <transaction>
        <timestamp>1333595835032</timestamp>
        <buyerID>93</buyerID>
        <sellerID>75</sellerID>
        <price>129</price>
      </transaction>
      <transaction>
        <timestamp>1333595835036</timestamp>
        <buyerID>82</buyerID>
        <sellerID>91</sellerID>
        <price>135</price>
      </transaction>
    </repetition>
    <repetition>
      <id>3</id>
      <transaction>
        <timestamp>1333595955929</timestamp>
        <buyerID>93</buyerID>
        <sellerID>92</sellerID>
        <price>117</price>
      </transaction>
      <transaction>
        <timestamp>1333595955982</timestamp>
        <buyerID>94</buyerID>
        <sellerID>91</sellerID>
        <price>117</price>
      </transaction>
      <transaction>
        <timestamp>1333595956627</timestamp>
        <buyerID>79</buyerID>
        <sellerID>92</sellerID>
        <price>121</price>
      </transaction>
      <transaction>
        <timestamp>1333595957295</timestamp>
        <buyerID>93</buyerID>
        <sellerID>72</sellerID>
        <price>120</price>
      </transaction>
      <transaction>
        <timestamp>1333595957304</timestamp>
        <buyerID>81</buyerID>
        <sellerID>91</sellerID>
        <price>122</price>
      </transaction>
      <transaction>
        <timestamp>1333595957346</timestamp>
        <buyerID>94</buyerID>
        <sellerID>92</sellerID>
        <price>124</price>
      </transaction>
      <transaction>
        <timestamp>1333595958040</timestamp>
        <buyerID>93</buyerID>
        <sellerID>91</sellerID>
        <price>126</price>
      </transaction>
      <transaction>
        <timestamp>1333595958758</timestamp>
        <buyerID>93</buyerID>
        <sellerID>91</sellerID>
        <price>126</price>
      </transaction>
      <transaction>
        <timestamp>1333595959508</timestamp>
        <buyerID>94</buyerID>
        <sellerID>91</sellerID>
        <price>126</price>
      </transaction>
      <transaction>
        <timestamp>1333595960338</timestamp>
        <buyerID>78</buyerID>
        <sellerID>75</sellerID>
        <price>124</price>
      </transaction>
      <transaction>
        <timestamp>1333595960370</timestamp>
        <buyerID>81</buyerID>
        <sellerID>91</sellerID>
        <price>127</price>
      </transaction>
      <transaction>
        <timestamp>1333595961843</timestamp>
        <buyerID>79</buyerID>
        <sellerID>91</sellerID>
        <price>128</price>
      </transaction>
      <transaction>
        <timestamp>1333595967002</timestamp>
        <buyerID>80</buyerID>
        <sellerID>91</sellerID>
        <price>124</price>
      </transaction>
    </repetition>
    <repetition>
      <id>4</id>
      <transaction>
        <timestamp>1333596083462</timestamp>
        <buyerID>94</buyerID>
        <sellerID>92</sellerID>
        <price>129</price>
      </transaction>
      <transaction>
        <timestamp>1333596083473</timestamp>
        <buyerID>93</buyerID>
        <sellerID>91</sellerID>
        <price>129</price>
      </transaction>
      <transaction>
        <timestamp>1333596084093</timestamp>
        <buyerID>80</buyerID>
        <sellerID>91</sellerID>
        <price>127</price>
      </transaction>
      <transaction>
        <timestamp>1333596084111</timestamp>
        <buyerID>94</buyerID>
        <sellerID>92</sellerID>
        <price>127</price>
      </transaction>
      <transaction>
        <timestamp>1333596084807</timestamp>
        <buyerID>94</buyerID>
        <sellerID>91</sellerID>
        <price>128</price>
      </transaction>
      <transaction>
        <timestamp>1333596084838</timestamp>
        <buyerID>93</buyerID>
        <sellerID>92</sellerID>
        <price>127</price>
      </transaction>
      <transaction>
        <timestamp>1333596085636</timestamp>
        <buyerID>93</buyerID>
        <sellerID>91</sellerID>
        <price>127</price>
      </transaction>
      <transaction>
        <timestamp>1333596086324</timestamp>
        <buyerID>93</buyerID>
        <sellerID>91</sellerID>
        <price>127</price>
      </transaction>
      <transaction>
        <timestamp>1333596087153</timestamp>
        <buyerID>93</buyerID>
        <sellerID>75</sellerID>
        <price>122</price>
      </transaction>
      <transaction>
        <timestamp>1333596189153</timestamp>
        <buyerID>79</buyerID>
        <sellerID>91</sellerID>
        <price>121</price>
      </transaction>
      <transaction>
        <timestamp>1333596189820</timestamp>
        <buyerID>94</buyerID>
        <sellerID>75</sellerID>
        <price>118</price>
      </transaction>
      <transaction>
        <timestamp>1333596189834</timestamp>
        <buyerID>79</buyerID>
        <sellerID>91</sellerID>
        <price>122</price>
      </transaction>
      <transaction>
        <timestamp>1333596190472</timestamp>
        <buyerID>93</buyerID>
        <sellerID>71</sellerID>
        <price>117</price>
      </transaction>
      <transaction>
        <timestamp>1333596190567</timestamp>
        <buyerID>78</buyerID>
        <sellerID>91</sellerID>
        <price>122</price>
      </transaction>
    </repetition>
    <repetition>
      <id>5</id>
      <transaction>
        <timestamp>1333596210930</timestamp>
        <buyerID>94</buyerID>
        <sellerID>91</sellerID>
        <price>130</price>
      </transaction>
      <transaction>
        <timestamp>1333596211508</timestamp>
        <buyerID>93</buyerID>
        <sellerID>71</sellerID>
        <price>123</price>
      </transaction>
      <transaction>
        <timestamp>1333596212258</timestamp>
        <buyerID>94</buyerID>
        <sellerID>72</sellerID>
        <price>123</price>
      </transaction>
      <transaction>
        <timestamp>1333596212332</timestamp>
        <buyerID>94</buyerID>
        <sellerID>73</sellerID>
        <price>123</price>
      </transaction>
      <transaction>
        <timestamp>1333596212417</timestamp>
        <buyerID>79</buyerID>
        <sellerID>91</sellerID>
        <price>125</price>
      </transaction>
      <transaction>
        <timestamp>1333596212434</timestamp>
        <buyerID>80</buyerID>
        <sellerID>75</sellerID>
        <price>125</price>
      </transaction>
      <transaction>
        <timestamp>1333596212441</timestamp>
        <buyerID>81</buyerID>
        <sellerID>92</sellerID>
        <price>126</price>
      </transaction>
      <transaction>
        <timestamp>1333596213162</timestamp>
        <buyerID>81</buyerID>
        <sellerID>91</sellerID>
        <price>125</price>
      </transaction>
      <transaction>
        <timestamp>1333596213722</timestamp>
        <buyerID>78</buyerID>
        <sellerID>92</sellerID>
        <price>126</price>
      </transaction>
      <transaction>
        <timestamp>1333596213804</timestamp>
        <buyerID>79</buyerID>
        <sellerID>91</sellerID>
        <price>126</price>
      </transaction>
      <transaction>
        <timestamp>1333596213898</timestamp>
        <buyerID>93</buyerID>
        <sellerID>76</sellerID>
        <price>125</price>
      </transaction>
      <transaction>
        <timestamp>1333596214532</timestamp>
        <buyerID>93</buyerID>
        <sellerID>71</sellerID>
        <price>125</price>
      </transaction>
      <transaction>
        <timestamp>1333596215287</timestamp>
        <buyerID>94</buyerID>
        <sellerID>75</sellerID>
        <price>118</price>
      </transaction>
      <transaction>
        <timestamp>1333596215389</timestamp>
        <buyerID>80</buyerID>
        <sellerID>92</sellerID>
        <price>123</price>
      </transaction>
      <transaction>
        <timestamp>1333596216007</timestamp>
        <buyerID>82</buyerID>
        <sellerID>91</sellerID>
        <price>123</price>
      </transaction>
      <transaction>
        <timestamp>1333596216736</timestamp>
        <buyerID>93</buyerID>
        <sellerID>91</sellerID>
        <price>124</price>
      </transaction>
      <transaction>
        <timestamp>1333596217541</timestamp>
        <buyerID>79</buyerID>
        <sellerID>91</sellerID>
        <price>123</price>
      </transaction>
      <transaction>
        <timestamp>1333596218269</timestamp>
        <buyerID>82</buyerID>
        <sellerID>91</sellerID>
        <price>123</price>
      </transaction>
      <transaction>
        <timestamp>1333596318000</timestamp>
        <buyerID>93</buyerID>
        <sellerID>71</sellerID>
        <price>123</price>
      </transaction>
    </repetition>
  </transactions>
  <scores>
    <agent>
      <ID>71</ID>
      <userName>kaplan1</userName>
      <strategy>KAPLAN</strategy>
      <values>
        <value>72</value>
        <value>77</value>
        <value>93</value>
        <value>102</value>
        <value>147</value>
        <value>153</value>
        <value>161</value>
        <value>214</value>
        <value>241</value>
        <value>243</value>
      </values>
      <score>45.0</score>
    </agent>
    <agent>
      <ID>76</ID>
      <userName>kaplan6</userName>
      <strategy>KAPLAN</strategy>
      <values>
        <value>115</value>
        <value>153</value>
        <value>154</value>
        <value>167</value>
        <value>213</value>
        <value>222</value>
        <value>230</value>
        <value>230</value>
        <value>232</value>
        <value>250</value>
      </values>
      <score>4.2</score>
    </agent>
    <agent>
      <ID>77</ID>
      <userName>kaplan7</userName>
      <strategy>KAPLAN</strategy>
      <values>
        <value>249</value>
        <value>235</value>
        <value>232</value>
        <value>200</value>
        <value>173</value>
        <value>170</value>
        <value>158</value>
        <value>141</value>
        <value>82</value>
        <value>67</value>
      </values>
      <score>0.0</score>
    </agent>
    <agent>
      <ID>78</ID>
      <userName>kaplan8</userName>
      <strategy>KAPLAN</strategy>
      <values>
        <value>250</value>
        <value>210</value>
        <value>209</value>
        <value>186</value>
        <value>176</value>
        <value>165</value>
        <value>151</value>
        <value>122</value>
        <value>78</value>
        <value>63</value>
      </values>
      <score>116.6</score>
    </agent>
    <agent>
      <ID>79</ID>
      <userName>kaplan9</userName>
      <strategy>KAPLAN</strategy>
      <values>
        <value>239</value>
        <value>234</value>
        <value>209</value>
        <value>188</value>
        <value>170</value>
        <value>134</value>
        <value>130</value>
        <value>110</value>
        <value>99</value>
        <value>97</value>
      </values>
      <score>220.2</score>
    </agent>
    <agent>
      <ID>72</ID>
      <userName>kaplan2</userName>
      <strategy>KAPLAN</strategy>
      <values>
        <value>82</value>
        <value>108</value>
        <value>111</value>
        <value>121</value>
        <value>154</value>
        <value>155</value>
        <value>166</value>
        <value>175</value>
        <value>180</value>
        <value>243</value>
      </values>
      <score>15.8</score>
    </agent>
    <agent>
      <ID>73</ID>
      <userName>kaplan3</userName>
      <strategy>KAPLAN</strategy>
      <values>
        <value>67</value>
        <value>83</value>
        <value>86</value>
        <value>103</value>
        <value>103</value>
        <value>184</value>
        <value>200</value>
        <value>228</value>
        <value>250</value>
        <value>260</value>
      </values>
      <score>11.2</score>
    </agent>
    <agent>
      <ID>74</ID>
      <userName>kaplan4</userName>
      <strategy>KAPLAN</strategy>
      <values>
        <value>119</value>
        <value>141</value>
        <value>145</value>
        <value>156</value>
        <value>170</value>
        <value>172</value>
        <value>209</value>
        <value>219</value>
        <value>235</value>
        <value>247</value>
      </values>
      <score>0.0</score>
    </agent>
    <agent>
      <ID>75</ID>
      <userName>kaplan5</userName>
      <strategy>KAPLAN</strategy>
      <values>
        <value>66</value>
        <value>75</value>
        <value>155</value>
        <value>183</value>
        <value>209</value>
        <value>209</value>
        <value>212</value>
        <value>241</value>
        <value>253</value>
        <value>260</value>
      </values>
      <score>75.2</score>
    </agent>
    <agent>
      <ID>81</ID>
      <userName>kaplan11</userName>
      <strategy>KAPLAN</strategy>
      <values>
        <value>218</value>
        <value>207</value>
        <value>204</value>
        <value>192</value>
        <value>116</value>
        <value>112</value>
        <value>105</value>
        <value>93</value>
        <value>86</value>
        <value>61</value>
      </values>
      <score>88.4</score>
    </agent>
    <agent>
      <ID>80</ID>
      <userName>kaplan10</userName>
      <strategy>KAPLAN</strategy>
      <values>
        <value>250</value>
        <value>247</value>
        <value>244</value>
        <value>204</value>
        <value>168</value>
        <value>160</value>
        <value>142</value>
        <value>136</value>
        <value>92</value>
        <value>88</value>
      </values>
      <score>148.6</score>
    </agent>
    <agent>
      <ID>82</ID>
      <userName>kaplan12</userName>
      <strategy>KAPLAN</strategy>
      <values>
        <value>199</value>
        <value>195</value>
        <value>191</value>
        <value>162</value>
        <value>155</value>
        <value>136</value>
        <value>136</value>
        <value>117</value>
        <value>117</value>
        <value>74</value>
      </values>
      <score>56.2</score>
    </agent>
    <agent>
      <ID>93</ID>
      <userName>gd3</userName>
      <strategy>GD</strategy>
      <values>
        <value>251</value>
        <value>227</value>
        <value>223</value>
        <value>156</value>
        <value>124</value>
        <value>120</value>
        <value>103</value>
        <value>87</value>
        <value>80</value>
        <value>70</value>
      </values>
      <score>296.4</score>
    </agent>
    <agent>
      <ID>92</ID>
      <userName>gd2</userName>
      <strategy>GD</strategy>
      <values>
        <value>61</value>
        <value>62</value>
        <value>89</value>
        <value>151</value>
        <value>177</value>
        <value>191</value>
        <value>195</value>
        <value>231</value>
        <value>233</value>
        <value>233</value>
      </values>
      <score>194.6</score>
    </agent>
    <agent>
      <ID>94</ID>
      <userName>gd4</userName>
      <strategy>GD</strategy>
      <values>
        <value>246</value>
        <value>176</value>
        <value>154</value>
        <value>119</value>
        <value>117</value>
        <value>116</value>
        <value>114</value>
        <value>114</value>
        <value>72</value>
        <value>63</value>
      </values>
      <score>168.6</score>
    </agent>
    <agent>
      <ID>91</ID>
      <userName>gd1</userName>
      <strategy>GD</strategy>
      <values>
        <value>77</value>
        <value>78</value>
        <value>82</value>
        <value>83</value>
        <value>94</value>
        <value>107</value>
        <value>110</value>
        <value>112</value>
        <value>155</value>
        <value>223</value>
      </values>
      <score>319.8</score>
    </agent>
  </scores>
</results>

