<results>
  <transactions>
    <repetition>
      <id>1</id>
      <transaction>
        <timestamp>1333596037436</timestamp>
        <buyerID>119</buyerID>
        <sellerID>116</sellerID>
        <price>175</price>
      </transaction>
      <transaction>
        <timestamp>1333596038009</timestamp>
        <buyerID>123</buyerID>
        <sellerID>113</sellerID>
        <price>172</price>
      </transaction>
      <transaction>
        <timestamp>1333596038245</timestamp>
        <buyerID>125</buyerID>
        <sellerID>118</sellerID>
        <price>172</price>
      </transaction>
      <transaction>
        <timestamp>1333596038826</timestamp>
        <buyerID>123</buyerID>
        <sellerID>111</sellerID>
        <price>173</price>
      </transaction>
      <transaction>
        <timestamp>1333596039016</timestamp>
        <buyerID>125</buyerID>
        <sellerID>111</sellerID>
        <price>172</price>
      </transaction>
      <transaction>
        <timestamp>1333596039475</timestamp>
        <buyerID>120</buyerID>
        <sellerID>116</sellerID>
        <price>170</price>
      </transaction>
      <transaction>
        <timestamp>1333596039709</timestamp>
        <buyerID>126</buyerID>
        <sellerID>117</sellerID>
        <price>170</price>
      </transaction>
      <transaction>
        <timestamp>1333596040365</timestamp>
        <buyerID>122</buyerID>
        <sellerID>112</sellerID>
        <price>171</price>
      </transaction>
      <transaction>
        <timestamp>1333596040555</timestamp>
        <buyerID>121</buyerID>
        <sellerID>114</sellerID>
        <price>170</price>
      </transaction>
      <transaction>
        <timestamp>1333596040757</timestamp>
        <buyerID>120</buyerID>
        <sellerID>117</sellerID>
        <price>171</price>
      </transaction>
      <transaction>
        <timestamp>1333596040961</timestamp>
        <buyerID>119</buyerID>
        <sellerID>112</sellerID>
        <price>171</price>
      </transaction>
      <transaction>
        <timestamp>1333596041161</timestamp>
        <buyerID>126</buyerID>
        <sellerID>111</sellerID>
        <price>170</price>
      </transaction>
      <transaction>
        <timestamp>1333596041566</timestamp>
        <buyerID>123</buyerID>
        <sellerID>113</sellerID>
        <price>170</price>
      </transaction>
      <transaction>
        <timestamp>1333596041853</timestamp>
        <buyerID>125</buyerID>
        <sellerID>118</sellerID>
        <price>170</price>
      </transaction>
      <transaction>
        <timestamp>1333596041932</timestamp>
        <buyerID>123</buyerID>
        <sellerID>115</sellerID>
        <price>171</price>
      </transaction>
      <transaction>
        <timestamp>1333596043690</timestamp>
        <buyerID>124</buyerID>
        <sellerID>112</sellerID>
        <price>169</price>
      </transaction>
      <transaction>
        <timestamp>1333596043859</timestamp>
        <buyerID>120</buyerID>
        <sellerID>116</sellerID>
        <price>168</price>
      </transaction>
      <transaction>
        <timestamp>1333596044002</timestamp>
        <buyerID>126</buyerID>
        <sellerID>114</sellerID>
        <price>168</price>
      </transaction>
      <transaction>
        <timestamp>1333596044156</timestamp>
        <buyerID>124</buyerID>
        <sellerID>117</sellerID>
        <price>168</price>
      </transaction>
      <transaction>
        <timestamp>1333596044547</timestamp>
        <buyerID>122</buyerID>
        <sellerID>117</sellerID>
        <price>169</price>
      </transaction>
      <transaction>
        <timestamp>1333596044820</timestamp>
        <buyerID>120</buyerID>
        <sellerID>112</sellerID>
        <price>169</price>
      </transaction>
      <transaction>
        <timestamp>1333596044918</timestamp>
        <buyerID>119</buyerID>
        <sellerID>115</sellerID>
        <price>169</price>
      </transaction>
      <transaction>
        <timestamp>1333596044991</timestamp>
        <buyerID>121</buyerID>
        <sellerID>111</sellerID>
        <price>168</price>
      </transaction>
      <transaction>
        <timestamp>1333596045071</timestamp>
        <buyerID>126</buyerID>
        <sellerID>113</sellerID>
        <price>168</price>
      </transaction>
      <transaction>
        <timestamp>1333596045266</timestamp>
        <buyerID>123</buyerID>
        <sellerID>118</sellerID>
        <price>168</price>
      </transaction>
      <transaction>
        <timestamp>1333596045690</timestamp>
        <buyerID>125</buyerID>
        <sellerID>113</sellerID>
        <price>168</price>
      </transaction>
      <transaction>
        <timestamp>1333596046014</timestamp>
        <buyerID>120</buyerID>
        <sellerID>116</sellerID>
        <price>165</price>
      </transaction>
      <transaction>
        <timestamp>1333596046776</timestamp>
        <buyerID>119</buyerID>
        <sellerID>114</sellerID>
        <price>164</price>
      </transaction>
      <transaction>
        <timestamp>1333596046909</timestamp>
        <buyerID>120</buyerID>
        <sellerID>115</sellerID>
        <price>163</price>
      </transaction>
      <transaction>
        <timestamp>1333596047119</timestamp>
        <buyerID>125</buyerID>
        <sellerID>113</sellerID>
        <price>162</price>
      </transaction>
      <transaction>
        <timestamp>1333596047294</timestamp>
        <buyerID>125</buyerID>
        <sellerID>111</sellerID>
        <price>162</price>
      </transaction>
      <transaction>
        <timestamp>1333596047414</timestamp>
        <buyerID>123</buyerID>
        <sellerID>112</sellerID>
        <price>161</price>
      </transaction>
      <transaction>
        <timestamp>1333596048171</timestamp>
        <buyerID>119</buyerID>
        <sellerID>116</sellerID>
        <price>161</price>
      </transaction>
      <transaction>
        <timestamp>1333596048436</timestamp>
        <buyerID>125</buyerID>
        <sellerID>115</sellerID>
        <price>160</price>
      </transaction>
      <transaction>
        <timestamp>1333596048751</timestamp>
        <buyerID>122</buyerID>
        <sellerID>112</sellerID>
        <price>159</price>
      </transaction>
      <transaction>
        <timestamp>1333596049090</timestamp>
        <buyerID>121</buyerID>
        <sellerID>116</sellerID>
        <price>159</price>
      </transaction>
      <transaction>
        <timestamp>1333596049152</timestamp>
        <buyerID>122</buyerID>
        <sellerID>114</sellerID>
        <price>159</price>
      </transaction>
      <transaction>
        <timestamp>1333596049328</timestamp>
        <buyerID>119</buyerID>
        <sellerID>114</sellerID>
        <price>159</price>
      </transaction>
      <transaction>
        <timestamp>1333596050059</timestamp>
        <buyerID>124</buyerID>
        <sellerID>115</sellerID>
        <price>158</price>
      </transaction>
      <transaction>
        <timestamp>1333596050123</timestamp>
        <buyerID>121</buyerID>
        <sellerID>112</sellerID>
        <price>158</price>
      </transaction>
      <transaction>
        <timestamp>1333596050172</timestamp>
        <buyerID>122</buyerID>
        <sellerID>116</sellerID>
        <price>158</price>
      </transaction>
      <transaction>
        <timestamp>1333596051086</timestamp>
        <buyerID>122</buyerID>
        <sellerID>115</sellerID>
        <price>159</price>
      </transaction>
      <transaction>
        <timestamp>1333596051520</timestamp>
        <buyerID>121</buyerID>
        <sellerID>115</sellerID>
        <price>158</price>
      </transaction>
      <transaction>
        <timestamp>1333596153600</timestamp>
        <buyerID>122</buyerID>
        <sellerID>112</sellerID>
        <price>158</price>
      </transaction>
    </repetition>
    <repetition>
      <id>2</id>
      <transaction>
        <timestamp>1333596163179</timestamp>
        <buyerID>120</buyerID>
        <sellerID>117</sellerID>
        <price>157</price>
      </transaction>
      <transaction>
        <timestamp>1333596163324</timestamp>
        <buyerID>126</buyerID>
        <sellerID>116</sellerID>
        <price>157</price>
      </transaction>
      <transaction>
        <timestamp>1333596163455</timestamp>
        <buyerID>125</buyerID>
        <sellerID>113</sellerID>
        <price>157</price>
      </transaction>
      <transaction>
        <timestamp>1333596163933</timestamp>
        <buyerID>124</buyerID>
        <sellerID>118</sellerID>
        <price>158</price>
      </transaction>
      <transaction>
        <timestamp>1333596164339</timestamp>
        <buyerID>121</buyerID>
        <sellerID>112</sellerID>
        <price>159</price>
      </transaction>
      <transaction>
        <timestamp>1333596164831</timestamp>
        <buyerID>123</buyerID>
        <sellerID>114</sellerID>
        <price>161</price>
      </transaction>
      <transaction>
        <timestamp>1333596165059</timestamp>
        <buyerID>119</buyerID>
        <sellerID>115</sellerID>
        <price>160</price>
      </transaction>
      <transaction>
        <timestamp>1333596165269</timestamp>
        <buyerID>123</buyerID>
        <sellerID>114</sellerID>
        <price>160</price>
      </transaction>
      <transaction>
        <timestamp>1333596165492</timestamp>
        <buyerID>122</buyerID>
        <sellerID>112</sellerID>
        <price>160</price>
      </transaction>
      <transaction>
        <timestamp>1333596165708</timestamp>
        <buyerID>125</buyerID>
        <sellerID>117</sellerID>
        <price>160</price>
      </transaction>
      <transaction>
        <timestamp>1333596165924</timestamp>
        <buyerID>120</buyerID>
        <sellerID>111</sellerID>
        <price>161</price>
      </transaction>
      <transaction>
        <timestamp>1333596166371</timestamp>
        <buyerID>120</buyerID>
        <sellerID>113</sellerID>
        <price>161</price>
      </transaction>
      <transaction>
        <timestamp>1333596166536</timestamp>
        <buyerID>126</buyerID>
        <sellerID>117</sellerID>
        <price>161</price>
      </transaction>
      <transaction>
        <timestamp>1333596166729</timestamp>
        <buyerID>125</buyerID>
        <sellerID>118</sellerID>
        <price>161</price>
      </transaction>
      <transaction>
        <timestamp>1333596166892</timestamp>
        <buyerID>124</buyerID>
        <sellerID>112</sellerID>
        <price>161</price>
      </transaction>
      <transaction>
        <timestamp>1333596167313</timestamp>
        <buyerID>123</buyerID>
        <sellerID>111</sellerID>
        <price>163</price>
      </transaction>
      <transaction>
        <timestamp>1333596167722</timestamp>
        <buyerID>119</buyerID>
        <sellerID>111</sellerID>
        <price>162</price>
      </transaction>
      <transaction>
        <timestamp>1333596167871</timestamp>
        <buyerID>123</buyerID>
        <sellerID>114</sellerID>
        <price>162</price>
      </transaction>
      <transaction>
        <timestamp>1333596168046</timestamp>
        <buyerID>122</buyerID>
        <sellerID>112</sellerID>
        <price>162</price>
      </transaction>
      <transaction>
        <timestamp>1333596168359</timestamp>
        <buyerID>120</buyerID>
        <sellerID>115</sellerID>
        <price>163</price>
      </transaction>
      <transaction>
        <timestamp>1333596168547</timestamp>
        <buyerID>125</buyerID>
        <sellerID>116</sellerID>
        <price>162</price>
      </transaction>
      <transaction>
        <timestamp>1333596168939</timestamp>
        <buyerID>126</buyerID>
        <sellerID>112</sellerID>
        <price>162</price>
      </transaction>
      <transaction>
        <timestamp>1333596169184</timestamp>
        <buyerID>121</buyerID>
        <sellerID>114</sellerID>
        <price>162</price>
      </transaction>
      <transaction>
        <timestamp>1333596169273</timestamp>
        <buyerID>119</buyerID>
        <sellerID>115</sellerID>
        <price>162</price>
      </transaction>
      <transaction>
        <timestamp>1333596169352</timestamp>
        <buyerID>124</buyerID>
        <sellerID>111</sellerID>
        <price>161</price>
      </transaction>
      <transaction>
        <timestamp>1333596169537</timestamp>
        <buyerID>122</buyerID>
        <sellerID>112</sellerID>
        <price>162</price>
      </transaction>
      <transaction>
        <timestamp>1333596170924</timestamp>
        <buyerID>125</buyerID>
        <sellerID>113</sellerID>
        <price>162</price>
      </transaction>
      <transaction>
        <timestamp>1333596171487</timestamp>
        <buyerID>121</buyerID>
        <sellerID>111</sellerID>
        <price>163</price>
      </transaction>
      <transaction>
        <timestamp>1333596171563</timestamp>
        <buyerID>119</buyerID>
        <sellerID>115</sellerID>
        <price>163</price>
      </transaction>
      <transaction>
        <timestamp>1333596171893</timestamp>
        <buyerID>122</buyerID>
        <sellerID>112</sellerID>
        <price>163</price>
      </transaction>
      <transaction>
        <timestamp>1333596172045</timestamp>
        <buyerID>125</buyerID>
        <sellerID>118</sellerID>
        <price>163</price>
      </transaction>
      <transaction>
        <timestamp>1333596172229</timestamp>
        <buyerID>120</buyerID>
        <sellerID>113</sellerID>
        <price>163</price>
      </transaction>
      <transaction>
        <timestamp>1333596172568</timestamp>
        <buyerID>121</buyerID>
        <sellerID>116</sellerID>
        <price>163</price>
      </transaction>
      <transaction>
        <timestamp>1333596172837</timestamp>
        <buyerID>119</buyerID>
        <sellerID>112</sellerID>
        <price>163</price>
      </transaction>
      <transaction>
        <timestamp>1333596172949</timestamp>
        <buyerID>123</buyerID>
        <sellerID>114</sellerID>
        <price>163</price>
      </transaction>
      <transaction>
        <timestamp>1333596173124</timestamp>
        <buyerID>119</buyerID>
        <sellerID>115</sellerID>
        <price>163</price>
      </transaction>
      <transaction>
        <timestamp>1333596173435</timestamp>
        <buyerID>122</buyerID>
        <sellerID>112</sellerID>
        <price>163</price>
      </transaction>
      <transaction>
        <timestamp>1333596174382</timestamp>
        <buyerID>126</buyerID>
        <sellerID>115</sellerID>
        <price>163</price>
      </transaction>
      <transaction>
        <timestamp>1333596174794</timestamp>
        <buyerID>120</buyerID>
        <sellerID>116</sellerID>
        <price>163</price>
      </transaction>
      <transaction>
        <timestamp>1333596175006</timestamp>
        <buyerID>125</buyerID>
        <sellerID>113</sellerID>
        <price>163</price>
      </transaction>
      <transaction>
        <timestamp>1333596175402</timestamp>
        <buyerID>122</buyerID>
        <sellerID>115</sellerID>
        <price>163</price>
      </transaction>
      <transaction>
        <timestamp>1333596175818</timestamp>
        <buyerID>122</buyerID>
        <sellerID>113</sellerID>
        <price>163</price>
      </transaction>
      <transaction>
        <timestamp>1333596176602</timestamp>
        <buyerID>121</buyerID>
        <sellerID>116</sellerID>
        <price>163</price>
      </transaction>
      <transaction>
        <timestamp>1333596180967</timestamp>
        <buyerID>123</buyerID>
        <sellerID>116</sellerID>
        <price>160</price>
      </transaction>
    </repetition>
    <repetition>
      <id>3</id>
      <transaction>
        <timestamp>1333596290569</timestamp>
        <buyerID>121</buyerID>
        <sellerID>112</sellerID>
        <price>156</price>
      </transaction>
      <transaction>
        <timestamp>1333596290815</timestamp>
        <buyerID>123</buyerID>
        <sellerID>117</sellerID>
        <price>156</price>
      </transaction>
      <transaction>
        <timestamp>1333596290942</timestamp>
        <buyerID>119</buyerID>
        <sellerID>116</sellerID>
        <price>157</price>
      </transaction>
      <transaction>
        <timestamp>1333596291477</timestamp>
        <buyerID>124</buyerID>
        <sellerID>111</sellerID>
        <price>157</price>
      </transaction>
      <transaction>
        <timestamp>1333596291605</timestamp>
        <buyerID>122</buyerID>
        <sellerID>114</sellerID>
        <price>157</price>
      </transaction>
      <transaction>
        <timestamp>1333596291859</timestamp>
        <buyerID>120</buyerID>
        <sellerID>118</sellerID>
        <price>158</price>
      </transaction>
      <transaction>
        <timestamp>1333596292104</timestamp>
        <buyerID>126</buyerID>
        <sellerID>118</sellerID>
        <price>158</price>
      </transaction>
      <transaction>
        <timestamp>1333596292343</timestamp>
        <buyerID>125</buyerID>
        <sellerID>113</sellerID>
        <price>158</price>
      </transaction>
      <transaction>
        <timestamp>1333596292673</timestamp>
        <buyerID>125</buyerID>
        <sellerID>113</sellerID>
        <price>157</price>
      </transaction>
      <transaction>
        <timestamp>1333596292768</timestamp>
        <buyerID>125</buyerID>
        <sellerID>115</sellerID>
        <price>158</price>
      </transaction>
      <transaction>
        <timestamp>1333596293181</timestamp>
        <buyerID>126</buyerID>
        <sellerID>118</sellerID>
        <price>158</price>
      </transaction>
      <transaction>
        <timestamp>1333596293386</timestamp>
        <buyerID>120</buyerID>
        <sellerID>114</sellerID>
        <price>158</price>
      </transaction>
      <transaction>
        <timestamp>1333596294091</timestamp>
        <buyerID>123</buyerID>
        <sellerID>116</sellerID>
        <price>156</price>
      </transaction>
      <transaction>
        <timestamp>1333596294200</timestamp>
        <buyerID>119</buyerID>
        <sellerID>117</sellerID>
        <price>156</price>
      </transaction>
      <transaction>
        <timestamp>1333596294571</timestamp>
        <buyerID>124</buyerID>
        <sellerID>112</sellerID>
        <price>156</price>
      </transaction>
      <transaction>
        <timestamp>1333596294652</timestamp>
        <buyerID>124</buyerID>
        <sellerID>114</sellerID>
        <price>157</price>
      </transaction>
      <transaction>
        <timestamp>1333596295182</timestamp>
        <buyerID>122</buyerID>
        <sellerID>111</sellerID>
        <price>158</price>
      </transaction>
      <transaction>
        <timestamp>1333596295765</timestamp>
        <buyerID>125</buyerID>
        <sellerID>115</sellerID>
        <price>159</price>
      </transaction>
      <transaction>
        <timestamp>1333596295915</timestamp>
        <buyerID>125</buyerID>
        <sellerID>113</sellerID>
        <price>159</price>
      </transaction>
      <transaction>
        <timestamp>1333596296985</timestamp>
        <buyerID>120</buyerID>
        <sellerID>114</sellerID>
        <price>163</price>
      </transaction>
      <transaction>
        <timestamp>1333596297071</timestamp>
        <buyerID>122</buyerID>
        <sellerID>111</sellerID>
        <price>163</price>
      </transaction>
      <transaction>
        <timestamp>1333596297597</timestamp>
        <buyerID>121</buyerID>
        <sellerID>116</sellerID>
        <price>161</price>
      </transaction>
      <transaction>
        <timestamp>1333596298152</timestamp>
        <buyerID>122</buyerID>
        <sellerID>112</sellerID>
        <price>161</price>
      </transaction>
      <transaction>
        <timestamp>1333596298230</timestamp>
        <buyerID>120</buyerID>
        <sellerID>114</sellerID>
        <price>161</price>
      </transaction>
      <transaction>
        <timestamp>1333596298282</timestamp>
        <buyerID>125</buyerID>
        <sellerID>117</sellerID>
        <price>162</price>
      </transaction>
      <transaction>
        <timestamp>1333596298884</timestamp>
        <buyerID>126</buyerID>
        <sellerID>113</sellerID>
        <price>161</price>
      </transaction>
      <transaction>
        <timestamp>1333596299325</timestamp>
        <buyerID>126</buyerID>
        <sellerID>113</sellerID>
        <price>161</price>
      </transaction>
      <transaction>
        <timestamp>1333596300650</timestamp>
        <buyerID>120</buyerID>
        <sellerID>115</sellerID>
        <price>162</price>
      </transaction>
      <transaction>
        <timestamp>1333596301074</timestamp>
        <buyerID>120</buyerID>
        <sellerID>112</sellerID>
        <price>161</price>
      </transaction>
      <transaction>
        <timestamp>1333596301182</timestamp>
        <buyerID>122</buyerID>
        <sellerID>116</sellerID>
        <price>161</price>
      </transaction>
      <transaction>
        <timestamp>1333596301285</timestamp>
        <buyerID>119</buyerID>
        <sellerID>112</sellerID>
        <price>160</price>
      </transaction>
      <transaction>
        <timestamp>1333596301514</timestamp>
        <buyerID>122</buyerID>
        <sellerID>113</sellerID>
        <price>161</price>
      </transaction>
      <transaction>
        <timestamp>1333596302189</timestamp>
        <buyerID>123</buyerID>
        <sellerID>112</sellerID>
        <price>160</price>
      </transaction>
      <transaction>
        <timestamp>1333596302279</timestamp>
        <buyerID>119</buyerID>
        <sellerID>116</sellerID>
        <price>160</price>
      </transaction>
      <transaction>
        <timestamp>1333596302598</timestamp>
        <buyerID>119</buyerID>
        <sellerID>111</sellerID>
        <price>161</price>
      </transaction>
      <transaction>
        <timestamp>1333596302998</timestamp>
        <buyerID>122</buyerID>
        <sellerID>115</sellerID>
        <price>161</price>
      </transaction>
      <transaction>
        <timestamp>1333596303469</timestamp>
        <buyerID>121</buyerID>
        <sellerID>116</sellerID>
        <price>159</price>
      </transaction>
      <transaction>
        <timestamp>1333596303544</timestamp>
        <buyerID>123</buyerID>
        <sellerID>112</sellerID>
        <price>159</price>
      </transaction>
      <transaction>
        <timestamp>1333596304266</timestamp>
        <buyerID>125</buyerID>
        <sellerID>111</sellerID>
        <price>159</price>
      </transaction>
      <transaction>
        <timestamp>1333596304377</timestamp>
        <buyerID>123</buyerID>
        <sellerID>112</sellerID>
        <price>158</price>
      </transaction>
      <transaction>
        <timestamp>1333596304988</timestamp>
        <buyerID>119</buyerID>
        <sellerID>115</sellerID>
        <price>158</price>
      </transaction>
      <transaction>
        <timestamp>1333596305954</timestamp>
        <buyerID>121</buyerID>
        <sellerID>115</sellerID>
        <price>157</price>
      </transaction>
      <transaction>
        <timestamp>1333596306869</timestamp>
        <buyerID>121</buyerID>
        <sellerID>115</sellerID>
        <price>157</price>
      </transaction>
      <transaction>
        <timestamp>1333596307295</timestamp>
        <buyerID>123</buyerID>
        <sellerID>116</sellerID>
        <price>157</price>
      </transaction>
    </repetition>
    <repetition>
      <id>4</id>
      <transaction>
        <timestamp>1333596418078</timestamp>
        <buyerID>122</buyerID>
        <sellerID>113</sellerID>
        <price>164</price>
      </transaction>
      <transaction>
        <timestamp>1333596418651</timestamp>
        <buyerID>120</buyerID>
        <sellerID>111</sellerID>
        <price>164</price>
      </transaction>
      <transaction>
        <timestamp>1333596418900</timestamp>
        <buyerID>126</buyerID>
        <sellerID>112</sellerID>
        <price>164</price>
      </transaction>
      <transaction>
        <timestamp>1333596419004</timestamp>
        <buyerID>119</buyerID>
        <sellerID>117</sellerID>
        <price>164</price>
      </transaction>
      <transaction>
        <timestamp>1333596419128</timestamp>
        <buyerID>121</buyerID>
        <sellerID>118</sellerID>
        <price>164</price>
      </transaction>
      <transaction>
        <timestamp>1333596419249</timestamp>
        <buyerID>123</buyerID>
        <sellerID>115</sellerID>
        <price>163</price>
      </transaction>
      <transaction>
        <timestamp>1333596419495</timestamp>
        <buyerID>125</buyerID>
        <sellerID>116</sellerID>
        <price>162</price>
      </transaction>
      <transaction>
        <timestamp>1333596419733</timestamp>
        <buyerID>124</buyerID>
        <sellerID>114</sellerID>
        <price>162</price>
      </transaction>
      <transaction>
        <timestamp>1333596420568</timestamp>
        <buyerID>121</buyerID>
        <sellerID>112</sellerID>
        <price>160</price>
      </transaction>
      <transaction>
        <timestamp>1333596420797</timestamp>
        <buyerID>122</buyerID>
        <sellerID>116</sellerID>
        <price>161</price>
      </transaction>
      <transaction>
        <timestamp>1333596421025</timestamp>
        <buyerID>123</buyerID>
        <sellerID>118</sellerID>
        <price>161</price>
      </transaction>
      <transaction>
        <timestamp>1333596421111</timestamp>
        <buyerID>122</buyerID>
        <sellerID>117</sellerID>
        <price>161</price>
      </transaction>
      <transaction>
        <timestamp>1333596421213</timestamp>
        <buyerID>126</buyerID>
        <sellerID>113</sellerID>
        <price>161</price>
      </transaction>
      <transaction>
        <timestamp>1333596421943</timestamp>
        <buyerID>125</buyerID>
        <sellerID>112</sellerID>
        <price>161</price>
      </transaction>
      <transaction>
        <timestamp>1333596422037</timestamp>
        <buyerID>124</buyerID>
        <sellerID>115</sellerID>
        <price>161</price>
      </transaction>
      <transaction>
        <timestamp>1333596422322</timestamp>
        <buyerID>119</buyerID>
        <sellerID>112</sellerID>
        <price>160</price>
      </transaction>
      <transaction>
        <timestamp>1333596422496</timestamp>
        <buyerID>119</buyerID>
        <sellerID>116</sellerID>
        <price>161</price>
      </transaction>
      <transaction>
        <timestamp>1333596422568</timestamp>
        <buyerID>122</buyerID>
        <sellerID>117</sellerID>
        <price>161</price>
      </transaction>
      <transaction>
        <timestamp>1333596422665</timestamp>
        <buyerID>123</buyerID>
        <sellerID>111</sellerID>
        <price>162</price>
      </transaction>
      <transaction>
        <timestamp>1333596422778</timestamp>
        <buyerID>120</buyerID>
        <sellerID>118</sellerID>
        <price>162</price>
      </transaction>
      <transaction>
        <timestamp>1333596423290</timestamp>
        <buyerID>122</buyerID>
        <sellerID>112</sellerID>
        <price>161</price>
      </transaction>
      <transaction>
        <timestamp>1333596423451</timestamp>
        <buyerID>126</buyerID>
        <sellerID>115</sellerID>
        <price>161</price>
      </transaction>
      <transaction>
        <timestamp>1333596423698</timestamp>
        <buyerID>125</buyerID>
        <sellerID>114</sellerID>
        <price>161</price>
      </transaction>
      <transaction>
        <timestamp>1333596423767</timestamp>
        <buyerID>124</buyerID>
        <sellerID>116</sellerID>
        <price>161</price>
      </transaction>
      <transaction>
        <timestamp>1333596423843</timestamp>
        <buyerID>121</buyerID>
        <sellerID>115</sellerID>
        <price>160</price>
      </transaction>
      <transaction>
        <timestamp>1333596424207</timestamp>
        <buyerID>121</buyerID>
        <sellerID>112</sellerID>
        <price>159</price>
      </transaction>
      <transaction>
        <timestamp>1333596424442</timestamp>
        <buyerID>119</buyerID>
        <sellerID>111</sellerID>
        <price>158</price>
      </transaction>
      <transaction>
        <timestamp>1333596424720</timestamp>
        <buyerID>122</buyerID>
        <sellerID>113</sellerID>
        <price>159</price>
      </transaction>
      <transaction>
        <timestamp>1333596424898</timestamp>
        <buyerID>123</buyerID>
        <sellerID>111</sellerID>
        <price>159</price>
      </transaction>
      <transaction>
        <timestamp>1333596425235</timestamp>
        <buyerID>122</buyerID>
        <sellerID>115</sellerID>
        <price>158</price>
      </transaction>
      <transaction>
        <timestamp>1333596425425</timestamp>
        <buyerID>126</buyerID>
        <sellerID>116</sellerID>
        <price>158</price>
      </transaction>
      <transaction>
        <timestamp>1333596425470</timestamp>
        <buyerID>125</buyerID>
        <sellerID>115</sellerID>
        <price>158</price>
      </transaction>
      <transaction>
        <timestamp>1333596425625</timestamp>
        <buyerID>121</buyerID>
        <sellerID>112</sellerID>
        <price>157</price>
      </transaction>
      <transaction>
        <timestamp>1333596425733</timestamp>
        <buyerID>119</buyerID>
        <sellerID>111</sellerID>
        <price>157</price>
      </transaction>
      <transaction>
        <timestamp>1333596426147</timestamp>
        <buyerID>120</buyerID>
        <sellerID>113</sellerID>
        <price>157</price>
      </transaction>
      <transaction>
        <timestamp>1333596426564</timestamp>
        <buyerID>125</buyerID>
        <sellerID>114</sellerID>
        <price>157</price>
      </transaction>
      <transaction>
        <timestamp>1333596426816</timestamp>
        <buyerID>119</buyerID>
        <sellerID>116</sellerID>
        <price>157</price>
      </transaction>
      <transaction>
        <timestamp>1333596427108</timestamp>
        <buyerID>120</buyerID>
        <sellerID>115</sellerID>
        <price>157</price>
      </transaction>
      <transaction>
        <timestamp>1333596427424</timestamp>
        <buyerID>125</buyerID>
        <sellerID>113</sellerID>
        <price>157</price>
      </transaction>
      <transaction>
        <timestamp>1333596427838</timestamp>
        <buyerID>120</buyerID>
        <sellerID>112</sellerID>
        <price>158</price>
      </transaction>
      <transaction>
        <timestamp>1333596428283</timestamp>
        <buyerID>123</buyerID>
        <sellerID>114</sellerID>
        <price>157</price>
      </transaction>
      <transaction>
        <timestamp>1333596428324</timestamp>
        <buyerID>125</buyerID>
        <sellerID>116</sellerID>
        <price>157</price>
      </transaction>
      <transaction>
        <timestamp>1333596428639</timestamp>
        <buyerID>120</buyerID>
        <sellerID>112</sellerID>
        <price>157</price>
      </transaction>
      <transaction>
        <timestamp>1333596429542</timestamp>
        <buyerID>123</buyerID>
        <sellerID>114</sellerID>
        <price>157</price>
      </transaction>
    </repetition>
    <repetition>
      <id>5</id>
      <transaction>
        <timestamp>1333596545453</timestamp>
        <buyerID>123</buyerID>
        <sellerID>116</sellerID>
        <price>165</price>
      </transaction>
      <transaction>
        <timestamp>1333596545694</timestamp>
        <buyerID>119</buyerID>
        <sellerID>111</sellerID>
        <price>164</price>
      </transaction>
      <transaction>
        <timestamp>1333596545949</timestamp>
        <buyerID>121</buyerID>
        <sellerID>118</sellerID>
        <price>164</price>
      </transaction>
      <transaction>
        <timestamp>1333596546190</timestamp>
        <buyerID>120</buyerID>
        <sellerID>113</sellerID>
        <price>164</price>
      </transaction>
      <transaction>
        <timestamp>1333596546841</timestamp>
        <buyerID>126</buyerID>
        <sellerID>115</sellerID>
        <price>163</price>
      </transaction>
      <transaction>
        <timestamp>1333596547095</timestamp>
        <buyerID>122</buyerID>
        <sellerID>114</sellerID>
        <price>164</price>
      </transaction>
      <transaction>
        <timestamp>1333596547322</timestamp>
        <buyerID>125</buyerID>
        <sellerID>112</sellerID>
        <price>163</price>
      </transaction>
      <transaction>
        <timestamp>1333596547543</timestamp>
        <buyerID>124</buyerID>
        <sellerID>112</sellerID>
        <price>163</price>
      </transaction>
      <transaction>
        <timestamp>1333596547754</timestamp>
        <buyerID>122</buyerID>
        <sellerID>117</sellerID>
        <price>163</price>
      </transaction>
      <transaction>
        <timestamp>1333596547972</timestamp>
        <buyerID>125</buyerID>
        <sellerID>115</sellerID>
        <price>163</price>
      </transaction>
      <transaction>
        <timestamp>1333596549928</timestamp>
        <buyerID>120</buyerID>
        <sellerID>115</sellerID>
        <price>161</price>
      </transaction>
      <transaction>
        <timestamp>1333596550260</timestamp>
        <buyerID>123</buyerID>
        <sellerID>116</sellerID>
        <price>160</price>
      </transaction>
      <transaction>
        <timestamp>1333596550463</timestamp>
        <buyerID>121</buyerID>
        <sellerID>116</sellerID>
        <price>160</price>
      </transaction>
      <transaction>
        <timestamp>1333596551012</timestamp>
        <buyerID>126</buyerID>
        <sellerID>115</sellerID>
        <price>158</price>
      </transaction>
      <transaction>
        <timestamp>1333596551365</timestamp>
        <buyerID>124</buyerID>
        <sellerID>113</sellerID>
        <price>159</price>
      </transaction>
      <transaction>
        <timestamp>1333596551620</timestamp>
        <buyerID>125</buyerID>
        <sellerID>114</sellerID>
        <price>159</price>
      </transaction>
      <transaction>
        <timestamp>1333596551838</timestamp>
        <buyerID>120</buyerID>
        <sellerID>112</sellerID>
        <price>159</price>
      </transaction>
      <transaction>
        <timestamp>1333596552008</timestamp>
        <buyerID>122</buyerID>
        <sellerID>116</sellerID>
        <price>158</price>
      </transaction>
      <transaction>
        <timestamp>1333596552191</timestamp>
        <buyerID>121</buyerID>
        <sellerID>117</sellerID>
        <price>159</price>
      </transaction>
      <transaction>
        <timestamp>1333596552299</timestamp>
        <buyerID>119</buyerID>
        <sellerID>115</sellerID>
        <price>159</price>
      </transaction>
      <transaction>
        <timestamp>1333596552785</timestamp>
        <buyerID>123</buyerID>
        <sellerID>118</sellerID>
        <price>158</price>
      </transaction>
      <transaction>
        <timestamp>1333596553041</timestamp>
        <buyerID>126</buyerID>
        <sellerID>113</sellerID>
        <price>158</price>
      </transaction>
      <transaction>
        <timestamp>1333596553115</timestamp>
        <buyerID>122</buyerID>
        <sellerID>114</sellerID>
        <price>158</price>
      </transaction>
      <transaction>
        <timestamp>1333596553194</timestamp>
        <buyerID>124</buyerID>
        <sellerID>115</sellerID>
        <price>158</price>
      </transaction>
      <transaction>
        <timestamp>1333596553402</timestamp>
        <buyerID>125</buyerID>
        <sellerID>112</sellerID>
        <price>158</price>
      </transaction>
      <transaction>
        <timestamp>1333596553461</timestamp>
        <buyerID>126</buyerID>
        <sellerID>117</sellerID>
        <price>158</price>
      </transaction>
      <transaction>
        <timestamp>1333596553790</timestamp>
        <buyerID>120</buyerID>
        <sellerID>115</sellerID>
        <price>158</price>
      </transaction>
      <transaction>
        <timestamp>1333596554030</timestamp>
        <buyerID>123</buyerID>
        <sellerID>116</sellerID>
        <price>157</price>
      </transaction>
      <transaction>
        <timestamp>1333596554178</timestamp>
        <buyerID>119</buyerID>
        <sellerID>114</sellerID>
        <price>158</price>
      </transaction>
      <transaction>
        <timestamp>1333596554245</timestamp>
        <buyerID>121</buyerID>
        <sellerID>111</sellerID>
        <price>158</price>
      </transaction>
      <transaction>
        <timestamp>1333596554347</timestamp>
        <buyerID>123</buyerID>
        <sellerID>116</sellerID>
        <price>158</price>
      </transaction>
      <transaction>
        <timestamp>1333596554882</timestamp>
        <buyerID>125</buyerID>
        <sellerID>113</sellerID>
        <price>157</price>
      </transaction>
      <transaction>
        <timestamp>1333596554935</timestamp>
        <buyerID>122</buyerID>
        <sellerID>111</sellerID>
        <price>158</price>
      </transaction>
      <transaction>
        <timestamp>1333596555090</timestamp>
        <buyerID>125</buyerID>
        <sellerID>118</sellerID>
        <price>158</price>
      </transaction>
      <transaction>
        <timestamp>1333596555270</timestamp>
        <buyerID>120</buyerID>
        <sellerID>112</sellerID>
        <price>158</price>
      </transaction>
      <transaction>
        <timestamp>1333596555537</timestamp>
        <buyerID>119</buyerID>
        <sellerID>114</sellerID>
        <price>158</price>
      </transaction>
      <transaction>
        <timestamp>1333596555726</timestamp>
        <buyerID>121</buyerID>
        <sellerID>111</sellerID>
        <price>157</price>
      </transaction>
      <transaction>
        <timestamp>1333596555951</timestamp>
        <buyerID>123</buyerID>
        <sellerID>113</sellerID>
        <price>157</price>
      </transaction>
      <transaction>
        <timestamp>1333596556176</timestamp>
        <buyerID>125</buyerID>
        <sellerID>112</sellerID>
        <price>157</price>
      </transaction>
      <transaction>
        <timestamp>1333596556510</timestamp>
        <buyerID>122</buyerID>
        <sellerID>116</sellerID>
        <price>157</price>
      </transaction>
      <transaction>
        <timestamp>1333596556696</timestamp>
        <buyerID>120</buyerID>
        <sellerID>111</sellerID>
        <price>157</price>
      </transaction>
      <transaction>
        <timestamp>1333596557002</timestamp>
        <buyerID>119</buyerID>
        <sellerID>112</sellerID>
        <price>157</price>
      </transaction>
      <transaction>
        <timestamp>1333596558906</timestamp>
        <buyerID>119</buyerID>
        <sellerID>112</sellerID>
        <price>157</price>
      </transaction>
      <transaction>
        <timestamp>1333596559485</timestamp>
        <buyerID>122</buyerID>
        <sellerID>112</sellerID>
        <price>157</price>
      </transaction>
    </repetition>
  </transactions>
  <scores>
    <agent>
      <ID>111</ID>
      <userName>gdx1</userName>
      <strategy>GDX</strategy>
      <values>
        <value>72</value>
        <value>77</value>
        <value>78</value>
        <value>79</value>
        <value>95</value>
        <value>166</value>
        <value>169</value>
        <value>186</value>
        <value>197</value>
        <value>204</value>
      </values>
      <score>408.4</score>
    </agent>
    <agent>
      <ID>119</ID>
      <userName>gdx9</userName>
      <strategy>GDX</strategy>
      <values>
        <value>250</value>
        <value>246</value>
        <value>208</value>
        <value>197</value>
        <value>186</value>
        <value>185</value>
        <value>148</value>
        <value>105</value>
        <value>93</value>
        <value>89</value>
      </values>
      <score>305.2</score>
    </agent>
    <agent>
      <ID>118</ID>
      <userName>gdx8</userName>
      <strategy>GDX</strategy>
      <values>
        <value>66</value>
        <value>69</value>
        <value>149</value>
        <value>183</value>
        <value>201</value>
        <value>202</value>
        <value>207</value>
        <value>211</value>
        <value>237</value>
        <value>255</value>
      </values>
      <score>202.6</score>
    </agent>
    <agent>
      <ID>117</ID>
      <userName>gdx7</userName>
      <strategy>GDX</strategy>
      <values>
        <value>88</value>
        <value>93</value>
        <value>115</value>
        <value>167</value>
        <value>171</value>
        <value>194</value>
        <value>196</value>
        <value>203</value>
        <value>218</value>
        <value>242</value>
      </values>
      <score>189.8</score>
    </agent>
    <agent>
      <ID>116</ID>
      <userName>gdx6</userName>
      <strategy>GDX</strategy>
      <values>
        <value>64</value>
        <value>70</value>
        <value>93</value>
        <value>94</value>
        <value>107</value>
        <value>119</value>
        <value>122</value>
        <value>163</value>
        <value>179</value>
        <value>200</value>
      </values>
      <score>448.8</score>
    </agent>
    <agent>
      <ID>115</ID>
      <userName>gdx5</userName>
      <strategy>GDX</strategy>
      <values>
        <value>63</value>
        <value>66</value>
        <value>72</value>
        <value>79</value>
        <value>114</value>
        <value>115</value>
        <value>121</value>
        <value>194</value>
        <value>195</value>
        <value>204</value>
      </values>
      <score>495.0</score>
    </agent>
    <agent>
      <ID>114</ID>
      <userName>gdx4</userName>
      <strategy>GDX</strategy>
      <values>
        <value>83</value>
        <value>109</value>
        <value>112</value>
        <value>142</value>
        <value>146</value>
        <value>163</value>
        <value>177</value>
        <value>208</value>
        <value>214</value>
        <value>234</value>
      </values>
      <score>211.0</score>
    </agent>
    <agent>
      <ID>113</ID>
      <userName>gdx3</userName>
      <strategy>GDX</strategy>
      <values>
        <value>69</value>
        <value>82</value>
        <value>83</value>
        <value>97</value>
        <value>107</value>
        <value>158</value>
        <value>186</value>
        <value>193</value>
        <value>194</value>
        <value>201</value>
      </values>
      <score>370.6</score>
    </agent>
    <agent>
      <ID>112</ID>
      <userName>gdx2</userName>
      <strategy>GDX</strategy>
      <values>
        <value>66</value>
        <value>87</value>
        <value>94</value>
        <value>104</value>
        <value>118</value>
        <value>126</value>
        <value>130</value>
        <value>153</value>
        <value>154</value>
        <value>207</value>
      </values>
      <score>411.2</score>
    </agent>
    <agent>
      <ID>126</ID>
      <userName>gdx16</userName>
      <strategy>GDX</strategy>
      <values>
        <value>259</value>
        <value>220</value>
        <value>177</value>
        <value>177</value>
        <value>127</value>
        <value>117</value>
        <value>111</value>
        <value>107</value>
        <value>74</value>
        <value>65</value>
      </values>
      <score>185.4</score>
    </agent>
    <agent>
      <ID>125</ID>
      <userName>gdx15</userName>
      <strategy>GDX</strategy>
      <values>
        <value>250</value>
        <value>239</value>
        <value>239</value>
        <value>236</value>
        <value>229</value>
        <value>219</value>
        <value>188</value>
        <value>147</value>
        <value>77</value>
        <value>64</value>
      </values>
      <score>473.2</score>
    </agent>
    <agent>
      <ID>124</ID>
      <userName>gdx14</userName>
      <strategy>GDX</strategy>
      <values>
        <value>243</value>
        <value>202</value>
        <value>196</value>
        <value>154</value>
        <value>136</value>
        <value>113</value>
        <value>107</value>
        <value>93</value>
        <value>89</value>
        <value>82</value>
      </values>
      <score>159.2</score>
    </agent>
    <agent>
      <ID>123</ID>
      <userName>gdx13</userName>
      <strategy>GDX</strategy>
      <values>
        <value>254</value>
        <value>254</value>
        <value>239</value>
        <value>226</value>
        <value>195</value>
        <value>162</value>
        <value>149</value>
        <value>135</value>
        <value>78</value>
        <value>64</value>
      </values>
      <score>361.2</score>
    </agent>
    <agent>
      <ID>122</ID>
      <userName>gdx12</userName>
      <strategy>GDX</strategy>
      <values>
        <value>250</value>
        <value>232</value>
        <value>207</value>
        <value>204</value>
        <value>192</value>
        <value>178</value>
        <value>176</value>
        <value>151</value>
        <value>107</value>
        <value>90</value>
      </values>
      <score>312.8</score>
    </agent>
    <agent>
      <ID>121</ID>
      <userName>gdx11</userName>
      <strategy>GDX</strategy>
      <values>
        <value>260</value>
        <value>242</value>
        <value>235</value>
        <value>203</value>
        <value>170</value>
        <value>149</value>
        <value>123</value>
        <value>122</value>
        <value>103</value>
        <value>100</value>
      </values>
      <score>307.8</score>
    </agent>
    <agent>
      <ID>120</ID>
      <userName>gdx10</userName>
      <strategy>GDX</strategy>
      <values>
        <value>255</value>
        <value>237</value>
        <value>232</value>
        <value>217</value>
        <value>213</value>
        <value>195</value>
        <value>153</value>
        <value>132</value>
        <value>130</value>
        <value>69</value>
      </values>
      <score>379.2</score>
    </agent>
  </scores>
</results>

