<results>
  <transactions>
    <repetition>
      <id>1</id>
      <transaction>
        <timestamp>1333597331930</timestamp>
        <buyerID>114</buyerID>
        <sellerID>136</sellerID>
        <price>153</price>
      </transaction>
      <transaction>
        <timestamp>1333597331933</timestamp>
        <buyerID>113</buyerID>
        <sellerID>135</sellerID>
        <price>152</price>
      </transaction>
      <transaction>
        <timestamp>1333597332042</timestamp>
        <buyerID>139</buyerID>
        <sellerID>134</sellerID>
        <price>155</price>
      </transaction>
      <transaction>
        <timestamp>1333597332045</timestamp>
        <buyerID>137</buyerID>
        <sellerID>111</sellerID>
        <price>155</price>
      </transaction>
      <transaction>
        <timestamp>1333597332796</timestamp>
        <buyerID>140</buyerID>
        <sellerID>112</sellerID>
        <price>154</price>
      </transaction>
      <transaction>
        <timestamp>1333597332804</timestamp>
        <buyerID>137</buyerID>
        <sellerID>132</sellerID>
        <price>155</price>
      </transaction>
      <transaction>
        <timestamp>1333597332874</timestamp>
        <buyerID>139</buyerID>
        <sellerID>135</sellerID>
        <price>155</price>
      </transaction>
      <transaction>
        <timestamp>1333597332976</timestamp>
        <buyerID>141</buyerID>
        <sellerID>111</sellerID>
        <price>159</price>
      </transaction>
      <transaction>
        <timestamp>1333597332987</timestamp>
        <buyerID>114</buyerID>
        <sellerID>131</sellerID>
        <price>155</price>
      </transaction>
      <transaction>
        <timestamp>1333597333005</timestamp>
        <buyerID>138</buyerID>
        <sellerID>133</sellerID>
        <price>154</price>
      </transaction>
      <transaction>
        <timestamp>1333597333190</timestamp>
        <buyerID>114</buyerID>
        <sellerID>134</sellerID>
        <price>155</price>
      </transaction>
      <transaction>
        <timestamp>1333597333199</timestamp>
        <buyerID>138</buyerID>
        <sellerID>135</sellerID>
        <price>155</price>
      </transaction>
      <transaction>
        <timestamp>1333597333324</timestamp>
        <buyerID>140</buyerID>
        <sellerID>131</sellerID>
        <price>156</price>
      </transaction>
      <transaction>
        <timestamp>1333597333384</timestamp>
        <buyerID>139</buyerID>
        <sellerID>136</sellerID>
        <price>157</price>
      </transaction>
      <transaction>
        <timestamp>1333597333510</timestamp>
        <buyerID>142</buyerID>
        <sellerID>132</sellerID>
        <price>156</price>
      </transaction>
      <transaction>
        <timestamp>1333597333517</timestamp>
        <buyerID>137</buyerID>
        <sellerID>112</sellerID>
        <price>157</price>
      </transaction>
      <transaction>
        <timestamp>1333597333687</timestamp>
        <buyerID>141</buyerID>
        <sellerID>133</sellerID>
        <price>156</price>
      </transaction>
      <transaction>
        <timestamp>1333597334107</timestamp>
        <buyerID>140</buyerID>
        <sellerID>132</sellerID>
        <price>158</price>
      </transaction>
      <transaction>
        <timestamp>1333597334118</timestamp>
        <buyerID>142</buyerID>
        <sellerID>132</sellerID>
        <price>159</price>
      </transaction>
      <transaction>
        <timestamp>1333597334142</timestamp>
        <buyerID>141</buyerID>
        <sellerID>133</sellerID>
        <price>158</price>
      </transaction>
      <transaction>
        <timestamp>1333597334309</timestamp>
        <buyerID>113</buyerID>
        <sellerID>112</sellerID>
        <price>158</price>
      </transaction>
      <transaction>
        <timestamp>1333597334313</timestamp>
        <buyerID>142</buyerID>
        <sellerID>135</sellerID>
        <price>159</price>
      </transaction>
      <transaction>
        <timestamp>1333597334317</timestamp>
        <buyerID>141</buyerID>
        <sellerID>136</sellerID>
        <price>158</price>
      </transaction>
      <transaction>
        <timestamp>1333597334387</timestamp>
        <buyerID>137</buyerID>
        <sellerID>112</sellerID>
        <price>157</price>
      </transaction>
      <transaction>
        <timestamp>1333597334649</timestamp>
        <buyerID>140</buyerID>
        <sellerID>131</sellerID>
        <price>160</price>
      </transaction>
      <transaction>
        <timestamp>1333597335061</timestamp>
        <buyerID>142</buyerID>
        <sellerID>112</sellerID>
        <price>160</price>
      </transaction>
      <transaction>
        <timestamp>1333597335132</timestamp>
        <buyerID>138</buyerID>
        <sellerID>136</sellerID>
        <price>160</price>
      </transaction>
      <transaction>
        <timestamp>1333597335224</timestamp>
        <buyerID>142</buyerID>
        <sellerID>135</sellerID>
        <price>160</price>
      </transaction>
      <transaction>
        <timestamp>1333597335244</timestamp>
        <buyerID>141</buyerID>
        <sellerID>133</sellerID>
        <price>160</price>
      </transaction>
      <transaction>
        <timestamp>1333597335768</timestamp>
        <buyerID>113</buyerID>
        <sellerID>135</sellerID>
        <price>159</price>
      </transaction>
      <transaction>
        <timestamp>1333597336056</timestamp>
        <buyerID>138</buyerID>
        <sellerID>112</sellerID>
        <price>159</price>
      </transaction>
      <transaction>
        <timestamp>1333597336113</timestamp>
        <buyerID>113</buyerID>
        <sellerID>133</sellerID>
        <price>159</price>
      </transaction>
      <transaction>
        <timestamp>1333597336555</timestamp>
        <buyerID>114</buyerID>
        <sellerID>132</sellerID>
        <price>159</price>
      </transaction>
      <transaction>
        <timestamp>1333597336645</timestamp>
        <buyerID>138</buyerID>
        <sellerID>111</sellerID>
        <price>159</price>
      </transaction>
      <transaction>
        <timestamp>1333597336744</timestamp>
        <buyerID>113</buyerID>
        <sellerID>136</sellerID>
        <price>158</price>
      </transaction>
      <transaction>
        <timestamp>1333597337335</timestamp>
        <buyerID>138</buyerID>
        <sellerID>136</sellerID>
        <price>158</price>
      </transaction>
      <transaction>
        <timestamp>1333597337565</timestamp>
        <buyerID>113</buyerID>
        <sellerID>112</sellerID>
        <price>158</price>
      </transaction>
    </repetition>
    <repetition>
      <id>2</id>
      <transaction>
        <timestamp>1333597458297</timestamp>
        <buyerID>141</buyerID>
        <sellerID>111</sellerID>
        <price>151</price>
      </transaction>
      <transaction>
        <timestamp>1333597458415</timestamp>
        <buyerID>113</buyerID>
        <sellerID>134</sellerID>
        <price>155</price>
      </transaction>
      <transaction>
        <timestamp>1333597458546</timestamp>
        <buyerID>139</buyerID>
        <sellerID>112</sellerID>
        <price>155</price>
      </transaction>
      <transaction>
        <timestamp>1333597458554</timestamp>
        <buyerID>140</buyerID>
        <sellerID>131</sellerID>
        <price>156</price>
      </transaction>
      <transaction>
        <timestamp>1333597458568</timestamp>
        <buyerID>138</buyerID>
        <sellerID>132</sellerID>
        <price>155</price>
      </transaction>
      <transaction>
        <timestamp>1333597458763</timestamp>
        <buyerID>114</buyerID>
        <sellerID>136</sellerID>
        <price>155</price>
      </transaction>
      <transaction>
        <timestamp>1333597458789</timestamp>
        <buyerID>139</buyerID>
        <sellerID>132</sellerID>
        <price>155</price>
      </transaction>
      <transaction>
        <timestamp>1333597458793</timestamp>
        <buyerID>138</buyerID>
        <sellerID>133</sellerID>
        <price>156</price>
      </transaction>
      <transaction>
        <timestamp>1333597458983</timestamp>
        <buyerID>137</buyerID>
        <sellerID>135</sellerID>
        <price>156</price>
      </transaction>
      <transaction>
        <timestamp>1333597458996</timestamp>
        <buyerID>113</buyerID>
        <sellerID>134</sellerID>
        <price>155</price>
      </transaction>
      <transaction>
        <timestamp>1333597459202</timestamp>
        <buyerID>140</buyerID>
        <sellerID>135</sellerID>
        <price>155</price>
      </transaction>
      <transaction>
        <timestamp>1333597459221</timestamp>
        <buyerID>141</buyerID>
        <sellerID>133</sellerID>
        <price>155</price>
      </transaction>
      <transaction>
        <timestamp>1333597459325</timestamp>
        <buyerID>114</buyerID>
        <sellerID>111</sellerID>
        <price>155</price>
      </transaction>
      <transaction>
        <timestamp>1333597459530</timestamp>
        <buyerID>142</buyerID>
        <sellerID>136</sellerID>
        <price>154</price>
      </transaction>
      <transaction>
        <timestamp>1333597459636</timestamp>
        <buyerID>141</buyerID>
        <sellerID>131</sellerID>
        <price>155</price>
      </transaction>
      <transaction>
        <timestamp>1333597459648</timestamp>
        <buyerID>138</buyerID>
        <sellerID>132</sellerID>
        <price>155</price>
      </transaction>
      <transaction>
        <timestamp>1333597459724</timestamp>
        <buyerID>142</buyerID>
        <sellerID>133</sellerID>
        <price>155</price>
      </transaction>
      <transaction>
        <timestamp>1333597459811</timestamp>
        <buyerID>113</buyerID>
        <sellerID>131</sellerID>
        <price>154</price>
      </transaction>
      <transaction>
        <timestamp>1333597459892</timestamp>
        <buyerID>114</buyerID>
        <sellerID>135</sellerID>
        <price>155</price>
      </transaction>
      <transaction>
        <timestamp>1333597460252</timestamp>
        <buyerID>137</buyerID>
        <sellerID>136</sellerID>
        <price>155</price>
      </transaction>
      <transaction>
        <timestamp>1333597460292</timestamp>
        <buyerID>139</buyerID>
        <sellerID>112</sellerID>
        <price>156</price>
      </transaction>
      <transaction>
        <timestamp>1333597460379</timestamp>
        <buyerID>138</buyerID>
        <sellerID>135</sellerID>
        <price>156</price>
      </transaction>
      <transaction>
        <timestamp>1333597460493</timestamp>
        <buyerID>142</buyerID>
        <sellerID>112</sellerID>
        <price>156</price>
      </transaction>
      <transaction>
        <timestamp>1333597461018</timestamp>
        <buyerID>141</buyerID>
        <sellerID>135</sellerID>
        <price>156</price>
      </transaction>
      <transaction>
        <timestamp>1333597461088</timestamp>
        <buyerID>114</buyerID>
        <sellerID>133</sellerID>
        <price>156</price>
      </transaction>
      <transaction>
        <timestamp>1333597461102</timestamp>
        <buyerID>142</buyerID>
        <sellerID>136</sellerID>
        <price>156</price>
      </transaction>
      <transaction>
        <timestamp>1333597461288</timestamp>
        <buyerID>140</buyerID>
        <sellerID>132</sellerID>
        <price>156</price>
      </transaction>
      <transaction>
        <timestamp>1333597461366</timestamp>
        <buyerID>137</buyerID>
        <sellerID>112</sellerID>
        <price>157</price>
      </transaction>
      <transaction>
        <timestamp>1333597461891</timestamp>
        <buyerID>141</buyerID>
        <sellerID>112</sellerID>
        <price>157</price>
      </transaction>
      <transaction>
        <timestamp>1333597461960</timestamp>
        <buyerID>142</buyerID>
        <sellerID>133</sellerID>
        <price>157</price>
      </transaction>
      <transaction>
        <timestamp>1333597462004</timestamp>
        <buyerID>138</buyerID>
        <sellerID>135</sellerID>
        <price>158</price>
      </transaction>
      <transaction>
        <timestamp>1333597462017</timestamp>
        <buyerID>140</buyerID>
        <sellerID>136</sellerID>
        <price>158</price>
      </transaction>
      <transaction>
        <timestamp>1333597462710</timestamp>
        <buyerID>137</buyerID>
        <sellerID>132</sellerID>
        <price>157</price>
      </transaction>
      <transaction>
        <timestamp>1333597462753</timestamp>
        <buyerID>113</buyerID>
        <sellerID>112</sellerID>
        <price>157</price>
      </transaction>
      <transaction>
        <timestamp>1333597464002</timestamp>
        <buyerID>138</buyerID>
        <sellerID>136</sellerID>
        <price>156</price>
      </transaction>
      <transaction>
        <timestamp>1333597464087</timestamp>
        <buyerID>113</buyerID>
        <sellerID>112</sellerID>
        <price>156</price>
      </transaction>
      <transaction>
        <timestamp>1333597465737</timestamp>
        <buyerID>113</buyerID>
        <sellerID>112</sellerID>
        <price>156</price>
      </transaction>
    </repetition>
    <repetition>
      <id>3</id>
      <transaction>
        <timestamp>1333597585892</timestamp>
        <buyerID>113</buyerID>
        <sellerID>112</sellerID>
        <price>159</price>
      </transaction>
      <transaction>
        <timestamp>1333597585897</timestamp>
        <buyerID>138</buyerID>
        <sellerID>131</sellerID>
        <price>156</price>
      </transaction>
      <transaction>
        <timestamp>1333597586022</timestamp>
        <buyerID>140</buyerID>
        <sellerID>111</sellerID>
        <price>154</price>
      </transaction>
      <transaction>
        <timestamp>1333597586029</timestamp>
        <buyerID>139</buyerID>
        <sellerID>132</sellerID>
        <price>155</price>
      </transaction>
      <transaction>
        <timestamp>1333597586048</timestamp>
        <buyerID>137</buyerID>
        <sellerID>134</sellerID>
        <price>155</price>
      </transaction>
      <transaction>
        <timestamp>1333597586182</timestamp>
        <buyerID>142</buyerID>
        <sellerID>136</sellerID>
        <price>155</price>
      </transaction>
      <transaction>
        <timestamp>1333597586192</timestamp>
        <buyerID>141</buyerID>
        <sellerID>135</sellerID>
        <price>155</price>
      </transaction>
      <transaction>
        <timestamp>1333597586261</timestamp>
        <buyerID>114</buyerID>
        <sellerID>134</sellerID>
        <price>154</price>
      </transaction>
      <transaction>
        <timestamp>1333597586337</timestamp>
        <buyerID>138</buyerID>
        <sellerID>136</sellerID>
        <price>154</price>
      </transaction>
      <transaction>
        <timestamp>1333597586353</timestamp>
        <buyerID>140</buyerID>
        <sellerID>131</sellerID>
        <price>154</price>
      </transaction>
      <transaction>
        <timestamp>1333597586357</timestamp>
        <buyerID>137</buyerID>
        <sellerID>133</sellerID>
        <price>155</price>
      </transaction>
      <transaction>
        <timestamp>1333597586566</timestamp>
        <buyerID>113</buyerID>
        <sellerID>111</sellerID>
        <price>156</price>
      </transaction>
      <transaction>
        <timestamp>1333597586798</timestamp>
        <buyerID>142</buyerID>
        <sellerID>133</sellerID>
        <price>155</price>
      </transaction>
      <transaction>
        <timestamp>1333597587023</timestamp>
        <buyerID>138</buyerID>
        <sellerID>132</sellerID>
        <price>154</price>
      </transaction>
      <transaction>
        <timestamp>1333597587142</timestamp>
        <buyerID>140</buyerID>
        <sellerID>136</sellerID>
        <price>156</price>
      </transaction>
      <transaction>
        <timestamp>1333597587262</timestamp>
        <buyerID>139</buyerID>
        <sellerID>112</sellerID>
        <price>156</price>
      </transaction>
      <transaction>
        <timestamp>1333597587273</timestamp>
        <buyerID>142</buyerID>
        <sellerID>132</sellerID>
        <price>157</price>
      </transaction>
      <transaction>
        <timestamp>1333597587963</timestamp>
        <buyerID>141</buyerID>
        <sellerID>132</sellerID>
        <price>158</price>
      </transaction>
      <transaction>
        <timestamp>1333597588191</timestamp>
        <buyerID>138</buyerID>
        <sellerID>111</sellerID>
        <price>159</price>
      </transaction>
      <transaction>
        <timestamp>1333597588304</timestamp>
        <buyerID>139</buyerID>
        <sellerID>112</sellerID>
        <price>160</price>
      </transaction>
      <transaction>
        <timestamp>1333597588565</timestamp>
        <buyerID>137</buyerID>
        <sellerID>112</sellerID>
        <price>159</price>
      </transaction>
      <transaction>
        <timestamp>1333597588638</timestamp>
        <buyerID>140</buyerID>
        <sellerID>132</sellerID>
        <price>159</price>
      </transaction>
      <transaction>
        <timestamp>1333597588793</timestamp>
        <buyerID>114</buyerID>
        <sellerID>133</sellerID>
        <price>159</price>
      </transaction>
      <transaction>
        <timestamp>1333597588801</timestamp>
        <buyerID>142</buyerID>
        <sellerID>135</sellerID>
        <price>160</price>
      </transaction>
      <transaction>
        <timestamp>1333597588832</timestamp>
        <buyerID>141</buyerID>
        <sellerID>131</sellerID>
        <price>160</price>
      </transaction>
      <transaction>
        <timestamp>1333597589304</timestamp>
        <buyerID>138</buyerID>
        <sellerID>112</sellerID>
        <price>159</price>
      </transaction>
      <transaction>
        <timestamp>1333597589476</timestamp>
        <buyerID>138</buyerID>
        <sellerID>132</sellerID>
        <price>161</price>
      </transaction>
      <transaction>
        <timestamp>1333597590013</timestamp>
        <buyerID>142</buyerID>
        <sellerID>133</sellerID>
        <price>160</price>
      </transaction>
      <transaction>
        <timestamp>1333597590254</timestamp>
        <buyerID>141</buyerID>
        <sellerID>136</sellerID>
        <price>159</price>
      </transaction>
      <transaction>
        <timestamp>1333597590259</timestamp>
        <buyerID>141</buyerID>
        <sellerID>135</sellerID>
        <price>160</price>
      </transaction>
      <transaction>
        <timestamp>1333597590398</timestamp>
        <buyerID>114</buyerID>
        <sellerID>112</sellerID>
        <price>158</price>
      </transaction>
      <transaction>
        <timestamp>1333597590950</timestamp>
        <buyerID>137</buyerID>
        <sellerID>135</sellerID>
        <price>157</price>
      </transaction>
      <transaction>
        <timestamp>1333597591617</timestamp>
        <buyerID>113</buyerID>
        <sellerID>133</sellerID>
        <price>158</price>
      </transaction>
      <transaction>
        <timestamp>1333597591699</timestamp>
        <buyerID>114</buyerID>
        <sellerID>136</sellerID>
        <price>156</price>
      </transaction>
      <transaction>
        <timestamp>1333597592528</timestamp>
        <buyerID>113</buyerID>
        <sellerID>135</sellerID>
        <price>156</price>
      </transaction>
      <transaction>
        <timestamp>1333597593177</timestamp>
        <buyerID>113</buyerID>
        <sellerID>112</sellerID>
        <price>156</price>
      </transaction>
      <transaction>
        <timestamp>1333597593976</timestamp>
        <buyerID>113</buyerID>
        <sellerID>136</sellerID>
        <price>156</price>
      </transaction>
      <transaction>
        <timestamp>1333597706430</timestamp>
        <buyerID>141</buyerID>
        <sellerID>112</sellerID>
        <price>155</price>
      </transaction>
    </repetition>
    <repetition>
      <id>4</id>
      <transaction>
        <timestamp>1333597713473</timestamp>
        <buyerID>114</buyerID>
        <sellerID>112</sellerID>
        <price>162</price>
      </transaction>
      <transaction>
        <timestamp>1333597713756</timestamp>
        <buyerID>137</buyerID>
        <sellerID>111</sellerID>
        <price>161</price>
      </transaction>
      <transaction>
        <timestamp>1333597713799</timestamp>
        <buyerID>113</buyerID>
        <sellerID>136</sellerID>
        <price>154</price>
      </transaction>
      <transaction>
        <timestamp>1333597714525</timestamp>
        <buyerID>139</buyerID>
        <sellerID>134</sellerID>
        <price>160</price>
      </transaction>
      <transaction>
        <timestamp>1333597714823</timestamp>
        <buyerID>141</buyerID>
        <sellerID>112</sellerID>
        <price>161</price>
      </transaction>
      <transaction>
        <timestamp>1333597714896</timestamp>
        <buyerID>142</buyerID>
        <sellerID>135</sellerID>
        <price>161</price>
      </transaction>
      <transaction>
        <timestamp>1333597714983</timestamp>
        <buyerID>113</buyerID>
        <sellerID>136</sellerID>
        <price>158</price>
      </transaction>
      <transaction>
        <timestamp>1333597715007</timestamp>
        <buyerID>138</buyerID>
        <sellerID>132</sellerID>
        <price>159</price>
      </transaction>
      <transaction>
        <timestamp>1333597715108</timestamp>
        <buyerID>137</buyerID>
        <sellerID>131</sellerID>
        <price>160</price>
      </transaction>
      <transaction>
        <timestamp>1333597715128</timestamp>
        <buyerID>140</buyerID>
        <sellerID>134</sellerID>
        <price>159</price>
      </transaction>
      <transaction>
        <timestamp>1333597715262</timestamp>
        <buyerID>138</buyerID>
        <sellerID>131</sellerID>
        <price>159</price>
      </transaction>
      <transaction>
        <timestamp>1333597715270</timestamp>
        <buyerID>114</buyerID>
        <sellerID>136</sellerID>
        <price>157</price>
      </transaction>
      <transaction>
        <timestamp>1333597715458</timestamp>
        <buyerID>139</buyerID>
        <sellerID>132</sellerID>
        <price>158</price>
      </transaction>
      <transaction>
        <timestamp>1333597715469</timestamp>
        <buyerID>141</buyerID>
        <sellerID>135</sellerID>
        <price>158</price>
      </transaction>
      <transaction>
        <timestamp>1333597715568</timestamp>
        <buyerID>142</buyerID>
        <sellerID>133</sellerID>
        <price>158</price>
      </transaction>
      <transaction>
        <timestamp>1333597716084</timestamp>
        <buyerID>114</buyerID>
        <sellerID>136</sellerID>
        <price>158</price>
      </transaction>
      <transaction>
        <timestamp>1333597716107</timestamp>
        <buyerID>141</buyerID>
        <sellerID>135</sellerID>
        <price>157</price>
      </transaction>
      <transaction>
        <timestamp>1333597716127</timestamp>
        <buyerID>140</buyerID>
        <sellerID>131</sellerID>
        <price>157</price>
      </transaction>
      <transaction>
        <timestamp>1333597716350</timestamp>
        <buyerID>139</buyerID>
        <sellerID>133</sellerID>
        <price>158</price>
      </transaction>
      <transaction>
        <timestamp>1333597716360</timestamp>
        <buyerID>138</buyerID>
        <sellerID>132</sellerID>
        <price>158</price>
      </transaction>
      <transaction>
        <timestamp>1333597716385</timestamp>
        <buyerID>137</buyerID>
        <sellerID>112</sellerID>
        <price>159</price>
      </transaction>
      <transaction>
        <timestamp>1333597716981</timestamp>
        <buyerID>142</buyerID>
        <sellerID>135</sellerID>
        <price>158</price>
      </transaction>
      <transaction>
        <timestamp>1333597716986</timestamp>
        <buyerID>114</buyerID>
        <sellerID>133</sellerID>
        <price>158</price>
      </transaction>
      <transaction>
        <timestamp>1333597717068</timestamp>
        <buyerID>113</buyerID>
        <sellerID>136</sellerID>
        <price>157</price>
      </transaction>
      <transaction>
        <timestamp>1333597717128</timestamp>
        <buyerID>141</buyerID>
        <sellerID>111</sellerID>
        <price>158</price>
      </transaction>
      <transaction>
        <timestamp>1333597717137</timestamp>
        <buyerID>142</buyerID>
        <sellerID>132</sellerID>
        <price>158</price>
      </transaction>
      <transaction>
        <timestamp>1333597717514</timestamp>
        <buyerID>140</buyerID>
        <sellerID>136</sellerID>
        <price>158</price>
      </transaction>
      <transaction>
        <timestamp>1333597717531</timestamp>
        <buyerID>140</buyerID>
        <sellerID>133</sellerID>
        <price>159</price>
      </transaction>
      <transaction>
        <timestamp>1333597717646</timestamp>
        <buyerID>142</buyerID>
        <sellerID>132</sellerID>
        <price>160</price>
      </transaction>
      <transaction>
        <timestamp>1333597717770</timestamp>
        <buyerID>141</buyerID>
        <sellerID>135</sellerID>
        <price>159</price>
      </transaction>
      <transaction>
        <timestamp>1333597717844</timestamp>
        <buyerID>113</buyerID>
        <sellerID>112</sellerID>
        <price>159</price>
      </transaction>
      <transaction>
        <timestamp>1333597717855</timestamp>
        <buyerID>138</buyerID>
        <sellerID>111</sellerID>
        <price>160</price>
      </transaction>
      <transaction>
        <timestamp>1333597718501</timestamp>
        <buyerID>138</buyerID>
        <sellerID>112</sellerID>
        <price>159</price>
      </transaction>
      <transaction>
        <timestamp>1333597718505</timestamp>
        <buyerID>113</buyerID>
        <sellerID>133</sellerID>
        <price>158</price>
      </transaction>
      <transaction>
        <timestamp>1333597719193</timestamp>
        <buyerID>138</buyerID>
        <sellerID>135</sellerID>
        <price>158</price>
      </transaction>
      <transaction>
        <timestamp>1333597720689</timestamp>
        <buyerID>113</buyerID>
        <sellerID>112</sellerID>
        <price>158</price>
      </transaction>
      <transaction>
        <timestamp>1333597833165</timestamp>
        <buyerID>137</buyerID>
        <sellerID>112</sellerID>
        <price>157</price>
      </transaction>
    </repetition>
    <repetition>
      <id>5</id>
      <transaction>
        <timestamp>1333597840805</timestamp>
        <buyerID>114</buyerID>
        <sellerID>132</sellerID>
        <price>163</price>
      </transaction>
      <transaction>
        <timestamp>1333597840817</timestamp>
        <buyerID>138</buyerID>
        <sellerID>136</sellerID>
        <price>155</price>
      </transaction>
      <transaction>
        <timestamp>1333597840834</timestamp>
        <buyerID>142</buyerID>
        <sellerID>133</sellerID>
        <price>157</price>
      </transaction>
      <transaction>
        <timestamp>1333597841641</timestamp>
        <buyerID>137</buyerID>
        <sellerID>135</sellerID>
        <price>157</price>
      </transaction>
      <transaction>
        <timestamp>1333597841658</timestamp>
        <buyerID>139</buyerID>
        <sellerID>131</sellerID>
        <price>157</price>
      </transaction>
      <transaction>
        <timestamp>1333597841669</timestamp>
        <buyerID>141</buyerID>
        <sellerID>134</sellerID>
        <price>157</price>
      </transaction>
      <transaction>
        <timestamp>1333597841702</timestamp>
        <buyerID>139</buyerID>
        <sellerID>135</sellerID>
        <price>158</price>
      </transaction>
      <transaction>
        <timestamp>1333597842050</timestamp>
        <buyerID>142</buyerID>
        <sellerID>111</sellerID>
        <price>159</price>
      </transaction>
      <transaction>
        <timestamp>1333597842056</timestamp>
        <buyerID>138</buyerID>
        <sellerID>133</sellerID>
        <price>158</price>
      </transaction>
      <transaction>
        <timestamp>1333597842166</timestamp>
        <buyerID>114</buyerID>
        <sellerID>136</sellerID>
        <price>158</price>
      </transaction>
      <transaction>
        <timestamp>1333597842267</timestamp>
        <buyerID>113</buyerID>
        <sellerID>132</sellerID>
        <price>158</price>
      </transaction>
      <transaction>
        <timestamp>1333597842359</timestamp>
        <buyerID>114</buyerID>
        <sellerID>131</sellerID>
        <price>158</price>
      </transaction>
      <transaction>
        <timestamp>1333597842427</timestamp>
        <buyerID>139</buyerID>
        <sellerID>133</sellerID>
        <price>159</price>
      </transaction>
      <transaction>
        <timestamp>1333597842432</timestamp>
        <buyerID>138</buyerID>
        <sellerID>135</sellerID>
        <price>158</price>
      </transaction>
      <transaction>
        <timestamp>1333597842440</timestamp>
        <buyerID>140</buyerID>
        <sellerID>111</sellerID>
        <price>159</price>
      </transaction>
      <transaction>
        <timestamp>1333597842576</timestamp>
        <buyerID>141</buyerID>
        <sellerID>112</sellerID>
        <price>159</price>
      </transaction>
      <transaction>
        <timestamp>1333597842603</timestamp>
        <buyerID>137</buyerID>
        <sellerID>136</sellerID>
        <price>159</price>
      </transaction>
      <transaction>
        <timestamp>1333597842850</timestamp>
        <buyerID>142</buyerID>
        <sellerID>112</sellerID>
        <price>158</price>
      </transaction>
      <transaction>
        <timestamp>1333597842862</timestamp>
        <buyerID>140</buyerID>
        <sellerID>132</sellerID>
        <price>159</price>
      </transaction>
      <transaction>
        <timestamp>1333597842965</timestamp>
        <buyerID>113</buyerID>
        <sellerID>136</sellerID>
        <price>158</price>
      </transaction>
      <transaction>
        <timestamp>1333597843023</timestamp>
        <buyerID>142</buyerID>
        <sellerID>132</sellerID>
        <price>158</price>
      </transaction>
      <transaction>
        <timestamp>1333597843029</timestamp>
        <buyerID>137</buyerID>
        <sellerID>134</sellerID>
        <price>158</price>
      </transaction>
      <transaction>
        <timestamp>1333597843057</timestamp>
        <buyerID>138</buyerID>
        <sellerID>131</sellerID>
        <price>158</price>
      </transaction>
      <transaction>
        <timestamp>1333597843129</timestamp>
        <buyerID>114</buyerID>
        <sellerID>135</sellerID>
        <price>158</price>
      </transaction>
      <transaction>
        <timestamp>1333597843546</timestamp>
        <buyerID>142</buyerID>
        <sellerID>136</sellerID>
        <price>158</price>
      </transaction>
      <transaction>
        <timestamp>1333597843780</timestamp>
        <buyerID>141</buyerID>
        <sellerID>112</sellerID>
        <price>158</price>
      </transaction>
      <transaction>
        <timestamp>1333597843811</timestamp>
        <buyerID>113</buyerID>
        <sellerID>135</sellerID>
        <price>157</price>
      </transaction>
      <transaction>
        <timestamp>1333597843816</timestamp>
        <buyerID>137</buyerID>
        <sellerID>133</sellerID>
        <price>157</price>
      </transaction>
      <transaction>
        <timestamp>1333597844391</timestamp>
        <buyerID>113</buyerID>
        <sellerID>133</sellerID>
        <price>157</price>
      </transaction>
      <transaction>
        <timestamp>1333597844514</timestamp>
        <buyerID>140</buyerID>
        <sellerID>112</sellerID>
        <price>157</price>
      </transaction>
      <transaction>
        <timestamp>1333597845217</timestamp>
        <buyerID>141</buyerID>
        <sellerID>132</sellerID>
        <price>155</price>
      </transaction>
      <transaction>
        <timestamp>1333597845753</timestamp>
        <buyerID>138</buyerID>
        <sellerID>136</sellerID>
        <price>156</price>
      </transaction>
      <transaction>
        <timestamp>1333597845833</timestamp>
        <buyerID>141</buyerID>
        <sellerID>112</sellerID>
        <price>156</price>
      </transaction>
      <transaction>
        <timestamp>1333597846642</timestamp>
        <buyerID>138</buyerID>
        <sellerID>135</sellerID>
        <price>158</price>
      </transaction>
      <transaction>
        <timestamp>1333597846770</timestamp>
        <buyerID>140</buyerID>
        <sellerID>112</sellerID>
        <price>158</price>
      </transaction>
      <transaction>
        <timestamp>1333597960588</timestamp>
        <buyerID>113</buyerID>
        <sellerID>112</sellerID>
        <price>157</price>
      </transaction>
      <transaction>
        <timestamp>1333597961259</timestamp>
        <buyerID>113</buyerID>
        <sellerID>112</sellerID>
        <price>157</price>
      </transaction>
    </repetition>
  </transactions>
  <scores>
    <agent>
      <ID>137</ID>
      <userName>rb7</userName>
      <strategy>RB</strategy>
      <values>
        <value>259</value>
        <value>211</value>
        <value>211</value>
        <value>157</value>
        <value>141</value>
        <value>129</value>
        <value>107</value>
        <value>106</value>
        <value>76</value>
        <value>64</value>
      </values>
      <score>209.4</score>
    </agent>
    <agent>
      <ID>136</ID>
      <userName>rb6</userName>
      <strategy>RB</strategy>
      <values>
        <value>65</value>
        <value>109</value>
        <value>110</value>
        <value>117</value>
        <value>141</value>
        <value>156</value>
        <value>166</value>
        <value>169</value>
        <value>200</value>
        <value>229</value>
      </values>
      <score>242.0</score>
    </agent>
    <agent>
      <ID>139</ID>
      <userName>rb9</userName>
      <strategy>RB</strategy>
      <values>
        <value>239</value>
        <value>181</value>
        <value>180</value>
        <value>146</value>
        <value>133</value>
        <value>126</value>
        <value>121</value>
        <value>100</value>
        <value>86</value>
        <value>78</value>
      </values>
      <score>129.2</score>
    </agent>
    <agent>
      <ID>138</ID>
      <userName>rb8</userName>
      <strategy>RB</strategy>
      <values>
        <value>257</value>
        <value>252</value>
        <value>239</value>
        <value>228</value>
        <value>192</value>
        <value>188</value>
        <value>154</value>
        <value>152</value>
        <value>149</value>
        <value>116</value>
      </values>
      <score>412.0</score>
    </agent>
    <agent>
      <ID>141</ID>
      <userName>rb11</userName>
      <strategy>RB</strategy>
      <values>
        <value>254</value>
        <value>247</value>
        <value>217</value>
        <value>217</value>
        <value>202</value>
        <value>155</value>
        <value>151</value>
        <value>137</value>
        <value>73</value>
        <value>72</value>
      </values>
      <score>350.0</score>
    </agent>
    <agent>
      <ID>140</ID>
      <userName>rb10</userName>
      <strategy>RB</strategy>
      <values>
        <value>231</value>
        <value>231</value>
        <value>178</value>
        <value>165</value>
        <value>138</value>
        <value>125</value>
        <value>121</value>
        <value>93</value>
        <value>86</value>
        <value>83</value>
      </values>
      <score>176.6</score>
    </agent>
    <agent>
      <ID>142</ID>
      <userName>rb12</userName>
      <strategy>RB</strategy>
      <values>
        <value>235</value>
        <value>223</value>
        <value>202</value>
        <value>189</value>
        <value>161</value>
        <value>132</value>
        <value>123</value>
        <value>121</value>
        <value>80</value>
        <value>78</value>
      </values>
      <score>221.2</score>
    </agent>
    <agent>
      <ID>111</ID>
      <userName>gdx1</userName>
      <strategy>GDX</strategy>
      <values>
        <value>82</value>
        <value>153</value>
        <value>157</value>
        <value>202</value>
        <value>207</value>
        <value>218</value>
        <value>225</value>
        <value>226</value>
        <value>227</value>
        <value>257</value>
      </values>
      <score>79.8</score>
    </agent>
    <agent>
      <ID>131</ID>
      <userName>rb1</userName>
      <strategy>RB</strategy>
      <values>
        <value>77</value>
        <value>84</value>
        <value>126</value>
        <value>161</value>
        <value>167</value>
        <value>174</value>
        <value>180</value>
        <value>194</value>
        <value>233</value>
        <value>245</value>
      </values>
      <score>184.0</score>
    </agent>
    <agent>
      <ID>133</ID>
      <userName>rb3</userName>
      <strategy>RB</strategy>
      <values>
        <value>80</value>
        <value>101</value>
        <value>103</value>
        <value>126</value>
        <value>133</value>
        <value>165</value>
        <value>190</value>
        <value>193</value>
        <value>254</value>
        <value>256</value>
      </values>
      <score>243.4</score>
    </agent>
    <agent>
      <ID>132</ID>
      <userName>rb2</userName>
      <strategy>RB</strategy>
      <values>
        <value>86</value>
        <value>92</value>
        <value>113</value>
        <value>128</value>
        <value>132</value>
        <value>161</value>
        <value>165</value>
        <value>168</value>
        <value>181</value>
        <value>217</value>
      </values>
      <score>235.8</score>
    </agent>
    <agent>
      <ID>135</ID>
      <userName>rb5</userName>
      <strategy>RB</strategy>
      <values>
        <value>107</value>
        <value>116</value>
        <value>120</value>
        <value>125</value>
        <value>131</value>
        <value>158</value>
        <value>169</value>
        <value>187</value>
        <value>193</value>
        <value>220</value>
      </values>
      <score>186.8</score>
    </agent>
    <agent>
      <ID>134</ID>
      <userName>rb4</userName>
      <strategy>RB</strategy>
      <values>
        <value>89</value>
        <value>112</value>
        <value>180</value>
        <value>186</value>
        <value>194</value>
        <value>195</value>
        <value>198</value>
        <value>227</value>
        <value>233</value>
        <value>257</value>
      </values>
      <score>111.6</score>
    </agent>
    <agent>
      <ID>114</ID>
      <userName>gdx4</userName>
      <strategy>GDX</strategy>
      <values>
        <value>254</value>
        <value>246</value>
        <value>220</value>
        <value>203</value>
        <value>155</value>
        <value>149</value>
        <value>148</value>
        <value>120</value>
        <value>112</value>
        <value>79</value>
      </values>
      <score>294.6</score>
    </agent>
    <agent>
      <ID>113</ID>
      <userName>gdx3</userName>
      <strategy>GDX</strategy>
      <values>
        <value>216</value>
        <value>208</value>
        <value>194</value>
        <value>178</value>
        <value>174</value>
        <value>162</value>
        <value>156</value>
        <value>142</value>
        <value>85</value>
        <value>63</value>
      </values>
      <score>190.8</score>
    </agent>
    <agent>
      <ID>112</ID>
      <userName>gdx2</userName>
      <strategy>GDX</strategy>
      <values>
        <value>68</value>
        <value>72</value>
        <value>83</value>
        <value>99</value>
        <value>114</value>
        <value>123</value>
        <value>136</value>
        <value>143</value>
        <value>152</value>
        <value>218</value>
      </values>
      <score>417.2</score>
    </agent>
  </scores>
</results>

