<results>
  <transactions>
    <repetition>
      <id>1</id>
      <transaction>
        <timestamp>1333595699858</timestamp>
        <buyerID>116</buyerID>
        <sellerID>91</sellerID>
        <price>152</price>
      </transaction>
      <transaction>
        <timestamp>1333595700196</timestamp>
        <buyerID>115</buyerID>
        <sellerID>94</sellerID>
        <price>152</price>
      </transaction>
      <transaction>
        <timestamp>1333595700202</timestamp>
        <buyerID>96</buyerID>
        <sellerID>93</sellerID>
        <price>152</price>
      </transaction>
      <transaction>
        <timestamp>1333595700333</timestamp>
        <buyerID>118</buyerID>
        <sellerID>92</sellerID>
        <price>152</price>
      </transaction>
      <transaction>
        <timestamp>1333595700445</timestamp>
        <buyerID>117</buyerID>
        <sellerID>111</sellerID>
        <price>153</price>
      </transaction>
      <transaction>
        <timestamp>1333595700554</timestamp>
        <buyerID>95</buyerID>
        <sellerID>91</sellerID>
        <price>153</price>
      </transaction>
      <transaction>
        <timestamp>1333595700575</timestamp>
        <buyerID>97</buyerID>
        <sellerID>114</sellerID>
        <price>154</price>
      </transaction>
      <transaction>
        <timestamp>1333595700695</timestamp>
        <buyerID>118</buyerID>
        <sellerID>92</sellerID>
        <price>154</price>
      </transaction>
      <transaction>
        <timestamp>1333595700817</timestamp>
        <buyerID>115</buyerID>
        <sellerID>94</sellerID>
        <price>155</price>
      </transaction>
      <transaction>
        <timestamp>1333595700916</timestamp>
        <buyerID>98</buyerID>
        <sellerID>111</sellerID>
        <price>155</price>
      </transaction>
      <transaction>
        <timestamp>1333595701131</timestamp>
        <buyerID>96</buyerID>
        <sellerID>112</sellerID>
        <price>154</price>
      </transaction>
      <transaction>
        <timestamp>1333595701457</timestamp>
        <buyerID>98</buyerID>
        <sellerID>113</sellerID>
        <price>155</price>
      </transaction>
      <transaction>
        <timestamp>1333595701553</timestamp>
        <buyerID>116</buyerID>
        <sellerID>94</sellerID>
        <price>154</price>
      </transaction>
      <transaction>
        <timestamp>1333595701572</timestamp>
        <buyerID>96</buyerID>
        <sellerID>93</sellerID>
        <price>154</price>
      </transaction>
      <transaction>
        <timestamp>1333595701669</timestamp>
        <buyerID>118</buyerID>
        <sellerID>92</sellerID>
        <price>154</price>
      </transaction>
      <transaction>
        <timestamp>1333595701775</timestamp>
        <buyerID>117</buyerID>
        <sellerID>111</sellerID>
        <price>155</price>
      </transaction>
      <transaction>
        <timestamp>1333595701878</timestamp>
        <buyerID>95</buyerID>
        <sellerID>114</sellerID>
        <price>155</price>
      </transaction>
      <transaction>
        <timestamp>1333595702064</timestamp>
        <buyerID>96</buyerID>
        <sellerID>93</sellerID>
        <price>158</price>
      </transaction>
      <transaction>
        <timestamp>1333595702157</timestamp>
        <buyerID>115</buyerID>
        <sellerID>94</sellerID>
        <price>158</price>
      </transaction>
      <transaction>
        <timestamp>1333595702319</timestamp>
        <buyerID>98</buyerID>
        <sellerID>111</sellerID>
        <price>158</price>
      </transaction>
      <transaction>
        <timestamp>1333595702425</timestamp>
        <buyerID>118</buyerID>
        <sellerID>113</sellerID>
        <price>157</price>
      </transaction>
      <transaction>
        <timestamp>1333595702558</timestamp>
        <buyerID>97</buyerID>
        <sellerID>93</sellerID>
        <price>156</price>
      </transaction>
      <transaction>
        <timestamp>1333595702633</timestamp>
        <buyerID>96</buyerID>
        <sellerID>92</sellerID>
        <price>156</price>
      </transaction>
      <transaction>
        <timestamp>1333595702708</timestamp>
        <buyerID>95</buyerID>
        <sellerID>91</sellerID>
        <price>157</price>
      </transaction>
      <transaction>
        <timestamp>1333595702791</timestamp>
        <buyerID>95</buyerID>
        <sellerID>94</sellerID>
        <price>157</price>
      </transaction>
      <transaction>
        <timestamp>1333595702860</timestamp>
        <buyerID>117</buyerID>
        <sellerID>114</sellerID>
        <price>157</price>
      </transaction>
      <transaction>
        <timestamp>1333595703054</timestamp>
        <buyerID>118</buyerID>
        <sellerID>92</sellerID>
        <price>157</price>
      </transaction>
      <transaction>
        <timestamp>1333595703075</timestamp>
        <buyerID>96</buyerID>
        <sellerID>93</sellerID>
        <price>158</price>
      </transaction>
      <transaction>
        <timestamp>1333595703579</timestamp>
        <buyerID>116</buyerID>
        <sellerID>92</sellerID>
        <price>160</price>
      </transaction>
      <transaction>
        <timestamp>1333595703763</timestamp>
        <buyerID>98</buyerID>
        <sellerID>114</sellerID>
        <price>160</price>
      </transaction>
      <transaction>
        <timestamp>1333595703931</timestamp>
        <buyerID>95</buyerID>
        <sellerID>91</sellerID>
        <price>160</price>
      </transaction>
      <transaction>
        <timestamp>1333595704302</timestamp>
        <buyerID>117</buyerID>
        <sellerID>112</sellerID>
        <price>159</price>
      </transaction>
      <transaction>
        <timestamp>1333595704450</timestamp>
        <buyerID>118</buyerID>
        <sellerID>114</sellerID>
        <price>159</price>
      </transaction>
      <transaction>
        <timestamp>1333595704788</timestamp>
        <buyerID>115</buyerID>
        <sellerID>91</sellerID>
        <price>159</price>
      </transaction>
      <transaction>
        <timestamp>1333595704920</timestamp>
        <buyerID>95</buyerID>
        <sellerID>113</sellerID>
        <price>158</price>
      </transaction>
      <transaction>
        <timestamp>1333595704996</timestamp>
        <buyerID>117</buyerID>
        <sellerID>112</sellerID>
        <price>158</price>
      </transaction>
      <transaction>
        <timestamp>1333595705863</timestamp>
        <buyerID>116</buyerID>
        <sellerID>114</sellerID>
        <price>158</price>
      </transaction>
      <transaction>
        <timestamp>1333595705964</timestamp>
        <buyerID>115</buyerID>
        <sellerID>113</sellerID>
        <price>158</price>
      </transaction>
      <transaction>
        <timestamp>1333595707385</timestamp>
        <buyerID>115</buyerID>
        <sellerID>113</sellerID>
        <price>158</price>
      </transaction>
    </repetition>
    <repetition>
      <id>2</id>
      <transaction>
        <timestamp>1333595825957</timestamp>
        <buyerID>95</buyerID>
        <sellerID>91</sellerID>
        <price>161</price>
      </transaction>
      <transaction>
        <timestamp>1333595826337</timestamp>
        <buyerID>96</buyerID>
        <sellerID>113</sellerID>
        <price>161</price>
      </transaction>
      <transaction>
        <timestamp>1333595826342</timestamp>
        <buyerID>118</buyerID>
        <sellerID>94</sellerID>
        <price>161</price>
      </transaction>
      <transaction>
        <timestamp>1333595826352</timestamp>
        <buyerID>116</buyerID>
        <sellerID>93</sellerID>
        <price>160</price>
      </transaction>
      <transaction>
        <timestamp>1333595826568</timestamp>
        <buyerID>117</buyerID>
        <sellerID>114</sellerID>
        <price>159</price>
      </transaction>
      <transaction>
        <timestamp>1333595826584</timestamp>
        <buyerID>98</buyerID>
        <sellerID>92</sellerID>
        <price>159</price>
      </transaction>
      <transaction>
        <timestamp>1333595826827</timestamp>
        <buyerID>97</buyerID>
        <sellerID>111</sellerID>
        <price>160</price>
      </transaction>
      <transaction>
        <timestamp>1333595826938</timestamp>
        <buyerID>115</buyerID>
        <sellerID>112</sellerID>
        <price>159</price>
      </transaction>
      <transaction>
        <timestamp>1333595827045</timestamp>
        <buyerID>97</buyerID>
        <sellerID>111</sellerID>
        <price>159</price>
      </transaction>
      <transaction>
        <timestamp>1333595827175</timestamp>
        <buyerID>96</buyerID>
        <sellerID>92</sellerID>
        <price>160</price>
      </transaction>
      <transaction>
        <timestamp>1333595827183</timestamp>
        <buyerID>98</buyerID>
        <sellerID>94</sellerID>
        <price>160</price>
      </transaction>
      <transaction>
        <timestamp>1333595827413</timestamp>
        <buyerID>116</buyerID>
        <sellerID>93</sellerID>
        <price>160</price>
      </transaction>
      <transaction>
        <timestamp>1333595827533</timestamp>
        <buyerID>117</buyerID>
        <sellerID>91</sellerID>
        <price>160</price>
      </transaction>
      <transaction>
        <timestamp>1333595827640</timestamp>
        <buyerID>118</buyerID>
        <sellerID>114</sellerID>
        <price>160</price>
      </transaction>
      <transaction>
        <timestamp>1333595827916</timestamp>
        <buyerID>95</buyerID>
        <sellerID>91</sellerID>
        <price>160</price>
      </transaction>
      <transaction>
        <timestamp>1333595828017</timestamp>
        <buyerID>118</buyerID>
        <sellerID>93</sellerID>
        <price>160</price>
      </transaction>
      <transaction>
        <timestamp>1333595828118</timestamp>
        <buyerID>117</buyerID>
        <sellerID>94</sellerID>
        <price>160</price>
      </transaction>
      <transaction>
        <timestamp>1333595828209</timestamp>
        <buyerID>96</buyerID>
        <sellerID>111</sellerID>
        <price>160</price>
      </transaction>
      <transaction>
        <timestamp>1333595828439</timestamp>
        <buyerID>115</buyerID>
        <sellerID>92</sellerID>
        <price>161</price>
      </transaction>
      <transaction>
        <timestamp>1333595828537</timestamp>
        <buyerID>98</buyerID>
        <sellerID>112</sellerID>
        <price>160</price>
      </transaction>
      <transaction>
        <timestamp>1333595828550</timestamp>
        <buyerID>116</buyerID>
        <sellerID>92</sellerID>
        <price>160</price>
      </transaction>
      <transaction>
        <timestamp>1333595828760</timestamp>
        <buyerID>96</buyerID>
        <sellerID>111</sellerID>
        <price>161</price>
      </transaction>
      <transaction>
        <timestamp>1333595828776</timestamp>
        <buyerID>115</buyerID>
        <sellerID>93</sellerID>
        <price>160</price>
      </transaction>
      <transaction>
        <timestamp>1333595828862</timestamp>
        <buyerID>116</buyerID>
        <sellerID>94</sellerID>
        <price>160</price>
      </transaction>
      <transaction>
        <timestamp>1333595828866</timestamp>
        <buyerID>98</buyerID>
        <sellerID>91</sellerID>
        <price>160</price>
      </transaction>
      <transaction>
        <timestamp>1333595829025</timestamp>
        <buyerID>118</buyerID>
        <sellerID>114</sellerID>
        <price>160</price>
      </transaction>
      <transaction>
        <timestamp>1333595829112</timestamp>
        <buyerID>117</buyerID>
        <sellerID>113</sellerID>
        <price>160</price>
      </transaction>
      <transaction>
        <timestamp>1333595829183</timestamp>
        <buyerID>95</buyerID>
        <sellerID>114</sellerID>
        <price>160</price>
      </transaction>
      <transaction>
        <timestamp>1333595829243</timestamp>
        <buyerID>95</buyerID>
        <sellerID>91</sellerID>
        <price>160</price>
      </transaction>
      <transaction>
        <timestamp>1333595829249</timestamp>
        <buyerID>117</buyerID>
        <sellerID>94</sellerID>
        <price>160</price>
      </transaction>
      <transaction>
        <timestamp>1333595829397</timestamp>
        <buyerID>115</buyerID>
        <sellerID>92</sellerID>
        <price>158</price>
      </transaction>
      <transaction>
        <timestamp>1333595829838</timestamp>
        <buyerID>96</buyerID>
        <sellerID>93</sellerID>
        <price>159</price>
      </transaction>
      <transaction>
        <timestamp>1333595829877</timestamp>
        <buyerID>95</buyerID>
        <sellerID>112</sellerID>
        <price>159</price>
      </transaction>
      <transaction>
        <timestamp>1333595829947</timestamp>
        <buyerID>118</buyerID>
        <sellerID>92</sellerID>
        <price>159</price>
      </transaction>
      <transaction>
        <timestamp>1333595830194</timestamp>
        <buyerID>115</buyerID>
        <sellerID>114</sellerID>
        <price>159</price>
      </transaction>
      <transaction>
        <timestamp>1333595944302</timestamp>
        <buyerID>96</buyerID>
        <sellerID>113</sellerID>
        <price>159</price>
      </transaction>
      <transaction>
        <timestamp>1333595945879</timestamp>
        <buyerID>115</buyerID>
        <sellerID>113</sellerID>
        <price>159</price>
      </transaction>
      <transaction>
        <timestamp>1333595945899</timestamp>
        <buyerID>95</buyerID>
        <sellerID>114</sellerID>
        <price>159</price>
      </transaction>
      <transaction>
        <timestamp>1333595946669</timestamp>
        <buyerID>118</buyerID>
        <sellerID>113</sellerID>
        <price>159</price>
      </transaction>
    </repetition>
    <repetition>
      <id>3</id>
      <transaction>
        <timestamp>1333595953661</timestamp>
        <buyerID>116</buyerID>
        <sellerID>114</sellerID>
        <price>162</price>
      </transaction>
      <transaction>
        <timestamp>1333595953923</timestamp>
        <buyerID>97</buyerID>
        <sellerID>93</sellerID>
        <price>162</price>
      </transaction>
      <transaction>
        <timestamp>1333595954046</timestamp>
        <buyerID>117</buyerID>
        <sellerID>92</sellerID>
        <price>162</price>
      </transaction>
      <transaction>
        <timestamp>1333595954167</timestamp>
        <buyerID>115</buyerID>
        <sellerID>113</sellerID>
        <price>162</price>
      </transaction>
      <transaction>
        <timestamp>1333595954273</timestamp>
        <buyerID>98</buyerID>
        <sellerID>112</sellerID>
        <price>162</price>
      </transaction>
      <transaction>
        <timestamp>1333595954286</timestamp>
        <buyerID>95</buyerID>
        <sellerID>94</sellerID>
        <price>162</price>
      </transaction>
      <transaction>
        <timestamp>1333595954293</timestamp>
        <buyerID>118</buyerID>
        <sellerID>91</sellerID>
        <price>161</price>
      </transaction>
      <transaction>
        <timestamp>1333595954404</timestamp>
        <buyerID>96</buyerID>
        <sellerID>111</sellerID>
        <price>161</price>
      </transaction>
      <transaction>
        <timestamp>1333595954427</timestamp>
        <buyerID>96</buyerID>
        <sellerID>94</sellerID>
        <price>158</price>
      </transaction>
      <transaction>
        <timestamp>1333595955956</timestamp>
        <buyerID>98</buyerID>
        <sellerID>112</sellerID>
        <price>158</price>
      </transaction>
      <transaction>
        <timestamp>1333595955967</timestamp>
        <buyerID>97</buyerID>
        <sellerID>113</sellerID>
        <price>158</price>
      </transaction>
      <transaction>
        <timestamp>1333595956067</timestamp>
        <buyerID>117</buyerID>
        <sellerID>91</sellerID>
        <price>159</price>
      </transaction>
      <transaction>
        <timestamp>1333595956190</timestamp>
        <buyerID>95</buyerID>
        <sellerID>93</sellerID>
        <price>160</price>
      </transaction>
      <transaction>
        <timestamp>1333595956199</timestamp>
        <buyerID>115</buyerID>
        <sellerID>92</sellerID>
        <price>159</price>
      </transaction>
      <transaction>
        <timestamp>1333595956661</timestamp>
        <buyerID>118</buyerID>
        <sellerID>92</sellerID>
        <price>161</price>
      </transaction>
      <transaction>
        <timestamp>1333595956668</timestamp>
        <buyerID>116</buyerID>
        <sellerID>93</sellerID>
        <price>160</price>
      </transaction>
      <transaction>
        <timestamp>1333595956822</timestamp>
        <buyerID>98</buyerID>
        <sellerID>113</sellerID>
        <price>161</price>
      </transaction>
      <transaction>
        <timestamp>1333595956835</timestamp>
        <buyerID>96</buyerID>
        <sellerID>91</sellerID>
        <price>161</price>
      </transaction>
      <transaction>
        <timestamp>1333595956841</timestamp>
        <buyerID>95</buyerID>
        <sellerID>94</sellerID>
        <price>160</price>
      </transaction>
      <transaction>
        <timestamp>1333595956924</timestamp>
        <buyerID>117</buyerID>
        <sellerID>112</sellerID>
        <price>160</price>
      </transaction>
      <transaction>
        <timestamp>1333595957090</timestamp>
        <buyerID>96</buyerID>
        <sellerID>91</sellerID>
        <price>158</price>
      </transaction>
      <transaction>
        <timestamp>1333595957242</timestamp>
        <buyerID>115</buyerID>
        <sellerID>111</sellerID>
        <price>159</price>
      </transaction>
      <transaction>
        <timestamp>1333595957257</timestamp>
        <buyerID>98</buyerID>
        <sellerID>92</sellerID>
        <price>158</price>
      </transaction>
      <transaction>
        <timestamp>1333595957453</timestamp>
        <buyerID>116</buyerID>
        <sellerID>94</sellerID>
        <price>159</price>
      </transaction>
      <transaction>
        <timestamp>1333595957690</timestamp>
        <buyerID>118</buyerID>
        <sellerID>113</sellerID>
        <price>159</price>
      </transaction>
      <transaction>
        <timestamp>1333595957703</timestamp>
        <buyerID>116</buyerID>
        <sellerID>93</sellerID>
        <price>158</price>
      </transaction>
      <transaction>
        <timestamp>1333595957919</timestamp>
        <buyerID>96</buyerID>
        <sellerID>114</sellerID>
        <price>159</price>
      </transaction>
      <transaction>
        <timestamp>1333595957934</timestamp>
        <buyerID>95</buyerID>
        <sellerID>94</sellerID>
        <price>158</price>
      </transaction>
      <transaction>
        <timestamp>1333595958072</timestamp>
        <buyerID>117</buyerID>
        <sellerID>111</sellerID>
        <price>158</price>
      </transaction>
      <transaction>
        <timestamp>1333595958168</timestamp>
        <buyerID>96</buyerID>
        <sellerID>113</sellerID>
        <price>158</price>
      </transaction>
      <transaction>
        <timestamp>1333595958275</timestamp>
        <buyerID>115</buyerID>
        <sellerID>92</sellerID>
        <price>158</price>
      </transaction>
      <transaction>
        <timestamp>1333595958472</timestamp>
        <buyerID>95</buyerID>
        <sellerID>114</sellerID>
        <price>158</price>
      </transaction>
      <transaction>
        <timestamp>1333595958592</timestamp>
        <buyerID>118</buyerID>
        <sellerID>92</sellerID>
        <price>158</price>
      </transaction>
      <transaction>
        <timestamp>1333595958601</timestamp>
        <buyerID>95</buyerID>
        <sellerID>93</sellerID>
        <price>158</price>
      </transaction>
      <transaction>
        <timestamp>1333595959194</timestamp>
        <buyerID>117</buyerID>
        <sellerID>114</sellerID>
        <price>158</price>
      </transaction>
      <transaction>
        <timestamp>1333595959369</timestamp>
        <buyerID>118</buyerID>
        <sellerID>111</sellerID>
        <price>158</price>
      </transaction>
      <transaction>
        <timestamp>1333595959674</timestamp>
        <buyerID>115</buyerID>
        <sellerID>114</sellerID>
        <price>158</price>
      </transaction>
      <transaction>
        <timestamp>1333595960026</timestamp>
        <buyerID>118</buyerID>
        <sellerID>114</sellerID>
        <price>158</price>
      </transaction>
      <transaction>
        <timestamp>1333595960471</timestamp>
        <buyerID>115</buyerID>
        <sellerID>114</sellerID>
        <price>158</price>
      </transaction>
    </repetition>
    <repetition>
      <id>4</id>
      <transaction>
        <timestamp>1333596081059</timestamp>
        <buyerID>118</buyerID>
        <sellerID>91</sellerID>
        <price>163</price>
      </transaction>
      <transaction>
        <timestamp>1333596081286</timestamp>
        <buyerID>95</buyerID>
        <sellerID>114</sellerID>
        <price>159</price>
      </transaction>
      <transaction>
        <timestamp>1333596081408</timestamp>
        <buyerID>97</buyerID>
        <sellerID>113</sellerID>
        <price>159</price>
      </transaction>
      <transaction>
        <timestamp>1333596081640</timestamp>
        <buyerID>117</buyerID>
        <sellerID>93</sellerID>
        <price>160</price>
      </transaction>
      <transaction>
        <timestamp>1333596081766</timestamp>
        <buyerID>115</buyerID>
        <sellerID>92</sellerID>
        <price>160</price>
      </transaction>
      <transaction>
        <timestamp>1333596082012</timestamp>
        <buyerID>116</buyerID>
        <sellerID>112</sellerID>
        <price>160</price>
      </transaction>
      <transaction>
        <timestamp>1333596082126</timestamp>
        <buyerID>98</buyerID>
        <sellerID>112</sellerID>
        <price>160</price>
      </transaction>
      <transaction>
        <timestamp>1333596082255</timestamp>
        <buyerID>115</buyerID>
        <sellerID>91</sellerID>
        <price>160</price>
      </transaction>
      <transaction>
        <timestamp>1333596082271</timestamp>
        <buyerID>96</buyerID>
        <sellerID>92</sellerID>
        <price>159</price>
      </transaction>
      <transaction>
        <timestamp>1333596082387</timestamp>
        <buyerID>97</buyerID>
        <sellerID>93</sellerID>
        <price>160</price>
      </transaction>
      <transaction>
        <timestamp>1333596082606</timestamp>
        <buyerID>117</buyerID>
        <sellerID>111</sellerID>
        <price>159</price>
      </transaction>
      <transaction>
        <timestamp>1333596082635</timestamp>
        <buyerID>95</buyerID>
        <sellerID>94</sellerID>
        <price>159</price>
      </transaction>
      <transaction>
        <timestamp>1333596083058</timestamp>
        <buyerID>118</buyerID>
        <sellerID>114</sellerID>
        <price>159</price>
      </transaction>
      <transaction>
        <timestamp>1333596083151</timestamp>
        <buyerID>96</buyerID>
        <sellerID>113</sellerID>
        <price>159</price>
      </transaction>
      <transaction>
        <timestamp>1333596083342</timestamp>
        <buyerID>95</buyerID>
        <sellerID>114</sellerID>
        <price>158</price>
      </transaction>
      <transaction>
        <timestamp>1333596083469</timestamp>
        <buyerID>115</buyerID>
        <sellerID>91</sellerID>
        <price>157</price>
      </transaction>
      <transaction>
        <timestamp>1333596083606</timestamp>
        <buyerID>116</buyerID>
        <sellerID>92</sellerID>
        <price>157</price>
      </transaction>
      <transaction>
        <timestamp>1333596083617</timestamp>
        <buyerID>98</buyerID>
        <sellerID>93</sellerID>
        <price>157</price>
      </transaction>
      <transaction>
        <timestamp>1333596083788</timestamp>
        <buyerID>115</buyerID>
        <sellerID>93</sellerID>
        <price>157</price>
      </transaction>
      <transaction>
        <timestamp>1333596083870</timestamp>
        <buyerID>117</buyerID>
        <sellerID>92</sellerID>
        <price>157</price>
      </transaction>
      <transaction>
        <timestamp>1333596083892</timestamp>
        <buyerID>95</buyerID>
        <sellerID>91</sellerID>
        <price>157</price>
      </transaction>
      <transaction>
        <timestamp>1333596083985</timestamp>
        <buyerID>118</buyerID>
        <sellerID>94</sellerID>
        <price>157</price>
      </transaction>
      <transaction>
        <timestamp>1333596084065</timestamp>
        <buyerID>96</buyerID>
        <sellerID>112</sellerID>
        <price>158</price>
      </transaction>
      <transaction>
        <timestamp>1333596084210</timestamp>
        <buyerID>118</buyerID>
        <sellerID>113</sellerID>
        <price>158</price>
      </transaction>
      <transaction>
        <timestamp>1333596084299</timestamp>
        <buyerID>95</buyerID>
        <sellerID>114</sellerID>
        <price>157</price>
      </transaction>
      <transaction>
        <timestamp>1333596084480</timestamp>
        <buyerID>115</buyerID>
        <sellerID>92</sellerID>
        <price>158</price>
      </transaction>
      <transaction>
        <timestamp>1333596084708</timestamp>
        <buyerID>116</buyerID>
        <sellerID>93</sellerID>
        <price>157</price>
      </transaction>
      <transaction>
        <timestamp>1333596084765</timestamp>
        <buyerID>98</buyerID>
        <sellerID>111</sellerID>
        <price>157</price>
      </transaction>
      <transaction>
        <timestamp>1333596084870</timestamp>
        <buyerID>116</buyerID>
        <sellerID>94</sellerID>
        <price>158</price>
      </transaction>
      <transaction>
        <timestamp>1333596085012</timestamp>
        <buyerID>115</buyerID>
        <sellerID>92</sellerID>
        <price>158</price>
      </transaction>
      <transaction>
        <timestamp>1333596085075</timestamp>
        <buyerID>95</buyerID>
        <sellerID>114</sellerID>
        <price>158</price>
      </transaction>
      <transaction>
        <timestamp>1333596085185</timestamp>
        <buyerID>117</buyerID>
        <sellerID>113</sellerID>
        <price>158</price>
      </transaction>
      <transaction>
        <timestamp>1333596085234</timestamp>
        <buyerID>118</buyerID>
        <sellerID>113</sellerID>
        <price>158</price>
      </transaction>
      <transaction>
        <timestamp>1333596085276</timestamp>
        <buyerID>96</buyerID>
        <sellerID>114</sellerID>
        <price>158</price>
      </transaction>
      <transaction>
        <timestamp>1333596085405</timestamp>
        <buyerID>117</buyerID>
        <sellerID>111</sellerID>
        <price>158</price>
      </transaction>
      <transaction>
        <timestamp>1333596085661</timestamp>
        <buyerID>98</buyerID>
        <sellerID>94</sellerID>
        <price>158</price>
      </transaction>
      <transaction>
        <timestamp>1333596085907</timestamp>
        <buyerID>118</buyerID>
        <sellerID>114</sellerID>
        <price>158</price>
      </transaction>
      <transaction>
        <timestamp>1333596086241</timestamp>
        <buyerID>96</buyerID>
        <sellerID>94</sellerID>
        <price>159</price>
      </transaction>
      <transaction>
        <timestamp>1333596201663</timestamp>
        <buyerID>96</buyerID>
        <sellerID>111</sellerID>
        <price>158</price>
      </transaction>
    </repetition>
    <repetition>
      <id>5</id>
      <transaction>
        <timestamp>1333596208647</timestamp>
        <buyerID>115</buyerID>
        <sellerID>114</sellerID>
        <price>164</price>
      </transaction>
      <transaction>
        <timestamp>1333596208661</timestamp>
        <buyerID>96</buyerID>
        <sellerID>91</sellerID>
        <price>162</price>
      </transaction>
      <transaction>
        <timestamp>1333596208782</timestamp>
        <buyerID>95</buyerID>
        <sellerID>113</sellerID>
        <price>161</price>
      </transaction>
      <transaction>
        <timestamp>1333596209023</timestamp>
        <buyerID>118</buyerID>
        <sellerID>111</sellerID>
        <price>161</price>
      </transaction>
      <transaction>
        <timestamp>1333596209036</timestamp>
        <buyerID>98</buyerID>
        <sellerID>92</sellerID>
        <price>161</price>
      </transaction>
      <transaction>
        <timestamp>1333596209273</timestamp>
        <buyerID>117</buyerID>
        <sellerID>112</sellerID>
        <price>160</price>
      </transaction>
      <transaction>
        <timestamp>1333596209421</timestamp>
        <buyerID>97</buyerID>
        <sellerID>91</sellerID>
        <price>161</price>
      </transaction>
      <transaction>
        <timestamp>1333596209661</timestamp>
        <buyerID>117</buyerID>
        <sellerID>93</sellerID>
        <price>162</price>
      </transaction>
      <transaction>
        <timestamp>1333596209772</timestamp>
        <buyerID>116</buyerID>
        <sellerID>93</sellerID>
        <price>161</price>
      </transaction>
      <transaction>
        <timestamp>1333596209893</timestamp>
        <buyerID>96</buyerID>
        <sellerID>92</sellerID>
        <price>160</price>
      </transaction>
      <transaction>
        <timestamp>1333596210010</timestamp>
        <buyerID>115</buyerID>
        <sellerID>94</sellerID>
        <price>160</price>
      </transaction>
      <transaction>
        <timestamp>1333596210023</timestamp>
        <buyerID>98</buyerID>
        <sellerID>111</sellerID>
        <price>161</price>
      </transaction>
      <transaction>
        <timestamp>1333596210458</timestamp>
        <buyerID>118</buyerID>
        <sellerID>112</sellerID>
        <price>162</price>
      </transaction>
      <transaction>
        <timestamp>1333596210568</timestamp>
        <buyerID>95</buyerID>
        <sellerID>113</sellerID>
        <price>162</price>
      </transaction>
      <transaction>
        <timestamp>1333596210698</timestamp>
        <buyerID>115</buyerID>
        <sellerID>94</sellerID>
        <price>164</price>
      </transaction>
      <transaction>
        <timestamp>1333596210710</timestamp>
        <buyerID>96</buyerID>
        <sellerID>92</sellerID>
        <price>164</price>
      </transaction>
      <transaction>
        <timestamp>1333596210912</timestamp>
        <buyerID>98</buyerID>
        <sellerID>111</sellerID>
        <price>163</price>
      </transaction>
      <transaction>
        <timestamp>1333596210997</timestamp>
        <buyerID>116</buyerID>
        <sellerID>91</sellerID>
        <price>163</price>
      </transaction>
      <transaction>
        <timestamp>1333596211003</timestamp>
        <buyerID>117</buyerID>
        <sellerID>93</sellerID>
        <price>163</price>
      </transaction>
      <transaction>
        <timestamp>1333596211102</timestamp>
        <buyerID>97</buyerID>
        <sellerID>112</sellerID>
        <price>163</price>
      </transaction>
      <transaction>
        <timestamp>1333596211106</timestamp>
        <buyerID>95</buyerID>
        <sellerID>93</sellerID>
        <price>162</price>
      </transaction>
      <transaction>
        <timestamp>1333596211273</timestamp>
        <buyerID>116</buyerID>
        <sellerID>91</sellerID>
        <price>161</price>
      </transaction>
      <transaction>
        <timestamp>1333596211296</timestamp>
        <buyerID>96</buyerID>
        <sellerID>94</sellerID>
        <price>160</price>
      </transaction>
      <transaction>
        <timestamp>1333596211371</timestamp>
        <buyerID>95</buyerID>
        <sellerID>111</sellerID>
        <price>161</price>
      </transaction>
      <transaction>
        <timestamp>1333596211466</timestamp>
        <buyerID>118</buyerID>
        <sellerID>92</sellerID>
        <price>161</price>
      </transaction>
      <transaction>
        <timestamp>1333596211540</timestamp>
        <buyerID>98</buyerID>
        <sellerID>113</sellerID>
        <price>161</price>
      </transaction>
      <transaction>
        <timestamp>1333596211769</timestamp>
        <buyerID>118</buyerID>
        <sellerID>114</sellerID>
        <price>161</price>
      </transaction>
      <transaction>
        <timestamp>1333596211786</timestamp>
        <buyerID>115</buyerID>
        <sellerID>92</sellerID>
        <price>160</price>
      </transaction>
      <transaction>
        <timestamp>1333596211856</timestamp>
        <buyerID>115</buyerID>
        <sellerID>113</sellerID>
        <price>161</price>
      </transaction>
      <transaction>
        <timestamp>1333596211916</timestamp>
        <buyerID>96</buyerID>
        <sellerID>91</sellerID>
        <price>161</price>
      </transaction>
      <transaction>
        <timestamp>1333596212405</timestamp>
        <buyerID>95</buyerID>
        <sellerID>114</sellerID>
        <price>160</price>
      </transaction>
      <transaction>
        <timestamp>1333596212614</timestamp>
        <buyerID>115</buyerID>
        <sellerID>92</sellerID>
        <price>160</price>
      </transaction>
      <transaction>
        <timestamp>1333596212734</timestamp>
        <buyerID>116</buyerID>
        <sellerID>94</sellerID>
        <price>160</price>
      </transaction>
      <transaction>
        <timestamp>1333596212747</timestamp>
        <buyerID>117</buyerID>
        <sellerID>93</sellerID>
        <price>160</price>
      </transaction>
      <transaction>
        <timestamp>1333596212825</timestamp>
        <buyerID>96</buyerID>
        <sellerID>112</sellerID>
        <price>160</price>
      </transaction>
      <transaction>
        <timestamp>1333596212940</timestamp>
        <buyerID>117</buyerID>
        <sellerID>114</sellerID>
        <price>159</price>
      </transaction>
      <transaction>
        <timestamp>1333596213239</timestamp>
        <buyerID>118</buyerID>
        <sellerID>94</sellerID>
        <price>159</price>
      </transaction>
      <transaction>
        <timestamp>1333596213314</timestamp>
        <buyerID>95</buyerID>
        <sellerID>114</sellerID>
        <price>159</price>
      </transaction>
      <transaction>
        <timestamp>1333596214511</timestamp>
        <buyerID>118</buyerID>
        <sellerID>113</sellerID>
        <price>158</price>
      </transaction>
      <transaction>
        <timestamp>1333596329089</timestamp>
        <buyerID>98</buyerID>
        <sellerID>114</sellerID>
        <price>157</price>
      </transaction>
    </repetition>
  </transactions>
  <scores>
    <agent>
      <ID>98</ID>
      <userName>gd8</userName>
      <strategy>GD</strategy>
      <values>
        <value>210</value>
        <value>207</value>
        <value>184</value>
        <value>163</value>
        <value>158</value>
        <value>157</value>
        <value>149</value>
        <value>139</value>
        <value>128</value>
        <value>113</value>
      </values>
      <score>127.4</score>
    </agent>
    <agent>
      <ID>96</ID>
      <userName>gd6</userName>
      <strategy>GD</strategy>
      <values>
        <value>256</value>
        <value>255</value>
        <value>248</value>
        <value>224</value>
        <value>211</value>
        <value>166</value>
        <value>133</value>
        <value>132</value>
        <value>106</value>
        <value>101</value>
      </values>
      <score>407.0</score>
    </agent>
    <agent>
      <ID>97</ID>
      <userName>gd7</userName>
      <strategy>GD</strategy>
      <values>
        <value>210</value>
        <value>189</value>
        <value>141</value>
        <value>108</value>
        <value>107</value>
        <value>106</value>
        <value>104</value>
        <value>86</value>
        <value>81</value>
        <value>79</value>
      </values>
      <score>80.6</score>
    </agent>
    <agent>
      <ID>111</ID>
      <userName>gdx1</userName>
      <strategy>GDX</strategy>
      <values>
        <value>81</value>
        <value>85</value>
        <value>90</value>
        <value>146</value>
        <value>162</value>
        <value>186</value>
        <value>204</value>
        <value>230</value>
        <value>230</value>
        <value>249</value>
      </values>
      <score>233.0</score>
    </agent>
    <agent>
      <ID>118</ID>
      <userName>gdx8</userName>
      <strategy>GDX</strategy>
      <values>
        <value>255</value>
        <value>237</value>
        <value>229</value>
        <value>213</value>
        <value>194</value>
        <value>173</value>
        <value>115</value>
        <value>101</value>
        <value>95</value>
        <value>94</value>
      </values>
      <score>348.6</score>
    </agent>
    <agent>
      <ID>117</ID>
      <userName>gdx7</userName>
      <strategy>GDX</strategy>
      <values>
        <value>226</value>
        <value>220</value>
        <value>190</value>
        <value>178</value>
        <value>167</value>
        <value>141</value>
        <value>104</value>
        <value>101</value>
        <value>68</value>
        <value>61</value>
      </values>
      <score>186.2</score>
    </agent>
    <agent>
      <ID>116</ID>
      <userName>gdx6</userName>
      <strategy>GDX</strategy>
      <values>
        <value>256</value>
        <value>250</value>
        <value>246</value>
        <value>173</value>
        <value>158</value>
        <value>127</value>
        <value>98</value>
        <value>87</value>
        <value>85</value>
        <value>70</value>
      </values>
      <score>289.0</score>
    </agent>
    <agent>
      <ID>115</ID>
      <userName>gdx5</userName>
      <strategy>GDX</strategy>
      <values>
        <value>238</value>
        <value>236</value>
        <value>227</value>
        <value>198</value>
        <value>186</value>
        <value>184</value>
        <value>133</value>
        <value>127</value>
        <value>85</value>
        <value>62</value>
      </values>
      <score>315.2</score>
    </agent>
    <agent>
      <ID>114</ID>
      <userName>gdx4</userName>
      <strategy>GDX</strategy>
      <values>
        <value>87</value>
        <value>95</value>
        <value>101</value>
        <value>109</value>
        <value>109</value>
        <value>141</value>
        <value>155</value>
        <value>166</value>
        <value>227</value>
        <value>259</value>
      </values>
      <score>311.6</score>
    </agent>
    <agent>
      <ID>113</ID>
      <userName>gdx3</userName>
      <strategy>GDX</strategy>
      <values>
        <value>74</value>
        <value>102</value>
        <value>134</value>
        <value>151</value>
        <value>156</value>
        <value>161</value>
        <value>186</value>
        <value>207</value>
        <value>239</value>
        <value>257</value>
      </values>
      <score>178.4</score>
    </agent>
    <agent>
      <ID>112</ID>
      <userName>gdx2</userName>
      <strategy>GDX</strategy>
      <values>
        <value>78</value>
        <value>81</value>
        <value>93</value>
        <value>159</value>
        <value>169</value>
        <value>169</value>
        <value>230</value>
        <value>232</value>
        <value>251</value>
        <value>255</value>
      </values>
      <score>226.6</score>
    </agent>
    <agent>
      <ID>93</ID>
      <userName>gd3</userName>
      <strategy>GD</strategy>
      <values>
        <value>63</value>
        <value>83</value>
        <value>123</value>
        <value>133</value>
        <value>140</value>
        <value>235</value>
        <value>237</value>
        <value>244</value>
        <value>254</value>
        <value>259</value>
      </values>
      <score>252.8</score>
    </agent>
    <agent>
      <ID>92</ID>
      <userName>gd2</userName>
      <strategy>GD</strategy>
      <values>
        <value>70</value>
        <value>100</value>
        <value>107</value>
        <value>119</value>
        <value>135</value>
        <value>149</value>
        <value>162</value>
        <value>199</value>
        <value>230</value>
        <value>241</value>
      </values>
      <score>272.2</score>
    </agent>
    <agent>
      <ID>95</ID>
      <userName>gd5</userName>
      <strategy>GD</strategy>
      <values>
        <value>255</value>
        <value>241</value>
        <value>232</value>
        <value>231</value>
        <value>220</value>
        <value>160</value>
        <value>149</value>
        <value>136</value>
        <value>125</value>
        <value>110</value>
      </values>
      <score>385.4</score>
    </agent>
    <agent>
      <ID>94</ID>
      <userName>gd4</userName>
      <strategy>GD</strategy>
      <values>
        <value>77</value>
        <value>108</value>
        <value>126</value>
        <value>150</value>
        <value>155</value>
        <value>163</value>
        <value>165</value>
        <value>178</value>
        <value>212</value>
        <value>229</value>
      </values>
      <score>177.6</score>
    </agent>
    <agent>
      <ID>91</ID>
      <userName>gd1</userName>
      <strategy>GD</strategy>
      <values>
        <value>69</value>
        <value>91</value>
        <value>97</value>
        <value>142</value>
        <value>158</value>
        <value>205</value>
        <value>213</value>
        <value>231</value>
        <value>233</value>
        <value>252</value>
      </values>
      <score>239.4</score>
    </agent>
  </scores>
</results>

