<results>
  <transactions>
    <repetition>
      <id>1</id>
      <transaction>
        <timestamp>1333597644878</timestamp>
        <buyerID>94</buyerID>
        <sellerID>91</sellerID>
        <price>104</price>
      </transaction>
      <transaction>
        <timestamp>1333597645283</timestamp>
        <buyerID>94</buyerID>
        <sellerID>91</sellerID>
        <price>107</price>
      </transaction>
      <transaction>
        <timestamp>1333597645978</timestamp>
        <buyerID>93</buyerID>
        <sellerID>91</sellerID>
        <price>106</price>
      </transaction>
      <transaction>
        <timestamp>1333597646067</timestamp>
        <buyerID>94</buyerID>
        <sellerID>92</sellerID>
        <price>107</price>
      </transaction>
      <transaction>
        <timestamp>1333597646662</timestamp>
        <buyerID>93</buyerID>
        <sellerID>91</sellerID>
        <price>107</price>
      </transaction>
      <transaction>
        <timestamp>1333597646740</timestamp>
        <buyerID>94</buyerID>
        <sellerID>92</sellerID>
        <price>107</price>
      </transaction>
      <transaction>
        <timestamp>1333597659420</timestamp>
        <buyerID>94</buyerID>
        <sellerID>92</sellerID>
        <price>136</price>
      </transaction>
      <transaction>
        <timestamp>1333597671397</timestamp>
        <buyerID>94</buyerID>
        <sellerID>91</sellerID>
        <price>164</price>
      </transaction>
      <transaction>
        <timestamp>1333597672158</timestamp>
        <buyerID>93</buyerID>
        <sellerID>92</sellerID>
        <price>164</price>
      </transaction>
      <transaction>
        <timestamp>1333597697810</timestamp>
        <buyerID>94</buyerID>
        <sellerID>91</sellerID>
        <price>180</price>
      </transaction>
    </repetition>
    <repetition>
      <id>2</id>
      <transaction>
        <timestamp>1333597771377</timestamp>
        <buyerID>94</buyerID>
        <sellerID>91</sellerID>
        <price>103</price>
      </transaction>
      <transaction>
        <timestamp>1333597772633</timestamp>
        <buyerID>78</buyerID>
        <sellerID>91</sellerID>
        <price>108</price>
      </transaction>
      <transaction>
        <timestamp>1333597772699</timestamp>
        <buyerID>82</buyerID>
        <sellerID>92</sellerID>
        <price>112</price>
      </transaction>
      <transaction>
        <timestamp>1333597772782</timestamp>
        <buyerID>93</buyerID>
        <sellerID>75</sellerID>
        <price>109</price>
      </transaction>
      <transaction>
        <timestamp>1333597772796</timestamp>
        <buyerID>77</buyerID>
        <sellerID>72</sellerID>
        <price>109</price>
      </transaction>
      <transaction>
        <timestamp>1333597772804</timestamp>
        <buyerID>80</buyerID>
        <sellerID>74</sellerID>
        <price>108</price>
      </transaction>
      <transaction>
        <timestamp>1333597773403</timestamp>
        <buyerID>93</buyerID>
        <sellerID>71</sellerID>
        <price>108</price>
      </transaction>
      <transaction>
        <timestamp>1333597773442</timestamp>
        <buyerID>94</buyerID>
        <sellerID>72</sellerID>
        <price>107</price>
      </transaction>
      <transaction>
        <timestamp>1333597773531</timestamp>
        <buyerID>94</buyerID>
        <sellerID>75</sellerID>
        <price>107</price>
      </transaction>
      <transaction>
        <timestamp>1333597774139</timestamp>
        <buyerID>93</buyerID>
        <sellerID>73</sellerID>
        <price>107</price>
      </transaction>
      <transaction>
        <timestamp>1333597774235</timestamp>
        <buyerID>80</buyerID>
        <sellerID>92</sellerID>
        <price>109</price>
      </transaction>
      <transaction>
        <timestamp>1333597774277</timestamp>
        <buyerID>82</buyerID>
        <sellerID>91</sellerID>
        <price>110</price>
      </transaction>
      <transaction>
        <timestamp>1333597775006</timestamp>
        <buyerID>80</buyerID>
        <sellerID>91</sellerID>
        <price>110</price>
      </transaction>
      <transaction>
        <timestamp>1333597786915</timestamp>
        <buyerID>93</buyerID>
        <sellerID>92</sellerID>
        <price>135</price>
      </transaction>
      <transaction>
        <timestamp>1333597795943</timestamp>
        <buyerID>79</buyerID>
        <sellerID>91</sellerID>
        <price>168</price>
      </transaction>
      <transaction>
        <timestamp>1333597797467</timestamp>
        <buyerID>78</buyerID>
        <sellerID>92</sellerID>
        <price>167</price>
      </transaction>
      <transaction>
        <timestamp>1333597797476</timestamp>
        <buyerID>94</buyerID>
        <sellerID>71</sellerID>
        <price>157</price>
      </transaction>
      <transaction>
        <timestamp>1333597797505</timestamp>
        <buyerID>80</buyerID>
        <sellerID>72</sellerID>
        <price>157</price>
      </transaction>
      <transaction>
        <timestamp>1333597823007</timestamp>
        <buyerID>94</buyerID>
        <sellerID>91</sellerID>
        <price>180</price>
      </transaction>
      <transaction>
        <timestamp>1333597825310</timestamp>
        <buyerID>94</buyerID>
        <sellerID>73</sellerID>
        <price>181</price>
      </transaction>
      <transaction>
        <timestamp>1333597825957</timestamp>
        <buyerID>94</buyerID>
        <sellerID>74</sellerID>
        <price>181</price>
      </transaction>
      <transaction>
        <timestamp>1333597875585</timestamp>
        <buyerID>93</buyerID>
        <sellerID>72</sellerID>
        <price>159</price>
      </transaction>
    </repetition>
    <repetition>
      <id>3</id>
      <transaction>
        <timestamp>1333597898874</timestamp>
        <buyerID>93</buyerID>
        <sellerID>92</sellerID>
        <price>182</price>
      </transaction>
      <transaction>
        <timestamp>1333597898902</timestamp>
        <buyerID>94</buyerID>
        <sellerID>91</sellerID>
        <price>182</price>
      </transaction>
      <transaction>
        <timestamp>1333597900164</timestamp>
        <buyerID>80</buyerID>
        <sellerID>92</sellerID>
        <price>179</price>
      </transaction>
      <transaction>
        <timestamp>1333597900179</timestamp>
        <buyerID>81</buyerID>
        <sellerID>91</sellerID>
        <price>179</price>
      </transaction>
      <transaction>
        <timestamp>1333597900259</timestamp>
        <buyerID>94</buyerID>
        <sellerID>92</sellerID>
        <price>179</price>
      </transaction>
      <transaction>
        <timestamp>1333597900928</timestamp>
        <buyerID>93</buyerID>
        <sellerID>75</sellerID>
        <price>174</price>
      </transaction>
      <transaction>
        <timestamp>1333597900967</timestamp>
        <buyerID>82</buyerID>
        <sellerID>92</sellerID>
        <price>179</price>
      </transaction>
      <transaction>
        <timestamp>1333597901078</timestamp>
        <buyerID>77</buyerID>
        <sellerID>91</sellerID>
        <price>179</price>
      </transaction>
      <transaction>
        <timestamp>1333597901716</timestamp>
        <buyerID>79</buyerID>
        <sellerID>91</sellerID>
        <price>179</price>
      </transaction>
      <transaction>
        <timestamp>1333597902460</timestamp>
        <buyerID>81</buyerID>
        <sellerID>91</sellerID>
        <price>179</price>
      </transaction>
      <transaction>
        <timestamp>1333597903897</timestamp>
        <buyerID>94</buyerID>
        <sellerID>72</sellerID>
        <price>177</price>
      </transaction>
      <transaction>
        <timestamp>1333597904652</timestamp>
        <buyerID>94</buyerID>
        <sellerID>71</sellerID>
        <price>178</price>
      </transaction>
      <transaction>
        <timestamp>1333597905542</timestamp>
        <buyerID>94</buyerID>
        <sellerID>72</sellerID>
        <price>178</price>
      </transaction>
      <transaction>
        <timestamp>1333597908471</timestamp>
        <buyerID>94</buyerID>
        <sellerID>91</sellerID>
        <price>180</price>
      </transaction>
      <transaction>
        <timestamp>1333598003797</timestamp>
        <buyerID>94</buyerID>
        <sellerID>76</sellerID>
        <price>179</price>
      </transaction>
      <transaction>
        <timestamp>1333598006644</timestamp>
        <buyerID>81</buyerID>
        <sellerID>72</sellerID>
        <price>179</price>
      </transaction>
    </repetition>
    <repetition>
      <id>4</id>
      <transaction>
        <timestamp>1333598026409</timestamp>
        <buyerID>94</buyerID>
        <sellerID>91</sellerID>
        <price>173</price>
      </transaction>
      <transaction>
        <timestamp>1333598026420</timestamp>
        <buyerID>93</buyerID>
        <sellerID>92</sellerID>
        <price>173</price>
      </transaction>
      <transaction>
        <timestamp>1333598027038</timestamp>
        <buyerID>94</buyerID>
        <sellerID>91</sellerID>
        <price>174</price>
      </transaction>
      <transaction>
        <timestamp>1333598027643</timestamp>
        <buyerID>93</buyerID>
        <sellerID>91</sellerID>
        <price>174</price>
      </transaction>
      <transaction>
        <timestamp>1333598027778</timestamp>
        <buyerID>94</buyerID>
        <sellerID>92</sellerID>
        <price>174</price>
      </transaction>
      <transaction>
        <timestamp>1333598028489</timestamp>
        <buyerID>94</buyerID>
        <sellerID>92</sellerID>
        <price>174</price>
      </transaction>
      <transaction>
        <timestamp>1333598029286</timestamp>
        <buyerID>94</buyerID>
        <sellerID>91</sellerID>
        <price>173</price>
      </transaction>
      <transaction>
        <timestamp>1333598029315</timestamp>
        <buyerID>79</buyerID>
        <sellerID>92</sellerID>
        <price>173</price>
      </transaction>
      <transaction>
        <timestamp>1333598030047</timestamp>
        <buyerID>82</buyerID>
        <sellerID>91</sellerID>
        <price>175</price>
      </transaction>
      <transaction>
        <timestamp>1333598030823</timestamp>
        <buyerID>82</buyerID>
        <sellerID>91</sellerID>
        <price>180</price>
      </transaction>
      <transaction>
        <timestamp>1333598038143</timestamp>
        <buyerID>94</buyerID>
        <sellerID>73</sellerID>
        <price>183</price>
      </transaction>
      <transaction>
        <timestamp>1333598131182</timestamp>
        <buyerID>94</buyerID>
        <sellerID>72</sellerID>
        <price>182</price>
      </transaction>
    </repetition>
    <repetition>
      <id>5</id>
      <transaction>
        <timestamp>1333598153844</timestamp>
        <buyerID>93</buyerID>
        <sellerID>92</sellerID>
        <price>172</price>
      </transaction>
      <transaction>
        <timestamp>1333598153862</timestamp>
        <buyerID>94</buyerID>
        <sellerID>91</sellerID>
        <price>172</price>
      </transaction>
      <transaction>
        <timestamp>1333598154434</timestamp>
        <buyerID>94</buyerID>
        <sellerID>72</sellerID>
        <price>174</price>
      </transaction>
      <transaction>
        <timestamp>1333598154507</timestamp>
        <buyerID>93</buyerID>
        <sellerID>76</sellerID>
        <price>174</price>
      </transaction>
      <transaction>
        <timestamp>1333598155335</timestamp>
        <buyerID>94</buyerID>
        <sellerID>92</sellerID>
        <price>173</price>
      </transaction>
      <transaction>
        <timestamp>1333598155990</timestamp>
        <buyerID>94</buyerID>
        <sellerID>91</sellerID>
        <price>173</price>
      </transaction>
      <transaction>
        <timestamp>1333598156707</timestamp>
        <buyerID>94</buyerID>
        <sellerID>92</sellerID>
        <price>173</price>
      </transaction>
      <transaction>
        <timestamp>1333598157458</timestamp>
        <buyerID>94</buyerID>
        <sellerID>91</sellerID>
        <price>173</price>
      </transaction>
      <transaction>
        <timestamp>1333598158139</timestamp>
        <buyerID>94</buyerID>
        <sellerID>91</sellerID>
        <price>173</price>
      </transaction>
      <transaction>
        <timestamp>1333598261021</timestamp>
        <buyerID>79</buyerID>
        <sellerID>92</sellerID>
        <price>173</price>
      </transaction>
      <transaction>
        <timestamp>1333598261752</timestamp>
        <buyerID>79</buyerID>
        <sellerID>91</sellerID>
        <price>173</price>
      </transaction>
      <transaction>
        <timestamp>1333598262440</timestamp>
        <buyerID>81</buyerID>
        <sellerID>91</sellerID>
        <price>183</price>
      </transaction>
    </repetition>
  </transactions>
  <scores>
    <agent>
      <ID>71</ID>
      <userName>kaplan1</userName>
      <strategy>KAPLAN</strategy>
      <values>
        <value>69</value>
        <value>78</value>
        <value>109</value>
        <value>114</value>
        <value>121</value>
        <value>140</value>
        <value>149</value>
        <value>159</value>
        <value>159</value>
        <value>234</value>
      </values>
      <score>45.4</score>
    </agent>
    <agent>
      <ID>76</ID>
      <userName>kaplan6</userName>
      <strategy>KAPLAN</strategy>
      <values>
        <value>65</value>
        <value>73</value>
        <value>104</value>
        <value>111</value>
        <value>138</value>
        <value>194</value>
        <value>215</value>
        <value>226</value>
        <value>239</value>
        <value>244</value>
      </values>
      <score>44.6</score>
    </agent>
    <agent>
      <ID>77</ID>
      <userName>kaplan7</userName>
      <strategy>KAPLAN</strategy>
      <values>
        <value>225</value>
        <value>223</value>
        <value>218</value>
        <value>214</value>
        <value>172</value>
        <value>121</value>
        <value>115</value>
        <value>102</value>
        <value>88</value>
        <value>81</value>
      </values>
      <score>32.4</score>
    </agent>
    <agent>
      <ID>78</ID>
      <userName>kaplan8</userName>
      <strategy>KAPLAN</strategy>
      <values>
        <value>249</value>
        <value>218</value>
        <value>214</value>
        <value>213</value>
        <value>194</value>
        <value>173</value>
        <value>134</value>
        <value>111</value>
        <value>79</value>
        <value>77</value>
      </values>
      <score>38.4</score>
    </agent>
    <agent>
      <ID>79</ID>
      <userName>kaplan9</userName>
      <strategy>KAPLAN</strategy>
      <values>
        <value>255</value>
        <value>249</value>
        <value>239</value>
        <value>233</value>
        <value>127</value>
        <value>120</value>
        <value>104</value>
        <value>100</value>
        <value>82</value>
        <value>62</value>
      </values>
      <score>80.6</score>
    </agent>
    <agent>
      <ID>72</ID>
      <userName>kaplan2</userName>
      <strategy>KAPLAN</strategy>
      <values>
        <value>62</value>
        <value>71</value>
        <value>77</value>
        <value>89</value>
        <value>125</value>
        <value>141</value>
        <value>156</value>
        <value>201</value>
        <value>236</value>
        <value>249</value>
      </values>
      <score>157.8</score>
    </agent>
    <agent>
      <ID>73</ID>
      <userName>kaplan3</userName>
      <strategy>KAPLAN</strategy>
      <values>
        <value>62</value>
        <value>70</value>
        <value>83</value>
        <value>87</value>
        <value>126</value>
        <value>181</value>
        <value>188</value>
        <value>205</value>
        <value>215</value>
        <value>234</value>
      </values>
      <score>55.4</score>
    </agent>
    <agent>
      <ID>74</ID>
      <userName>kaplan4</userName>
      <strategy>KAPLAN</strategy>
      <values>
        <value>78</value>
        <value>98</value>
        <value>136</value>
        <value>151</value>
        <value>158</value>
        <value>186</value>
        <value>198</value>
        <value>231</value>
        <value>242</value>
        <value>257</value>
      </values>
      <score>22.6</score>
    </agent>
    <agent>
      <ID>75</ID>
      <userName>kaplan5</userName>
      <strategy>KAPLAN</strategy>
      <values>
        <value>78</value>
        <value>82</value>
        <value>82</value>
        <value>91</value>
        <value>96</value>
        <value>99</value>
        <value>107</value>
        <value>118</value>
        <value>151</value>
        <value>218</value>
      </values>
      <score>30.4</score>
    </agent>
    <agent>
      <ID>81</ID>
      <userName>kaplan11</userName>
      <strategy>KAPLAN</strategy>
      <values>
        <value>236</value>
        <value>222</value>
        <value>203</value>
        <value>190</value>
        <value>176</value>
        <value>154</value>
        <value>103</value>
        <value>103</value>
        <value>91</value>
        <value>74</value>
      </values>
      <score>35.4</score>
    </agent>
    <agent>
      <ID>80</ID>
      <userName>kaplan10</userName>
      <strategy>KAPLAN</strategy>
      <values>
        <value>253</value>
        <value>206</value>
        <value>204</value>
        <value>197</value>
        <value>172</value>
        <value>145</value>
        <value>132</value>
        <value>129</value>
        <value>98</value>
        <value>64</value>
      </values>
      <score>90.0</score>
    </agent>
    <agent>
      <ID>82</ID>
      <userName>kaplan12</userName>
      <strategy>KAPLAN</strategy>
      <values>
        <value>257</value>
        <value>250</value>
        <value>156</value>
        <value>131</value>
        <value>125</value>
        <value>116</value>
        <value>109</value>
        <value>88</value>
        <value>75</value>
        <value>74</value>
      </values>
      <score>103.0</score>
    </agent>
    <agent>
      <ID>93</ID>
      <userName>gd3</userName>
      <strategy>GD</strategy>
      <values>
        <value>258</value>
        <value>176</value>
        <value>171</value>
        <value>162</value>
        <value>161</value>
        <value>155</value>
        <value>134</value>
        <value>114</value>
        <value>83</value>
        <value>66</value>
      </values>
      <score>158.2</score>
    </agent>
    <agent>
      <ID>92</ID>
      <userName>gd2</userName>
      <strategy>GD</strategy>
      <values>
        <value>97</value>
        <value>102</value>
        <value>134</value>
        <value>161</value>
        <value>185</value>
        <value>229</value>
        <value>232</value>
        <value>234</value>
        <value>245</value>
        <value>258</value>
      </values>
      <score>134.2</score>
    </agent>
    <agent>
      <ID>94</ID>
      <userName>gd4</userName>
      <strategy>GD</strategy>
      <values>
        <value>251</value>
        <value>233</value>
        <value>223</value>
        <value>216</value>
        <value>210</value>
        <value>200</value>
        <value>187</value>
        <value>128</value>
        <value>78</value>
        <value>67</value>
      </values>
      <score>396.4</score>
    </agent>
    <agent>
      <ID>91</ID>
      <userName>gd1</userName>
      <strategy>GD</strategy>
      <values>
        <value>62</value>
        <value>73</value>
        <value>76</value>
        <value>78</value>
        <value>160</value>
        <value>179</value>
        <value>192</value>
        <value>199</value>
        <value>234</value>
        <value>244</value>
      </values>
      <score>316.2</score>
    </agent>
  </scores>
</results>

