<results>
  <transactions>
    <repetition>
      <id>1</id>
      <transaction>
        <timestamp>1333595387076</timestamp>
        <buyerID>122</buyerID>
        <sellerID>111</sellerID>
        <price>217</price>
      </transaction>
      <transaction>
        <timestamp>1333595387874</timestamp>
        <buyerID>119</buyerID>
        <sellerID>116</sellerID>
        <price>216</price>
      </transaction>
      <transaction>
        <timestamp>1333595388090</timestamp>
        <buyerID>118</buyerID>
        <sellerID>113</sellerID>
        <price>217</price>
      </transaction>
      <transaction>
        <timestamp>1333595388313</timestamp>
        <buyerID>121</buyerID>
        <sellerID>113</sellerID>
        <price>216</price>
      </transaction>
      <transaction>
        <timestamp>1333595388517</timestamp>
        <buyerID>122</buyerID>
        <sellerID>114</sellerID>
        <price>216</price>
      </transaction>
      <transaction>
        <timestamp>1333595388741</timestamp>
        <buyerID>117</buyerID>
        <sellerID>116</sellerID>
        <price>217</price>
      </transaction>
      <transaction>
        <timestamp>1333595389237</timestamp>
        <buyerID>120</buyerID>
        <sellerID>115</sellerID>
        <price>216</price>
      </transaction>
      <transaction>
        <timestamp>1333595389474</timestamp>
        <buyerID>117</buyerID>
        <sellerID>112</sellerID>
        <price>216</price>
      </transaction>
      <transaction>
        <timestamp>1333595390007</timestamp>
        <buyerID>118</buyerID>
        <sellerID>116</sellerID>
        <price>214</price>
      </transaction>
      <transaction>
        <timestamp>1333595390323</timestamp>
        <buyerID>118</buyerID>
        <sellerID>111</sellerID>
        <price>215</price>
      </transaction>
      <transaction>
        <timestamp>1333595390482</timestamp>
        <buyerID>119</buyerID>
        <sellerID>113</sellerID>
        <price>214</price>
      </transaction>
      <transaction>
        <timestamp>1333595392557</timestamp>
        <buyerID>117</buyerID>
        <sellerID>114</sellerID>
        <price>206</price>
      </transaction>
      <transaction>
        <timestamp>1333595392766</timestamp>
        <buyerID>118</buyerID>
        <sellerID>115</sellerID>
        <price>205</price>
      </transaction>
      <transaction>
        <timestamp>1333595393032</timestamp>
        <buyerID>120</buyerID>
        <sellerID>112</sellerID>
        <price>205</price>
      </transaction>
      <transaction>
        <timestamp>1333595393207</timestamp>
        <buyerID>117</buyerID>
        <sellerID>111</sellerID>
        <price>204</price>
      </transaction>
      <transaction>
        <timestamp>1333595394101</timestamp>
        <buyerID>117</buyerID>
        <sellerID>114</sellerID>
        <price>201</price>
      </transaction>
      <transaction>
        <timestamp>1333595395940</timestamp>
        <buyerID>117</buyerID>
        <sellerID>112</sellerID>
        <price>190</price>
      </transaction>
      <transaction>
        <timestamp>1333595396247</timestamp>
        <buyerID>120</buyerID>
        <sellerID>116</sellerID>
        <price>188</price>
      </transaction>
      <transaction>
        <timestamp>1333595396613</timestamp>
        <buyerID>119</buyerID>
        <sellerID>116</sellerID>
        <price>188</price>
      </transaction>
      <transaction>
        <timestamp>1333595396787</timestamp>
        <buyerID>117</buyerID>
        <sellerID>113</sellerID>
        <price>188</price>
      </transaction>
      <transaction>
        <timestamp>1333595398312</timestamp>
        <buyerID>117</buyerID>
        <sellerID>112</sellerID>
        <price>182</price>
      </transaction>
      <transaction>
        <timestamp>1333595398530</timestamp>
        <buyerID>120</buyerID>
        <sellerID>111</sellerID>
        <price>181</price>
      </transaction>
      <transaction>
        <timestamp>1333595398955</timestamp>
        <buyerID>118</buyerID>
        <sellerID>113</sellerID>
        <price>181</price>
      </transaction>
      <transaction>
        <timestamp>1333595399113</timestamp>
        <buyerID>117</buyerID>
        <sellerID>112</sellerID>
        <price>181</price>
      </transaction>
      <transaction>
        <timestamp>1333595401236</timestamp>
        <buyerID>120</buyerID>
        <sellerID>115</sellerID>
        <price>175</price>
      </transaction>
      <transaction>
        <timestamp>1333595401427</timestamp>
        <buyerID>122</buyerID>
        <sellerID>114</sellerID>
        <price>174</price>
      </transaction>
      <transaction>
        <timestamp>1333595402725</timestamp>
        <buyerID>119</buyerID>
        <sellerID>111</sellerID>
        <price>171</price>
      </transaction>
      <transaction>
        <timestamp>1333595402806</timestamp>
        <buyerID>121</buyerID>
        <sellerID>113</sellerID>
        <price>171</price>
      </transaction>
      <transaction>
        <timestamp>1333595405684</timestamp>
        <buyerID>122</buyerID>
        <sellerID>115</sellerID>
        <price>166</price>
      </transaction>
      <transaction>
        <timestamp>1333595493905</timestamp>
        <buyerID>119</buyerID>
        <sellerID>71</sellerID>
        <price>61</price>
      </transaction>
      <transaction>
        <timestamp>1333595496924</timestamp>
        <buyerID>73</buyerID>
        <sellerID>115</sellerID>
        <price>165</price>
      </transaction>
      <transaction>
        <timestamp>1333595497585</timestamp>
        <buyerID>74</buyerID>
        <sellerID>111</sellerID>
        <price>165</price>
      </transaction>
      <transaction>
        <timestamp>1333595497614</timestamp>
        <buyerID>73</buyerID>
        <sellerID>114</sellerID>
        <price>165</price>
      </transaction>
      <transaction>
        <timestamp>1333595498353</timestamp>
        <buyerID>74</buyerID>
        <sellerID>114</sellerID>
        <price>165</price>
      </transaction>
      <transaction>
        <timestamp>1333595498488</timestamp>
        <buyerID>73</buyerID>
        <sellerID>115</sellerID>
        <price>165</price>
      </transaction>
      <transaction>
        <timestamp>1333595499089</timestamp>
        <buyerID>73</buyerID>
        <sellerID>112</sellerID>
        <price>165</price>
      </transaction>
      <transaction>
        <timestamp>1333595499098</timestamp>
        <buyerID>122</buyerID>
        <sellerID>71</sellerID>
        <price>140</price>
      </transaction>
      <transaction>
        <timestamp>1333595499143</timestamp>
        <buyerID>74</buyerID>
        <sellerID>114</sellerID>
        <price>165</price>
      </transaction>
      <transaction>
        <timestamp>1333595499243</timestamp>
        <buyerID>118</buyerID>
        <sellerID>72</sellerID>
        <price>139</price>
      </transaction>
      <transaction>
        <timestamp>1333595499880</timestamp>
        <buyerID>118</buyerID>
        <sellerID>72</sellerID>
        <price>138</price>
      </transaction>
      <transaction>
        <timestamp>1333595499963</timestamp>
        <buyerID>122</buyerID>
        <sellerID>71</sellerID>
        <price>138</price>
      </transaction>
      <transaction>
        <timestamp>1333595500720</timestamp>
        <buyerID>121</buyerID>
        <sellerID>71</sellerID>
        <price>138</price>
      </transaction>
      <transaction>
        <timestamp>1333595502175</timestamp>
        <buyerID>74</buyerID>
        <sellerID>112</sellerID>
        <price>147</price>
      </transaction>
    </repetition>
    <repetition>
      <id>2</id>
      <transaction>
        <timestamp>1333595513065</timestamp>
        <buyerID>119</buyerID>
        <sellerID>116</sellerID>
        <price>218</price>
      </transaction>
      <transaction>
        <timestamp>1333595513547</timestamp>
        <buyerID>117</buyerID>
        <sellerID>112</sellerID>
        <price>218</price>
      </transaction>
      <transaction>
        <timestamp>1333595513669</timestamp>
        <buyerID>121</buyerID>
        <sellerID>111</sellerID>
        <price>218</price>
      </transaction>
      <transaction>
        <timestamp>1333595514025</timestamp>
        <buyerID>118</buyerID>
        <sellerID>115</sellerID>
        <price>218</price>
      </transaction>
      <transaction>
        <timestamp>1333595514166</timestamp>
        <buyerID>120</buyerID>
        <sellerID>113</sellerID>
        <price>217</price>
      </transaction>
      <transaction>
        <timestamp>1333595514279</timestamp>
        <buyerID>122</buyerID>
        <sellerID>114</sellerID>
        <price>217</price>
      </transaction>
      <transaction>
        <timestamp>1333595516515</timestamp>
        <buyerID>117</buyerID>
        <sellerID>71</sellerID>
        <price>204</price>
      </transaction>
      <transaction>
        <timestamp>1333595517206</timestamp>
        <buyerID>74</buyerID>
        <sellerID>111</sellerID>
        <price>210</price>
      </transaction>
      <transaction>
        <timestamp>1333595517776</timestamp>
        <buyerID>122</buyerID>
        <sellerID>111</sellerID>
        <price>207</price>
      </transaction>
      <transaction>
        <timestamp>1333595517868</timestamp>
        <buyerID>118</buyerID>
        <sellerID>72</sellerID>
        <price>206</price>
      </transaction>
      <transaction>
        <timestamp>1333595518331</timestamp>
        <buyerID>119</buyerID>
        <sellerID>71</sellerID>
        <price>206</price>
      </transaction>
      <transaction>
        <timestamp>1333595518337</timestamp>
        <buyerID>73</buyerID>
        <sellerID>116</sellerID>
        <price>207</price>
      </transaction>
      <transaction>
        <timestamp>1333595518345</timestamp>
        <buyerID>117</buyerID>
        <sellerID>71</sellerID>
        <price>206</price>
      </transaction>
      <transaction>
        <timestamp>1333595518605</timestamp>
        <buyerID>117</buyerID>
        <sellerID>72</sellerID>
        <price>206</price>
      </transaction>
      <transaction>
        <timestamp>1333595518782</timestamp>
        <buyerID>120</buyerID>
        <sellerID>112</sellerID>
        <price>205</price>
      </transaction>
      <transaction>
        <timestamp>1333595519034</timestamp>
        <buyerID>118</buyerID>
        <sellerID>114</sellerID>
        <price>205</price>
      </transaction>
      <transaction>
        <timestamp>1333595520035</timestamp>
        <buyerID>117</buyerID>
        <sellerID>72</sellerID>
        <price>196</price>
      </transaction>
      <transaction>
        <timestamp>1333595520553</timestamp>
        <buyerID>74</buyerID>
        <sellerID>115</sellerID>
        <price>198</price>
      </transaction>
      <transaction>
        <timestamp>1333595521058</timestamp>
        <buyerID>118</buyerID>
        <sellerID>72</sellerID>
        <price>196</price>
      </transaction>
      <transaction>
        <timestamp>1333595521257</timestamp>
        <buyerID>117</buyerID>
        <sellerID>116</sellerID>
        <price>196</price>
      </transaction>
      <transaction>
        <timestamp>1333595521438</timestamp>
        <buyerID>117</buyerID>
        <sellerID>72</sellerID>
        <price>195</price>
      </transaction>
      <transaction>
        <timestamp>1333595522451</timestamp>
        <buyerID>73</buyerID>
        <sellerID>116</sellerID>
        <price>190</price>
      </transaction>
      <transaction>
        <timestamp>1333595522456</timestamp>
        <buyerID>117</buyerID>
        <sellerID>71</sellerID>
        <price>189</price>
      </transaction>
      <transaction>
        <timestamp>1333595522737</timestamp>
        <buyerID>117</buyerID>
        <sellerID>111</sellerID>
        <price>189</price>
      </transaction>
      <transaction>
        <timestamp>1333595522820</timestamp>
        <buyerID>119</buyerID>
        <sellerID>115</sellerID>
        <price>189</price>
      </transaction>
      <transaction>
        <timestamp>1333595524527</timestamp>
        <buyerID>120</buyerID>
        <sellerID>71</sellerID>
        <price>180</price>
      </transaction>
      <transaction>
        <timestamp>1333595524825</timestamp>
        <buyerID>74</buyerID>
        <sellerID>71</sellerID>
        <price>180</price>
      </transaction>
      <transaction>
        <timestamp>1333595524991</timestamp>
        <buyerID>120</buyerID>
        <sellerID>113</sellerID>
        <price>179</price>
      </transaction>
      <transaction>
        <timestamp>1333595525270</timestamp>
        <buyerID>118</buyerID>
        <sellerID>115</sellerID>
        <price>177</price>
      </transaction>
      <transaction>
        <timestamp>1333595525482</timestamp>
        <buyerID>122</buyerID>
        <sellerID>112</sellerID>
        <price>177</price>
      </transaction>
      <transaction>
        <timestamp>1333595525768</timestamp>
        <buyerID>120</buyerID>
        <sellerID>116</sellerID>
        <price>177</price>
      </transaction>
      <transaction>
        <timestamp>1333595527421</timestamp>
        <buyerID>73</buyerID>
        <sellerID>112</sellerID>
        <price>171</price>
      </transaction>
      <transaction>
        <timestamp>1333595528236</timestamp>
        <buyerID>73</buyerID>
        <sellerID>113</sellerID>
        <price>169</price>
      </transaction>
      <transaction>
        <timestamp>1333595528308</timestamp>
        <buyerID>119</buyerID>
        <sellerID>111</sellerID>
        <price>169</price>
      </transaction>
      <transaction>
        <timestamp>1333595528633</timestamp>
        <buyerID>121</buyerID>
        <sellerID>113</sellerID>
        <price>168</price>
      </transaction>
      <transaction>
        <timestamp>1333595529621</timestamp>
        <buyerID>122</buyerID>
        <sellerID>114</sellerID>
        <price>167</price>
      </transaction>
    </repetition>
    <repetition>
      <id>3</id>
      <transaction>
        <timestamp>1333595640493</timestamp>
        <buyerID>119</buyerID>
        <sellerID>114</sellerID>
        <price>166</price>
      </transaction>
      <transaction>
        <timestamp>1333595641451</timestamp>
        <buyerID>117</buyerID>
        <sellerID>112</sellerID>
        <price>171</price>
      </transaction>
      <transaction>
        <timestamp>1333595641703</timestamp>
        <buyerID>118</buyerID>
        <sellerID>116</sellerID>
        <price>170</price>
      </transaction>
      <transaction>
        <timestamp>1333595641839</timestamp>
        <buyerID>74</buyerID>
        <sellerID>111</sellerID>
        <price>170</price>
      </transaction>
      <transaction>
        <timestamp>1333595641947</timestamp>
        <buyerID>73</buyerID>
        <sellerID>113</sellerID>
        <price>174</price>
      </transaction>
      <transaction>
        <timestamp>1333595642078</timestamp>
        <buyerID>117</buyerID>
        <sellerID>72</sellerID>
        <price>170</price>
      </transaction>
      <transaction>
        <timestamp>1333595642179</timestamp>
        <buyerID>121</buyerID>
        <sellerID>71</sellerID>
        <price>169</price>
      </transaction>
      <transaction>
        <timestamp>1333595642948</timestamp>
        <buyerID>120</buyerID>
        <sellerID>115</sellerID>
        <price>170</price>
      </transaction>
      <transaction>
        <timestamp>1333595643056</timestamp>
        <buyerID>73</buyerID>
        <sellerID>114</sellerID>
        <price>171</price>
      </transaction>
      <transaction>
        <timestamp>1333595643152</timestamp>
        <buyerID>74</buyerID>
        <sellerID>113</sellerID>
        <price>173</price>
      </transaction>
      <transaction>
        <timestamp>1333595643379</timestamp>
        <buyerID>117</buyerID>
        <sellerID>111</sellerID>
        <price>171</price>
      </transaction>
      <transaction>
        <timestamp>1333595643503</timestamp>
        <buyerID>74</buyerID>
        <sellerID>112</sellerID>
        <price>171</price>
      </transaction>
      <transaction>
        <timestamp>1333595643605</timestamp>
        <buyerID>73</buyerID>
        <sellerID>113</sellerID>
        <price>171</price>
      </transaction>
      <transaction>
        <timestamp>1333595643713</timestamp>
        <buyerID>121</buyerID>
        <sellerID>71</sellerID>
        <price>170</price>
      </transaction>
      <transaction>
        <timestamp>1333595643926</timestamp>
        <buyerID>122</buyerID>
        <sellerID>114</sellerID>
        <price>171</price>
      </transaction>
      <transaction>
        <timestamp>1333595644784</timestamp>
        <buyerID>117</buyerID>
        <sellerID>111</sellerID>
        <price>173</price>
      </transaction>
      <transaction>
        <timestamp>1333595644967</timestamp>
        <buyerID>118</buyerID>
        <sellerID>111</sellerID>
        <price>172</price>
      </transaction>
      <transaction>
        <timestamp>1333595645159</timestamp>
        <buyerID>120</buyerID>
        <sellerID>113</sellerID>
        <price>171</price>
      </transaction>
      <transaction>
        <timestamp>1333595645264</timestamp>
        <buyerID>119</buyerID>
        <sellerID>115</sellerID>
        <price>170</price>
      </transaction>
      <transaction>
        <timestamp>1333595645597</timestamp>
        <buyerID>120</buyerID>
        <sellerID>72</sellerID>
        <price>171</price>
      </transaction>
      <transaction>
        <timestamp>1333595645600</timestamp>
        <buyerID>122</buyerID>
        <sellerID>71</sellerID>
        <price>170</price>
      </transaction>
      <transaction>
        <timestamp>1333595645683</timestamp>
        <buyerID>119</buyerID>
        <sellerID>72</sellerID>
        <price>169</price>
      </transaction>
      <transaction>
        <timestamp>1333595646031</timestamp>
        <buyerID>73</buyerID>
        <sellerID>113</sellerID>
        <price>170</price>
      </transaction>
      <transaction>
        <timestamp>1333595646225</timestamp>
        <buyerID>117</buyerID>
        <sellerID>116</sellerID>
        <price>170</price>
      </transaction>
      <transaction>
        <timestamp>1333595646384</timestamp>
        <buyerID>118</buyerID>
        <sellerID>112</sellerID>
        <price>169</price>
      </transaction>
      <transaction>
        <timestamp>1333595646775</timestamp>
        <buyerID>122</buyerID>
        <sellerID>115</sellerID>
        <price>169</price>
      </transaction>
      <transaction>
        <timestamp>1333595646894</timestamp>
        <buyerID>120</buyerID>
        <sellerID>114</sellerID>
        <price>169</price>
      </transaction>
      <transaction>
        <timestamp>1333595646906</timestamp>
        <buyerID>119</buyerID>
        <sellerID>72</sellerID>
        <price>168</price>
      </transaction>
      <transaction>
        <timestamp>1333595647138</timestamp>
        <buyerID>117</buyerID>
        <sellerID>116</sellerID>
        <price>169</price>
      </transaction>
      <transaction>
        <timestamp>1333595647271</timestamp>
        <buyerID>118</buyerID>
        <sellerID>112</sellerID>
        <price>168</price>
      </transaction>
      <transaction>
        <timestamp>1333595647691</timestamp>
        <buyerID>122</buyerID>
        <sellerID>115</sellerID>
        <price>167</price>
      </transaction>
      <transaction>
        <timestamp>1333595647787</timestamp>
        <buyerID>120</buyerID>
        <sellerID>114</sellerID>
        <price>167</price>
      </transaction>
      <transaction>
        <timestamp>1333595647885</timestamp>
        <buyerID>117</buyerID>
        <sellerID>113</sellerID>
        <price>168</price>
      </transaction>
      <transaction>
        <timestamp>1333595648018</timestamp>
        <buyerID>118</buyerID>
        <sellerID>116</sellerID>
        <price>167</price>
      </transaction>
      <transaction>
        <timestamp>1333595648167</timestamp>
        <buyerID>117</buyerID>
        <sellerID>112</sellerID>
        <price>166</price>
      </transaction>
      <transaction>
        <timestamp>1333595648640</timestamp>
        <buyerID>117</buyerID>
        <sellerID>115</sellerID>
        <price>166</price>
      </transaction>
    </repetition>
    <repetition>
      <id>4</id>
      <transaction>
        <timestamp>1333595768163</timestamp>
        <buyerID>121</buyerID>
        <sellerID>115</sellerID>
        <price>165</price>
      </transaction>
      <transaction>
        <timestamp>1333595768415</timestamp>
        <buyerID>117</buyerID>
        <sellerID>111</sellerID>
        <price>165</price>
      </transaction>
      <transaction>
        <timestamp>1333595768797</timestamp>
        <buyerID>118</buyerID>
        <sellerID>112</sellerID>
        <price>166</price>
      </transaction>
      <transaction>
        <timestamp>1333595768893</timestamp>
        <buyerID>119</buyerID>
        <sellerID>116</sellerID>
        <price>166</price>
      </transaction>
      <transaction>
        <timestamp>1333595769134</timestamp>
        <buyerID>120</buyerID>
        <sellerID>114</sellerID>
        <price>167</price>
      </transaction>
      <transaction>
        <timestamp>1333595769339</timestamp>
        <buyerID>122</buyerID>
        <sellerID>114</sellerID>
        <price>167</price>
      </transaction>
      <transaction>
        <timestamp>1333595769431</timestamp>
        <buyerID>120</buyerID>
        <sellerID>72</sellerID>
        <price>167</price>
      </transaction>
      <transaction>
        <timestamp>1333595769676</timestamp>
        <buyerID>119</buyerID>
        <sellerID>113</sellerID>
        <price>167</price>
      </transaction>
      <transaction>
        <timestamp>1333595771299</timestamp>
        <buyerID>117</buyerID>
        <sellerID>111</sellerID>
        <price>167</price>
      </transaction>
      <transaction>
        <timestamp>1333595771410</timestamp>
        <buyerID>73</buyerID>
        <sellerID>113</sellerID>
        <price>167</price>
      </transaction>
      <transaction>
        <timestamp>1333595771639</timestamp>
        <buyerID>121</buyerID>
        <sellerID>116</sellerID>
        <price>166</price>
      </transaction>
      <transaction>
        <timestamp>1333595771745</timestamp>
        <buyerID>74</buyerID>
        <sellerID>112</sellerID>
        <price>167</price>
      </transaction>
      <transaction>
        <timestamp>1333595772078</timestamp>
        <buyerID>120</buyerID>
        <sellerID>72</sellerID>
        <price>167</price>
      </transaction>
      <transaction>
        <timestamp>1333595772153</timestamp>
        <buyerID>74</buyerID>
        <sellerID>114</sellerID>
        <price>168</price>
      </transaction>
      <transaction>
        <timestamp>1333595772330</timestamp>
        <buyerID>73</buyerID>
        <sellerID>112</sellerID>
        <price>168</price>
      </transaction>
      <transaction>
        <timestamp>1333595772437</timestamp>
        <buyerID>122</buyerID>
        <sellerID>71</sellerID>
        <price>167</price>
      </transaction>
      <transaction>
        <timestamp>1333595772539</timestamp>
        <buyerID>120</buyerID>
        <sellerID>111</sellerID>
        <price>167</price>
      </transaction>
      <transaction>
        <timestamp>1333595772633</timestamp>
        <buyerID>119</buyerID>
        <sellerID>115</sellerID>
        <price>167</price>
      </transaction>
      <transaction>
        <timestamp>1333595772714</timestamp>
        <buyerID>118</buyerID>
        <sellerID>111</sellerID>
        <price>166</price>
      </transaction>
      <transaction>
        <timestamp>1333595772942</timestamp>
        <buyerID>117</buyerID>
        <sellerID>113</sellerID>
        <price>166</price>
      </transaction>
      <transaction>
        <timestamp>1333595773261</timestamp>
        <buyerID>73</buyerID>
        <sellerID>116</sellerID>
        <price>168</price>
      </transaction>
      <transaction>
        <timestamp>1333595773488</timestamp>
        <buyerID>118</buyerID>
        <sellerID>114</sellerID>
        <price>166</price>
      </transaction>
      <transaction>
        <timestamp>1333595773605</timestamp>
        <buyerID>122</buyerID>
        <sellerID>114</sellerID>
        <price>166</price>
      </transaction>
      <transaction>
        <timestamp>1333595773923</timestamp>
        <buyerID>119</buyerID>
        <sellerID>115</sellerID>
        <price>166</price>
      </transaction>
      <transaction>
        <timestamp>1333595774107</timestamp>
        <buyerID>117</buyerID>
        <sellerID>111</sellerID>
        <price>166</price>
      </transaction>
      <transaction>
        <timestamp>1333595774333</timestamp>
        <buyerID>118</buyerID>
        <sellerID>113</sellerID>
        <price>166</price>
      </transaction>
      <transaction>
        <timestamp>1333595774392</timestamp>
        <buyerID>120</buyerID>
        <sellerID>116</sellerID>
        <price>166</price>
      </transaction>
      <transaction>
        <timestamp>1333595774489</timestamp>
        <buyerID>122</buyerID>
        <sellerID>114</sellerID>
        <price>166</price>
      </transaction>
      <transaction>
        <timestamp>1333595774999</timestamp>
        <buyerID>117</buyerID>
        <sellerID>115</sellerID>
        <price>165</price>
      </transaction>
      <transaction>
        <timestamp>1333595775053</timestamp>
        <buyerID>73</buyerID>
        <sellerID>111</sellerID>
        <price>165</price>
      </transaction>
      <transaction>
        <timestamp>1333595775165</timestamp>
        <buyerID>118</buyerID>
        <sellerID>114</sellerID>
        <price>166</price>
      </transaction>
      <transaction>
        <timestamp>1333595775603</timestamp>
        <buyerID>117</buyerID>
        <sellerID>113</sellerID>
        <price>166</price>
      </transaction>
      <transaction>
        <timestamp>1333595776323</timestamp>
        <buyerID>117</buyerID>
        <sellerID>112</sellerID>
        <price>165</price>
      </transaction>
      <transaction>
        <timestamp>1333595776430</timestamp>
        <buyerID>74</buyerID>
        <sellerID>115</sellerID>
        <price>165</price>
      </transaction>
      <transaction>
        <timestamp>1333595776736</timestamp>
        <buyerID>117</buyerID>
        <sellerID>112</sellerID>
        <price>165</price>
      </transaction>
      <transaction>
        <timestamp>1333595777343</timestamp>
        <buyerID>117</buyerID>
        <sellerID>112</sellerID>
        <price>165</price>
      </transaction>
    </repetition>
    <repetition>
      <id>5</id>
      <transaction>
        <timestamp>1333595895776</timestamp>
        <buyerID>117</buyerID>
        <sellerID>115</sellerID>
        <price>164</price>
      </transaction>
      <transaction>
        <timestamp>1333595896009</timestamp>
        <buyerID>120</buyerID>
        <sellerID>112</sellerID>
        <price>164</price>
      </transaction>
      <transaction>
        <timestamp>1333595896225</timestamp>
        <buyerID>121</buyerID>
        <sellerID>116</sellerID>
        <price>164</price>
      </transaction>
      <transaction>
        <timestamp>1333595896343</timestamp>
        <buyerID>122</buyerID>
        <sellerID>113</sellerID>
        <price>165</price>
      </transaction>
      <transaction>
        <timestamp>1333595896443</timestamp>
        <buyerID>119</buyerID>
        <sellerID>114</sellerID>
        <price>165</price>
      </transaction>
      <transaction>
        <timestamp>1333595896947</timestamp>
        <buyerID>118</buyerID>
        <sellerID>111</sellerID>
        <price>167</price>
      </transaction>
      <transaction>
        <timestamp>1333595897401</timestamp>
        <buyerID>119</buyerID>
        <sellerID>114</sellerID>
        <price>168</price>
      </transaction>
      <transaction>
        <timestamp>1333595897624</timestamp>
        <buyerID>122</buyerID>
        <sellerID>116</sellerID>
        <price>168</price>
      </transaction>
      <transaction>
        <timestamp>1333595897863</timestamp>
        <buyerID>121</buyerID>
        <sellerID>112</sellerID>
        <price>168</price>
      </transaction>
      <transaction>
        <timestamp>1333595898068</timestamp>
        <buyerID>120</buyerID>
        <sellerID>116</sellerID>
        <price>168</price>
      </transaction>
      <transaction>
        <timestamp>1333595898192</timestamp>
        <buyerID>117</buyerID>
        <sellerID>113</sellerID>
        <price>168</price>
      </transaction>
      <transaction>
        <timestamp>1333595898301</timestamp>
        <buyerID>118</buyerID>
        <sellerID>114</sellerID>
        <price>167</price>
      </transaction>
      <transaction>
        <timestamp>1333595898691</timestamp>
        <buyerID>119</buyerID>
        <sellerID>114</sellerID>
        <price>167</price>
      </transaction>
      <transaction>
        <timestamp>1333595899193</timestamp>
        <buyerID>120</buyerID>
        <sellerID>113</sellerID>
        <price>167</price>
      </transaction>
      <transaction>
        <timestamp>1333595899406</timestamp>
        <buyerID>117</buyerID>
        <sellerID>112</sellerID>
        <price>167</price>
      </transaction>
      <transaction>
        <timestamp>1333595899579</timestamp>
        <buyerID>117</buyerID>
        <sellerID>115</sellerID>
        <price>167</price>
      </transaction>
      <transaction>
        <timestamp>1333595899587</timestamp>
        <buyerID>122</buyerID>
        <sellerID>71</sellerID>
        <price>166</price>
      </transaction>
      <transaction>
        <timestamp>1333595899894</timestamp>
        <buyerID>122</buyerID>
        <sellerID>116</sellerID>
        <price>166</price>
      </transaction>
      <transaction>
        <timestamp>1333595900086</timestamp>
        <buyerID>118</buyerID>
        <sellerID>114</sellerID>
        <price>166</price>
      </transaction>
      <transaction>
        <timestamp>1333595900273</timestamp>
        <buyerID>120</buyerID>
        <sellerID>111</sellerID>
        <price>167</price>
      </transaction>
      <transaction>
        <timestamp>1333595900279</timestamp>
        <buyerID>74</buyerID>
        <sellerID>114</sellerID>
        <price>167</price>
      </transaction>
      <transaction>
        <timestamp>1333595900537</timestamp>
        <buyerID>119</buyerID>
        <sellerID>71</sellerID>
        <price>166</price>
      </transaction>
      <transaction>
        <timestamp>1333595900762</timestamp>
        <buyerID>117</buyerID>
        <sellerID>112</sellerID>
        <price>166</price>
      </transaction>
      <transaction>
        <timestamp>1333595900878</timestamp>
        <buyerID>73</buyerID>
        <sellerID>113</sellerID>
        <price>167</price>
      </transaction>
      <transaction>
        <timestamp>1333595900897</timestamp>
        <buyerID>117</buyerID>
        <sellerID>72</sellerID>
        <price>166</price>
      </transaction>
      <transaction>
        <timestamp>1333595900908</timestamp>
        <buyerID>74</buyerID>
        <sellerID>116</sellerID>
        <price>167</price>
      </transaction>
      <transaction>
        <timestamp>1333595901359</timestamp>
        <buyerID>74</buyerID>
        <sellerID>111</sellerID>
        <price>167</price>
      </transaction>
      <transaction>
        <timestamp>1333595901371</timestamp>
        <buyerID>120</buyerID>
        <sellerID>72</sellerID>
        <price>166</price>
      </transaction>
      <transaction>
        <timestamp>1333595901434</timestamp>
        <buyerID>73</buyerID>
        <sellerID>114</sellerID>
        <price>167</price>
      </transaction>
      <transaction>
        <timestamp>1333595901688</timestamp>
        <buyerID>117</buyerID>
        <sellerID>112</sellerID>
        <price>166</price>
      </transaction>
      <transaction>
        <timestamp>1333595901861</timestamp>
        <buyerID>73</buyerID>
        <sellerID>113</sellerID>
        <price>167</price>
      </transaction>
      <transaction>
        <timestamp>1333595902199</timestamp>
        <buyerID>118</buyerID>
        <sellerID>111</sellerID>
        <price>166</price>
      </transaction>
      <transaction>
        <timestamp>1333595902376</timestamp>
        <buyerID>118</buyerID>
        <sellerID>72</sellerID>
        <price>166</price>
      </transaction>
      <transaction>
        <timestamp>1333595902555</timestamp>
        <buyerID>117</buyerID>
        <sellerID>115</sellerID>
        <price>166</price>
      </transaction>
      <transaction>
        <timestamp>1333595902617</timestamp>
        <buyerID>117</buyerID>
        <sellerID>112</sellerID>
        <price>166</price>
      </transaction>
      <transaction>
        <timestamp>1333596006871</timestamp>
        <buyerID>73</buyerID>
        <sellerID>111</sellerID>
        <price>166</price>
      </transaction>
    </repetition>
  </transactions>
  <scores>
    <agent>
      <ID>71</ID>
      <userName>kaplan1</userName>
      <strategy>KAPLAN</strategy>
      <values>
        <value>61</value>
        <value>75</value>
        <value>92</value>
        <value>102</value>
        <value>140</value>
        <value>145</value>
        <value>168</value>
        <value>190</value>
        <value>205</value>
        <value>245</value>
      </values>
      <score>256.0</score>
    </agent>
    <agent>
      <ID>111</ID>
      <userName>gdx1</userName>
      <strategy>GDX</strategy>
      <values>
        <value>80</value>
        <value>83</value>
        <value>92</value>
        <value>107</value>
        <value>113</value>
        <value>154</value>
        <value>202</value>
        <value>236</value>
        <value>247</value>
        <value>258</value>
      </values>
      <score>418.2</score>
    </agent>
    <agent>
      <ID>72</ID>
      <userName>kaplan2</userName>
      <strategy>KAPLAN</strategy>
      <values>
        <value>94</value>
        <value>135</value>
        <value>139</value>
        <value>147</value>
        <value>158</value>
        <value>221</value>
        <value>247</value>
        <value>252</value>
        <value>252</value>
        <value>253</value>
      </values>
      <score>154.4</score>
    </agent>
    <agent>
      <ID>73</ID>
      <userName>kaplan3</userName>
      <strategy>KAPLAN</strategy>
      <values>
        <value>257</value>
        <value>224</value>
        <value>182</value>
        <value>180</value>
        <value>145</value>
        <value>121</value>
        <value>109</value>
        <value>103</value>
        <value>94</value>
        <value>76</value>
      </values>
      <score>159.4</score>
    </agent>
    <agent>
      <ID>74</ID>
      <userName>kaplan4</userName>
      <strategy>KAPLAN</strategy>
      <values>
        <value>249</value>
        <value>223</value>
        <value>196</value>
        <value>150</value>
        <value>134</value>
        <value>127</value>
        <value>123</value>
        <value>79</value>
        <value>71</value>
        <value>71</value>
      </values>
      <score>149.0</score>
    </agent>
    <agent>
      <ID>119</ID>
      <userName>gdx9</userName>
      <strategy>GDX</strategy>
      <values>
        <value>223</value>
        <value>223</value>
        <value>194</value>
        <value>173</value>
        <value>120</value>
        <value>112</value>
        <value>77</value>
        <value>73</value>
        <value>61</value>
        <value>61</value>
      </values>
      <score>109.6</score>
    </agent>
    <agent>
      <ID>118</ID>
      <userName>gdx8</userName>
      <strategy>GDX</strategy>
      <values>
        <value>255</value>
        <value>244</value>
        <value>240</value>
        <value>231</value>
        <value>188</value>
        <value>143</value>
        <value>141</value>
        <value>122</value>
        <value>102</value>
        <value>69</value>
      </values>
      <score>251.0</score>
    </agent>
    <agent>
      <ID>117</ID>
      <userName>gdx7</userName>
      <strategy>GDX</strategy>
      <values>
        <value>260</value>
        <value>252</value>
        <value>242</value>
        <value>238</value>
        <value>234</value>
        <value>227</value>
        <value>201</value>
        <value>195</value>
        <value>191</value>
        <value>111</value>
      </values>
      <score>421.2</score>
    </agent>
    <agent>
      <ID>116</ID>
      <userName>gdx6</userName>
      <strategy>GDX</strategy>
      <values>
        <value>66</value>
        <value>76</value>
        <value>90</value>
        <value>118</value>
        <value>127</value>
        <value>147</value>
        <value>171</value>
        <value>184</value>
        <value>184</value>
        <value>217</value>
      </values>
      <score>411.0</score>
    </agent>
    <agent>
      <ID>115</ID>
      <userName>gdx5</userName>
      <strategy>GDX</strategy>
      <values>
        <value>80</value>
        <value>108</value>
        <value>112</value>
        <value>114</value>
        <value>122</value>
        <value>136</value>
        <value>156</value>
        <value>184</value>
        <value>192</value>
        <value>200</value>
      </values>
      <score>316.6</score>
    </agent>
    <agent>
      <ID>114</ID>
      <userName>gdx4</userName>
      <strategy>GDX</strategy>
      <values>
        <value>101</value>
        <value>115</value>
        <value>115</value>
        <value>123</value>
        <value>135</value>
        <value>146</value>
        <value>151</value>
        <value>189</value>
        <value>205</value>
        <value>236</value>
      </values>
      <score>296.0</score>
    </agent>
    <agent>
      <ID>113</ID>
      <userName>gdx3</userName>
      <strategy>GDX</strategy>
      <values>
        <value>78</value>
        <value>88</value>
        <value>88</value>
        <value>95</value>
        <value>139</value>
        <value>146</value>
        <value>191</value>
        <value>199</value>
        <value>226</value>
        <value>239</value>
      </values>
      <score>404.0</score>
    </agent>
    <agent>
      <ID>112</ID>
      <userName>gdx2</userName>
      <strategy>GDX</strategy>
      <values>
        <value>65</value>
        <value>70</value>
        <value>75</value>
        <value>101</value>
        <value>112</value>
        <value>143</value>
        <value>145</value>
        <value>173</value>
        <value>187</value>
        <value>240</value>
      </values>
      <score>463.6</score>
    </agent>
    <agent>
      <ID>122</ID>
      <userName>gdx12</userName>
      <strategy>GDX</strategy>
      <values>
        <value>251</value>
        <value>230</value>
        <value>178</value>
        <value>168</value>
        <value>143</value>
        <value>143</value>
        <value>109</value>
        <value>94</value>
        <value>89</value>
        <value>65</value>
      </values>
      <score>118.8</score>
    </agent>
    <agent>
      <ID>121</ID>
      <userName>gdx11</userName>
      <strategy>GDX</strategy>
      <values>
        <value>230</value>
        <value>172</value>
        <value>146</value>
        <value>137</value>
        <value>131</value>
        <value>124</value>
        <value>106</value>
        <value>103</value>
        <value>94</value>
        <value>76</value>
      </values>
      <score>48.6</score>
    </agent>
    <agent>
      <ID>120</ID>
      <userName>gdx10</userName>
      <strategy>GDX</strategy>
      <values>
        <value>242</value>
        <value>206</value>
        <value>189</value>
        <value>186</value>
        <value>181</value>
        <value>138</value>
        <value>130</value>
        <value>119</value>
        <value>98</value>
        <value>83</value>
      </values>
      <score>116.6</score>
    </agent>
  </scores>
</results>

