<results>
  <transactions>
    <repetition>
      <id>1</id>
      <transaction>
        <timestamp>1333598290220</timestamp>
        <buyerID>96</buyerID>
        <sellerID>94</sellerID>
        <price>221</price>
      </transaction>
      <transaction>
        <timestamp>1333598290437</timestamp>
        <buyerID>97</buyerID>
        <sellerID>94</sellerID>
        <price>221</price>
      </transaction>
      <transaction>
        <timestamp>1333598290539</timestamp>
        <buyerID>98</buyerID>
        <sellerID>114</sellerID>
        <price>221</price>
      </transaction>
      <transaction>
        <timestamp>1333598291069</timestamp>
        <buyerID>95</buyerID>
        <sellerID>112</sellerID>
        <price>217</price>
      </transaction>
      <transaction>
        <timestamp>1333598292529</timestamp>
        <buyerID>98</buyerID>
        <sellerID>93</sellerID>
        <price>213</price>
      </transaction>
      <transaction>
        <timestamp>1333598292722</timestamp>
        <buyerID>97</buyerID>
        <sellerID>94</sellerID>
        <price>212</price>
      </transaction>
      <transaction>
        <timestamp>1333598292731</timestamp>
        <buyerID>97</buyerID>
        <sellerID>114</sellerID>
        <price>213</price>
      </transaction>
      <transaction>
        <timestamp>1333598292891</timestamp>
        <buyerID>95</buyerID>
        <sellerID>114</sellerID>
        <price>212</price>
      </transaction>
      <transaction>
        <timestamp>1333598293007</timestamp>
        <buyerID>116</buyerID>
        <sellerID>91</sellerID>
        <price>212</price>
      </transaction>
      <transaction>
        <timestamp>1333598293208</timestamp>
        <buyerID>98</buyerID>
        <sellerID>111</sellerID>
        <price>212</price>
      </transaction>
      <transaction>
        <timestamp>1333598293303</timestamp>
        <buyerID>117</buyerID>
        <sellerID>112</sellerID>
        <price>212</price>
      </transaction>
      <transaction>
        <timestamp>1333598293525</timestamp>
        <buyerID>98</buyerID>
        <sellerID>93</sellerID>
        <price>209</price>
      </transaction>
      <transaction>
        <timestamp>1333598293813</timestamp>
        <buyerID>116</buyerID>
        <sellerID>91</sellerID>
        <price>209</price>
      </transaction>
      <transaction>
        <timestamp>1333598294280</timestamp>
        <buyerID>118</buyerID>
        <sellerID>112</sellerID>
        <price>206</price>
      </transaction>
      <transaction>
        <timestamp>1333598294284</timestamp>
        <buyerID>115</buyerID>
        <sellerID>92</sellerID>
        <price>205</price>
      </transaction>
      <transaction>
        <timestamp>1333598294385</timestamp>
        <buyerID>118</buyerID>
        <sellerID>92</sellerID>
        <price>205</price>
      </transaction>
      <transaction>
        <timestamp>1333598294651</timestamp>
        <buyerID>98</buyerID>
        <sellerID>93</sellerID>
        <price>203</price>
      </transaction>
      <transaction>
        <timestamp>1333598294721</timestamp>
        <buyerID>96</buyerID>
        <sellerID>94</sellerID>
        <price>202</price>
      </transaction>
      <transaction>
        <timestamp>1333598294813</timestamp>
        <buyerID>95</buyerID>
        <sellerID>94</sellerID>
        <price>202</price>
      </transaction>
      <transaction>
        <timestamp>1333598295779</timestamp>
        <buyerID>95</buyerID>
        <sellerID>91</sellerID>
        <price>195</price>
      </transaction>
      <transaction>
        <timestamp>1333598295927</timestamp>
        <buyerID>116</buyerID>
        <sellerID>93</sellerID>
        <price>194</price>
      </transaction>
      <transaction>
        <timestamp>1333598296089</timestamp>
        <buyerID>115</buyerID>
        <sellerID>111</sellerID>
        <price>194</price>
      </transaction>
      <transaction>
        <timestamp>1333598297330</timestamp>
        <buyerID>96</buyerID>
        <sellerID>94</sellerID>
        <price>180</price>
      </transaction>
      <transaction>
        <timestamp>1333598297651</timestamp>
        <buyerID>95</buyerID>
        <sellerID>91</sellerID>
        <price>178</price>
      </transaction>
      <transaction>
        <timestamp>1333598298047</timestamp>
        <buyerID>118</buyerID>
        <sellerID>92</sellerID>
        <price>174</price>
      </transaction>
      <transaction>
        <timestamp>1333598298297</timestamp>
        <buyerID>115</buyerID>
        <sellerID>113</sellerID>
        <price>173</price>
      </transaction>
      <transaction>
        <timestamp>1333598298557</timestamp>
        <buyerID>95</buyerID>
        <sellerID>111</sellerID>
        <price>173</price>
      </transaction>
      <transaction>
        <timestamp>1333598300381</timestamp>
        <buyerID>98</buyerID>
        <sellerID>113</sellerID>
        <price>165</price>
      </transaction>
      <transaction>
        <timestamp>1333598300704</timestamp>
        <buyerID>97</buyerID>
        <sellerID>112</sellerID>
        <price>163</price>
      </transaction>
      <transaction>
        <timestamp>1333598300822</timestamp>
        <buyerID>118</buyerID>
        <sellerID>92</sellerID>
        <price>163</price>
      </transaction>
      <transaction>
        <timestamp>1333598303180</timestamp>
        <buyerID>116</buyerID>
        <sellerID>92</sellerID>
        <price>161</price>
      </transaction>
      <transaction>
        <timestamp>1333598304123</timestamp>
        <buyerID>115</buyerID>
        <sellerID>92</sellerID>
        <price>161</price>
      </transaction>
      <transaction>
        <timestamp>1333598408869</timestamp>
        <buyerID>96</buyerID>
        <sellerID>113</sellerID>
        <price>160</price>
      </transaction>
    </repetition>
    <repetition>
      <id>2</id>
      <transaction>
        <timestamp>1333598416721</timestamp>
        <buyerID>98</buyerID>
        <sellerID>113</sellerID>
        <price>159</price>
      </transaction>
      <transaction>
        <timestamp>1333598416725</timestamp>
        <buyerID>95</buyerID>
        <sellerID>94</sellerID>
        <price>159</price>
      </transaction>
      <transaction>
        <timestamp>1333598416735</timestamp>
        <buyerID>96</buyerID>
        <sellerID>93</sellerID>
        <price>159</price>
      </transaction>
      <transaction>
        <timestamp>1333598416948</timestamp>
        <buyerID>116</buyerID>
        <sellerID>114</sellerID>
        <price>159</price>
      </transaction>
      <transaction>
        <timestamp>1333598416954</timestamp>
        <buyerID>97</buyerID>
        <sellerID>91</sellerID>
        <price>160</price>
      </transaction>
      <transaction>
        <timestamp>1333598417063</timestamp>
        <buyerID>117</buyerID>
        <sellerID>111</sellerID>
        <price>160</price>
      </transaction>
      <transaction>
        <timestamp>1333598417292</timestamp>
        <buyerID>115</buyerID>
        <sellerID>112</sellerID>
        <price>162</price>
      </transaction>
      <transaction>
        <timestamp>1333598417426</timestamp>
        <buyerID>118</buyerID>
        <sellerID>92</sellerID>
        <price>162</price>
      </transaction>
      <transaction>
        <timestamp>1333598417626</timestamp>
        <buyerID>116</buyerID>
        <sellerID>112</sellerID>
        <price>161</price>
      </transaction>
      <transaction>
        <timestamp>1333598417633</timestamp>
        <buyerID>98</buyerID>
        <sellerID>92</sellerID>
        <price>162</price>
      </transaction>
      <transaction>
        <timestamp>1333598417817</timestamp>
        <buyerID>115</buyerID>
        <sellerID>91</sellerID>
        <price>161</price>
      </transaction>
      <transaction>
        <timestamp>1333598417833</timestamp>
        <buyerID>96</buyerID>
        <sellerID>93</sellerID>
        <price>161</price>
      </transaction>
      <transaction>
        <timestamp>1333598417850</timestamp>
        <buyerID>95</buyerID>
        <sellerID>94</sellerID>
        <price>161</price>
      </transaction>
      <transaction>
        <timestamp>1333598418014</timestamp>
        <buyerID>97</buyerID>
        <sellerID>111</sellerID>
        <price>162</price>
      </transaction>
      <transaction>
        <timestamp>1333598418027</timestamp>
        <buyerID>98</buyerID>
        <sellerID>114</sellerID>
        <price>162</price>
      </transaction>
      <transaction>
        <timestamp>1333598418389</timestamp>
        <buyerID>115</buyerID>
        <sellerID>91</sellerID>
        <price>161</price>
      </transaction>
      <transaction>
        <timestamp>1333598418472</timestamp>
        <buyerID>116</buyerID>
        <sellerID>92</sellerID>
        <price>161</price>
      </transaction>
      <transaction>
        <timestamp>1333598418486</timestamp>
        <buyerID>95</buyerID>
        <sellerID>94</sellerID>
        <price>162</price>
      </transaction>
      <transaction>
        <timestamp>1333598418592</timestamp>
        <buyerID>118</buyerID>
        <sellerID>112</sellerID>
        <price>162</price>
      </transaction>
      <transaction>
        <timestamp>1333598418603</timestamp>
        <buyerID>95</buyerID>
        <sellerID>93</sellerID>
        <price>162</price>
      </transaction>
      <transaction>
        <timestamp>1333598418939</timestamp>
        <buyerID>96</buyerID>
        <sellerID>113</sellerID>
        <price>161</price>
      </transaction>
      <transaction>
        <timestamp>1333598419084</timestamp>
        <buyerID>115</buyerID>
        <sellerID>91</sellerID>
        <price>160</price>
      </transaction>
      <transaction>
        <timestamp>1333598419168</timestamp>
        <buyerID>98</buyerID>
        <sellerID>92</sellerID>
        <price>161</price>
      </transaction>
      <transaction>
        <timestamp>1333598419325</timestamp>
        <buyerID>118</buyerID>
        <sellerID>112</sellerID>
        <price>161</price>
      </transaction>
      <transaction>
        <timestamp>1333598419580</timestamp>
        <buyerID>98</buyerID>
        <sellerID>113</sellerID>
        <price>161</price>
      </transaction>
      <transaction>
        <timestamp>1333598419699</timestamp>
        <buyerID>95</buyerID>
        <sellerID>94</sellerID>
        <price>161</price>
      </transaction>
      <transaction>
        <timestamp>1333598419723</timestamp>
        <buyerID>97</buyerID>
        <sellerID>114</sellerID>
        <price>161</price>
      </transaction>
      <transaction>
        <timestamp>1333598420477</timestamp>
        <buyerID>98</buyerID>
        <sellerID>94</sellerID>
        <price>160</price>
      </transaction>
      <transaction>
        <timestamp>1333598420579</timestamp>
        <buyerID>96</buyerID>
        <sellerID>92</sellerID>
        <price>160</price>
      </transaction>
      <transaction>
        <timestamp>1333598420851</timestamp>
        <buyerID>116</buyerID>
        <sellerID>112</sellerID>
        <price>160</price>
      </transaction>
      <transaction>
        <timestamp>1333598420915</timestamp>
        <buyerID>97</buyerID>
        <sellerID>94</sellerID>
        <price>160</price>
      </transaction>
      <transaction>
        <timestamp>1333598421111</timestamp>
        <buyerID>118</buyerID>
        <sellerID>113</sellerID>
        <price>160</price>
      </transaction>
      <transaction>
        <timestamp>1333598421239</timestamp>
        <buyerID>95</buyerID>
        <sellerID>111</sellerID>
        <price>160</price>
      </transaction>
    </repetition>
    <repetition>
      <id>3</id>
      <transaction>
        <timestamp>1333598544210</timestamp>
        <buyerID>96</buyerID>
        <sellerID>112</sellerID>
        <price>158</price>
      </transaction>
      <transaction>
        <timestamp>1333598544313</timestamp>
        <buyerID>95</buyerID>
        <sellerID>111</sellerID>
        <price>158</price>
      </transaction>
      <transaction>
        <timestamp>1333598544412</timestamp>
        <buyerID>115</buyerID>
        <sellerID>114</sellerID>
        <price>159</price>
      </transaction>
      <transaction>
        <timestamp>1333598544425</timestamp>
        <buyerID>98</buyerID>
        <sellerID>91</sellerID>
        <price>159</price>
      </transaction>
      <transaction>
        <timestamp>1333598544653</timestamp>
        <buyerID>117</buyerID>
        <sellerID>93</sellerID>
        <price>158</price>
      </transaction>
      <transaction>
        <timestamp>1333598544667</timestamp>
        <buyerID>97</buyerID>
        <sellerID>94</sellerID>
        <price>158</price>
      </transaction>
      <transaction>
        <timestamp>1333598544923</timestamp>
        <buyerID>118</buyerID>
        <sellerID>113</sellerID>
        <price>159</price>
      </transaction>
      <transaction>
        <timestamp>1333598545032</timestamp>
        <buyerID>116</buyerID>
        <sellerID>92</sellerID>
        <price>159</price>
      </transaction>
      <transaction>
        <timestamp>1333598545295</timestamp>
        <buyerID>96</buyerID>
        <sellerID>113</sellerID>
        <price>162</price>
      </transaction>
      <transaction>
        <timestamp>1333598545309</timestamp>
        <buyerID>98</buyerID>
        <sellerID>93</sellerID>
        <price>162</price>
      </transaction>
      <transaction>
        <timestamp>1333598545394</timestamp>
        <buyerID>97</buyerID>
        <sellerID>92</sellerID>
        <price>161</price>
      </transaction>
      <transaction>
        <timestamp>1333598545588</timestamp>
        <buyerID>95</buyerID>
        <sellerID>112</sellerID>
        <price>161</price>
      </transaction>
      <transaction>
        <timestamp>1333598545596</timestamp>
        <buyerID>115</buyerID>
        <sellerID>94</sellerID>
        <price>161</price>
      </transaction>
      <transaction>
        <timestamp>1333598545610</timestamp>
        <buyerID>118</buyerID>
        <sellerID>91</sellerID>
        <price>160</price>
      </transaction>
      <transaction>
        <timestamp>1333598545763</timestamp>
        <buyerID>115</buyerID>
        <sellerID>112</sellerID>
        <price>159</price>
      </transaction>
      <transaction>
        <timestamp>1333598545774</timestamp>
        <buyerID>95</buyerID>
        <sellerID>92</sellerID>
        <price>159</price>
      </transaction>
      <transaction>
        <timestamp>1333598545780</timestamp>
        <buyerID>97</buyerID>
        <sellerID>94</sellerID>
        <price>160</price>
      </transaction>
      <transaction>
        <timestamp>1333598545920</timestamp>
        <buyerID>96</buyerID>
        <sellerID>113</sellerID>
        <price>160</price>
      </transaction>
      <transaction>
        <timestamp>1333598546084</timestamp>
        <buyerID>118</buyerID>
        <sellerID>93</sellerID>
        <price>159</price>
      </transaction>
      <transaction>
        <timestamp>1333598546193</timestamp>
        <buyerID>116</buyerID>
        <sellerID>114</sellerID>
        <price>160</price>
      </transaction>
      <transaction>
        <timestamp>1333598546379</timestamp>
        <buyerID>95</buyerID>
        <sellerID>114</sellerID>
        <price>160</price>
      </transaction>
      <transaction>
        <timestamp>1333598546456</timestamp>
        <buyerID>98</buyerID>
        <sellerID>112</sellerID>
        <price>160</price>
      </transaction>
      <transaction>
        <timestamp>1333598546535</timestamp>
        <buyerID>97</buyerID>
        <sellerID>91</sellerID>
        <price>160</price>
      </transaction>
      <transaction>
        <timestamp>1333598546635</timestamp>
        <buyerID>115</buyerID>
        <sellerID>91</sellerID>
        <price>159</price>
      </transaction>
      <transaction>
        <timestamp>1333598546825</timestamp>
        <buyerID>118</buyerID>
        <sellerID>92</sellerID>
        <price>159</price>
      </transaction>
      <transaction>
        <timestamp>1333598546842</timestamp>
        <buyerID>96</buyerID>
        <sellerID>94</sellerID>
        <price>159</price>
      </transaction>
      <transaction>
        <timestamp>1333598546934</timestamp>
        <buyerID>98</buyerID>
        <sellerID>111</sellerID>
        <price>159</price>
      </transaction>
      <transaction>
        <timestamp>1333598547045</timestamp>
        <buyerID>95</buyerID>
        <sellerID>112</sellerID>
        <price>159</price>
      </transaction>
      <transaction>
        <timestamp>1333598547233</timestamp>
        <buyerID>116</buyerID>
        <sellerID>113</sellerID>
        <price>159</price>
      </transaction>
      <transaction>
        <timestamp>1333598547567</timestamp>
        <buyerID>116</buyerID>
        <sellerID>111</sellerID>
        <price>159</price>
      </transaction>
      <transaction>
        <timestamp>1333598547774</timestamp>
        <buyerID>98</buyerID>
        <sellerID>92</sellerID>
        <price>159</price>
      </transaction>
      <transaction>
        <timestamp>1333598548095</timestamp>
        <buyerID>95</buyerID>
        <sellerID>94</sellerID>
        <price>158</price>
      </transaction>
      <transaction>
        <timestamp>1333598548430</timestamp>
        <buyerID>98</buyerID>
        <sellerID>92</sellerID>
        <price>158</price>
      </transaction>
    </repetition>
    <repetition>
      <id>4</id>
      <transaction>
        <timestamp>1333598671494</timestamp>
        <buyerID>98</buyerID>
        <sellerID>91</sellerID>
        <price>157</price>
      </transaction>
      <transaction>
        <timestamp>1333598671818</timestamp>
        <buyerID>118</buyerID>
        <sellerID>113</sellerID>
        <price>159</price>
      </transaction>
      <transaction>
        <timestamp>1333598671935</timestamp>
        <buyerID>115</buyerID>
        <sellerID>112</sellerID>
        <price>158</price>
      </transaction>
      <transaction>
        <timestamp>1333598672146</timestamp>
        <buyerID>117</buyerID>
        <sellerID>114</sellerID>
        <price>158</price>
      </transaction>
      <transaction>
        <timestamp>1333598672161</timestamp>
        <buyerID>95</buyerID>
        <sellerID>92</sellerID>
        <price>159</price>
      </transaction>
      <transaction>
        <timestamp>1333598672173</timestamp>
        <buyerID>96</buyerID>
        <sellerID>94</sellerID>
        <price>158</price>
      </transaction>
      <transaction>
        <timestamp>1333598672298</timestamp>
        <buyerID>116</buyerID>
        <sellerID>93</sellerID>
        <price>159</price>
      </transaction>
      <transaction>
        <timestamp>1333598672512</timestamp>
        <buyerID>97</buyerID>
        <sellerID>111</sellerID>
        <price>158</price>
      </transaction>
      <transaction>
        <timestamp>1333598672530</timestamp>
        <buyerID>96</buyerID>
        <sellerID>94</sellerID>
        <price>158</price>
      </transaction>
      <transaction>
        <timestamp>1333598672613</timestamp>
        <buyerID>95</buyerID>
        <sellerID>91</sellerID>
        <price>158</price>
      </transaction>
      <transaction>
        <timestamp>1333598672714</timestamp>
        <buyerID>97</buyerID>
        <sellerID>114</sellerID>
        <price>159</price>
      </transaction>
      <transaction>
        <timestamp>1333598672723</timestamp>
        <buyerID>98</buyerID>
        <sellerID>93</sellerID>
        <price>158</price>
      </transaction>
      <transaction>
        <timestamp>1333598672832</timestamp>
        <buyerID>118</buyerID>
        <sellerID>92</sellerID>
        <price>158</price>
      </transaction>
      <transaction>
        <timestamp>1333598673317</timestamp>
        <buyerID>98</buyerID>
        <sellerID>113</sellerID>
        <price>157</price>
      </transaction>
      <transaction>
        <timestamp>1333598673381</timestamp>
        <buyerID>96</buyerID>
        <sellerID>112</sellerID>
        <price>157</price>
      </transaction>
      <transaction>
        <timestamp>1333598673395</timestamp>
        <buyerID>97</buyerID>
        <sellerID>114</sellerID>
        <price>158</price>
      </transaction>
      <transaction>
        <timestamp>1333598673575</timestamp>
        <buyerID>116</buyerID>
        <sellerID>94</sellerID>
        <price>157</price>
      </transaction>
      <transaction>
        <timestamp>1333598673587</timestamp>
        <buyerID>96</buyerID>
        <sellerID>93</sellerID>
        <price>158</price>
      </transaction>
      <transaction>
        <timestamp>1333598673623</timestamp>
        <buyerID>95</buyerID>
        <sellerID>91</sellerID>
        <price>157</price>
      </transaction>
      <transaction>
        <timestamp>1333598673703</timestamp>
        <buyerID>118</buyerID>
        <sellerID>92</sellerID>
        <price>157</price>
      </transaction>
      <transaction>
        <timestamp>1333598673882</timestamp>
        <buyerID>115</buyerID>
        <sellerID>93</sellerID>
        <price>158</price>
      </transaction>
      <transaction>
        <timestamp>1333598674209</timestamp>
        <buyerID>118</buyerID>
        <sellerID>112</sellerID>
        <price>157</price>
      </transaction>
      <transaction>
        <timestamp>1333598674219</timestamp>
        <buyerID>98</buyerID>
        <sellerID>92</sellerID>
        <price>157</price>
      </transaction>
      <transaction>
        <timestamp>1333598674233</timestamp>
        <buyerID>97</buyerID>
        <sellerID>94</sellerID>
        <price>157</price>
      </transaction>
      <transaction>
        <timestamp>1333598674247</timestamp>
        <buyerID>95</buyerID>
        <sellerID>111</sellerID>
        <price>158</price>
      </transaction>
      <transaction>
        <timestamp>1333598674396</timestamp>
        <buyerID>116</buyerID>
        <sellerID>113</sellerID>
        <price>158</price>
      </transaction>
      <transaction>
        <timestamp>1333598674487</timestamp>
        <buyerID>98</buyerID>
        <sellerID>112</sellerID>
        <price>159</price>
      </transaction>
      <transaction>
        <timestamp>1333598674638</timestamp>
        <buyerID>115</buyerID>
        <sellerID>92</sellerID>
        <price>158</price>
      </transaction>
      <transaction>
        <timestamp>1333598675061</timestamp>
        <buyerID>95</buyerID>
        <sellerID>94</sellerID>
        <price>157</price>
      </transaction>
      <transaction>
        <timestamp>1333598675120</timestamp>
        <buyerID>116</buyerID>
        <sellerID>91</sellerID>
        <price>157</price>
      </transaction>
      <transaction>
        <timestamp>1333598675124</timestamp>
        <buyerID>95</buyerID>
        <sellerID>111</sellerID>
        <price>158</price>
      </transaction>
      <transaction>
        <timestamp>1333598675291</timestamp>
        <buyerID>98</buyerID>
        <sellerID>113</sellerID>
        <price>158</price>
      </transaction>
      <transaction>
        <timestamp>1333598675471</timestamp>
        <buyerID>115</buyerID>
        <sellerID>92</sellerID>
        <price>158</price>
      </transaction>
    </repetition>
    <repetition>
      <id>5</id>
      <transaction>
        <timestamp>1333598799258</timestamp>
        <buyerID>118</buyerID>
        <sellerID>114</sellerID>
        <price>156</price>
      </transaction>
      <transaction>
        <timestamp>1333598799368</timestamp>
        <buyerID>117</buyerID>
        <sellerID>94</sellerID>
        <price>157</price>
      </transaction>
      <transaction>
        <timestamp>1333598799473</timestamp>
        <buyerID>115</buyerID>
        <sellerID>92</sellerID>
        <price>157</price>
      </transaction>
      <transaction>
        <timestamp>1333598799594</timestamp>
        <buyerID>98</buyerID>
        <sellerID>113</sellerID>
        <price>159</price>
      </transaction>
      <transaction>
        <timestamp>1333598799714</timestamp>
        <buyerID>116</buyerID>
        <sellerID>91</sellerID>
        <price>159</price>
      </transaction>
      <transaction>
        <timestamp>1333598799825</timestamp>
        <buyerID>95</buyerID>
        <sellerID>111</sellerID>
        <price>159</price>
      </transaction>
      <transaction>
        <timestamp>1333598799948</timestamp>
        <buyerID>97</buyerID>
        <sellerID>112</sellerID>
        <price>158</price>
      </transaction>
      <transaction>
        <timestamp>1333598799965</timestamp>
        <buyerID>95</buyerID>
        <sellerID>93</sellerID>
        <price>158</price>
      </transaction>
      <transaction>
        <timestamp>1333598800145</timestamp>
        <buyerID>116</buyerID>
        <sellerID>111</sellerID>
        <price>158</price>
      </transaction>
      <transaction>
        <timestamp>1333598800163</timestamp>
        <buyerID>96</buyerID>
        <sellerID>92</sellerID>
        <price>157</price>
      </transaction>
      <transaction>
        <timestamp>1333598800262</timestamp>
        <buyerID>96</buyerID>
        <sellerID>94</sellerID>
        <price>156</price>
      </transaction>
      <transaction>
        <timestamp>1333598800326</timestamp>
        <buyerID>97</buyerID>
        <sellerID>113</sellerID>
        <price>157</price>
      </transaction>
      <transaction>
        <timestamp>1333598800599</timestamp>
        <buyerID>98</buyerID>
        <sellerID>92</sellerID>
        <price>157</price>
      </transaction>
      <transaction>
        <timestamp>1333598800779</timestamp>
        <buyerID>96</buyerID>
        <sellerID>93</sellerID>
        <price>157</price>
      </transaction>
      <transaction>
        <timestamp>1333598800786</timestamp>
        <buyerID>116</buyerID>
        <sellerID>91</sellerID>
        <price>157</price>
      </transaction>
      <transaction>
        <timestamp>1333598801039</timestamp>
        <buyerID>115</buyerID>
        <sellerID>111</sellerID>
        <price>157</price>
      </transaction>
      <transaction>
        <timestamp>1333598801046</timestamp>
        <buyerID>97</buyerID>
        <sellerID>94</sellerID>
        <price>157</price>
      </transaction>
      <transaction>
        <timestamp>1333598801220</timestamp>
        <buyerID>95</buyerID>
        <sellerID>112</sellerID>
        <price>157</price>
      </transaction>
      <transaction>
        <timestamp>1333598801282</timestamp>
        <buyerID>98</buyerID>
        <sellerID>92</sellerID>
        <price>157</price>
      </transaction>
      <transaction>
        <timestamp>1333598801290</timestamp>
        <buyerID>116</buyerID>
        <sellerID>94</sellerID>
        <price>157</price>
      </transaction>
      <transaction>
        <timestamp>1333598801437</timestamp>
        <buyerID>95</buyerID>
        <sellerID>91</sellerID>
        <price>156</price>
      </transaction>
      <transaction>
        <timestamp>1333598801525</timestamp>
        <buyerID>96</buyerID>
        <sellerID>93</sellerID>
        <price>156</price>
      </transaction>
      <transaction>
        <timestamp>1333598801622</timestamp>
        <buyerID>118</buyerID>
        <sellerID>113</sellerID>
        <price>156</price>
      </transaction>
      <transaction>
        <timestamp>1333598801756</timestamp>
        <buyerID>97</buyerID>
        <sellerID>114</sellerID>
        <price>157</price>
      </transaction>
      <transaction>
        <timestamp>1333598801822</timestamp>
        <buyerID>115</buyerID>
        <sellerID>113</sellerID>
        <price>157</price>
      </transaction>
      <transaction>
        <timestamp>1333598802212</timestamp>
        <buyerID>115</buyerID>
        <sellerID>91</sellerID>
        <price>156</price>
      </transaction>
      <transaction>
        <timestamp>1333598802231</timestamp>
        <buyerID>95</buyerID>
        <sellerID>92</sellerID>
        <price>156</price>
      </transaction>
      <transaction>
        <timestamp>1333598802292</timestamp>
        <buyerID>98</buyerID>
        <sellerID>114</sellerID>
        <price>156</price>
      </transaction>
      <transaction>
        <timestamp>1333598802376</timestamp>
        <buyerID>118</buyerID>
        <sellerID>94</sellerID>
        <price>156</price>
      </transaction>
      <transaction>
        <timestamp>1333598802633</timestamp>
        <buyerID>118</buyerID>
        <sellerID>111</sellerID>
        <price>156</price>
      </transaction>
      <transaction>
        <timestamp>1333598802741</timestamp>
        <buyerID>95</buyerID>
        <sellerID>112</sellerID>
        <price>157</price>
      </transaction>
      <transaction>
        <timestamp>1333598802990</timestamp>
        <buyerID>98</buyerID>
        <sellerID>112</sellerID>
        <price>158</price>
      </transaction>
      <transaction>
        <timestamp>1333598803542</timestamp>
        <buyerID>98</buyerID>
        <sellerID>112</sellerID>
        <price>157</price>
      </transaction>
    </repetition>
  </transactions>
  <scores>
    <agent>
      <ID>98</ID>
      <userName>gd8</userName>
      <strategy>GD</strategy>
      <values>
        <value>258</value>
        <value>228</value>
        <value>221</value>
        <value>216</value>
        <value>205</value>
        <value>170</value>
        <value>148</value>
        <value>143</value>
        <value>135</value>
        <value>116</value>
      </values>
      <score>291.0</score>
    </agent>
    <agent>
      <ID>96</ID>
      <userName>gd6</userName>
      <strategy>GD</strategy>
      <values>
        <value>253</value>
        <value>204</value>
        <value>192</value>
        <value>161</value>
        <value>154</value>
        <value>151</value>
        <value>145</value>
        <value>102</value>
        <value>99</value>
        <value>82</value>
      </values>
      <score>150.0</score>
    </agent>
    <agent>
      <ID>97</ID>
      <userName>gd7</userName>
      <strategy>GD</strategy>
      <values>
        <value>237</value>
        <value>221</value>
        <value>218</value>
        <value>165</value>
        <value>123</value>
        <value>99</value>
        <value>83</value>
        <value>79</value>
        <value>75</value>
        <value>67</value>
      </values>
      <score>170.6</score>
    </agent>
    <agent>
      <ID>111</ID>
      <userName>gdx1</userName>
      <strategy>GDX</strategy>
      <values>
        <value>81</value>
        <value>96</value>
        <value>108</value>
        <value>143</value>
        <value>163</value>
        <value>167</value>
        <value>171</value>
        <value>203</value>
        <value>205</value>
        <value>212</value>
      </values>
      <score>214.6</score>
    </agent>
    <agent>
      <ID>118</ID>
      <userName>gdx8</userName>
      <strategy>GDX</strategy>
      <values>
        <value>244</value>
        <value>220</value>
        <value>180</value>
        <value>170</value>
        <value>145</value>
        <value>125</value>
        <value>117</value>
        <value>94</value>
        <value>92</value>
        <value>91</value>
      </values>
      <score>157.0</score>
    </agent>
    <agent>
      <ID>117</ID>
      <userName>gdx7</userName>
      <strategy>GDX</strategy>
      <values>
        <value>216</value>
        <value>150</value>
        <value>138</value>
        <value>123</value>
        <value>120</value>
        <value>112</value>
        <value>95</value>
        <value>88</value>
        <value>88</value>
        <value>72</value>
      </values>
      <score>47.0</score>
    </agent>
    <agent>
      <ID>116</ID>
      <userName>gdx6</userName>
      <strategy>GDX</strategy>
      <values>
        <value>221</value>
        <value>212</value>
        <value>200</value>
        <value>162</value>
        <value>157</value>
        <value>140</value>
        <value>135</value>
        <value>106</value>
        <value>77</value>
        <value>66</value>
      </values>
      <score>131.8</score>
    </agent>
    <agent>
      <ID>115</ID>
      <userName>gdx5</userName>
      <strategy>GDX</strategy>
      <values>
        <value>207</value>
        <value>198</value>
        <value>175</value>
        <value>162</value>
        <value>151</value>
        <value>145</value>
        <value>131</value>
        <value>96</value>
        <value>94</value>
        <value>87</value>
      </values>
      <score>87.2</score>
    </agent>
    <agent>
      <ID>114</ID>
      <userName>gdx4</userName>
      <strategy>GDX</strategy>
      <values>
        <value>97</value>
        <value>119</value>
        <value>153</value>
        <value>168</value>
        <value>181</value>
        <value>183</value>
        <value>204</value>
        <value>225</value>
        <value>252</value>
        <value>255</value>
      </values>
      <score>141.2</score>
    </agent>
    <agent>
      <ID>113</ID>
      <userName>gdx3</userName>
      <strategy>GDX</strategy>
      <values>
        <value>89</value>
        <value>104</value>
        <value>118</value>
        <value>136</value>
        <value>138</value>
        <value>169</value>
        <value>200</value>
        <value>204</value>
        <value>222</value>
        <value>257</value>
      </values>
      <score>188.2</score>
    </agent>
    <agent>
      <ID>112</ID>
      <userName>gdx2</userName>
      <strategy>GDX</strategy>
      <values>
        <value>68</value>
        <value>75</value>
        <value>94</value>
        <value>94</value>
        <value>122</value>
        <value>141</value>
        <value>150</value>
        <value>207</value>
        <value>235</value>
        <value>242</value>
      </values>
      <score>359.6</score>
    </agent>
    <agent>
      <ID>93</ID>
      <userName>gd3</userName>
      <strategy>GD</strategy>
      <values>
        <value>79</value>
        <value>83</value>
        <value>137</value>
        <value>170</value>
        <value>203</value>
        <value>205</value>
        <value>208</value>
        <value>225</value>
        <value>254</value>
        <value>258</value>
      </values>
      <score>209.8</score>
    </agent>
    <agent>
      <ID>92</ID>
      <userName>gd2</userName>
      <strategy>GD</strategy>
      <values>
        <value>68</value>
        <value>70</value>
        <value>77</value>
        <value>79</value>
        <value>84</value>
        <value>96</value>
        <value>175</value>
        <value>217</value>
        <value>230</value>
        <value>256</value>
      </values>
      <score>476.6</score>
    </agent>
    <agent>
      <ID>95</ID>
      <userName>gd5</userName>
      <strategy>GD</strategy>
      <values>
        <value>252</value>
        <value>244</value>
        <value>234</value>
        <value>208</value>
        <value>199</value>
        <value>179</value>
        <value>157</value>
        <value>146</value>
        <value>135</value>
        <value>77</value>
      </values>
      <score>318.6</score>
    </agent>
    <agent>
      <ID>94</ID>
      <userName>gd4</userName>
      <strategy>GD</strategy>
      <values>
        <value>68</value>
        <value>75</value>
        <value>82</value>
        <value>117</value>
        <value>139</value>
        <value>153</value>
        <value>171</value>
        <value>216</value>
        <value>233</value>
        <value>243</value>
      </values>
      <score>371.2</score>
    </agent>
    <agent>
      <ID>91</ID>
      <userName>gd1</userName>
      <strategy>GD</strategy>
      <values>
        <value>95</value>
        <value>98</value>
        <value>111</value>
        <value>127</value>
        <value>170</value>
        <value>181</value>
        <value>236</value>
        <value>243</value>
        <value>247</value>
        <value>259</value>
      </values>
      <score>235.2</score>
    </agent>
  </scores>
</results>

