<results>
  <transactions>
    <repetition>
      <id>1</id>
      <transaction>
        <timestamp>1333593758301</timestamp>
        <buyerID>117</buyerID>
        <sellerID>91</sellerID>
        <price>107</price>
      </transaction>
      <transaction>
        <timestamp>1333593759290</timestamp>
        <buyerID>118</buyerID>
        <sellerID>111</sellerID>
        <price>116</price>
      </transaction>
      <transaction>
        <timestamp>1333593759416</timestamp>
        <buyerID>98</buyerID>
        <sellerID>114</sellerID>
        <price>116</price>
      </transaction>
      <transaction>
        <timestamp>1333593759550</timestamp>
        <buyerID>117</buyerID>
        <sellerID>113</sellerID>
        <price>115</price>
      </transaction>
      <transaction>
        <timestamp>1333593759954</timestamp>
        <buyerID>115</buyerID>
        <sellerID>113</sellerID>
        <price>114</price>
      </transaction>
      <transaction>
        <timestamp>1333593759983</timestamp>
        <buyerID>98</buyerID>
        <sellerID>94</sellerID>
        <price>114</price>
      </transaction>
      <transaction>
        <timestamp>1333593760485</timestamp>
        <buyerID>118</buyerID>
        <sellerID>93</sellerID>
        <price>114</price>
      </transaction>
      <transaction>
        <timestamp>1333593760594</timestamp>
        <buyerID>117</buyerID>
        <sellerID>91</sellerID>
        <price>114</price>
      </transaction>
      <transaction>
        <timestamp>1333593760800</timestamp>
        <buyerID>115</buyerID>
        <sellerID>92</sellerID>
        <price>115</price>
      </transaction>
      <transaction>
        <timestamp>1333593760940</timestamp>
        <buyerID>116</buyerID>
        <sellerID>112</sellerID>
        <price>115</price>
      </transaction>
      <transaction>
        <timestamp>1333593760955</timestamp>
        <buyerID>95</buyerID>
        <sellerID>114</sellerID>
        <price>115</price>
      </transaction>
      <transaction>
        <timestamp>1333593761336</timestamp>
        <buyerID>117</buyerID>
        <sellerID>91</sellerID>
        <price>122</price>
      </transaction>
      <transaction>
        <timestamp>1333593761917</timestamp>
        <buyerID>98</buyerID>
        <sellerID>92</sellerID>
        <price>122</price>
      </transaction>
      <transaction>
        <timestamp>1333593762016</timestamp>
        <buyerID>98</buyerID>
        <sellerID>94</sellerID>
        <price>122</price>
      </transaction>
      <transaction>
        <timestamp>1333593762246</timestamp>
        <buyerID>118</buyerID>
        <sellerID>114</sellerID>
        <price>122</price>
      </transaction>
      <transaction>
        <timestamp>1333593762402</timestamp>
        <buyerID>115</buyerID>
        <sellerID>113</sellerID>
        <price>123</price>
      </transaction>
      <transaction>
        <timestamp>1333593762974</timestamp>
        <buyerID>117</buyerID>
        <sellerID>94</sellerID>
        <price>129</price>
      </transaction>
      <transaction>
        <timestamp>1333593763054</timestamp>
        <buyerID>98</buyerID>
        <sellerID>113</sellerID>
        <price>129</price>
      </transaction>
      <transaction>
        <timestamp>1333593763329</timestamp>
        <buyerID>98</buyerID>
        <sellerID>91</sellerID>
        <price>129</price>
      </transaction>
      <transaction>
        <timestamp>1333593763610</timestamp>
        <buyerID>115</buyerID>
        <sellerID>114</sellerID>
        <price>130</price>
      </transaction>
      <transaction>
        <timestamp>1333593763875</timestamp>
        <buyerID>116</buyerID>
        <sellerID>91</sellerID>
        <price>134</price>
      </transaction>
      <transaction>
        <timestamp>1333593764248</timestamp>
        <buyerID>117</buyerID>
        <sellerID>94</sellerID>
        <price>134</price>
      </transaction>
      <transaction>
        <timestamp>1333593764290</timestamp>
        <buyerID>98</buyerID>
        <sellerID>113</sellerID>
        <price>135</price>
      </transaction>
      <transaction>
        <timestamp>1333593764357</timestamp>
        <buyerID>98</buyerID>
        <sellerID>114</sellerID>
        <price>135</price>
      </transaction>
      <transaction>
        <timestamp>1333593764518</timestamp>
        <buyerID>95</buyerID>
        <sellerID>93</sellerID>
        <price>135</price>
      </transaction>
      <transaction>
        <timestamp>1333593764790</timestamp>
        <buyerID>116</buyerID>
        <sellerID>93</sellerID>
        <price>134</price>
      </transaction>
      <transaction>
        <timestamp>1333593765272</timestamp>
        <buyerID>117</buyerID>
        <sellerID>93</sellerID>
        <price>134</price>
      </transaction>
      <transaction>
        <timestamp>1333593765459</timestamp>
        <buyerID>95</buyerID>
        <sellerID>91</sellerID>
        <price>134</price>
      </transaction>
      <transaction>
        <timestamp>1333593766401</timestamp>
        <buyerID>116</buyerID>
        <sellerID>91</sellerID>
        <price>143</price>
      </transaction>
      <transaction>
        <timestamp>1333593766511</timestamp>
        <buyerID>96</buyerID>
        <sellerID>112</sellerID>
        <price>146</price>
      </transaction>
      <transaction>
        <timestamp>1333593767268</timestamp>
        <buyerID>96</buyerID>
        <sellerID>94</sellerID>
        <price>147</price>
      </transaction>
      <transaction>
        <timestamp>1333593769530</timestamp>
        <buyerID>95</buyerID>
        <sellerID>112</sellerID>
        <price>147</price>
      </transaction>
      <transaction>
        <timestamp>1333593769755</timestamp>
        <buyerID>97</buyerID>
        <sellerID>114</sellerID>
        <price>147</price>
      </transaction>
      <transaction>
        <timestamp>1333593770729</timestamp>
        <buyerID>97</buyerID>
        <sellerID>112</sellerID>
        <price>151</price>
      </transaction>
      <transaction>
        <timestamp>1333593770866</timestamp>
        <buyerID>97</buyerID>
        <sellerID>92</sellerID>
        <price>155</price>
      </transaction>
      <transaction>
        <timestamp>1333593778047</timestamp>
        <buyerID>96</buyerID>
        <sellerID>91</sellerID>
        <price>154</price>
      </transaction>
      <transaction>
        <timestamp>1333593783297</timestamp>
        <buyerID>96</buyerID>
        <sellerID>111</sellerID>
        <price>156</price>
      </transaction>
      <transaction>
        <timestamp>1333593788511</timestamp>
        <buyerID>96</buyerID>
        <sellerID>93</sellerID>
        <price>155</price>
      </transaction>
    </repetition>
    <repetition>
      <id>2</id>
      <transaction>
        <timestamp>1333593882961</timestamp>
        <buyerID>97</buyerID>
        <sellerID>94</sellerID>
        <price>157</price>
      </transaction>
      <transaction>
        <timestamp>1333593883090</timestamp>
        <buyerID>95</buyerID>
        <sellerID>114</sellerID>
        <price>157</price>
      </transaction>
      <transaction>
        <timestamp>1333593883359</timestamp>
        <buyerID>118</buyerID>
        <sellerID>93</sellerID>
        <price>157</price>
      </transaction>
      <transaction>
        <timestamp>1333593883486</timestamp>
        <buyerID>115</buyerID>
        <sellerID>111</sellerID>
        <price>157</price>
      </transaction>
      <transaction>
        <timestamp>1333593883622</timestamp>
        <buyerID>98</buyerID>
        <sellerID>92</sellerID>
        <price>157</price>
      </transaction>
      <transaction>
        <timestamp>1333593883864</timestamp>
        <buyerID>116</buyerID>
        <sellerID>112</sellerID>
        <price>157</price>
      </transaction>
      <transaction>
        <timestamp>1333593883870</timestamp>
        <buyerID>117</buyerID>
        <sellerID>91</sellerID>
        <price>157</price>
      </transaction>
      <transaction>
        <timestamp>1333593884206</timestamp>
        <buyerID>96</buyerID>
        <sellerID>113</sellerID>
        <price>156</price>
      </transaction>
      <transaction>
        <timestamp>1333593884407</timestamp>
        <buyerID>117</buyerID>
        <sellerID>91</sellerID>
        <price>155</price>
      </transaction>
      <transaction>
        <timestamp>1333593884508</timestamp>
        <buyerID>115</buyerID>
        <sellerID>112</sellerID>
        <price>155</price>
      </transaction>
      <transaction>
        <timestamp>1333593884526</timestamp>
        <buyerID>98</buyerID>
        <sellerID>94</sellerID>
        <price>155</price>
      </transaction>
      <transaction>
        <timestamp>1333593884541</timestamp>
        <buyerID>96</buyerID>
        <sellerID>92</sellerID>
        <price>156</price>
      </transaction>
      <transaction>
        <timestamp>1333593884724</timestamp>
        <buyerID>118</buyerID>
        <sellerID>93</sellerID>
        <price>155</price>
      </transaction>
      <transaction>
        <timestamp>1333593884732</timestamp>
        <buyerID>97</buyerID>
        <sellerID>111</sellerID>
        <price>156</price>
      </transaction>
      <transaction>
        <timestamp>1333593884834</timestamp>
        <buyerID>95</buyerID>
        <sellerID>93</sellerID>
        <price>157</price>
      </transaction>
      <transaction>
        <timestamp>1333593884946</timestamp>
        <buyerID>97</buyerID>
        <sellerID>92</sellerID>
        <price>157</price>
      </transaction>
      <transaction>
        <timestamp>1333593884975</timestamp>
        <buyerID>118</buyerID>
        <sellerID>94</sellerID>
        <price>157</price>
      </transaction>
      <transaction>
        <timestamp>1333593885157</timestamp>
        <buyerID>116</buyerID>
        <sellerID>91</sellerID>
        <price>157</price>
      </transaction>
      <transaction>
        <timestamp>1333593885217</timestamp>
        <buyerID>96</buyerID>
        <sellerID>112</sellerID>
        <price>157</price>
      </transaction>
      <transaction>
        <timestamp>1333593885330</timestamp>
        <buyerID>98</buyerID>
        <sellerID>113</sellerID>
        <price>157</price>
      </transaction>
      <transaction>
        <timestamp>1333593885550</timestamp>
        <buyerID>117</buyerID>
        <sellerID>112</sellerID>
        <price>157</price>
      </transaction>
      <transaction>
        <timestamp>1333593885568</timestamp>
        <buyerID>115</buyerID>
        <sellerID>91</sellerID>
        <price>156</price>
      </transaction>
      <transaction>
        <timestamp>1333593885743</timestamp>
        <buyerID>96</buyerID>
        <sellerID>93</sellerID>
        <price>157</price>
      </transaction>
      <transaction>
        <timestamp>1333593885804</timestamp>
        <buyerID>95</buyerID>
        <sellerID>111</sellerID>
        <price>157</price>
      </transaction>
      <transaction>
        <timestamp>1333593885903</timestamp>
        <buyerID>98</buyerID>
        <sellerID>114</sellerID>
        <price>156</price>
      </transaction>
      <transaction>
        <timestamp>1333593886001</timestamp>
        <buyerID>115</buyerID>
        <sellerID>93</sellerID>
        <price>156</price>
      </transaction>
      <transaction>
        <timestamp>1333593886207</timestamp>
        <buyerID>96</buyerID>
        <sellerID>94</sellerID>
        <price>157</price>
      </transaction>
      <transaction>
        <timestamp>1333593886303</timestamp>
        <buyerID>116</buyerID>
        <sellerID>113</sellerID>
        <price>157</price>
      </transaction>
      <transaction>
        <timestamp>1333593886307</timestamp>
        <buyerID>98</buyerID>
        <sellerID>94</sellerID>
        <price>156</price>
      </transaction>
      <transaction>
        <timestamp>1333593886359</timestamp>
        <buyerID>117</buyerID>
        <sellerID>91</sellerID>
        <price>156</price>
      </transaction>
      <transaction>
        <timestamp>1333593886478</timestamp>
        <buyerID>95</buyerID>
        <sellerID>114</sellerID>
        <price>156</price>
      </transaction>
      <transaction>
        <timestamp>1333593886904</timestamp>
        <buyerID>117</buyerID>
        <sellerID>91</sellerID>
        <price>155</price>
      </transaction>
      <transaction>
        <timestamp>1333593887163</timestamp>
        <buyerID>98</buyerID>
        <sellerID>113</sellerID>
        <price>155</price>
      </transaction>
      <transaction>
        <timestamp>1333593887268</timestamp>
        <buyerID>118</buyerID>
        <sellerID>114</sellerID>
        <price>155</price>
      </transaction>
      <transaction>
        <timestamp>1333593887579</timestamp>
        <buyerID>116</buyerID>
        <sellerID>91</sellerID>
        <price>155</price>
      </transaction>
      <transaction>
        <timestamp>1333593887754</timestamp>
        <buyerID>118</buyerID>
        <sellerID>114</sellerID>
        <price>155</price>
      </transaction>
      <transaction>
        <timestamp>1333593887871</timestamp>
        <buyerID>117</buyerID>
        <sellerID>114</sellerID>
        <price>155</price>
      </transaction>
      <transaction>
        <timestamp>1333593887924</timestamp>
        <buyerID>115</buyerID>
        <sellerID>113</sellerID>
        <price>155</price>
      </transaction>
      <transaction>
        <timestamp>1333593888976</timestamp>
        <buyerID>98</buyerID>
        <sellerID>91</sellerID>
        <price>155</price>
      </transaction>
    </repetition>
    <repetition>
      <id>3</id>
      <transaction>
        <timestamp>1333594010589</timestamp>
        <buyerID>117</buyerID>
        <sellerID>94</sellerID>
        <price>154</price>
      </transaction>
      <transaction>
        <timestamp>1333594010601</timestamp>
        <buyerID>96</buyerID>
        <sellerID>91</sellerID>
        <price>155</price>
      </transaction>
      <transaction>
        <timestamp>1333594010616</timestamp>
        <buyerID>97</buyerID>
        <sellerID>93</sellerID>
        <price>155</price>
      </transaction>
      <transaction>
        <timestamp>1333594010744</timestamp>
        <buyerID>98</buyerID>
        <sellerID>111</sellerID>
        <price>155</price>
      </transaction>
      <transaction>
        <timestamp>1333594011274</timestamp>
        <buyerID>115</buyerID>
        <sellerID>114</sellerID>
        <price>157</price>
      </transaction>
      <transaction>
        <timestamp>1333594011503</timestamp>
        <buyerID>95</buyerID>
        <sellerID>112</sellerID>
        <price>156</price>
      </transaction>
      <transaction>
        <timestamp>1333594011651</timestamp>
        <buyerID>116</buyerID>
        <sellerID>92</sellerID>
        <price>156</price>
      </transaction>
      <transaction>
        <timestamp>1333594011852</timestamp>
        <buyerID>118</buyerID>
        <sellerID>113</sellerID>
        <price>155</price>
      </transaction>
      <transaction>
        <timestamp>1333594011954</timestamp>
        <buyerID>96</buyerID>
        <sellerID>114</sellerID>
        <price>155</price>
      </transaction>
      <transaction>
        <timestamp>1333594012057</timestamp>
        <buyerID>115</buyerID>
        <sellerID>91</sellerID>
        <price>155</price>
      </transaction>
      <transaction>
        <timestamp>1333594012075</timestamp>
        <buyerID>97</buyerID>
        <sellerID>94</sellerID>
        <price>155</price>
      </transaction>
      <transaction>
        <timestamp>1333594012199</timestamp>
        <buyerID>117</buyerID>
        <sellerID>93</sellerID>
        <price>155</price>
      </transaction>
      <transaction>
        <timestamp>1333594012225</timestamp>
        <buyerID>98</buyerID>
        <sellerID>92</sellerID>
        <price>156</price>
      </transaction>
      <transaction>
        <timestamp>1333594012332</timestamp>
        <buyerID>118</buyerID>
        <sellerID>112</sellerID>
        <price>156</price>
      </transaction>
      <transaction>
        <timestamp>1333594012346</timestamp>
        <buyerID>95</buyerID>
        <sellerID>93</sellerID>
        <price>157</price>
      </transaction>
      <transaction>
        <timestamp>1333594013277</timestamp>
        <buyerID>97</buyerID>
        <sellerID>94</sellerID>
        <price>157</price>
      </transaction>
      <transaction>
        <timestamp>1333594013300</timestamp>
        <buyerID>96</buyerID>
        <sellerID>92</sellerID>
        <price>157</price>
      </transaction>
      <transaction>
        <timestamp>1333594013479</timestamp>
        <buyerID>116</buyerID>
        <sellerID>112</sellerID>
        <price>157</price>
      </transaction>
      <transaction>
        <timestamp>1333594013723</timestamp>
        <buyerID>96</buyerID>
        <sellerID>114</sellerID>
        <price>156</price>
      </transaction>
      <transaction>
        <timestamp>1333594013805</timestamp>
        <buyerID>115</buyerID>
        <sellerID>91</sellerID>
        <price>156</price>
      </transaction>
      <transaction>
        <timestamp>1333594013919</timestamp>
        <buyerID>117</buyerID>
        <sellerID>94</sellerID>
        <price>156</price>
      </transaction>
      <transaction>
        <timestamp>1333594013929</timestamp>
        <buyerID>98</buyerID>
        <sellerID>93</sellerID>
        <price>156</price>
      </transaction>
      <transaction>
        <timestamp>1333594013999</timestamp>
        <buyerID>98</buyerID>
        <sellerID>113</sellerID>
        <price>157</price>
      </transaction>
      <transaction>
        <timestamp>1333594014076</timestamp>
        <buyerID>95</buyerID>
        <sellerID>112</sellerID>
        <price>157</price>
      </transaction>
      <transaction>
        <timestamp>1333594014166</timestamp>
        <buyerID>96</buyerID>
        <sellerID>111</sellerID>
        <price>157</price>
      </transaction>
      <transaction>
        <timestamp>1333594014543</timestamp>
        <buyerID>116</buyerID>
        <sellerID>94</sellerID>
        <price>157</price>
      </transaction>
      <transaction>
        <timestamp>1333594014757</timestamp>
        <buyerID>118</buyerID>
        <sellerID>91</sellerID>
        <price>156</price>
      </transaction>
      <transaction>
        <timestamp>1333594014865</timestamp>
        <buyerID>117</buyerID>
        <sellerID>113</sellerID>
        <price>157</price>
      </transaction>
      <transaction>
        <timestamp>1333594014878</timestamp>
        <buyerID>98</buyerID>
        <sellerID>114</sellerID>
        <price>157</price>
      </transaction>
      <transaction>
        <timestamp>1333594014895</timestamp>
        <buyerID>98</buyerID>
        <sellerID>93</sellerID>
        <price>157</price>
      </transaction>
      <transaction>
        <timestamp>1333594015074</timestamp>
        <buyerID>118</buyerID>
        <sellerID>91</sellerID>
        <price>158</price>
      </transaction>
      <transaction>
        <timestamp>1333594015130</timestamp>
        <buyerID>95</buyerID>
        <sellerID>114</sellerID>
        <price>158</price>
      </transaction>
      <transaction>
        <timestamp>1333594015206</timestamp>
        <buyerID>115</buyerID>
        <sellerID>113</sellerID>
        <price>158</price>
      </transaction>
      <transaction>
        <timestamp>1333594015322</timestamp>
        <buyerID>116</buyerID>
        <sellerID>113</sellerID>
        <price>157</price>
      </transaction>
      <transaction>
        <timestamp>1333594015464</timestamp>
        <buyerID>117</buyerID>
        <sellerID>91</sellerID>
        <price>156</price>
      </transaction>
      <transaction>
        <timestamp>1333594015476</timestamp>
        <buyerID>98</buyerID>
        <sellerID>114</sellerID>
        <price>157</price>
      </transaction>
      <transaction>
        <timestamp>1333594015647</timestamp>
        <buyerID>118</buyerID>
        <sellerID>91</sellerID>
        <price>156</price>
      </transaction>
      <transaction>
        <timestamp>1333594015653</timestamp>
        <buyerID>115</buyerID>
        <sellerID>91</sellerID>
        <price>156</price>
      </transaction>
      <transaction>
        <timestamp>1333594130304</timestamp>
        <buyerID>116</buyerID>
        <sellerID>111</sellerID>
        <price>157</price>
      </transaction>
    </repetition>
    <repetition>
      <id>4</id>
      <transaction>
        <timestamp>1333594137961</timestamp>
        <buyerID>95</buyerID>
        <sellerID>94</sellerID>
        <price>159</price>
      </transaction>
      <transaction>
        <timestamp>1333594138225</timestamp>
        <buyerID>97</buyerID>
        <sellerID>113</sellerID>
        <price>156</price>
      </transaction>
      <transaction>
        <timestamp>1333594138480</timestamp>
        <buyerID>115</buyerID>
        <sellerID>92</sellerID>
        <price>157</price>
      </transaction>
      <transaction>
        <timestamp>1333594138725</timestamp>
        <buyerID>116</buyerID>
        <sellerID>111</sellerID>
        <price>157</price>
      </transaction>
      <transaction>
        <timestamp>1333594138737</timestamp>
        <buyerID>96</buyerID>
        <sellerID>93</sellerID>
        <price>157</price>
      </transaction>
      <transaction>
        <timestamp>1333594138877</timestamp>
        <buyerID>118</buyerID>
        <sellerID>91</sellerID>
        <price>157</price>
      </transaction>
      <transaction>
        <timestamp>1333594138989</timestamp>
        <buyerID>98</buyerID>
        <sellerID>112</sellerID>
        <price>157</price>
      </transaction>
      <transaction>
        <timestamp>1333594139008</timestamp>
        <buyerID>98</buyerID>
        <sellerID>91</sellerID>
        <price>157</price>
      </transaction>
      <transaction>
        <timestamp>1333594139024</timestamp>
        <buyerID>96</buyerID>
        <sellerID>93</sellerID>
        <price>157</price>
      </transaction>
      <transaction>
        <timestamp>1333594139048</timestamp>
        <buyerID>117</buyerID>
        <sellerID>92</sellerID>
        <price>156</price>
      </transaction>
      <transaction>
        <timestamp>1333594139067</timestamp>
        <buyerID>95</buyerID>
        <sellerID>94</sellerID>
        <price>157</price>
      </transaction>
      <transaction>
        <timestamp>1333594139308</timestamp>
        <buyerID>117</buyerID>
        <sellerID>113</sellerID>
        <price>157</price>
      </transaction>
      <transaction>
        <timestamp>1333594139506</timestamp>
        <buyerID>115</buyerID>
        <sellerID>114</sellerID>
        <price>158</price>
      </transaction>
      <transaction>
        <timestamp>1333594139899</timestamp>
        <buyerID>116</buyerID>
        <sellerID>111</sellerID>
        <price>159</price>
      </transaction>
      <transaction>
        <timestamp>1333594140079</timestamp>
        <buyerID>118</buyerID>
        <sellerID>112</sellerID>
        <price>158</price>
      </transaction>
      <transaction>
        <timestamp>1333594140162</timestamp>
        <buyerID>95</buyerID>
        <sellerID>91</sellerID>
        <price>158</price>
      </transaction>
      <transaction>
        <timestamp>1333594140291</timestamp>
        <buyerID>96</buyerID>
        <sellerID>92</sellerID>
        <price>159</price>
      </transaction>
      <transaction>
        <timestamp>1333594140313</timestamp>
        <buyerID>97</buyerID>
        <sellerID>94</sellerID>
        <price>159</price>
      </transaction>
      <transaction>
        <timestamp>1333594140322</timestamp>
        <buyerID>117</buyerID>
        <sellerID>93</sellerID>
        <price>158</price>
      </transaction>
      <transaction>
        <timestamp>1333594140427</timestamp>
        <buyerID>118</buyerID>
        <sellerID>93</sellerID>
        <price>157</price>
      </transaction>
      <transaction>
        <timestamp>1333594140625</timestamp>
        <buyerID>97</buyerID>
        <sellerID>113</sellerID>
        <price>154</price>
      </transaction>
      <transaction>
        <timestamp>1333594140653</timestamp>
        <buyerID>96</buyerID>
        <sellerID>91</sellerID>
        <price>155</price>
      </transaction>
      <transaction>
        <timestamp>1333594140823</timestamp>
        <buyerID>115</buyerID>
        <sellerID>94</sellerID>
        <price>156</price>
      </transaction>
      <transaction>
        <timestamp>1333594140957</timestamp>
        <buyerID>98</buyerID>
        <sellerID>94</sellerID>
        <price>156</price>
      </transaction>
      <transaction>
        <timestamp>1333594141120</timestamp>
        <buyerID>95</buyerID>
        <sellerID>91</sellerID>
        <price>156</price>
      </transaction>
      <transaction>
        <timestamp>1333594141326</timestamp>
        <buyerID>117</buyerID>
        <sellerID>93</sellerID>
        <price>156</price>
      </transaction>
      <transaction>
        <timestamp>1333594141425</timestamp>
        <buyerID>96</buyerID>
        <sellerID>114</sellerID>
        <price>156</price>
      </transaction>
      <transaction>
        <timestamp>1333594141627</timestamp>
        <buyerID>116</buyerID>
        <sellerID>111</sellerID>
        <price>156</price>
      </transaction>
      <transaction>
        <timestamp>1333594141694</timestamp>
        <buyerID>115</buyerID>
        <sellerID>112</sellerID>
        <price>156</price>
      </transaction>
      <transaction>
        <timestamp>1333594141780</timestamp>
        <buyerID>118</buyerID>
        <sellerID>113</sellerID>
        <price>155</price>
      </transaction>
      <transaction>
        <timestamp>1333594141947</timestamp>
        <buyerID>98</buyerID>
        <sellerID>91</sellerID>
        <price>155</price>
      </transaction>
      <transaction>
        <timestamp>1333594142088</timestamp>
        <buyerID>118</buyerID>
        <sellerID>114</sellerID>
        <price>155</price>
      </transaction>
      <transaction>
        <timestamp>1333594142156</timestamp>
        <buyerID>115</buyerID>
        <sellerID>114</sellerID>
        <price>155</price>
      </transaction>
      <transaction>
        <timestamp>1333594142480</timestamp>
        <buyerID>98</buyerID>
        <sellerID>112</sellerID>
        <price>156</price>
      </transaction>
      <transaction>
        <timestamp>1333594142641</timestamp>
        <buyerID>117</buyerID>
        <sellerID>114</sellerID>
        <price>155</price>
      </transaction>
      <transaction>
        <timestamp>1333594142896</timestamp>
        <buyerID>116</buyerID>
        <sellerID>113</sellerID>
        <price>155</price>
      </transaction>
      <transaction>
        <timestamp>1333594142962</timestamp>
        <buyerID>117</buyerID>
        <sellerID>91</sellerID>
        <price>155</price>
      </transaction>
      <transaction>
        <timestamp>1333594143173</timestamp>
        <buyerID>116</buyerID>
        <sellerID>91</sellerID>
        <price>155</price>
      </transaction>
      <transaction>
        <timestamp>1333594144567</timestamp>
        <buyerID>98</buyerID>
        <sellerID>114</sellerID>
        <price>156</price>
      </transaction>
    </repetition>
    <repetition>
      <id>5</id>
      <transaction>
        <timestamp>1333594265829</timestamp>
        <buyerID>116</buyerID>
        <sellerID>113</sellerID>
        <price>153</price>
      </transaction>
      <transaction>
        <timestamp>1333594265834</timestamp>
        <buyerID>96</buyerID>
        <sellerID>111</sellerID>
        <price>153</price>
      </transaction>
      <transaction>
        <timestamp>1333594265841</timestamp>
        <buyerID>97</buyerID>
        <sellerID>93</sellerID>
        <price>153</price>
      </transaction>
      <transaction>
        <timestamp>1333594265862</timestamp>
        <buyerID>98</buyerID>
        <sellerID>91</sellerID>
        <price>155</price>
      </transaction>
      <transaction>
        <timestamp>1333594265973</timestamp>
        <buyerID>95</buyerID>
        <sellerID>94</sellerID>
        <price>155</price>
      </transaction>
      <transaction>
        <timestamp>1333594266110</timestamp>
        <buyerID>118</buyerID>
        <sellerID>112</sellerID>
        <price>155</price>
      </transaction>
      <transaction>
        <timestamp>1333594266363</timestamp>
        <buyerID>117</buyerID>
        <sellerID>114</sellerID>
        <price>156</price>
      </transaction>
      <transaction>
        <timestamp>1333594266493</timestamp>
        <buyerID>115</buyerID>
        <sellerID>92</sellerID>
        <price>156</price>
      </transaction>
      <transaction>
        <timestamp>1333594267706</timestamp>
        <buyerID>117</buyerID>
        <sellerID>114</sellerID>
        <price>155</price>
      </transaction>
      <transaction>
        <timestamp>1333594267799</timestamp>
        <buyerID>117</buyerID>
        <sellerID>92</sellerID>
        <price>156</price>
      </transaction>
      <transaction>
        <timestamp>1333594268002</timestamp>
        <buyerID>96</buyerID>
        <sellerID>113</sellerID>
        <price>158</price>
      </transaction>
      <transaction>
        <timestamp>1333594268030</timestamp>
        <buyerID>97</buyerID>
        <sellerID>93</sellerID>
        <price>158</price>
      </transaction>
      <transaction>
        <timestamp>1333594268206</timestamp>
        <buyerID>118</buyerID>
        <sellerID>111</sellerID>
        <price>158</price>
      </transaction>
      <transaction>
        <timestamp>1333594268220</timestamp>
        <buyerID>98</buyerID>
        <sellerID>91</sellerID>
        <price>158</price>
      </transaction>
      <transaction>
        <timestamp>1333594268321</timestamp>
        <buyerID>98</buyerID>
        <sellerID>94</sellerID>
        <price>158</price>
      </transaction>
      <transaction>
        <timestamp>1333594268454</timestamp>
        <buyerID>95</buyerID>
        <sellerID>93</sellerID>
        <price>157</price>
      </transaction>
      <transaction>
        <timestamp>1333594268552</timestamp>
        <buyerID>118</buyerID>
        <sellerID>113</sellerID>
        <price>157</price>
      </transaction>
      <transaction>
        <timestamp>1333594268565</timestamp>
        <buyerID>95</buyerID>
        <sellerID>112</sellerID>
        <price>158</price>
      </transaction>
      <transaction>
        <timestamp>1333594268749</timestamp>
        <buyerID>115</buyerID>
        <sellerID>111</sellerID>
        <price>158</price>
      </transaction>
      <transaction>
        <timestamp>1333594268932</timestamp>
        <buyerID>97</buyerID>
        <sellerID>114</sellerID>
        <price>157</price>
      </transaction>
      <transaction>
        <timestamp>1333594268947</timestamp>
        <buyerID>96</buyerID>
        <sellerID>92</sellerID>
        <price>158</price>
      </transaction>
      <transaction>
        <timestamp>1333594269166</timestamp>
        <buyerID>117</buyerID>
        <sellerID>113</sellerID>
        <price>158</price>
      </transaction>
      <transaction>
        <timestamp>1333594269232</timestamp>
        <buyerID>98</buyerID>
        <sellerID>94</sellerID>
        <price>158</price>
      </transaction>
      <transaction>
        <timestamp>1333594269412</timestamp>
        <buyerID>116</buyerID>
        <sellerID>112</sellerID>
        <price>158</price>
      </transaction>
      <transaction>
        <timestamp>1333594269426</timestamp>
        <buyerID>95</buyerID>
        <sellerID>91</sellerID>
        <price>157</price>
      </transaction>
      <transaction>
        <timestamp>1333594269534</timestamp>
        <buyerID>117</buyerID>
        <sellerID>94</sellerID>
        <price>158</price>
      </transaction>
      <transaction>
        <timestamp>1333594269662</timestamp>
        <buyerID>96</buyerID>
        <sellerID>93</sellerID>
        <price>158</price>
      </transaction>
      <transaction>
        <timestamp>1333594269669</timestamp>
        <buyerID>96</buyerID>
        <sellerID>113</sellerID>
        <price>158</price>
      </transaction>
      <transaction>
        <timestamp>1333594269841</timestamp>
        <buyerID>115</buyerID>
        <sellerID>114</sellerID>
        <price>158</price>
      </transaction>
      <transaction>
        <timestamp>1333594270019</timestamp>
        <buyerID>98</buyerID>
        <sellerID>113</sellerID>
        <price>159</price>
      </transaction>
      <transaction>
        <timestamp>1333594270034</timestamp>
        <buyerID>118</buyerID>
        <sellerID>94</sellerID>
        <price>158</price>
      </transaction>
      <transaction>
        <timestamp>1333594270304</timestamp>
        <buyerID>116</buyerID>
        <sellerID>91</sellerID>
        <price>158</price>
      </transaction>
      <transaction>
        <timestamp>1333594270624</timestamp>
        <buyerID>115</buyerID>
        <sellerID>93</sellerID>
        <price>158</price>
      </transaction>
      <transaction>
        <timestamp>1333594270676</timestamp>
        <buyerID>117</buyerID>
        <sellerID>114</sellerID>
        <price>158</price>
      </transaction>
      <transaction>
        <timestamp>1333594270795</timestamp>
        <buyerID>98</buyerID>
        <sellerID>112</sellerID>
        <price>159</price>
      </transaction>
      <transaction>
        <timestamp>1333594271034</timestamp>
        <buyerID>115</buyerID>
        <sellerID>91</sellerID>
        <price>158</price>
      </transaction>
      <transaction>
        <timestamp>1333594271421</timestamp>
        <buyerID>98</buyerID>
        <sellerID>114</sellerID>
        <price>159</price>
      </transaction>
      <transaction>
        <timestamp>1333594272355</timestamp>
        <buyerID>118</buyerID>
        <sellerID>91</sellerID>
        <price>158</price>
      </transaction>
      <transaction>
        <timestamp>1333594272853</timestamp>
        <buyerID>116</buyerID>
        <sellerID>91</sellerID>
        <price>158</price>
      </transaction>
      <transaction>
        <timestamp>1333594274650</timestamp>
        <buyerID>116</buyerID>
        <sellerID>91</sellerID>
        <price>158</price>
      </transaction>
    </repetition>
  </transactions>
  <scores>
    <agent>
      <ID>98</ID>
      <userName>gd8</userName>
      <strategy>GD</strategy>
      <values>
        <value>229</value>
        <value>226</value>
        <value>216</value>
        <value>206</value>
        <value>188</value>
        <value>187</value>
        <value>167</value>
        <value>132</value>
        <value>103</value>
        <value>95</value>
      </values>
      <score>365.8</score>
    </agent>
    <agent>
      <ID>96</ID>
      <userName>gd6</userName>
      <strategy>GD</strategy>
      <values>
        <value>234</value>
        <value>198</value>
        <value>190</value>
        <value>183</value>
        <value>181</value>
        <value>146</value>
        <value>113</value>
        <value>85</value>
        <value>74</value>
        <value>61</value>
      </values>
      <score>208.0</score>
    </agent>
    <agent>
      <ID>97</ID>
      <userName>gd7</userName>
      <strategy>GD</strategy>
      <values>
        <value>255</value>
        <value>221</value>
        <value>176</value>
        <value>153</value>
        <value>151</value>
        <value>131</value>
        <value>114</value>
        <value>103</value>
        <value>83</value>
        <value>72</value>
      </values>
      <score>186.6</score>
    </agent>
    <agent>
      <ID>111</ID>
      <userName>gdx1</userName>
      <strategy>GDX</strategy>
      <values>
        <value>61</value>
        <value>154</value>
        <value>155</value>
        <value>176</value>
        <value>193</value>
        <value>206</value>
        <value>223</value>
        <value>240</value>
        <value>245</value>
        <value>257</value>
      </values>
      <score>91.4</score>
    </agent>
    <agent>
      <ID>118</ID>
      <userName>gdx8</userName>
      <strategy>GDX</strategy>
      <values>
        <value>259</value>
        <value>237</value>
        <value>174</value>
        <value>167</value>
        <value>167</value>
        <value>147</value>
        <value>122</value>
        <value>120</value>
        <value>88</value>
        <value>68</value>
      </values>
      <score>241.2</score>
    </agent>
    <agent>
      <ID>117</ID>
      <userName>gdx7</userName>
      <strategy>GDX</strategy>
      <values>
        <value>254</value>
        <value>249</value>
        <value>227</value>
        <value>215</value>
        <value>191</value>
        <value>190</value>
        <value>145</value>
        <value>123</value>
        <value>101</value>
        <value>83</value>
      </values>
      <score>427.8</score>
    </agent>
    <agent>
      <ID>116</ID>
      <userName>gdx6</userName>
      <strategy>GDX</strategy>
      <values>
        <value>253</value>
        <value>240</value>
        <value>215</value>
        <value>178</value>
        <value>170</value>
        <value>164</value>
        <value>123</value>
        <value>121</value>
        <value>82</value>
        <value>64</value>
      </values>
      <score>287.4</score>
    </agent>
    <agent>
      <ID>115</ID>
      <userName>gdx5</userName>
      <strategy>GDX</strategy>
      <values>
        <value>235</value>
        <value>219</value>
        <value>207</value>
        <value>200</value>
        <value>160</value>
        <value>140</value>
        <value>121</value>
        <value>98</value>
        <value>77</value>
        <value>72</value>
      </values>
      <score>266.4</score>
    </agent>
    <agent>
      <ID>114</ID>
      <userName>gdx4</userName>
      <strategy>GDX</strategy>
      <values>
        <value>64</value>
        <value>84</value>
        <value>94</value>
        <value>104</value>
        <value>124</value>
        <value>146</value>
        <value>240</value>
        <value>241</value>
        <value>242</value>
        <value>249</value>
      </values>
      <score>287.4</score>
    </agent>
    <agent>
      <ID>113</ID>
      <userName>gdx3</userName>
      <strategy>GDX</strategy>
      <values>
        <value>61</value>
        <value>61</value>
        <value>67</value>
        <value>80</value>
        <value>108</value>
        <value>158</value>
        <value>178</value>
        <value>182</value>
        <value>197</value>
        <value>201</value>
      </values>
      <score>371.4</score>
    </agent>
    <agent>
      <ID>112</ID>
      <userName>gdx2</userName>
      <strategy>GDX</strategy>
      <values>
        <value>84</value>
        <value>133</value>
        <value>139</value>
        <value>150</value>
        <value>169</value>
        <value>197</value>
        <value>201</value>
        <value>215</value>
        <value>216</value>
        <value>226</value>
      </values>
      <score>107.6</score>
    </agent>
    <agent>
      <ID>93</ID>
      <userName>gd3</userName>
      <strategy>GD</strategy>
      <values>
        <value>66</value>
        <value>131</value>
        <value>132</value>
        <value>133</value>
        <value>154</value>
        <value>161</value>
        <value>183</value>
        <value>201</value>
        <value>212</value>
        <value>218</value>
      </values>
      <score>144.6</score>
    </agent>
    <agent>
      <ID>92</ID>
      <userName>gd2</userName>
      <strategy>GD</strategy>
      <values>
        <value>83</value>
        <value>120</value>
        <value>154</value>
        <value>197</value>
        <value>200</value>
        <value>208</value>
        <value>212</value>
        <value>222</value>
        <value>242</value>
        <value>254</value>
      </values>
      <score>97.6</score>
    </agent>
    <agent>
      <ID>95</ID>
      <userName>gd5</userName>
      <strategy>GD</strategy>
      <values>
        <value>258</value>
        <value>243</value>
        <value>216</value>
        <value>166</value>
        <value>150</value>
        <value>133</value>
        <value>112</value>
        <value>83</value>
        <value>81</value>
        <value>79</value>
      </values>
      <score>274.4</score>
    </agent>
    <agent>
      <ID>94</ID>
      <userName>gd4</userName>
      <strategy>GD</strategy>
      <values>
        <value>76</value>
        <value>106</value>
        <value>119</value>
        <value>129</value>
        <value>146</value>
        <value>180</value>
        <value>198</value>
        <value>212</value>
        <value>244</value>
        <value>250</value>
      </values>
      <score>180.2</score>
    </agent>
    <agent>
      <ID>91</ID>
      <userName>gd1</userName>
      <strategy>GD</strategy>
      <values>
        <value>77</value>
        <value>107</value>
        <value>109</value>
        <value>126</value>
        <value>127</value>
        <value>132</value>
        <value>142</value>
        <value>152</value>
        <value>194</value>
        <value>243</value>
      </values>
      <score>235.8</score>
    </agent>
  </scores>
</results>

