<results>
  <transactions>
    <repetition>
      <id>1</id>
      <transaction>
        <timestamp>1333594758955</timestamp>
        <buyerID>122</buyerID>
        <sellerID>132</sellerID>
        <price>160</price>
      </transaction>
      <transaction>
        <timestamp>1333594759809</timestamp>
        <buyerID>117</buyerID>
        <sellerID>116</sellerID>
        <price>162</price>
      </transaction>
      <transaction>
        <timestamp>1333594759922</timestamp>
        <buyerID>134</buyerID>
        <sellerID>111</sellerID>
        <price>162</price>
      </transaction>
      <transaction>
        <timestamp>1333594760125</timestamp>
        <buyerID>119</buyerID>
        <sellerID>116</sellerID>
        <price>161</price>
      </transaction>
      <transaction>
        <timestamp>1333594760619</timestamp>
        <buyerID>119</buyerID>
        <sellerID>113</sellerID>
        <price>161</price>
      </transaction>
      <transaction>
        <timestamp>1333594760846</timestamp>
        <buyerID>118</buyerID>
        <sellerID>111</sellerID>
        <price>162</price>
      </transaction>
      <transaction>
        <timestamp>1333594761089</timestamp>
        <buyerID>120</buyerID>
        <sellerID>112</sellerID>
        <price>162</price>
      </transaction>
      <transaction>
        <timestamp>1333594761232</timestamp>
        <buyerID>133</buyerID>
        <sellerID>114</sellerID>
        <price>162</price>
      </transaction>
      <transaction>
        <timestamp>1333594761304</timestamp>
        <buyerID>121</buyerID>
        <sellerID>132</sellerID>
        <price>161</price>
      </transaction>
      <transaction>
        <timestamp>1333594761589</timestamp>
        <buyerID>122</buyerID>
        <sellerID>113</sellerID>
        <price>161</price>
      </transaction>
      <transaction>
        <timestamp>1333594761739</timestamp>
        <buyerID>134</buyerID>
        <sellerID>115</sellerID>
        <price>162</price>
      </transaction>
      <transaction>
        <timestamp>1333594761977</timestamp>
        <buyerID>119</buyerID>
        <sellerID>115</sellerID>
        <price>161</price>
      </transaction>
      <transaction>
        <timestamp>1333594763333</timestamp>
        <buyerID>118</buyerID>
        <sellerID>116</sellerID>
        <price>162</price>
      </transaction>
      <transaction>
        <timestamp>1333594763432</timestamp>
        <buyerID>120</buyerID>
        <sellerID>113</sellerID>
        <price>162</price>
      </transaction>
      <transaction>
        <timestamp>1333594763552</timestamp>
        <buyerID>133</buyerID>
        <sellerID>112</sellerID>
        <price>162</price>
      </transaction>
      <transaction>
        <timestamp>1333594764051</timestamp>
        <buyerID>122</buyerID>
        <sellerID>111</sellerID>
        <price>162</price>
      </transaction>
      <transaction>
        <timestamp>1333594764056</timestamp>
        <buyerID>134</buyerID>
        <sellerID>113</sellerID>
        <price>163</price>
      </transaction>
      <transaction>
        <timestamp>1333594764294</timestamp>
        <buyerID>118</buyerID>
        <sellerID>115</sellerID>
        <price>162</price>
      </transaction>
      <transaction>
        <timestamp>1333594764820</timestamp>
        <buyerID>117</buyerID>
        <sellerID>131</sellerID>
        <price>162</price>
      </transaction>
      <transaction>
        <timestamp>1333594764824</timestamp>
        <buyerID>119</buyerID>
        <sellerID>132</sellerID>
        <price>162</price>
      </transaction>
      <transaction>
        <timestamp>1333594764839</timestamp>
        <buyerID>133</buyerID>
        <sellerID>116</sellerID>
        <price>163</price>
      </transaction>
      <transaction>
        <timestamp>1333594764922</timestamp>
        <buyerID>121</buyerID>
        <sellerID>112</sellerID>
        <price>162</price>
      </transaction>
      <transaction>
        <timestamp>1333594765010</timestamp>
        <buyerID>118</buyerID>
        <sellerID>114</sellerID>
        <price>162</price>
      </transaction>
      <transaction>
        <timestamp>1333594765067</timestamp>
        <buyerID>120</buyerID>
        <sellerID>132</sellerID>
        <price>162</price>
      </transaction>
      <transaction>
        <timestamp>1333594765427</timestamp>
        <buyerID>133</buyerID>
        <sellerID>111</sellerID>
        <price>162</price>
      </transaction>
      <transaction>
        <timestamp>1333594765432</timestamp>
        <buyerID>134</buyerID>
        <sellerID>115</sellerID>
        <price>163</price>
      </transaction>
      <transaction>
        <timestamp>1333594765674</timestamp>
        <buyerID>121</buyerID>
        <sellerID>131</sellerID>
        <price>162</price>
      </transaction>
      <transaction>
        <timestamp>1333594765741</timestamp>
        <buyerID>133</buyerID>
        <sellerID>116</sellerID>
        <price>163</price>
      </transaction>
      <transaction>
        <timestamp>1333594765815</timestamp>
        <buyerID>133</buyerID>
        <sellerID>112</sellerID>
        <price>163</price>
      </transaction>
      <transaction>
        <timestamp>1333594766715</timestamp>
        <buyerID>134</buyerID>
        <sellerID>114</sellerID>
        <price>164</price>
      </transaction>
      <transaction>
        <timestamp>1333594766790</timestamp>
        <buyerID>117</buyerID>
        <sellerID>131</sellerID>
        <price>164</price>
      </transaction>
      <transaction>
        <timestamp>1333594767404</timestamp>
        <buyerID>119</buyerID>
        <sellerID>112</sellerID>
        <price>163</price>
      </transaction>
      <transaction>
        <timestamp>1333594767469</timestamp>
        <buyerID>117</buyerID>
        <sellerID>131</sellerID>
        <price>163</price>
      </transaction>
      <transaction>
        <timestamp>1333594769290</timestamp>
        <buyerID>118</buyerID>
        <sellerID>131</sellerID>
        <price>163</price>
      </transaction>
      <transaction>
        <timestamp>1333594769617</timestamp>
        <buyerID>119</buyerID>
        <sellerID>131</sellerID>
        <price>163</price>
      </transaction>
      <transaction>
        <timestamp>1333594770930</timestamp>
        <buyerID>118</buyerID>
        <sellerID>131</sellerID>
        <price>163</price>
      </transaction>
      <transaction>
        <timestamp>1333594771469</timestamp>
        <buyerID>121</buyerID>
        <sellerID>131</sellerID>
        <price>163</price>
      </transaction>
      <transaction>
        <timestamp>1333594773479</timestamp>
        <buyerID>120</buyerID>
        <sellerID>114</sellerID>
        <price>163</price>
      </transaction>
    </repetition>
    <repetition>
      <id>2</id>
      <transaction>
        <timestamp>1333594885181</timestamp>
        <buyerID>118</buyerID>
        <sellerID>131</sellerID>
        <price>165</price>
      </transaction>
      <transaction>
        <timestamp>1333594885312</timestamp>
        <buyerID>134</buyerID>
        <sellerID>114</sellerID>
        <price>165</price>
      </transaction>
      <transaction>
        <timestamp>1333594885530</timestamp>
        <buyerID>121</buyerID>
        <sellerID>115</sellerID>
        <price>163</price>
      </transaction>
      <transaction>
        <timestamp>1333594885542</timestamp>
        <buyerID>133</buyerID>
        <sellerID>132</sellerID>
        <price>164</price>
      </transaction>
      <transaction>
        <timestamp>1333594886070</timestamp>
        <buyerID>117</buyerID>
        <sellerID>113</sellerID>
        <price>164</price>
      </transaction>
      <transaction>
        <timestamp>1333594886303</timestamp>
        <buyerID>120</buyerID>
        <sellerID>111</sellerID>
        <price>163</price>
      </transaction>
      <transaction>
        <timestamp>1333594886527</timestamp>
        <buyerID>119</buyerID>
        <sellerID>116</sellerID>
        <price>164</price>
      </transaction>
      <transaction>
        <timestamp>1333594886755</timestamp>
        <buyerID>119</buyerID>
        <sellerID>112</sellerID>
        <price>164</price>
      </transaction>
      <transaction>
        <timestamp>1333594886954</timestamp>
        <buyerID>122</buyerID>
        <sellerID>111</sellerID>
        <price>164</price>
      </transaction>
      <transaction>
        <timestamp>1333594887229</timestamp>
        <buyerID>117</buyerID>
        <sellerID>113</sellerID>
        <price>163</price>
      </transaction>
      <transaction>
        <timestamp>1333594887329</timestamp>
        <buyerID>118</buyerID>
        <sellerID>132</sellerID>
        <price>163</price>
      </transaction>
      <transaction>
        <timestamp>1333594887343</timestamp>
        <buyerID>134</buyerID>
        <sellerID>131</sellerID>
        <price>163</price>
      </transaction>
      <transaction>
        <timestamp>1333594887541</timestamp>
        <buyerID>121</buyerID>
        <sellerID>116</sellerID>
        <price>164</price>
      </transaction>
      <transaction>
        <timestamp>1333594887860</timestamp>
        <buyerID>133</buyerID>
        <sellerID>114</sellerID>
        <price>164</price>
      </transaction>
      <transaction>
        <timestamp>1333594888125</timestamp>
        <buyerID>120</buyerID>
        <sellerID>114</sellerID>
        <price>164</price>
      </transaction>
      <transaction>
        <timestamp>1333594888131</timestamp>
        <buyerID>121</buyerID>
        <sellerID>131</sellerID>
        <price>163</price>
      </transaction>
      <transaction>
        <timestamp>1333594888220</timestamp>
        <buyerID>134</buyerID>
        <sellerID>132</sellerID>
        <price>164</price>
      </transaction>
      <transaction>
        <timestamp>1333594888360</timestamp>
        <buyerID>118</buyerID>
        <sellerID>113</sellerID>
        <price>164</price>
      </transaction>
      <transaction>
        <timestamp>1333594888437</timestamp>
        <buyerID>117</buyerID>
        <sellerID>116</sellerID>
        <price>163</price>
      </transaction>
      <transaction>
        <timestamp>1333594888591</timestamp>
        <buyerID>122</buyerID>
        <sellerID>111</sellerID>
        <price>163</price>
      </transaction>
      <transaction>
        <timestamp>1333594888768</timestamp>
        <buyerID>119</buyerID>
        <sellerID>112</sellerID>
        <price>163</price>
      </transaction>
      <transaction>
        <timestamp>1333594888963</timestamp>
        <buyerID>119</buyerID>
        <sellerID>111</sellerID>
        <price>163</price>
      </transaction>
      <transaction>
        <timestamp>1333594889031</timestamp>
        <buyerID>122</buyerID>
        <sellerID>116</sellerID>
        <price>163</price>
      </transaction>
      <transaction>
        <timestamp>1333594889138</timestamp>
        <buyerID>117</buyerID>
        <sellerID>113</sellerID>
        <price>163</price>
      </transaction>
      <transaction>
        <timestamp>1333594889212</timestamp>
        <buyerID>118</buyerID>
        <sellerID>132</sellerID>
        <price>162</price>
      </transaction>
      <transaction>
        <timestamp>1333594889230</timestamp>
        <buyerID>134</buyerID>
        <sellerID>131</sellerID>
        <price>162</price>
      </transaction>
      <transaction>
        <timestamp>1333594889692</timestamp>
        <buyerID>133</buyerID>
        <sellerID>115</sellerID>
        <price>163</price>
      </transaction>
      <transaction>
        <timestamp>1333594889775</timestamp>
        <buyerID>133</buyerID>
        <sellerID>114</sellerID>
        <price>163</price>
      </transaction>
      <transaction>
        <timestamp>1333594890102</timestamp>
        <buyerID>120</buyerID>
        <sellerID>116</sellerID>
        <price>163</price>
      </transaction>
      <transaction>
        <timestamp>1333594890329</timestamp>
        <buyerID>134</buyerID>
        <sellerID>112</sellerID>
        <price>163</price>
      </transaction>
      <transaction>
        <timestamp>1333594890824</timestamp>
        <buyerID>133</buyerID>
        <sellerID>115</sellerID>
        <price>163</price>
      </transaction>
      <transaction>
        <timestamp>1333594891376</timestamp>
        <buyerID>118</buyerID>
        <sellerID>112</sellerID>
        <price>163</price>
      </transaction>
      <transaction>
        <timestamp>1333594891782</timestamp>
        <buyerID>133</buyerID>
        <sellerID>115</sellerID>
        <price>164</price>
      </transaction>
      <transaction>
        <timestamp>1333594891838</timestamp>
        <buyerID>133</buyerID>
        <sellerID>131</sellerID>
        <price>164</price>
      </transaction>
      <transaction>
        <timestamp>1333594892520</timestamp>
        <buyerID>120</buyerID>
        <sellerID>131</sellerID>
        <price>163</price>
      </transaction>
      <transaction>
        <timestamp>1333594892797</timestamp>
        <buyerID>120</buyerID>
        <sellerID>131</sellerID>
        <price>163</price>
      </transaction>
      <transaction>
        <timestamp>1333594893418</timestamp>
        <buyerID>119</buyerID>
        <sellerID>131</sellerID>
        <price>163</price>
      </transaction>
      <transaction>
        <timestamp>1333594894008</timestamp>
        <buyerID>118</buyerID>
        <sellerID>112</sellerID>
        <price>163</price>
      </transaction>
      <transaction>
        <timestamp>1333595005708</timestamp>
        <buyerID>119</buyerID>
        <sellerID>113</sellerID>
        <price>164</price>
      </transaction>
    </repetition>
    <repetition>
      <id>3</id>
      <transaction>
        <timestamp>1333595012799</timestamp>
        <buyerID>134</buyerID>
        <sellerID>111</sellerID>
        <price>171</price>
      </transaction>
      <transaction>
        <timestamp>1333595013043</timestamp>
        <buyerID>121</buyerID>
        <sellerID>114</sellerID>
        <price>166</price>
      </transaction>
      <transaction>
        <timestamp>1333595013170</timestamp>
        <buyerID>119</buyerID>
        <sellerID>132</sellerID>
        <price>165</price>
      </transaction>
      <transaction>
        <timestamp>1333595013581</timestamp>
        <buyerID>118</buyerID>
        <sellerID>116</sellerID>
        <price>165</price>
      </transaction>
      <transaction>
        <timestamp>1333595013689</timestamp>
        <buyerID>122</buyerID>
        <sellerID>113</sellerID>
        <price>164</price>
      </transaction>
      <transaction>
        <timestamp>1333595013902</timestamp>
        <buyerID>117</buyerID>
        <sellerID>112</sellerID>
        <price>164</price>
      </transaction>
      <transaction>
        <timestamp>1333595014123</timestamp>
        <buyerID>120</buyerID>
        <sellerID>115</sellerID>
        <price>164</price>
      </transaction>
      <transaction>
        <timestamp>1333595014314</timestamp>
        <buyerID>120</buyerID>
        <sellerID>112</sellerID>
        <price>164</price>
      </transaction>
      <transaction>
        <timestamp>1333595014491</timestamp>
        <buyerID>117</buyerID>
        <sellerID>113</sellerID>
        <price>164</price>
      </transaction>
      <transaction>
        <timestamp>1333595014664</timestamp>
        <buyerID>122</buyerID>
        <sellerID>116</sellerID>
        <price>164</price>
      </transaction>
      <transaction>
        <timestamp>1333595014764</timestamp>
        <buyerID>133</buyerID>
        <sellerID>111</sellerID>
        <price>164</price>
      </transaction>
      <transaction>
        <timestamp>1333595014966</timestamp>
        <buyerID>118</buyerID>
        <sellerID>114</sellerID>
        <price>164</price>
      </transaction>
      <transaction>
        <timestamp>1333595015394</timestamp>
        <buyerID>118</buyerID>
        <sellerID>114</sellerID>
        <price>164</price>
      </transaction>
      <transaction>
        <timestamp>1333595015935</timestamp>
        <buyerID>120</buyerID>
        <sellerID>116</sellerID>
        <price>164</price>
      </transaction>
      <transaction>
        <timestamp>1333595016073</timestamp>
        <buyerID>117</buyerID>
        <sellerID>113</sellerID>
        <price>164</price>
      </transaction>
      <transaction>
        <timestamp>1333595016244</timestamp>
        <buyerID>122</buyerID>
        <sellerID>115</sellerID>
        <price>164</price>
      </transaction>
      <transaction>
        <timestamp>1333595016248</timestamp>
        <buyerID>133</buyerID>
        <sellerID>112</sellerID>
        <price>164</price>
      </transaction>
      <transaction>
        <timestamp>1333595016263</timestamp>
        <buyerID>119</buyerID>
        <sellerID>131</sellerID>
        <price>162</price>
      </transaction>
      <transaction>
        <timestamp>1333595016336</timestamp>
        <buyerID>134</buyerID>
        <sellerID>132</sellerID>
        <price>163</price>
      </transaction>
      <transaction>
        <timestamp>1333595016416</timestamp>
        <buyerID>119</buyerID>
        <sellerID>113</sellerID>
        <price>164</price>
      </transaction>
      <transaction>
        <timestamp>1333595016512</timestamp>
        <buyerID>121</buyerID>
        <sellerID>116</sellerID>
        <price>164</price>
      </transaction>
      <transaction>
        <timestamp>1333595016570</timestamp>
        <buyerID>119</buyerID>
        <sellerID>114</sellerID>
        <price>164</price>
      </transaction>
      <transaction>
        <timestamp>1333595016688</timestamp>
        <buyerID>134</buyerID>
        <sellerID>132</sellerID>
        <price>164</price>
      </transaction>
      <transaction>
        <timestamp>1333595016764</timestamp>
        <buyerID>118</buyerID>
        <sellerID>111</sellerID>
        <price>164</price>
      </transaction>
      <transaction>
        <timestamp>1333595017481</timestamp>
        <buyerID>117</buyerID>
        <sellerID>132</sellerID>
        <price>163</price>
      </transaction>
      <transaction>
        <timestamp>1333595017484</timestamp>
        <buyerID>120</buyerID>
        <sellerID>131</sellerID>
        <price>163</price>
      </transaction>
      <transaction>
        <timestamp>1333595017495</timestamp>
        <buyerID>134</buyerID>
        <sellerID>115</sellerID>
        <price>164</price>
      </transaction>
      <transaction>
        <timestamp>1333595017667</timestamp>
        <buyerID>134</buyerID>
        <sellerID>112</sellerID>
        <price>164</price>
      </transaction>
      <transaction>
        <timestamp>1333595017750</timestamp>
        <buyerID>121</buyerID>
        <sellerID>131</sellerID>
        <price>163</price>
      </transaction>
      <transaction>
        <timestamp>1333595017760</timestamp>
        <buyerID>133</buyerID>
        <sellerID>113</sellerID>
        <price>164</price>
      </transaction>
      <transaction>
        <timestamp>1333595018331</timestamp>
        <buyerID>133</buyerID>
        <sellerID>111</sellerID>
        <price>164</price>
      </transaction>
      <transaction>
        <timestamp>1333595018395</timestamp>
        <buyerID>119</buyerID>
        <sellerID>131</sellerID>
        <price>163</price>
      </transaction>
      <transaction>
        <timestamp>1333595018629</timestamp>
        <buyerID>121</buyerID>
        <sellerID>131</sellerID>
        <price>163</price>
      </transaction>
      <transaction>
        <timestamp>1333595018639</timestamp>
        <buyerID>133</buyerID>
        <sellerID>115</sellerID>
        <price>164</price>
      </transaction>
      <transaction>
        <timestamp>1333595018966</timestamp>
        <buyerID>133</buyerID>
        <sellerID>111</sellerID>
        <price>164</price>
      </transaction>
      <transaction>
        <timestamp>1333595019217</timestamp>
        <buyerID>118</buyerID>
        <sellerID>131</sellerID>
        <price>163</price>
      </transaction>
      <transaction>
        <timestamp>1333595019832</timestamp>
        <buyerID>119</buyerID>
        <sellerID>131</sellerID>
        <price>163</price>
      </transaction>
      <transaction>
        <timestamp>1333595019995</timestamp>
        <buyerID>118</buyerID>
        <sellerID>131</sellerID>
        <price>163</price>
      </transaction>
      <transaction>
        <timestamp>1333595020634</timestamp>
        <buyerID>119</buyerID>
        <sellerID>116</sellerID>
        <price>163</price>
      </transaction>
    </repetition>
    <repetition>
      <id>4</id>
      <transaction>
        <timestamp>1333595140177</timestamp>
        <buyerID>119</buyerID>
        <sellerID>132</sellerID>
        <price>161</price>
      </transaction>
      <transaction>
        <timestamp>1333595140656</timestamp>
        <buyerID>117</buyerID>
        <sellerID>114</sellerID>
        <price>161</price>
      </transaction>
      <transaction>
        <timestamp>1333595140772</timestamp>
        <buyerID>121</buyerID>
        <sellerID>116</sellerID>
        <price>161</price>
      </transaction>
      <transaction>
        <timestamp>1333595141069</timestamp>
        <buyerID>120</buyerID>
        <sellerID>112</sellerID>
        <price>162</price>
      </transaction>
      <transaction>
        <timestamp>1333595141498</timestamp>
        <buyerID>122</buyerID>
        <sellerID>113</sellerID>
        <price>161</price>
      </transaction>
      <transaction>
        <timestamp>1333595141617</timestamp>
        <buyerID>118</buyerID>
        <sellerID>111</sellerID>
        <price>161</price>
      </transaction>
      <transaction>
        <timestamp>1333595141693</timestamp>
        <buyerID>122</buyerID>
        <sellerID>115</sellerID>
        <price>162</price>
      </transaction>
      <transaction>
        <timestamp>1333595141803</timestamp>
        <buyerID>133</buyerID>
        <sellerID>131</sellerID>
        <price>161</price>
      </transaction>
      <transaction>
        <timestamp>1333595141823</timestamp>
        <buyerID>134</buyerID>
        <sellerID>132</sellerID>
        <price>161</price>
      </transaction>
      <transaction>
        <timestamp>1333595142196</timestamp>
        <buyerID>117</buyerID>
        <sellerID>114</sellerID>
        <price>161</price>
      </transaction>
      <transaction>
        <timestamp>1333595142296</timestamp>
        <buyerID>121</buyerID>
        <sellerID>116</sellerID>
        <price>161</price>
      </transaction>
      <transaction>
        <timestamp>1333595142302</timestamp>
        <buyerID>134</buyerID>
        <sellerID>132</sellerID>
        <price>161</price>
      </transaction>
      <transaction>
        <timestamp>1333595142410</timestamp>
        <buyerID>120</buyerID>
        <sellerID>111</sellerID>
        <price>162</price>
      </transaction>
      <transaction>
        <timestamp>1333595142734</timestamp>
        <buyerID>122</buyerID>
        <sellerID>131</sellerID>
        <price>161</price>
      </transaction>
      <transaction>
        <timestamp>1333595143038</timestamp>
        <buyerID>118</buyerID>
        <sellerID>113</sellerID>
        <price>161</price>
      </transaction>
      <transaction>
        <timestamp>1333595143085</timestamp>
        <buyerID>122</buyerID>
        <sellerID>111</sellerID>
        <price>161</price>
      </transaction>
      <transaction>
        <timestamp>1333595143334</timestamp>
        <buyerID>133</buyerID>
        <sellerID>131</sellerID>
        <price>161</price>
      </transaction>
      <transaction>
        <timestamp>1333595143344</timestamp>
        <buyerID>134</buyerID>
        <sellerID>115</sellerID>
        <price>161</price>
      </transaction>
      <transaction>
        <timestamp>1333595143418</timestamp>
        <buyerID>117</buyerID>
        <sellerID>112</sellerID>
        <price>162</price>
      </transaction>
      <transaction>
        <timestamp>1333595143756</timestamp>
        <buyerID>119</buyerID>
        <sellerID>114</sellerID>
        <price>161</price>
      </transaction>
      <transaction>
        <timestamp>1333595144026</timestamp>
        <buyerID>117</buyerID>
        <sellerID>112</sellerID>
        <price>161</price>
      </transaction>
      <transaction>
        <timestamp>1333595144107</timestamp>
        <buyerID>121</buyerID>
        <sellerID>132</sellerID>
        <price>160</price>
      </transaction>
      <transaction>
        <timestamp>1333595144117</timestamp>
        <buyerID>134</buyerID>
        <sellerID>114</sellerID>
        <price>161</price>
      </transaction>
      <transaction>
        <timestamp>1333595144206</timestamp>
        <buyerID>120</buyerID>
        <sellerID>116</sellerID>
        <price>161</price>
      </transaction>
      <transaction>
        <timestamp>1333595144659</timestamp>
        <buyerID>118</buyerID>
        <sellerID>131</sellerID>
        <price>161</price>
      </transaction>
      <transaction>
        <timestamp>1333595144851</timestamp>
        <buyerID>133</buyerID>
        <sellerID>131</sellerID>
        <price>161</price>
      </transaction>
      <transaction>
        <timestamp>1333595144925</timestamp>
        <buyerID>117</buyerID>
        <sellerID>115</sellerID>
        <price>161</price>
      </transaction>
      <transaction>
        <timestamp>1333595145112</timestamp>
        <buyerID>119</buyerID>
        <sellerID>113</sellerID>
        <price>162</price>
      </transaction>
      <transaction>
        <timestamp>1333595145327</timestamp>
        <buyerID>121</buyerID>
        <sellerID>111</sellerID>
        <price>162</price>
      </transaction>
      <transaction>
        <timestamp>1333595145330</timestamp>
        <buyerID>134</buyerID>
        <sellerID>112</sellerID>
        <price>162</price>
      </transaction>
      <transaction>
        <timestamp>1333595145337</timestamp>
        <buyerID>133</buyerID>
        <sellerID>116</sellerID>
        <price>162</price>
      </transaction>
      <transaction>
        <timestamp>1333595145448</timestamp>
        <buyerID>120</buyerID>
        <sellerID>115</sellerID>
        <price>162</price>
      </transaction>
      <transaction>
        <timestamp>1333595146165</timestamp>
        <buyerID>133</buyerID>
        <sellerID>112</sellerID>
        <price>163</price>
      </transaction>
      <transaction>
        <timestamp>1333595146210</timestamp>
        <buyerID>119</buyerID>
        <sellerID>116</sellerID>
        <price>163</price>
      </transaction>
      <transaction>
        <timestamp>1333595147120</timestamp>
        <buyerID>133</buyerID>
        <sellerID>131</sellerID>
        <price>164</price>
      </transaction>
      <transaction>
        <timestamp>1333595147364</timestamp>
        <buyerID>118</buyerID>
        <sellerID>113</sellerID>
        <price>164</price>
      </transaction>
      <transaction>
        <timestamp>1333595147411</timestamp>
        <buyerID>119</buyerID>
        <sellerID>131</sellerID>
        <price>163</price>
      </transaction>
      <transaction>
        <timestamp>1333595148057</timestamp>
        <buyerID>119</buyerID>
        <sellerID>131</sellerID>
        <price>163</price>
      </transaction>
      <transaction>
        <timestamp>1333595260637</timestamp>
        <buyerID>119</buyerID>
        <sellerID>113</sellerID>
        <price>164</price>
      </transaction>
    </repetition>
    <repetition>
      <id>5</id>
      <transaction>
        <timestamp>1333595268019</timestamp>
        <buyerID>121</buyerID>
        <sellerID>112</sellerID>
        <price>159</price>
      </transaction>
      <transaction>
        <timestamp>1333595268465</timestamp>
        <buyerID>122</buyerID>
        <sellerID>115</sellerID>
        <price>159</price>
      </transaction>
      <transaction>
        <timestamp>1333595268702</timestamp>
        <buyerID>120</buyerID>
        <sellerID>111</sellerID>
        <price>159</price>
      </transaction>
      <transaction>
        <timestamp>1333595268820</timestamp>
        <buyerID>118</buyerID>
        <sellerID>113</sellerID>
        <price>160</price>
      </transaction>
      <transaction>
        <timestamp>1333595268825</timestamp>
        <buyerID>134</buyerID>
        <sellerID>116</sellerID>
        <price>160</price>
      </transaction>
      <transaction>
        <timestamp>1333595268948</timestamp>
        <buyerID>133</buyerID>
        <sellerID>132</sellerID>
        <price>164</price>
      </transaction>
      <transaction>
        <timestamp>1333595269177</timestamp>
        <buyerID>117</buyerID>
        <sellerID>114</sellerID>
        <price>164</price>
      </transaction>
      <transaction>
        <timestamp>1333595269184</timestamp>
        <buyerID>119</buyerID>
        <sellerID>131</sellerID>
        <price>163</price>
      </transaction>
      <transaction>
        <timestamp>1333595269394</timestamp>
        <buyerID>134</buyerID>
        <sellerID>114</sellerID>
        <price>164</price>
      </transaction>
      <transaction>
        <timestamp>1333595269679</timestamp>
        <buyerID>118</buyerID>
        <sellerID>116</sellerID>
        <price>164</price>
      </transaction>
      <transaction>
        <timestamp>1333595269853</timestamp>
        <buyerID>120</buyerID>
        <sellerID>113</sellerID>
        <price>164</price>
      </transaction>
      <transaction>
        <timestamp>1333595269948</timestamp>
        <buyerID>119</buyerID>
        <sellerID>112</sellerID>
        <price>163</price>
      </transaction>
      <transaction>
        <timestamp>1333595270043</timestamp>
        <buyerID>122</buyerID>
        <sellerID>115</sellerID>
        <price>163</price>
      </transaction>
      <transaction>
        <timestamp>1333595270546</timestamp>
        <buyerID>121</buyerID>
        <sellerID>112</sellerID>
        <price>163</price>
      </transaction>
      <transaction>
        <timestamp>1333595270678</timestamp>
        <buyerID>122</buyerID>
        <sellerID>116</sellerID>
        <price>163</price>
      </transaction>
      <transaction>
        <timestamp>1333595270837</timestamp>
        <buyerID>134</buyerID>
        <sellerID>115</sellerID>
        <price>164</price>
      </transaction>
      <transaction>
        <timestamp>1333595270927</timestamp>
        <buyerID>119</buyerID>
        <sellerID>132</sellerID>
        <price>164</price>
      </transaction>
      <transaction>
        <timestamp>1333595271006</timestamp>
        <buyerID>133</buyerID>
        <sellerID>114</sellerID>
        <price>164</price>
      </transaction>
      <transaction>
        <timestamp>1333595271167</timestamp>
        <buyerID>120</buyerID>
        <sellerID>132</sellerID>
        <price>163</price>
      </transaction>
      <transaction>
        <timestamp>1333595271174</timestamp>
        <buyerID>133</buyerID>
        <sellerID>114</sellerID>
        <price>164</price>
      </transaction>
      <transaction>
        <timestamp>1333595271420</timestamp>
        <buyerID>118</buyerID>
        <sellerID>116</sellerID>
        <price>164</price>
      </transaction>
      <transaction>
        <timestamp>1333595271537</timestamp>
        <buyerID>120</buyerID>
        <sellerID>113</sellerID>
        <price>164</price>
      </transaction>
      <transaction>
        <timestamp>1333595271631</timestamp>
        <buyerID>117</buyerID>
        <sellerID>111</sellerID>
        <price>163</price>
      </transaction>
      <transaction>
        <timestamp>1333595272189</timestamp>
        <buyerID>118</buyerID>
        <sellerID>115</sellerID>
        <price>164</price>
      </transaction>
      <transaction>
        <timestamp>1333595272193</timestamp>
        <buyerID>134</buyerID>
        <sellerID>112</sellerID>
        <price>164</price>
      </transaction>
      <transaction>
        <timestamp>1333595272200</timestamp>
        <buyerID>133</buyerID>
        <sellerID>116</sellerID>
        <price>164</price>
      </transaction>
      <transaction>
        <timestamp>1333595272333</timestamp>
        <buyerID>117</buyerID>
        <sellerID>131</sellerID>
        <price>164</price>
      </transaction>
      <transaction>
        <timestamp>1333595272701</timestamp>
        <buyerID>134</buyerID>
        <sellerID>113</sellerID>
        <price>165</price>
      </transaction>
      <transaction>
        <timestamp>1333595272870</timestamp>
        <buyerID>118</buyerID>
        <sellerID>112</sellerID>
        <price>165</price>
      </transaction>
      <transaction>
        <timestamp>1333595273098</timestamp>
        <buyerID>133</buyerID>
        <sellerID>131</sellerID>
        <price>165</price>
      </transaction>
      <transaction>
        <timestamp>1333595273522</timestamp>
        <buyerID>121</buyerID>
        <sellerID>113</sellerID>
        <price>164</price>
      </transaction>
      <transaction>
        <timestamp>1333595273637</timestamp>
        <buyerID>133</buyerID>
        <sellerID>111</sellerID>
        <price>164</price>
      </transaction>
      <transaction>
        <timestamp>1333595274250</timestamp>
        <buyerID>119</buyerID>
        <sellerID>111</sellerID>
        <price>164</price>
      </transaction>
      <transaction>
        <timestamp>1333595276264</timestamp>
        <buyerID>121</buyerID>
        <sellerID>132</sellerID>
        <price>164</price>
      </transaction>
      <transaction>
        <timestamp>1333595276750</timestamp>
        <buyerID>119</buyerID>
        <sellerID>131</sellerID>
        <price>164</price>
      </transaction>
      <transaction>
        <timestamp>1333595277446</timestamp>
        <buyerID>119</buyerID>
        <sellerID>131</sellerID>
        <price>164</price>
      </transaction>
      <transaction>
        <timestamp>1333595278194</timestamp>
        <buyerID>119</buyerID>
        <sellerID>131</sellerID>
        <price>164</price>
      </transaction>
      <transaction>
        <timestamp>1333595287029</timestamp>
        <buyerID>117</buyerID>
        <sellerID>131</sellerID>
        <price>163</price>
      </transaction>
      <transaction>
        <timestamp>1333595294680</timestamp>
        <buyerID>118</buyerID>
        <sellerID>131</sellerID>
        <price>163</price>
      </transaction>
    </repetition>
  </transactions>
  <scores>
    <agent>
      <ID>111</ID>
      <userName>gdx1</userName>
      <strategy>GDX</strategy>
      <values>
        <value>96</value>
        <value>124</value>
        <value>131</value>
        <value>135</value>
        <value>173</value>
        <value>180</value>
        <value>180</value>
        <value>198</value>
        <value>204</value>
        <value>208</value>
      </values>
      <score>164.2</score>
    </agent>
    <agent>
      <ID>131</ID>
      <userName>rb1</userName>
      <strategy>RB</strategy>
      <values>
        <value>61</value>
        <value>61</value>
        <value>102</value>
        <value>137</value>
        <value>150</value>
        <value>151</value>
        <value>156</value>
        <value>160</value>
        <value>252</value>
        <value>257</value>
      </values>
      <score>325.4</score>
    </agent>
    <agent>
      <ID>133</ID>
      <userName>rb3</userName>
      <strategy>RB</strategy>
      <values>
        <value>225</value>
        <value>224</value>
        <value>217</value>
        <value>206</value>
        <value>200</value>
        <value>164</value>
        <value>158</value>
        <value>122</value>
        <value>111</value>
        <value>83</value>
      </values>
      <score>255.4</score>
    </agent>
    <agent>
      <ID>132</ID>
      <userName>rb2</userName>
      <strategy>RB</strategy>
      <values>
        <value>73</value>
        <value>92</value>
        <value>108</value>
        <value>149</value>
        <value>189</value>
        <value>192</value>
        <value>243</value>
        <value>245</value>
        <value>247</value>
        <value>250</value>
      </values>
      <score>228.2</score>
    </agent>
    <agent>
      <ID>134</ID>
      <userName>rb4</userName>
      <strategy>RB</strategy>
      <values>
        <value>228</value>
        <value>216</value>
        <value>209</value>
        <value>181</value>
        <value>178</value>
        <value>157</value>
        <value>129</value>
        <value>128</value>
        <value>106</value>
        <value>103</value>
      </values>
      <score>196.0</score>
    </agent>
    <agent>
      <ID>119</ID>
      <userName>gdx9</userName>
      <strategy>GDX</strategy>
      <values>
        <value>249</value>
        <value>235</value>
        <value>221</value>
        <value>193</value>
        <value>187</value>
        <value>183</value>
        <value>175</value>
        <value>132</value>
        <value>82</value>
        <value>72</value>
      </values>
      <score>297.2</score>
    </agent>
    <agent>
      <ID>118</ID>
      <userName>gdx8</userName>
      <strategy>GDX</strategy>
      <values>
        <value>253</value>
        <value>232</value>
        <value>210</value>
        <value>209</value>
        <value>181</value>
        <value>164</value>
        <value>146</value>
        <value>132</value>
        <value>90</value>
        <value>83</value>
      </values>
      <score>267.2</score>
    </agent>
    <agent>
      <ID>117</ID>
      <userName>gdx7</userName>
      <strategy>GDX</strategy>
      <values>
        <value>197</value>
        <value>192</value>
        <value>182</value>
        <value>164</value>
        <value>163</value>
        <value>160</value>
        <value>124</value>
        <value>104</value>
        <value>98</value>
        <value>90</value>
      </values>
      <score>83.8</score>
    </agent>
    <agent>
      <ID>116</ID>
      <userName>gdx6</userName>
      <strategy>GDX</strategy>
      <values>
        <value>91</value>
        <value>107</value>
        <value>124</value>
        <value>134</value>
        <value>153</value>
        <value>202</value>
        <value>228</value>
        <value>237</value>
        <value>243</value>
        <value>244</value>
      </values>
      <score>205.2</score>
    </agent>
    <agent>
      <ID>115</ID>
      <userName>gdx5</userName>
      <strategy>GDX</strategy>
      <values>
        <value>110</value>
        <value>113</value>
        <value>114</value>
        <value>131</value>
        <value>164</value>
        <value>182</value>
        <value>191</value>
        <value>196</value>
        <value>244</value>
        <value>253</value>
      </values>
      <score>182.6</score>
    </agent>
    <agent>
      <ID>114</ID>
      <userName>gdx4</userName>
      <strategy>GDX</strategy>
      <values>
        <value>64</value>
        <value>110</value>
        <value>119</value>
        <value>127</value>
        <value>174</value>
        <value>216</value>
        <value>240</value>
        <value>248</value>
        <value>253</value>
        <value>258</value>
      </values>
      <score>233.0</score>
    </agent>
    <agent>
      <ID>113</ID>
      <userName>gdx3</userName>
      <strategy>GDX</strategy>
      <values>
        <value>101</value>
        <value>101</value>
        <value>140</value>
        <value>143</value>
        <value>163</value>
        <value>172</value>
        <value>188</value>
        <value>201</value>
        <value>221</value>
        <value>259</value>
      </values>
      <score>167.4</score>
    </agent>
    <agent>
      <ID>112</ID>
      <userName>gdx2</userName>
      <strategy>GDX</strategy>
      <values>
        <value>71</value>
        <value>106</value>
        <value>107</value>
        <value>122</value>
        <value>150</value>
        <value>186</value>
        <value>205</value>
        <value>206</value>
        <value>228</value>
        <value>251</value>
      </values>
      <score>255.6</score>
    </agent>
    <agent>
      <ID>122</ID>
      <userName>gdx12</userName>
      <strategy>GDX</strategy>
      <values>
        <value>241</value>
        <value>192</value>
        <value>167</value>
        <value>163</value>
        <value>152</value>
        <value>150</value>
        <value>146</value>
        <value>135</value>
        <value>73</value>
        <value>68</value>
      </values>
      <score>113.6</score>
    </agent>
    <agent>
      <ID>121</ID>
      <userName>gdx11</userName>
      <strategy>GDX</strategy>
      <values>
        <value>257</value>
        <value>243</value>
        <value>210</value>
        <value>170</value>
        <value>159</value>
        <value>158</value>
        <value>143</value>
        <value>137</value>
        <value>135</value>
        <value>132</value>
      </values>
      <score>228.4</score>
    </agent>
    <agent>
      <ID>120</ID>
      <userName>gdx10</userName>
      <strategy>GDX</strategy>
      <values>
        <value>258</value>
        <value>236</value>
        <value>218</value>
        <value>175</value>
        <value>155</value>
        <value>141</value>
        <value>113</value>
        <value>94</value>
        <value>88</value>
        <value>64</value>
      </values>
      <score>234.6</score>
    </agent>
  </scores>
</results>

