<results>
  <transactions>
    <repetition>
      <id>1</id>
      <transaction>
        <timestamp>1333596685103</timestamp>
        <buyerID>119</buyerID>
        <sellerID>117</sellerID>
        <price>231</price>
      </transaction>
      <transaction>
        <timestamp>1333596685562</timestamp>
        <buyerID>120</buyerID>
        <sellerID>116</sellerID>
        <price>230</price>
      </transaction>
      <transaction>
        <timestamp>1333596685791</timestamp>
        <buyerID>125</buyerID>
        <sellerID>114</sellerID>
        <price>230</price>
      </transaction>
      <transaction>
        <timestamp>1333596686014</timestamp>
        <buyerID>120</buyerID>
        <sellerID>114</sellerID>
        <price>230</price>
      </transaction>
      <transaction>
        <timestamp>1333596686722</timestamp>
        <buyerID>122</buyerID>
        <sellerID>115</sellerID>
        <price>228</price>
      </transaction>
      <transaction>
        <timestamp>1333596687208</timestamp>
        <buyerID>124</buyerID>
        <sellerID>117</sellerID>
        <price>228</price>
      </transaction>
      <transaction>
        <timestamp>1333596687569</timestamp>
        <buyerID>126</buyerID>
        <sellerID>118</sellerID>
        <price>228</price>
      </transaction>
      <transaction>
        <timestamp>1333596687806</timestamp>
        <buyerID>123</buyerID>
        <sellerID>111</sellerID>
        <price>228</price>
      </transaction>
      <transaction>
        <timestamp>1333596688030</timestamp>
        <buyerID>123</buyerID>
        <sellerID>113</sellerID>
        <price>228</price>
      </transaction>
      <transaction>
        <timestamp>1333596688567</timestamp>
        <buyerID>121</buyerID>
        <sellerID>116</sellerID>
        <price>228</price>
      </transaction>
      <transaction>
        <timestamp>1333596688683</timestamp>
        <buyerID>122</buyerID>
        <sellerID>112</sellerID>
        <price>228</price>
      </transaction>
      <transaction>
        <timestamp>1333596688859</timestamp>
        <buyerID>119</buyerID>
        <sellerID>114</sellerID>
        <price>228</price>
      </transaction>
      <transaction>
        <timestamp>1333596690614</timestamp>
        <buyerID>120</buyerID>
        <sellerID>114</sellerID>
        <price>228</price>
      </transaction>
      <transaction>
        <timestamp>1333596690790</timestamp>
        <buyerID>125</buyerID>
        <sellerID>112</sellerID>
        <price>228</price>
      </transaction>
      <transaction>
        <timestamp>1333596691139</timestamp>
        <buyerID>121</buyerID>
        <sellerID>117</sellerID>
        <price>225</price>
      </transaction>
      <transaction>
        <timestamp>1333596692735</timestamp>
        <buyerID>120</buyerID>
        <sellerID>114</sellerID>
        <price>220</price>
      </transaction>
      <transaction>
        <timestamp>1333596693494</timestamp>
        <buyerID>126</buyerID>
        <sellerID>117</sellerID>
        <price>218</price>
      </transaction>
      <transaction>
        <timestamp>1333596693742</timestamp>
        <buyerID>123</buyerID>
        <sellerID>118</sellerID>
        <price>217</price>
      </transaction>
      <transaction>
        <timestamp>1333596693977</timestamp>
        <buyerID>122</buyerID>
        <sellerID>113</sellerID>
        <price>217</price>
      </transaction>
      <transaction>
        <timestamp>1333596694142</timestamp>
        <buyerID>119</buyerID>
        <sellerID>116</sellerID>
        <price>217</price>
      </transaction>
      <transaction>
        <timestamp>1333596695565</timestamp>
        <buyerID>126</buyerID>
        <sellerID>111</sellerID>
        <price>212</price>
      </transaction>
      <transaction>
        <timestamp>1333596695830</timestamp>
        <buyerID>119</buyerID>
        <sellerID>113</sellerID>
        <price>212</price>
      </transaction>
      <transaction>
        <timestamp>1333596696003</timestamp>
        <buyerID>120</buyerID>
        <sellerID>112</sellerID>
        <price>212</price>
      </transaction>
      <transaction>
        <timestamp>1333596696141</timestamp>
        <buyerID>124</buyerID>
        <sellerID>114</sellerID>
        <price>211</price>
      </transaction>
      <transaction>
        <timestamp>1333596696574</timestamp>
        <buyerID>120</buyerID>
        <sellerID>115</sellerID>
        <price>210</price>
      </transaction>
      <transaction>
        <timestamp>1333596698691</timestamp>
        <buyerID>119</buyerID>
        <sellerID>115</sellerID>
        <price>204</price>
      </transaction>
      <transaction>
        <timestamp>1333596699137</timestamp>
        <buyerID>123</buyerID>
        <sellerID>115</sellerID>
        <price>202</price>
      </transaction>
      <transaction>
        <timestamp>1333596699664</timestamp>
        <buyerID>126</buyerID>
        <sellerID>111</sellerID>
        <price>202</price>
      </transaction>
      <transaction>
        <timestamp>1333596699795</timestamp>
        <buyerID>123</buyerID>
        <sellerID>118</sellerID>
        <price>202</price>
      </transaction>
      <transaction>
        <timestamp>1333596699978</timestamp>
        <buyerID>124</buyerID>
        <sellerID>115</sellerID>
        <price>201</price>
      </transaction>
      <transaction>
        <timestamp>1333596702007</timestamp>
        <buyerID>120</buyerID>
        <sellerID>111</sellerID>
        <price>196</price>
      </transaction>
      <transaction>
        <timestamp>1333596703944</timestamp>
        <buyerID>121</buyerID>
        <sellerID>112</sellerID>
        <price>190</price>
      </transaction>
      <transaction>
        <timestamp>1333596703996</timestamp>
        <buyerID>124</buyerID>
        <sellerID>116</sellerID>
        <price>190</price>
      </transaction>
      <transaction>
        <timestamp>1333596704333</timestamp>
        <buyerID>120</buyerID>
        <sellerID>118</sellerID>
        <price>189</price>
      </transaction>
      <transaction>
        <timestamp>1333596704726</timestamp>
        <buyerID>125</buyerID>
        <sellerID>112</sellerID>
        <price>189</price>
      </transaction>
      <transaction>
        <timestamp>1333596803519</timestamp>
        <buyerID>124</buyerID>
        <sellerID>114</sellerID>
        <price>180</price>
      </transaction>
      <transaction>
        <timestamp>1333596803556</timestamp>
        <buyerID>123</buyerID>
        <sellerID>118</sellerID>
        <price>179</price>
      </transaction>
    </repetition>
    <repetition>
      <id>2</id>
      <transaction>
        <timestamp>1333596810746</timestamp>
        <buyerID>126</buyerID>
        <sellerID>115</sellerID>
        <price>232</price>
      </transaction>
      <transaction>
        <timestamp>1333596810989</timestamp>
        <buyerID>122</buyerID>
        <sellerID>113</sellerID>
        <price>232</price>
      </transaction>
      <transaction>
        <timestamp>1333596811218</timestamp>
        <buyerID>123</buyerID>
        <sellerID>116</sellerID>
        <price>231</price>
      </transaction>
      <transaction>
        <timestamp>1333596811638</timestamp>
        <buyerID>120</buyerID>
        <sellerID>117</sellerID>
        <price>231</price>
      </transaction>
      <transaction>
        <timestamp>1333596811744</timestamp>
        <buyerID>119</buyerID>
        <sellerID>118</sellerID>
        <price>231</price>
      </transaction>
      <transaction>
        <timestamp>1333596811968</timestamp>
        <buyerID>124</buyerID>
        <sellerID>114</sellerID>
        <price>230</price>
      </transaction>
      <transaction>
        <timestamp>1333596812322</timestamp>
        <buyerID>125</buyerID>
        <sellerID>111</sellerID>
        <price>229</price>
      </transaction>
      <transaction>
        <timestamp>1333596812660</timestamp>
        <buyerID>121</buyerID>
        <sellerID>111</sellerID>
        <price>229</price>
      </transaction>
      <transaction>
        <timestamp>1333596812778</timestamp>
        <buyerID>125</buyerID>
        <sellerID>112</sellerID>
        <price>229</price>
      </transaction>
      <transaction>
        <timestamp>1333596815680</timestamp>
        <buyerID>120</buyerID>
        <sellerID>113</sellerID>
        <price>225</price>
      </transaction>
      <transaction>
        <timestamp>1333596815877</timestamp>
        <buyerID>119</buyerID>
        <sellerID>116</sellerID>
        <price>225</price>
      </transaction>
      <transaction>
        <timestamp>1333596816064</timestamp>
        <buyerID>126</buyerID>
        <sellerID>117</sellerID>
        <price>224</price>
      </transaction>
      <transaction>
        <timestamp>1333596816401</timestamp>
        <buyerID>123</buyerID>
        <sellerID>117</sellerID>
        <price>223</price>
      </transaction>
      <transaction>
        <timestamp>1333596816670</timestamp>
        <buyerID>122</buyerID>
        <sellerID>117</sellerID>
        <price>220</price>
      </transaction>
      <transaction>
        <timestamp>1333596817445</timestamp>
        <buyerID>121</buyerID>
        <sellerID>111</sellerID>
        <price>216</price>
      </transaction>
      <transaction>
        <timestamp>1333596818571</timestamp>
        <buyerID>120</buyerID>
        <sellerID>116</sellerID>
        <price>212</price>
      </transaction>
      <transaction>
        <timestamp>1333596819104</timestamp>
        <buyerID>126</buyerID>
        <sellerID>115</sellerID>
        <price>212</price>
      </transaction>
      <transaction>
        <timestamp>1333596819174</timestamp>
        <buyerID>122</buyerID>
        <sellerID>113</sellerID>
        <price>212</price>
      </transaction>
      <transaction>
        <timestamp>1333596819969</timestamp>
        <buyerID>123</buyerID>
        <sellerID>116</sellerID>
        <price>212</price>
      </transaction>
      <transaction>
        <timestamp>1333596820150</timestamp>
        <buyerID>120</buyerID>
        <sellerID>118</sellerID>
        <price>212</price>
      </transaction>
      <transaction>
        <timestamp>1333596820454</timestamp>
        <buyerID>119</buyerID>
        <sellerID>114</sellerID>
        <price>212</price>
      </transaction>
      <transaction>
        <timestamp>1333596820576</timestamp>
        <buyerID>124</buyerID>
        <sellerID>117</sellerID>
        <price>212</price>
      </transaction>
      <transaction>
        <timestamp>1333596822078</timestamp>
        <buyerID>119</buyerID>
        <sellerID>118</sellerID>
        <price>207</price>
      </transaction>
      <transaction>
        <timestamp>1333596822246</timestamp>
        <buyerID>120</buyerID>
        <sellerID>118</sellerID>
        <price>206</price>
      </transaction>
      <transaction>
        <timestamp>1333596822514</timestamp>
        <buyerID>124</buyerID>
        <sellerID>112</sellerID>
        <price>205</price>
      </transaction>
      <transaction>
        <timestamp>1333596822627</timestamp>
        <buyerID>123</buyerID>
        <sellerID>111</sellerID>
        <price>204</price>
      </transaction>
      <transaction>
        <timestamp>1333596823368</timestamp>
        <buyerID>120</buyerID>
        <sellerID>114</sellerID>
        <price>202</price>
      </transaction>
      <transaction>
        <timestamp>1333596823429</timestamp>
        <buyerID>119</buyerID>
        <sellerID>118</sellerID>
        <price>202</price>
      </transaction>
      <transaction>
        <timestamp>1333596823565</timestamp>
        <buyerID>126</buyerID>
        <sellerID>113</sellerID>
        <price>202</price>
      </transaction>
      <transaction>
        <timestamp>1333596823704</timestamp>
        <buyerID>123</buyerID>
        <sellerID>115</sellerID>
        <price>202</price>
      </transaction>
      <transaction>
        <timestamp>1333596825739</timestamp>
        <buyerID>121</buyerID>
        <sellerID>114</sellerID>
        <price>196</price>
      </transaction>
      <transaction>
        <timestamp>1333596825929</timestamp>
        <buyerID>120</buyerID>
        <sellerID>112</sellerID>
        <price>195</price>
      </transaction>
      <transaction>
        <timestamp>1333596827005</timestamp>
        <buyerID>120</buyerID>
        <sellerID>112</sellerID>
        <price>193</price>
      </transaction>
      <transaction>
        <timestamp>1333596828129</timestamp>
        <buyerID>124</buyerID>
        <sellerID>115</sellerID>
        <price>192</price>
      </transaction>
      <transaction>
        <timestamp>1333596828370</timestamp>
        <buyerID>125</buyerID>
        <sellerID>115</sellerID>
        <price>191</price>
      </transaction>
      <transaction>
        <timestamp>1333596832195</timestamp>
        <buyerID>123</buyerID>
        <sellerID>114</sellerID>
        <price>183</price>
      </transaction>
      <transaction>
        <timestamp>1333596832538</timestamp>
        <buyerID>124</buyerID>
        <sellerID>112</sellerID>
        <price>183</price>
      </transaction>
    </repetition>
    <repetition>
      <id>3</id>
      <transaction>
        <timestamp>1333596938310</timestamp>
        <buyerID>119</buyerID>
        <sellerID>116</sellerID>
        <price>182</price>
      </transaction>
      <transaction>
        <timestamp>1333596938650</timestamp>
        <buyerID>124</buyerID>
        <sellerID>111</sellerID>
        <price>182</price>
      </transaction>
      <transaction>
        <timestamp>1333596938785</timestamp>
        <buyerID>121</buyerID>
        <sellerID>113</sellerID>
        <price>182</price>
      </transaction>
      <transaction>
        <timestamp>1333596938914</timestamp>
        <buyerID>125</buyerID>
        <sellerID>117</sellerID>
        <price>182</price>
      </transaction>
      <transaction>
        <timestamp>1333596939146</timestamp>
        <buyerID>122</buyerID>
        <sellerID>115</sellerID>
        <price>183</price>
      </transaction>
      <transaction>
        <timestamp>1333596939278</timestamp>
        <buyerID>120</buyerID>
        <sellerID>118</sellerID>
        <price>183</price>
      </transaction>
      <transaction>
        <timestamp>1333596939849</timestamp>
        <buyerID>123</buyerID>
        <sellerID>114</sellerID>
        <price>184</price>
      </transaction>
      <transaction>
        <timestamp>1333596940101</timestamp>
        <buyerID>126</buyerID>
        <sellerID>112</sellerID>
        <price>184</price>
      </transaction>
      <transaction>
        <timestamp>1333596940330</timestamp>
        <buyerID>123</buyerID>
        <sellerID>112</sellerID>
        <price>184</price>
      </transaction>
      <transaction>
        <timestamp>1333596940640</timestamp>
        <buyerID>125</buyerID>
        <sellerID>114</sellerID>
        <price>184</price>
      </transaction>
      <transaction>
        <timestamp>1333596940745</timestamp>
        <buyerID>121</buyerID>
        <sellerID>118</sellerID>
        <price>184</price>
      </transaction>
      <transaction>
        <timestamp>1333596941413</timestamp>
        <buyerID>119</buyerID>
        <sellerID>117</sellerID>
        <price>183</price>
      </transaction>
      <transaction>
        <timestamp>1333596942272</timestamp>
        <buyerID>124</buyerID>
        <sellerID>115</sellerID>
        <price>182</price>
      </transaction>
      <transaction>
        <timestamp>1333596942352</timestamp>
        <buyerID>125</buyerID>
        <sellerID>113</sellerID>
        <price>182</price>
      </transaction>
      <transaction>
        <timestamp>1333596944057</timestamp>
        <buyerID>122</buyerID>
        <sellerID>117</sellerID>
        <price>182</price>
      </transaction>
      <transaction>
        <timestamp>1333596944165</timestamp>
        <buyerID>120</buyerID>
        <sellerID>116</sellerID>
        <price>182</price>
      </transaction>
      <transaction>
        <timestamp>1333596944252</timestamp>
        <buyerID>123</buyerID>
        <sellerID>118</sellerID>
        <price>183</price>
      </transaction>
      <transaction>
        <timestamp>1333596944497</timestamp>
        <buyerID>123</buyerID>
        <sellerID>112</sellerID>
        <price>183</price>
      </transaction>
      <transaction>
        <timestamp>1333596944718</timestamp>
        <buyerID>121</buyerID>
        <sellerID>118</sellerID>
        <price>182</price>
      </transaction>
      <transaction>
        <timestamp>1333596945343</timestamp>
        <buyerID>119</buyerID>
        <sellerID>115</sellerID>
        <price>182</price>
      </transaction>
      <transaction>
        <timestamp>1333596945698</timestamp>
        <buyerID>124</buyerID>
        <sellerID>111</sellerID>
        <price>182</price>
      </transaction>
      <transaction>
        <timestamp>1333596945896</timestamp>
        <buyerID>122</buyerID>
        <sellerID>113</sellerID>
        <price>182</price>
      </transaction>
      <transaction>
        <timestamp>1333596945983</timestamp>
        <buyerID>120</buyerID>
        <sellerID>117</sellerID>
        <price>182</price>
      </transaction>
      <transaction>
        <timestamp>1333596946042</timestamp>
        <buyerID>123</buyerID>
        <sellerID>116</sellerID>
        <price>182</price>
      </transaction>
      <transaction>
        <timestamp>1333596946413</timestamp>
        <buyerID>126</buyerID>
        <sellerID>115</sellerID>
        <price>182</price>
      </transaction>
      <transaction>
        <timestamp>1333596946522</timestamp>
        <buyerID>123</buyerID>
        <sellerID>114</sellerID>
        <price>183</price>
      </transaction>
      <transaction>
        <timestamp>1333596946783</timestamp>
        <buyerID>124</buyerID>
        <sellerID>112</sellerID>
        <price>183</price>
      </transaction>
      <transaction>
        <timestamp>1333596947037</timestamp>
        <buyerID>119</buyerID>
        <sellerID>114</sellerID>
        <price>183</price>
      </transaction>
      <transaction>
        <timestamp>1333596947177</timestamp>
        <buyerID>119</buyerID>
        <sellerID>118</sellerID>
        <price>183</price>
      </transaction>
      <transaction>
        <timestamp>1333596947857</timestamp>
        <buyerID>120</buyerID>
        <sellerID>115</sellerID>
        <price>182</price>
      </transaction>
      <transaction>
        <timestamp>1333596948139</timestamp>
        <buyerID>120</buyerID>
        <sellerID>118</sellerID>
        <price>182</price>
      </transaction>
      <transaction>
        <timestamp>1333596948542</timestamp>
        <buyerID>124</buyerID>
        <sellerID>112</sellerID>
        <price>182</price>
      </transaction>
      <transaction>
        <timestamp>1333596949756</timestamp>
        <buyerID>126</buyerID>
        <sellerID>111</sellerID>
        <price>182</price>
      </transaction>
      <transaction>
        <timestamp>1333596949919</timestamp>
        <buyerID>120</buyerID>
        <sellerID>113</sellerID>
        <price>182</price>
      </transaction>
      <transaction>
        <timestamp>1333596950777</timestamp>
        <buyerID>120</buyerID>
        <sellerID>112</sellerID>
        <price>182</price>
      </transaction>
      <transaction>
        <timestamp>1333596950904</timestamp>
        <buyerID>126</buyerID>
        <sellerID>114</sellerID>
        <price>182</price>
      </transaction>
      <transaction>
        <timestamp>1333596951920</timestamp>
        <buyerID>120</buyerID>
        <sellerID>112</sellerID>
        <price>182</price>
      </transaction>
    </repetition>
    <repetition>
      <id>4</id>
      <transaction>
        <timestamp>1333597065749</timestamp>
        <buyerID>121</buyerID>
        <sellerID>113</sellerID>
        <price>185</price>
      </transaction>
      <transaction>
        <timestamp>1333597066248</timestamp>
        <buyerID>123</buyerID>
        <sellerID>115</sellerID>
        <price>185</price>
      </transaction>
      <transaction>
        <timestamp>1333597066351</timestamp>
        <buyerID>122</buyerID>
        <sellerID>111</sellerID>
        <price>185</price>
      </transaction>
      <transaction>
        <timestamp>1333597066458</timestamp>
        <buyerID>126</buyerID>
        <sellerID>114</sellerID>
        <price>185</price>
      </transaction>
      <transaction>
        <timestamp>1333597066575</timestamp>
        <buyerID>120</buyerID>
        <sellerID>112</sellerID>
        <price>184</price>
      </transaction>
      <transaction>
        <timestamp>1333597067254</timestamp>
        <buyerID>125</buyerID>
        <sellerID>117</sellerID>
        <price>181</price>
      </transaction>
      <transaction>
        <timestamp>1333597067473</timestamp>
        <buyerID>124</buyerID>
        <sellerID>116</sellerID>
        <price>181</price>
      </transaction>
      <transaction>
        <timestamp>1333597067571</timestamp>
        <buyerID>124</buyerID>
        <sellerID>112</sellerID>
        <price>182</price>
      </transaction>
      <transaction>
        <timestamp>1333597067888</timestamp>
        <buyerID>119</buyerID>
        <sellerID>118</sellerID>
        <price>183</price>
      </transaction>
      <transaction>
        <timestamp>1333597068181</timestamp>
        <buyerID>119</buyerID>
        <sellerID>116</sellerID>
        <price>183</price>
      </transaction>
      <transaction>
        <timestamp>1333597068391</timestamp>
        <buyerID>125</buyerID>
        <sellerID>117</sellerID>
        <price>183</price>
      </transaction>
      <transaction>
        <timestamp>1333597068481</timestamp>
        <buyerID>124</buyerID>
        <sellerID>112</sellerID>
        <price>182</price>
      </transaction>
      <transaction>
        <timestamp>1333597068950</timestamp>
        <buyerID>126</buyerID>
        <sellerID>111</sellerID>
        <price>181</price>
      </transaction>
      <transaction>
        <timestamp>1333597069062</timestamp>
        <buyerID>121</buyerID>
        <sellerID>114</sellerID>
        <price>182</price>
      </transaction>
      <transaction>
        <timestamp>1333597069272</timestamp>
        <buyerID>120</buyerID>
        <sellerID>113</sellerID>
        <price>182</price>
      </transaction>
      <transaction>
        <timestamp>1333597069456</timestamp>
        <buyerID>123</buyerID>
        <sellerID>113</sellerID>
        <price>182</price>
      </transaction>
      <transaction>
        <timestamp>1333597069910</timestamp>
        <buyerID>120</buyerID>
        <sellerID>115</sellerID>
        <price>182</price>
      </transaction>
      <transaction>
        <timestamp>1333597069996</timestamp>
        <buyerID>122</buyerID>
        <sellerID>114</sellerID>
        <price>182</price>
      </transaction>
      <transaction>
        <timestamp>1333597070064</timestamp>
        <buyerID>121</buyerID>
        <sellerID>112</sellerID>
        <price>182</price>
      </transaction>
      <transaction>
        <timestamp>1333597070436</timestamp>
        <buyerID>126</buyerID>
        <sellerID>117</sellerID>
        <price>182</price>
      </transaction>
      <transaction>
        <timestamp>1333597070758</timestamp>
        <buyerID>125</buyerID>
        <sellerID>116</sellerID>
        <price>182</price>
      </transaction>
      <transaction>
        <timestamp>1333597070827</timestamp>
        <buyerID>124</buyerID>
        <sellerID>117</sellerID>
        <price>182</price>
      </transaction>
      <transaction>
        <timestamp>1333597071169</timestamp>
        <buyerID>122</buyerID>
        <sellerID>112</sellerID>
        <price>181</price>
      </transaction>
      <transaction>
        <timestamp>1333597071253</timestamp>
        <buyerID>120</buyerID>
        <sellerID>114</sellerID>
        <price>181</price>
      </transaction>
      <transaction>
        <timestamp>1333597071344</timestamp>
        <buyerID>123</buyerID>
        <sellerID>111</sellerID>
        <price>181</price>
      </transaction>
      <transaction>
        <timestamp>1333597071770</timestamp>
        <buyerID>126</buyerID>
        <sellerID>113</sellerID>
        <price>182</price>
      </transaction>
      <transaction>
        <timestamp>1333597072199</timestamp>
        <buyerID>119</buyerID>
        <sellerID>114</sellerID>
        <price>181</price>
      </transaction>
      <transaction>
        <timestamp>1333597072339</timestamp>
        <buyerID>124</buyerID>
        <sellerID>112</sellerID>
        <price>181</price>
      </transaction>
      <transaction>
        <timestamp>1333597072995</timestamp>
        <buyerID>120</buyerID>
        <sellerID>117</sellerID>
        <price>181</price>
      </transaction>
      <transaction>
        <timestamp>1333597073105</timestamp>
        <buyerID>123</buyerID>
        <sellerID>118</sellerID>
        <price>181</price>
      </transaction>
      <transaction>
        <timestamp>1333597073195</timestamp>
        <buyerID>120</buyerID>
        <sellerID>112</sellerID>
        <price>181</price>
      </transaction>
      <transaction>
        <timestamp>1333597073533</timestamp>
        <buyerID>119</buyerID>
        <sellerID>115</sellerID>
        <price>181</price>
      </transaction>
      <transaction>
        <timestamp>1333597074233</timestamp>
        <buyerID>123</buyerID>
        <sellerID>116</sellerID>
        <price>181</price>
      </transaction>
      <transaction>
        <timestamp>1333597074310</timestamp>
        <buyerID>120</buyerID>
        <sellerID>114</sellerID>
        <price>181</price>
      </transaction>
      <transaction>
        <timestamp>1333597074612</timestamp>
        <buyerID>119</buyerID>
        <sellerID>111</sellerID>
        <price>181</price>
      </transaction>
      <transaction>
        <timestamp>1333597075257</timestamp>
        <buyerID>123</buyerID>
        <sellerID>118</sellerID>
        <price>181</price>
      </transaction>
      <transaction>
        <timestamp>1333597075323</timestamp>
        <buyerID>120</buyerID>
        <sellerID>112</sellerID>
        <price>181</price>
      </transaction>
    </repetition>
    <repetition>
      <id>5</id>
      <transaction>
        <timestamp>1333597193112</timestamp>
        <buyerID>125</buyerID>
        <sellerID>115</sellerID>
        <price>180</price>
      </transaction>
      <transaction>
        <timestamp>1333597193328</timestamp>
        <buyerID>122</buyerID>
        <sellerID>116</sellerID>
        <price>181</price>
      </transaction>
      <transaction>
        <timestamp>1333597193735</timestamp>
        <buyerID>124</buyerID>
        <sellerID>117</sellerID>
        <price>182</price>
      </transaction>
      <transaction>
        <timestamp>1333597193948</timestamp>
        <buyerID>119</buyerID>
        <sellerID>118</sellerID>
        <price>181</price>
      </transaction>
      <transaction>
        <timestamp>1333597194184</timestamp>
        <buyerID>123</buyerID>
        <sellerID>114</sellerID>
        <price>181</price>
      </transaction>
      <transaction>
        <timestamp>1333597194438</timestamp>
        <buyerID>126</buyerID>
        <sellerID>113</sellerID>
        <price>181</price>
      </transaction>
      <transaction>
        <timestamp>1333597194695</timestamp>
        <buyerID>121</buyerID>
        <sellerID>112</sellerID>
        <price>181</price>
      </transaction>
      <transaction>
        <timestamp>1333597195159</timestamp>
        <buyerID>123</buyerID>
        <sellerID>111</sellerID>
        <price>182</price>
      </transaction>
      <transaction>
        <timestamp>1333597196968</timestamp>
        <buyerID>120</buyerID>
        <sellerID>118</sellerID>
        <price>181</price>
      </transaction>
      <transaction>
        <timestamp>1333597197052</timestamp>
        <buyerID>121</buyerID>
        <sellerID>111</sellerID>
        <price>181</price>
      </transaction>
      <transaction>
        <timestamp>1333597197144</timestamp>
        <buyerID>126</buyerID>
        <sellerID>117</sellerID>
        <price>181</price>
      </transaction>
      <transaction>
        <timestamp>1333597197437</timestamp>
        <buyerID>124</buyerID>
        <sellerID>116</sellerID>
        <price>181</price>
      </transaction>
      <transaction>
        <timestamp>1333597197648</timestamp>
        <buyerID>122</buyerID>
        <sellerID>115</sellerID>
        <price>181</price>
      </transaction>
      <transaction>
        <timestamp>1333597197743</timestamp>
        <buyerID>119</buyerID>
        <sellerID>115</sellerID>
        <price>181</price>
      </transaction>
      <transaction>
        <timestamp>1333597197928</timestamp>
        <buyerID>119</buyerID>
        <sellerID>116</sellerID>
        <price>181</price>
      </transaction>
      <transaction>
        <timestamp>1333597198260</timestamp>
        <buyerID>122</buyerID>
        <sellerID>111</sellerID>
        <price>181</price>
      </transaction>
      <transaction>
        <timestamp>1333597198353</timestamp>
        <buyerID>124</buyerID>
        <sellerID>114</sellerID>
        <price>181</price>
      </transaction>
      <transaction>
        <timestamp>1333597198610</timestamp>
        <buyerID>123</buyerID>
        <sellerID>113</sellerID>
        <price>181</price>
      </transaction>
      <transaction>
        <timestamp>1333597198708</timestamp>
        <buyerID>126</buyerID>
        <sellerID>112</sellerID>
        <price>181</price>
      </transaction>
      <transaction>
        <timestamp>1333597199121</timestamp>
        <buyerID>120</buyerID>
        <sellerID>114</sellerID>
        <price>181</price>
      </transaction>
      <transaction>
        <timestamp>1333597199314</timestamp>
        <buyerID>121</buyerID>
        <sellerID>118</sellerID>
        <price>181</price>
      </transaction>
      <transaction>
        <timestamp>1333597199396</timestamp>
        <buyerID>126</buyerID>
        <sellerID>117</sellerID>
        <price>181</price>
      </transaction>
      <transaction>
        <timestamp>1333597199557</timestamp>
        <buyerID>123</buyerID>
        <sellerID>116</sellerID>
        <price>181</price>
      </transaction>
      <transaction>
        <timestamp>1333597199713</timestamp>
        <buyerID>124</buyerID>
        <sellerID>115</sellerID>
        <price>181</price>
      </transaction>
      <transaction>
        <timestamp>1333597200104</timestamp>
        <buyerID>125</buyerID>
        <sellerID>111</sellerID>
        <price>181</price>
      </transaction>
      <transaction>
        <timestamp>1333597200361</timestamp>
        <buyerID>119</buyerID>
        <sellerID>113</sellerID>
        <price>181</price>
      </transaction>
      <transaction>
        <timestamp>1333597200442</timestamp>
        <buyerID>124</buyerID>
        <sellerID>112</sellerID>
        <price>181</price>
      </transaction>
      <transaction>
        <timestamp>1333597200763</timestamp>
        <buyerID>120</buyerID>
        <sellerID>114</sellerID>
        <price>181</price>
      </transaction>
      <transaction>
        <timestamp>1333597200818</timestamp>
        <buyerID>123</buyerID>
        <sellerID>118</sellerID>
        <price>181</price>
      </transaction>
      <transaction>
        <timestamp>1333597200996</timestamp>
        <buyerID>119</buyerID>
        <sellerID>115</sellerID>
        <price>181</price>
      </transaction>
      <transaction>
        <timestamp>1333597201333</timestamp>
        <buyerID>123</buyerID>
        <sellerID>117</sellerID>
        <price>180</price>
      </transaction>
      <transaction>
        <timestamp>1333597201515</timestamp>
        <buyerID>120</buyerID>
        <sellerID>111</sellerID>
        <price>180</price>
      </transaction>
      <transaction>
        <timestamp>1333597202168</timestamp>
        <buyerID>125</buyerID>
        <sellerID>112</sellerID>
        <price>180</price>
      </transaction>
      <transaction>
        <timestamp>1333597202627</timestamp>
        <buyerID>120</buyerID>
        <sellerID>113</sellerID>
        <price>180</price>
      </transaction>
      <transaction>
        <timestamp>1333597203662</timestamp>
        <buyerID>120</buyerID>
        <sellerID>114</sellerID>
        <price>180</price>
      </transaction>
      <transaction>
        <timestamp>1333597204503</timestamp>
        <buyerID>120</buyerID>
        <sellerID>114</sellerID>
        <price>180</price>
      </transaction>
      <transaction>
        <timestamp>1333597205362</timestamp>
        <buyerID>120</buyerID>
        <sellerID>113</sellerID>
        <price>180</price>
      </transaction>
    </repetition>
  </transactions>
  <scores>
    <agent>
      <ID>111</ID>
      <userName>gdx1</userName>
      <strategy>GDX</strategy>
      <values>
        <value>84</value>
        <value>101</value>
        <value>105</value>
        <value>131</value>
        <value>132</value>
        <value>147</value>
        <value>183</value>
        <value>199</value>
        <value>213</value>
        <value>231</value>
      </values>
      <score>357.8</score>
    </agent>
    <agent>
      <ID>119</ID>
      <userName>gdx9</userName>
      <strategy>GDX</strategy>
      <values>
        <value>246</value>
        <value>245</value>
        <value>244</value>
        <value>237</value>
        <value>219</value>
        <value>171</value>
        <value>170</value>
        <value>139</value>
        <value>137</value>
        <value>126</value>
      </values>
      <score>211.8</score>
    </agent>
    <agent>
      <ID>118</ID>
      <userName>gdx8</userName>
      <strategy>GDX</strategy>
      <values>
        <value>76</value>
        <value>92</value>
        <value>97</value>
        <value>121</value>
        <value>133</value>
        <value>165</value>
        <value>170</value>
        <value>175</value>
        <value>187</value>
        <value>218</value>
      </values>
      <score>413.2</score>
    </agent>
    <agent>
      <ID>117</ID>
      <userName>gdx7</userName>
      <strategy>GDX</strategy>
      <values>
        <value>80</value>
        <value>86</value>
        <value>87</value>
        <value>97</value>
        <value>178</value>
        <value>198</value>
        <value>206</value>
        <value>216</value>
        <value>219</value>
        <value>230</value>
      </values>
      <score>453.6</score>
    </agent>
    <agent>
      <ID>116</ID>
      <userName>gdx6</userName>
      <strategy>GDX</strategy>
      <values>
        <value>96</value>
        <value>99</value>
        <value>99</value>
        <value>169</value>
        <value>196</value>
        <value>198</value>
        <value>202</value>
        <value>205</value>
        <value>232</value>
        <value>242</value>
      </values>
      <score>319.2</score>
    </agent>
    <agent>
      <ID>115</ID>
      <userName>gdx5</userName>
      <strategy>GDX</strategy>
      <values>
        <value>61</value>
        <value>70</value>
        <value>74</value>
        <value>81</value>
        <value>115</value>
        <value>124</value>
        <value>151</value>
        <value>235</value>
        <value>246</value>
        <value>254</value>
      </values>
      <score>525.6</score>
    </agent>
    <agent>
      <ID>114</ID>
      <userName>gdx4</userName>
      <strategy>GDX</strategy>
      <values>
        <value>76</value>
        <value>84</value>
        <value>84</value>
        <value>95</value>
        <value>115</value>
        <value>153</value>
        <value>153</value>
        <value>164</value>
        <value>195</value>
        <value>207</value>
      </values>
      <score>552.0</score>
    </agent>
    <agent>
      <ID>113</ID>
      <userName>gdx3</userName>
      <strategy>GDX</strategy>
      <values>
        <value>63</value>
        <value>100</value>
        <value>121</value>
        <value>151</value>
        <value>159</value>
        <value>189</value>
        <value>200</value>
        <value>230</value>
        <value>235</value>
        <value>244</value>
      </values>
      <score>341.4</score>
    </agent>
    <agent>
      <ID>112</ID>
      <userName>gdx2</userName>
      <strategy>GDX</strategy>
      <values>
        <value>61</value>
        <value>68</value>
        <value>83</value>
        <value>97</value>
        <value>130</value>
        <value>134</value>
        <value>140</value>
        <value>168</value>
        <value>241</value>
        <value>246</value>
      </values>
      <score>545.6</score>
    </agent>
    <agent>
      <ID>126</ID>
      <userName>gdx16</userName>
      <strategy>GDX</strategy>
      <values>
        <value>255</value>
        <value>234</value>
        <value>214</value>
        <value>204</value>
        <value>151</value>
        <value>149</value>
        <value>130</value>
        <value>93</value>
        <value>79</value>
        <value>78</value>
      </values>
      <score>124.2</score>
    </agent>
    <agent>
      <ID>125</ID>
      <userName>gdx15</userName>
      <strategy>GDX</strategy>
      <values>
        <value>252</value>
        <value>245</value>
        <value>193</value>
        <value>177</value>
        <value>154</value>
        <value>149</value>
        <value>142</value>
        <value>112</value>
        <value>110</value>
        <value>77</value>
      </values>
      <score>103.8</score>
    </agent>
    <agent>
      <ID>124</ID>
      <userName>gdx14</userName>
      <strategy>GDX</strategy>
      <values>
        <value>232</value>
        <value>213</value>
        <value>210</value>
        <value>193</value>
        <value>184</value>
        <value>173</value>
        <value>166</value>
        <value>136</value>
        <value>130</value>
        <value>108</value>
      </values>
      <score>80.6</score>
    </agent>
    <agent>
      <ID>123</ID>
      <userName>gdx13</userName>
      <strategy>GDX</strategy>
      <values>
        <value>248</value>
        <value>239</value>
        <value>221</value>
        <value>208</value>
        <value>203</value>
        <value>184</value>
        <value>166</value>
        <value>153</value>
        <value>152</value>
        <value>77</value>
      </values>
      <score>145.6</score>
    </agent>
    <agent>
      <ID>122</ID>
      <userName>gdx12</userName>
      <strategy>GDX</strategy>
      <values>
        <value>240</value>
        <value>237</value>
        <value>227</value>
        <value>176</value>
        <value>171</value>
        <value>130</value>
        <value>117</value>
        <value>111</value>
        <value>110</value>
        <value>72</value>
      </values>
      <score>109.0</score>
    </agent>
    <agent>
      <ID>121</ID>
      <userName>gdx11</userName>
      <strategy>GDX</strategy>
      <values>
        <value>260</value>
        <value>229</value>
        <value>197</value>
        <value>174</value>
        <value>172</value>
        <value>155</value>
        <value>115</value>
        <value>100</value>
        <value>93</value>
        <value>85</value>
      </values>
      <score>101.2</score>
    </agent>
    <agent>
      <ID>120</ID>
      <userName>gdx10</userName>
      <strategy>GDX</strategy>
      <values>
        <value>255</value>
        <value>248</value>
        <value>231</value>
        <value>227</value>
        <value>213</value>
        <value>213</value>
        <value>200</value>
        <value>194</value>
        <value>112</value>
        <value>86</value>
      </values>
      <score>232.2</score>
    </agent>
  </scores>
</results>

