<results>
  <transactions>
    <repetition>
      <id>1</id>
      <transaction>
        <timestamp>1333600462188</timestamp>
        <buyerID>93</buyerID>
        <sellerID>35</sellerID>
        <price>79</price>
      </transaction>
      <transaction>
        <timestamp>1333600462207</timestamp>
        <buyerID>94</buyerID>
        <sellerID>36</sellerID>
        <price>71</price>
      </transaction>
      <transaction>
        <timestamp>1333600462210</timestamp>
        <buyerID>40</buyerID>
        <sellerID>91</sellerID>
        <price>95</price>
      </transaction>
      <transaction>
        <timestamp>1333600462243</timestamp>
        <buyerID>41</buyerID>
        <sellerID>35</sellerID>
        <price>73</price>
      </transaction>
      <transaction>
        <timestamp>1333600462247</timestamp>
        <buyerID>38</buyerID>
        <sellerID>31</sellerID>
        <price>74</price>
      </transaction>
      <transaction>
        <timestamp>1333600462251</timestamp>
        <buyerID>37</buyerID>
        <sellerID>92</sellerID>
        <price>100</price>
      </transaction>
      <transaction>
        <timestamp>1333600462263</timestamp>
        <buyerID>42</buyerID>
        <sellerID>33</sellerID>
        <price>97</price>
      </transaction>
      <transaction>
        <timestamp>1333600462267</timestamp>
        <buyerID>39</buyerID>
        <sellerID>34</sellerID>
        <price>92</price>
      </transaction>
      <transaction>
        <timestamp>1333600462275</timestamp>
        <buyerID>42</buyerID>
        <sellerID>32</sellerID>
        <price>72</price>
      </transaction>
      <transaction>
        <timestamp>1333600462341</timestamp>
        <buyerID>39</buyerID>
        <sellerID>31</sellerID>
        <price>227</price>
      </transaction>
      <transaction>
        <timestamp>1333600462367</timestamp>
        <buyerID>94</buyerID>
        <sellerID>36</sellerID>
        <price>114</price>
      </transaction>
      <transaction>
        <timestamp>1333600462477</timestamp>
        <buyerID>40</buyerID>
        <sellerID>92</sellerID>
        <price>186</price>
      </transaction>
      <transaction>
        <timestamp>1333600462529</timestamp>
        <buyerID>94</buyerID>
        <sellerID>31</sellerID>
        <price>186</price>
      </transaction>
      <transaction>
        <timestamp>1333600462564</timestamp>
        <buyerID>38</buyerID>
        <sellerID>35</sellerID>
        <price>185</price>
      </transaction>
      <transaction>
        <timestamp>1333600462583</timestamp>
        <buyerID>37</buyerID>
        <sellerID>32</sellerID>
        <price>178</price>
      </transaction>
      <transaction>
        <timestamp>1333600462670</timestamp>
        <buyerID>37</buyerID>
        <sellerID>92</sellerID>
        <price>192</price>
      </transaction>
      <transaction>
        <timestamp>1333600462688</timestamp>
        <buyerID>93</buyerID>
        <sellerID>34</sellerID>
        <price>187</price>
      </transaction>
      <transaction>
        <timestamp>1333600462707</timestamp>
        <buyerID>41</buyerID>
        <sellerID>91</sellerID>
        <price>193</price>
      </transaction>
      <transaction>
        <timestamp>1333600462718</timestamp>
        <buyerID>38</buyerID>
        <sellerID>36</sellerID>
        <price>186</price>
      </transaction>
      <transaction>
        <timestamp>1333600463241</timestamp>
        <buyerID>41</buyerID>
        <sellerID>35</sellerID>
        <price>140</price>
      </transaction>
      <transaction>
        <timestamp>1333600463303</timestamp>
        <buyerID>39</buyerID>
        <sellerID>92</sellerID>
        <price>124</price>
      </transaction>
      <transaction>
        <timestamp>1333600463349</timestamp>
        <buyerID>37</buyerID>
        <sellerID>34</sellerID>
        <price>125</price>
      </transaction>
      <transaction>
        <timestamp>1333600463366</timestamp>
        <buyerID>42</buyerID>
        <sellerID>31</sellerID>
        <price>140</price>
      </transaction>
      <transaction>
        <timestamp>1333600463387</timestamp>
        <buyerID>40</buyerID>
        <sellerID>33</sellerID>
        <price>121</price>
      </transaction>
      <transaction>
        <timestamp>1333600464010</timestamp>
        <buyerID>93</buyerID>
        <sellerID>32</sellerID>
        <price>113</price>
      </transaction>
      <transaction>
        <timestamp>1333600464021</timestamp>
        <buyerID>42</buyerID>
        <sellerID>91</sellerID>
        <price>145</price>
      </transaction>
      <transaction>
        <timestamp>1333600464053</timestamp>
        <buyerID>41</buyerID>
        <sellerID>34</sellerID>
        <price>140</price>
      </transaction>
      <transaction>
        <timestamp>1333600464102</timestamp>
        <buyerID>39</buyerID>
        <sellerID>35</sellerID>
        <price>121</price>
      </transaction>
      <transaction>
        <timestamp>1333600464144</timestamp>
        <buyerID>38</buyerID>
        <sellerID>36</sellerID>
        <price>149</price>
      </transaction>
      <transaction>
        <timestamp>1333600464752</timestamp>
        <buyerID>40</buyerID>
        <sellerID>32</sellerID>
        <price>126</price>
      </transaction>
      <transaction>
        <timestamp>1333600464774</timestamp>
        <buyerID>42</buyerID>
        <sellerID>92</sellerID>
        <price>127</price>
      </transaction>
      <transaction>
        <timestamp>1333600464800</timestamp>
        <buyerID>39</buyerID>
        <sellerID>36</sellerID>
        <price>133</price>
      </transaction>
      <transaction>
        <timestamp>1333600464823</timestamp>
        <buyerID>38</buyerID>
        <sellerID>33</sellerID>
        <price>144</price>
      </transaction>
      <transaction>
        <timestamp>1333600464827</timestamp>
        <buyerID>37</buyerID>
        <sellerID>31</sellerID>
        <price>152</price>
      </transaction>
      <transaction>
        <timestamp>1333600464920</timestamp>
        <buyerID>41</buyerID>
        <sellerID>34</sellerID>
        <price>142</price>
      </transaction>
      <transaction>
        <timestamp>1333600465630</timestamp>
        <buyerID>38</buyerID>
        <sellerID>35</sellerID>
        <price>131</price>
      </transaction>
      <transaction>
        <timestamp>1333600465645</timestamp>
        <buyerID>41</buyerID>
        <sellerID>92</sellerID>
        <price>139</price>
      </transaction>
      <transaction>
        <timestamp>1333600466403</timestamp>
        <buyerID>37</buyerID>
        <sellerID>33</sellerID>
        <price>135</price>
      </transaction>
      <transaction>
        <timestamp>1333600468545</timestamp>
        <buyerID>93</buyerID>
        <sellerID>36</sellerID>
        <price>136</price>
      </transaction>
      <transaction>
        <timestamp>1333600470769</timestamp>
        <buyerID>93</buyerID>
        <sellerID>32</sellerID>
        <price>140</price>
      </transaction>
      <transaction>
        <timestamp>1333600471540</timestamp>
        <buyerID>94</buyerID>
        <sellerID>36</sellerID>
        <price>141</price>
      </transaction>
      <transaction>
        <timestamp>1333600471649</timestamp>
        <buyerID>93</buyerID>
        <sellerID>32</sellerID>
        <price>142</price>
      </transaction>
      <transaction>
        <timestamp>1333600472331</timestamp>
        <buyerID>94</buyerID>
        <sellerID>33</sellerID>
        <price>142</price>
      </transaction>
      <transaction>
        <timestamp>1333600486490</timestamp>
        <buyerID>94</buyerID>
        <sellerID>33</sellerID>
        <price>150</price>
      </transaction>
      <transaction>
        <timestamp>1333600487394</timestamp>
        <buyerID>94</buyerID>
        <sellerID>35</sellerID>
        <price>150</price>
      </transaction>
    </repetition>
    <repetition>
      <id>2</id>
      <transaction>
        <timestamp>1333600588665</timestamp>
        <buyerID>41</buyerID>
        <sellerID>32</sellerID>
        <price>257</price>
      </transaction>
      <transaction>
        <timestamp>1333600588685</timestamp>
        <buyerID>93</buyerID>
        <sellerID>34</sellerID>
        <price>156</price>
      </transaction>
      <transaction>
        <timestamp>1333600588692</timestamp>
        <buyerID>40</buyerID>
        <sellerID>36</sellerID>
        <price>155</price>
      </transaction>
      <transaction>
        <timestamp>1333600588706</timestamp>
        <buyerID>42</buyerID>
        <sellerID>33</sellerID>
        <price>87</price>
      </transaction>
      <transaction>
        <timestamp>1333600588734</timestamp>
        <buyerID>38</buyerID>
        <sellerID>31</sellerID>
        <price>174</price>
      </transaction>
      <transaction>
        <timestamp>1333600588745</timestamp>
        <buyerID>37</buyerID>
        <sellerID>35</sellerID>
        <price>128</price>
      </transaction>
      <transaction>
        <timestamp>1333600589235</timestamp>
        <buyerID>94</buyerID>
        <sellerID>33</sellerID>
        <price>201</price>
      </transaction>
      <transaction>
        <timestamp>1333600589243</timestamp>
        <buyerID>39</buyerID>
        <sellerID>36</sellerID>
        <price>200</price>
      </transaction>
      <transaction>
        <timestamp>1333600589279</timestamp>
        <buyerID>37</buyerID>
        <sellerID>32</sellerID>
        <price>169</price>
      </transaction>
      <transaction>
        <timestamp>1333600589329</timestamp>
        <buyerID>41</buyerID>
        <sellerID>34</sellerID>
        <price>175</price>
      </transaction>
      <transaction>
        <timestamp>1333600589382</timestamp>
        <buyerID>38</buyerID>
        <sellerID>31</sellerID>
        <price>166</price>
      </transaction>
      <transaction>
        <timestamp>1333600589411</timestamp>
        <buyerID>40</buyerID>
        <sellerID>35</sellerID>
        <price>170</price>
      </transaction>
      <transaction>
        <timestamp>1333600589980</timestamp>
        <buyerID>39</buyerID>
        <sellerID>91</sellerID>
        <price>212</price>
      </transaction>
      <transaction>
        <timestamp>1333600590007</timestamp>
        <buyerID>94</buyerID>
        <sellerID>32</sellerID>
        <price>201</price>
      </transaction>
      <transaction>
        <timestamp>1333600590024</timestamp>
        <buyerID>93</buyerID>
        <sellerID>35</sellerID>
        <price>141</price>
      </transaction>
      <transaction>
        <timestamp>1333600590174</timestamp>
        <buyerID>42</buyerID>
        <sellerID>31</sellerID>
        <price>202</price>
      </transaction>
      <transaction>
        <timestamp>1333600590180</timestamp>
        <buyerID>37</buyerID>
        <sellerID>36</sellerID>
        <price>174</price>
      </transaction>
      <transaction>
        <timestamp>1333600590220</timestamp>
        <buyerID>41</buyerID>
        <sellerID>33</sellerID>
        <price>194</price>
      </transaction>
      <transaction>
        <timestamp>1333600590789</timestamp>
        <buyerID>93</buyerID>
        <sellerID>33</sellerID>
        <price>187</price>
      </transaction>
      <transaction>
        <timestamp>1333600590816</timestamp>
        <buyerID>38</buyerID>
        <sellerID>31</sellerID>
        <price>186</price>
      </transaction>
      <transaction>
        <timestamp>1333600590867</timestamp>
        <buyerID>37</buyerID>
        <sellerID>36</sellerID>
        <price>193</price>
      </transaction>
      <transaction>
        <timestamp>1333600590877</timestamp>
        <buyerID>42</buyerID>
        <sellerID>32</sellerID>
        <price>184</price>
      </transaction>
      <transaction>
        <timestamp>1333600590891</timestamp>
        <buyerID>41</buyerID>
        <sellerID>35</sellerID>
        <price>208</price>
      </transaction>
      <transaction>
        <timestamp>1333600590911</timestamp>
        <buyerID>39</buyerID>
        <sellerID>91</sellerID>
        <price>187</price>
      </transaction>
      <transaction>
        <timestamp>1333600591475</timestamp>
        <buyerID>40</buyerID>
        <sellerID>35</sellerID>
        <price>177</price>
      </transaction>
      <transaction>
        <timestamp>1333600591492</timestamp>
        <buyerID>94</buyerID>
        <sellerID>36</sellerID>
        <price>172</price>
      </transaction>
      <transaction>
        <timestamp>1333600591563</timestamp>
        <buyerID>42</buyerID>
        <sellerID>32</sellerID>
        <price>170</price>
      </transaction>
      <transaction>
        <timestamp>1333600591610</timestamp>
        <buyerID>41</buyerID>
        <sellerID>34</sellerID>
        <price>170</price>
      </transaction>
      <transaction>
        <timestamp>1333600591646</timestamp>
        <buyerID>37</buyerID>
        <sellerID>92</sellerID>
        <price>176</price>
      </transaction>
      <transaction>
        <timestamp>1333600591660</timestamp>
        <buyerID>39</buyerID>
        <sellerID>33</sellerID>
        <price>172</price>
      </transaction>
      <transaction>
        <timestamp>1333600592228</timestamp>
        <buyerID>40</buyerID>
        <sellerID>34</sellerID>
        <price>170</price>
      </transaction>
      <transaction>
        <timestamp>1333600592240</timestamp>
        <buyerID>38</buyerID>
        <sellerID>32</sellerID>
        <price>169</price>
      </transaction>
      <transaction>
        <timestamp>1333600592269</timestamp>
        <buyerID>37</buyerID>
        <sellerID>92</sellerID>
        <price>142</price>
      </transaction>
      <transaction>
        <timestamp>1333600592303</timestamp>
        <buyerID>41</buyerID>
        <sellerID>35</sellerID>
        <price>135</price>
      </transaction>
      <transaction>
        <timestamp>1333600592366</timestamp>
        <buyerID>39</buyerID>
        <sellerID>36</sellerID>
        <price>145</price>
      </transaction>
      <transaction>
        <timestamp>1333600593044</timestamp>
        <buyerID>93</buyerID>
        <sellerID>92</sellerID>
        <price>149</price>
      </transaction>
      <transaction>
        <timestamp>1333600593056</timestamp>
        <buyerID>94</buyerID>
        <sellerID>34</sellerID>
        <price>148</price>
      </transaction>
      <transaction>
        <timestamp>1333600593087</timestamp>
        <buyerID>38</buyerID>
        <sellerID>33</sellerID>
        <price>150</price>
      </transaction>
      <transaction>
        <timestamp>1333600593151</timestamp>
        <buyerID>42</buyerID>
        <sellerID>36</sellerID>
        <price>147</price>
      </transaction>
      <transaction>
        <timestamp>1333600595994</timestamp>
        <buyerID>94</buyerID>
        <sellerID>91</sellerID>
        <price>145</price>
      </transaction>
      <transaction>
        <timestamp>1333600596098</timestamp>
        <buyerID>94</buyerID>
        <sellerID>92</sellerID>
        <price>145</price>
      </transaction>
      <transaction>
        <timestamp>1333600596811</timestamp>
        <buyerID>94</buyerID>
        <sellerID>92</sellerID>
        <price>146</price>
      </transaction>
      <transaction>
        <timestamp>1333600597592</timestamp>
        <buyerID>93</buyerID>
        <sellerID>92</sellerID>
        <price>146</price>
      </transaction>
      <transaction>
        <timestamp>1333600602086</timestamp>
        <buyerID>93</buyerID>
        <sellerID>35</sellerID>
        <price>150</price>
      </transaction>
    </repetition>
    <repetition>
      <id>3</id>
      <transaction>
        <timestamp>1333600716188</timestamp>
        <buyerID>94</buyerID>
        <sellerID>32</sellerID>
        <price>76</price>
      </transaction>
      <transaction>
        <timestamp>1333600716202</timestamp>
        <buyerID>40</buyerID>
        <sellerID>31</sellerID>
        <price>82</price>
      </transaction>
      <transaction>
        <timestamp>1333600716226</timestamp>
        <buyerID>39</buyerID>
        <sellerID>33</sellerID>
        <price>100</price>
      </transaction>
      <transaction>
        <timestamp>1333600716237</timestamp>
        <buyerID>41</buyerID>
        <sellerID>34</sellerID>
        <price>107</price>
      </transaction>
      <transaction>
        <timestamp>1333600716253</timestamp>
        <buyerID>42</buyerID>
        <sellerID>91</sellerID>
        <price>123</price>
      </transaction>
      <transaction>
        <timestamp>1333600716260</timestamp>
        <buyerID>37</buyerID>
        <sellerID>36</sellerID>
        <price>124</price>
      </transaction>
      <transaction>
        <timestamp>1333600716266</timestamp>
        <buyerID>38</buyerID>
        <sellerID>35</sellerID>
        <price>127</price>
      </transaction>
      <transaction>
        <timestamp>1333600716751</timestamp>
        <buyerID>93</buyerID>
        <sellerID>92</sellerID>
        <price>169</price>
      </transaction>
      <transaction>
        <timestamp>1333600716793</timestamp>
        <buyerID>42</buyerID>
        <sellerID>36</sellerID>
        <price>182</price>
      </transaction>
      <transaction>
        <timestamp>1333600716845</timestamp>
        <buyerID>40</buyerID>
        <sellerID>31</sellerID>
        <price>187</price>
      </transaction>
      <transaction>
        <timestamp>1333600716899</timestamp>
        <buyerID>41</buyerID>
        <sellerID>91</sellerID>
        <price>191</price>
      </transaction>
      <transaction>
        <timestamp>1333600716907</timestamp>
        <buyerID>37</buyerID>
        <sellerID>33</sellerID>
        <price>192</price>
      </transaction>
      <transaction>
        <timestamp>1333600716915</timestamp>
        <buyerID>38</buyerID>
        <sellerID>92</sellerID>
        <price>197</price>
      </transaction>
      <transaction>
        <timestamp>1333600716931</timestamp>
        <buyerID>94</buyerID>
        <sellerID>34</sellerID>
        <price>173</price>
      </transaction>
      <transaction>
        <timestamp>1333600717477</timestamp>
        <buyerID>39</buyerID>
        <sellerID>34</sellerID>
        <price>196</price>
      </transaction>
      <transaction>
        <timestamp>1333600717506</timestamp>
        <buyerID>37</buyerID>
        <sellerID>32</sellerID>
        <price>186</price>
      </transaction>
      <transaction>
        <timestamp>1333600717512</timestamp>
        <buyerID>93</buyerID>
        <sellerID>31</sellerID>
        <price>173</price>
      </transaction>
      <transaction>
        <timestamp>1333600717598</timestamp>
        <buyerID>39</buyerID>
        <sellerID>36</sellerID>
        <price>151</price>
      </transaction>
      <transaction>
        <timestamp>1333600717628</timestamp>
        <buyerID>42</buyerID>
        <sellerID>33</sellerID>
        <price>166</price>
      </transaction>
      <transaction>
        <timestamp>1333600717640</timestamp>
        <buyerID>41</buyerID>
        <sellerID>35</sellerID>
        <price>148</price>
      </transaction>
      <transaction>
        <timestamp>1333600718244</timestamp>
        <buyerID>38</buyerID>
        <sellerID>32</sellerID>
        <price>162</price>
      </transaction>
      <transaction>
        <timestamp>1333600718357</timestamp>
        <buyerID>39</buyerID>
        <sellerID>35</sellerID>
        <price>198</price>
      </transaction>
      <transaction>
        <timestamp>1333600718363</timestamp>
        <buyerID>41</buyerID>
        <sellerID>92</sellerID>
        <price>204</price>
      </transaction>
      <transaction>
        <timestamp>1333600718367</timestamp>
        <buyerID>42</buyerID>
        <sellerID>34</sellerID>
        <price>176</price>
      </transaction>
      <transaction>
        <timestamp>1333600718383</timestamp>
        <buyerID>37</buyerID>
        <sellerID>36</sellerID>
        <price>172</price>
      </transaction>
      <transaction>
        <timestamp>1333600718397</timestamp>
        <buyerID>40</buyerID>
        <sellerID>33</sellerID>
        <price>166</price>
      </transaction>
      <transaction>
        <timestamp>1333600718980</timestamp>
        <buyerID>41</buyerID>
        <sellerID>91</sellerID>
        <price>165</price>
      </transaction>
      <transaction>
        <timestamp>1333600719003</timestamp>
        <buyerID>93</buyerID>
        <sellerID>35</sellerID>
        <price>162</price>
      </transaction>
      <transaction>
        <timestamp>1333600719013</timestamp>
        <buyerID>94</buyerID>
        <sellerID>32</sellerID>
        <price>161</price>
      </transaction>
      <transaction>
        <timestamp>1333600719044</timestamp>
        <buyerID>38</buyerID>
        <sellerID>92</sellerID>
        <price>165</price>
      </transaction>
      <transaction>
        <timestamp>1333600719064</timestamp>
        <buyerID>37</buyerID>
        <sellerID>36</sellerID>
        <price>183</price>
      </transaction>
      <transaction>
        <timestamp>1333600719089</timestamp>
        <buyerID>40</buyerID>
        <sellerID>34</sellerID>
        <price>169</price>
      </transaction>
      <transaction>
        <timestamp>1333600719173</timestamp>
        <buyerID>93</buyerID>
        <sellerID>31</sellerID>
        <price>165</price>
      </transaction>
      <transaction>
        <timestamp>1333600719799</timestamp>
        <buyerID>94</buyerID>
        <sellerID>32</sellerID>
        <price>171</price>
      </transaction>
      <transaction>
        <timestamp>1333600719817</timestamp>
        <buyerID>37</buyerID>
        <sellerID>36</sellerID>
        <price>170</price>
      </transaction>
      <transaction>
        <timestamp>1333600719854</timestamp>
        <buyerID>39</buyerID>
        <sellerID>35</sellerID>
        <price>163</price>
      </transaction>
      <transaction>
        <timestamp>1333600719892</timestamp>
        <buyerID>41</buyerID>
        <sellerID>33</sellerID>
        <price>165</price>
      </transaction>
      <transaction>
        <timestamp>1333600720596</timestamp>
        <buyerID>38</buyerID>
        <sellerID>36</sellerID>
        <price>155</price>
      </transaction>
      <transaction>
        <timestamp>1333600720639</timestamp>
        <buyerID>94</buyerID>
        <sellerID>32</sellerID>
        <price>151</price>
      </transaction>
      <transaction>
        <timestamp>1333600721300</timestamp>
        <buyerID>93</buyerID>
        <sellerID>92</sellerID>
        <price>150</price>
      </transaction>
      <transaction>
        <timestamp>1333600721382</timestamp>
        <buyerID>94</buyerID>
        <sellerID>35</sellerID>
        <price>150</price>
      </transaction>
      <transaction>
        <timestamp>1333600722055</timestamp>
        <buyerID>94</buyerID>
        <sellerID>33</sellerID>
        <price>150</price>
      </transaction>
      <transaction>
        <timestamp>1333600722093</timestamp>
        <buyerID>93</buyerID>
        <sellerID>92</sellerID>
        <price>150</price>
      </transaction>
    </repetition>
    <repetition>
      <id>4</id>
      <transaction>
        <timestamp>1333600843671</timestamp>
        <buyerID>94</buyerID>
        <sellerID>33</sellerID>
        <price>205</price>
      </transaction>
      <transaction>
        <timestamp>1333600843676</timestamp>
        <buyerID>93</buyerID>
        <sellerID>36</sellerID>
        <price>168</price>
      </transaction>
      <transaction>
        <timestamp>1333600843685</timestamp>
        <buyerID>42</buyerID>
        <sellerID>32</sellerID>
        <price>167</price>
      </transaction>
      <transaction>
        <timestamp>1333600843706</timestamp>
        <buyerID>41</buyerID>
        <sellerID>34</sellerID>
        <price>104</price>
      </transaction>
      <transaction>
        <timestamp>1333600843719</timestamp>
        <buyerID>38</buyerID>
        <sellerID>31</sellerID>
        <price>202</price>
      </transaction>
      <transaction>
        <timestamp>1333600843743</timestamp>
        <buyerID>39</buyerID>
        <sellerID>91</sellerID>
        <price>204</price>
      </transaction>
      <transaction>
        <timestamp>1333600843756</timestamp>
        <buyerID>40</buyerID>
        <sellerID>35</sellerID>
        <price>193</price>
      </transaction>
      <transaction>
        <timestamp>1333600844233</timestamp>
        <buyerID>37</buyerID>
        <sellerID>35</sellerID>
        <price>181</price>
      </transaction>
      <transaction>
        <timestamp>1333600844279</timestamp>
        <buyerID>41</buyerID>
        <sellerID>92</sellerID>
        <price>203</price>
      </transaction>
      <transaction>
        <timestamp>1333600844368</timestamp>
        <buyerID>93</buyerID>
        <sellerID>34</sellerID>
        <price>198</price>
      </transaction>
      <transaction>
        <timestamp>1333600844377</timestamp>
        <buyerID>37</buyerID>
        <sellerID>32</sellerID>
        <price>197</price>
      </transaction>
      <transaction>
        <timestamp>1333600844391</timestamp>
        <buyerID>42</buyerID>
        <sellerID>36</sellerID>
        <price>187</price>
      </transaction>
      <transaction>
        <timestamp>1333600844401</timestamp>
        <buyerID>38</buyerID>
        <sellerID>91</sellerID>
        <price>203</price>
      </transaction>
      <transaction>
        <timestamp>1333600845019</timestamp>
        <buyerID>42</buyerID>
        <sellerID>34</sellerID>
        <price>184</price>
      </transaction>
      <transaction>
        <timestamp>1333600845030</timestamp>
        <buyerID>39</buyerID>
        <sellerID>32</sellerID>
        <price>176</price>
      </transaction>
      <transaction>
        <timestamp>1333600845052</timestamp>
        <buyerID>41</buyerID>
        <sellerID>33</sellerID>
        <price>200</price>
      </transaction>
      <transaction>
        <timestamp>1333600845091</timestamp>
        <buyerID>94</buyerID>
        <sellerID>31</sellerID>
        <price>173</price>
      </transaction>
      <transaction>
        <timestamp>1333600845100</timestamp>
        <buyerID>93</buyerID>
        <sellerID>36</sellerID>
        <price>172</price>
      </transaction>
      <transaction>
        <timestamp>1333600845106</timestamp>
        <buyerID>37</buyerID>
        <sellerID>35</sellerID>
        <price>171</price>
      </transaction>
      <transaction>
        <timestamp>1333600845726</timestamp>
        <buyerID>40</buyerID>
        <sellerID>32</sellerID>
        <price>173</price>
      </transaction>
      <transaction>
        <timestamp>1333600845754</timestamp>
        <buyerID>39</buyerID>
        <sellerID>36</sellerID>
        <price>148</price>
      </transaction>
      <transaction>
        <timestamp>1333600845785</timestamp>
        <buyerID>40</buyerID>
        <sellerID>31</sellerID>
        <price>172</price>
      </transaction>
      <transaction>
        <timestamp>1333600845814</timestamp>
        <buyerID>94</buyerID>
        <sellerID>33</sellerID>
        <price>182</price>
      </transaction>
      <transaction>
        <timestamp>1333600845844</timestamp>
        <buyerID>37</buyerID>
        <sellerID>91</sellerID>
        <price>183</price>
      </transaction>
      <transaction>
        <timestamp>1333600845862</timestamp>
        <buyerID>41</buyerID>
        <sellerID>92</sellerID>
        <price>192</price>
      </transaction>
      <transaction>
        <timestamp>1333600845872</timestamp>
        <buyerID>38</buyerID>
        <sellerID>35</sellerID>
        <price>181</price>
      </transaction>
      <transaction>
        <timestamp>1333600846516</timestamp>
        <buyerID>39</buyerID>
        <sellerID>31</sellerID>
        <price>190</price>
      </transaction>
      <transaction>
        <timestamp>1333600846604</timestamp>
        <buyerID>93</buyerID>
        <sellerID>34</sellerID>
        <price>188</price>
      </transaction>
      <transaction>
        <timestamp>1333600846615</timestamp>
        <buyerID>94</buyerID>
        <sellerID>36</sellerID>
        <price>187</price>
      </transaction>
      <transaction>
        <timestamp>1333600846621</timestamp>
        <buyerID>37</buyerID>
        <sellerID>35</sellerID>
        <price>186</price>
      </transaction>
      <transaction>
        <timestamp>1333600846654</timestamp>
        <buyerID>42</buyerID>
        <sellerID>33</sellerID>
        <price>179</price>
      </transaction>
      <transaction>
        <timestamp>1333600846668</timestamp>
        <buyerID>41</buyerID>
        <sellerID>32</sellerID>
        <price>174</price>
      </transaction>
      <transaction>
        <timestamp>1333600847292</timestamp>
        <buyerID>40</buyerID>
        <sellerID>34</sellerID>
        <price>171</price>
      </transaction>
      <transaction>
        <timestamp>1333600847305</timestamp>
        <buyerID>40</buyerID>
        <sellerID>35</sellerID>
        <price>171</price>
      </transaction>
      <transaction>
        <timestamp>1333600847382</timestamp>
        <buyerID>94</buyerID>
        <sellerID>36</sellerID>
        <price>171</price>
      </transaction>
      <transaction>
        <timestamp>1333600847398</timestamp>
        <buyerID>37</buyerID>
        <sellerID>32</sellerID>
        <price>171</price>
      </transaction>
      <transaction>
        <timestamp>1333600848059</timestamp>
        <buyerID>41</buyerID>
        <sellerID>92</sellerID>
        <price>170</price>
      </transaction>
      <transaction>
        <timestamp>1333600848087</timestamp>
        <buyerID>38</buyerID>
        <sellerID>33</sellerID>
        <price>169</price>
      </transaction>
      <transaction>
        <timestamp>1333600848117</timestamp>
        <buyerID>39</buyerID>
        <sellerID>35</sellerID>
        <price>163</price>
      </transaction>
      <transaction>
        <timestamp>1333600848727</timestamp>
        <buyerID>38</buyerID>
        <sellerID>36</sellerID>
        <price>155</price>
      </transaction>
      <transaction>
        <timestamp>1333600849545</timestamp>
        <buyerID>93</buyerID>
        <sellerID>33</sellerID>
        <price>152</price>
      </transaction>
      <transaction>
        <timestamp>1333600849613</timestamp>
        <buyerID>94</buyerID>
        <sellerID>92</sellerID>
        <price>152</price>
      </transaction>
      <transaction>
        <timestamp>1333600850229</timestamp>
        <buyerID>94</buyerID>
        <sellerID>31</sellerID>
        <price>152</price>
      </transaction>
      <transaction>
        <timestamp>1333600850360</timestamp>
        <buyerID>93</buyerID>
        <sellerID>92</sellerID>
        <price>152</price>
      </transaction>
      <transaction>
        <timestamp>1333600855644</timestamp>
        <buyerID>42</buyerID>
        <sellerID>92</sellerID>
        <price>149</price>
      </transaction>
    </repetition>
    <repetition>
      <id>5</id>
      <transaction>
        <timestamp>1333600971183</timestamp>
        <buyerID>93</buyerID>
        <sellerID>91</sellerID>
        <price>103</price>
      </transaction>
      <transaction>
        <timestamp>1333600971198</timestamp>
        <buyerID>41</buyerID>
        <sellerID>34</sellerID>
        <price>114</price>
      </transaction>
      <transaction>
        <timestamp>1333600971209</timestamp>
        <buyerID>37</buyerID>
        <sellerID>31</sellerID>
        <price>120</price>
      </transaction>
      <transaction>
        <timestamp>1333600971214</timestamp>
        <buyerID>38</buyerID>
        <sellerID>32</sellerID>
        <price>127</price>
      </transaction>
      <transaction>
        <timestamp>1333600971226</timestamp>
        <buyerID>39</buyerID>
        <sellerID>33</sellerID>
        <price>130</price>
      </transaction>
      <transaction>
        <timestamp>1333600971241</timestamp>
        <buyerID>42</buyerID>
        <sellerID>35</sellerID>
        <price>153</price>
      </transaction>
      <transaction>
        <timestamp>1333600971262</timestamp>
        <buyerID>40</buyerID>
        <sellerID>36</sellerID>
        <price>169</price>
      </transaction>
      <transaction>
        <timestamp>1333600971795</timestamp>
        <buyerID>40</buyerID>
        <sellerID>33</sellerID>
        <price>188</price>
      </transaction>
      <transaction>
        <timestamp>1333600971803</timestamp>
        <buyerID>39</buyerID>
        <sellerID>36</sellerID>
        <price>199</price>
      </transaction>
      <transaction>
        <timestamp>1333600971814</timestamp>
        <buyerID>41</buyerID>
        <sellerID>92</sellerID>
        <price>205</price>
      </transaction>
      <transaction>
        <timestamp>1333600971823</timestamp>
        <buyerID>94</buyerID>
        <sellerID>34</sellerID>
        <price>180</price>
      </transaction>
      <transaction>
        <timestamp>1333600971846</timestamp>
        <buyerID>38</buyerID>
        <sellerID>32</sellerID>
        <price>228</price>
      </transaction>
      <transaction>
        <timestamp>1333600971857</timestamp>
        <buyerID>42</buyerID>
        <sellerID>31</sellerID>
        <price>179</price>
      </transaction>
      <transaction>
        <timestamp>1333600971901</timestamp>
        <buyerID>37</buyerID>
        <sellerID>35</sellerID>
        <price>186</price>
      </transaction>
      <transaction>
        <timestamp>1333600972562</timestamp>
        <buyerID>94</buyerID>
        <sellerID>36</sellerID>
        <price>188</price>
      </transaction>
      <transaction>
        <timestamp>1333600972576</timestamp>
        <buyerID>38</buyerID>
        <sellerID>34</sellerID>
        <price>187</price>
      </transaction>
      <transaction>
        <timestamp>1333600972631</timestamp>
        <buyerID>42</buyerID>
        <sellerID>31</sellerID>
        <price>182</price>
      </transaction>
      <transaction>
        <timestamp>1333600972640</timestamp>
        <buyerID>39</buyerID>
        <sellerID>33</sellerID>
        <price>193</price>
      </transaction>
      <transaction>
        <timestamp>1333600972659</timestamp>
        <buyerID>37</buyerID>
        <sellerID>32</sellerID>
        <price>197</price>
      </transaction>
      <transaction>
        <timestamp>1333600973227</timestamp>
        <buyerID>41</buyerID>
        <sellerID>34</sellerID>
        <price>192</price>
      </transaction>
      <transaction>
        <timestamp>1333600973286</timestamp>
        <buyerID>41</buyerID>
        <sellerID>92</sellerID>
        <price>196</price>
      </transaction>
      <transaction>
        <timestamp>1333600973306</timestamp>
        <buyerID>37</buyerID>
        <sellerID>31</sellerID>
        <price>187</price>
      </transaction>
      <transaction>
        <timestamp>1333600973312</timestamp>
        <buyerID>94</buyerID>
        <sellerID>33</sellerID>
        <price>182</price>
      </transaction>
      <transaction>
        <timestamp>1333600973387</timestamp>
        <buyerID>93</buyerID>
        <sellerID>36</sellerID>
        <price>188</price>
      </transaction>
      <transaction>
        <timestamp>1333600973404</timestamp>
        <buyerID>39</buyerID>
        <sellerID>35</sellerID>
        <price>187</price>
      </transaction>
      <transaction>
        <timestamp>1333600974013</timestamp>
        <buyerID>42</buyerID>
        <sellerID>36</sellerID>
        <price>180</price>
      </transaction>
      <transaction>
        <timestamp>1333600974082</timestamp>
        <buyerID>40</buyerID>
        <sellerID>32</sellerID>
        <price>178</price>
      </transaction>
      <transaction>
        <timestamp>1333600974110</timestamp>
        <buyerID>41</buyerID>
        <sellerID>31</sellerID>
        <price>180</price>
      </transaction>
      <transaction>
        <timestamp>1333600974135</timestamp>
        <buyerID>94</buyerID>
        <sellerID>34</sellerID>
        <price>170</price>
      </transaction>
      <transaction>
        <timestamp>1333600974149</timestamp>
        <buyerID>38</buyerID>
        <sellerID>35</sellerID>
        <price>169</price>
      </transaction>
      <transaction>
        <timestamp>1333600974726</timestamp>
        <buyerID>37</buyerID>
        <sellerID>92</sellerID>
        <price>191</price>
      </transaction>
      <transaction>
        <timestamp>1333600974774</timestamp>
        <buyerID>39</buyerID>
        <sellerID>36</sellerID>
        <price>163</price>
      </transaction>
      <transaction>
        <timestamp>1333600974812</timestamp>
        <buyerID>40</buyerID>
        <sellerID>35</sellerID>
        <price>159</price>
      </transaction>
      <transaction>
        <timestamp>1333600974860</timestamp>
        <buyerID>41</buyerID>
        <sellerID>32</sellerID>
        <price>158</price>
      </transaction>
      <transaction>
        <timestamp>1333600975532</timestamp>
        <buyerID>94</buyerID>
        <sellerID>36</sellerID>
        <price>153</price>
      </transaction>
      <transaction>
        <timestamp>1333600975544</timestamp>
        <buyerID>38</buyerID>
        <sellerID>35</sellerID>
        <price>151</price>
      </transaction>
      <transaction>
        <timestamp>1333600975595</timestamp>
        <buyerID>93</buyerID>
        <sellerID>32</sellerID>
        <price>152</price>
      </transaction>
      <transaction>
        <timestamp>1333600975620</timestamp>
        <buyerID>37</buyerID>
        <sellerID>33</sellerID>
        <price>157</price>
      </transaction>
      <transaction>
        <timestamp>1333600976412</timestamp>
        <buyerID>42</buyerID>
        <sellerID>91</sellerID>
        <price>149</price>
      </transaction>
      <transaction>
        <timestamp>1333600977067</timestamp>
        <buyerID>93</buyerID>
        <sellerID>91</sellerID>
        <price>148</price>
      </transaction>
      <transaction>
        <timestamp>1333600977776</timestamp>
        <buyerID>94</buyerID>
        <sellerID>92</sellerID>
        <price>148</price>
      </transaction>
      <transaction>
        <timestamp>1333600978530</timestamp>
        <buyerID>94</buyerID>
        <sellerID>92</sellerID>
        <price>149</price>
      </transaction>
      <transaction>
        <timestamp>1333600979386</timestamp>
        <buyerID>93</buyerID>
        <sellerID>92</sellerID>
        <price>149</price>
      </transaction>
      <transaction>
        <timestamp>1333600980875</timestamp>
        <buyerID>93</buyerID>
        <sellerID>33</sellerID>
        <price>150</price>
      </transaction>
    </repetition>
  </transactions>
  <scores>
    <agent>
      <ID>34</ID>
      <userName>zibtq4</userName>
      <strategy>ZIBTQ</strategy>
      <values>
        <value>66</value>
        <value>67</value>
        <value>68</value>
        <value>94</value>
        <value>109</value>
        <value>198</value>
        <value>207</value>
        <value>218</value>
        <value>224</value>
        <value>239</value>
      </values>
      <score>398.8</score>
    </agent>
    <agent>
      <ID>35</ID>
      <userName>zibtq5</userName>
      <strategy>ZIBTQ</strategy>
      <values>
        <value>72</value>
        <value>73</value>
        <value>73</value>
        <value>96</value>
        <value>109</value>
        <value>131</value>
        <value>150</value>
        <value>168</value>
        <value>190</value>
        <value>205</value>
      </values>
      <score>393.4</score>
    </agent>
    <agent>
      <ID>32</ID>
      <userName>zibtq2</userName>
      <strategy>ZIBTQ</strategy>
      <values>
        <value>65</value>
        <value>96</value>
        <value>103</value>
        <value>112</value>
        <value>140</value>
        <value>142</value>
        <value>165</value>
        <value>193</value>
        <value>208</value>
        <value>231</value>
      </values>
      <score>327.2</score>
    </agent>
    <agent>
      <ID>33</ID>
      <userName>zibtq3</userName>
      <strategy>ZIBTQ</strategy>
      <values>
        <value>62</value>
        <value>84</value>
        <value>122</value>
        <value>128</value>
        <value>142</value>
        <value>150</value>
        <value>185</value>
        <value>196</value>
        <value>212</value>
        <value>215</value>
      </values>
      <score>273.2</score>
    </agent>
    <agent>
      <ID>38</ID>
      <userName>zibtq8</userName>
      <strategy>ZIBTQ</strategy>
      <values>
        <value>257</value>
        <value>256</value>
        <value>191</value>
        <value>169</value>
        <value>155</value>
        <value>138</value>
        <value>128</value>
        <value>102</value>
        <value>100</value>
        <value>63</value>
      </values>
      <score>197.2</score>
    </agent>
    <agent>
      <ID>39</ID>
      <userName>zibtq9</userName>
      <strategy>ZIBTQ</strategy>
      <values>
        <value>259</value>
        <value>235</value>
        <value>235</value>
        <value>202</value>
        <value>163</value>
        <value>120</value>
        <value>108</value>
        <value>102</value>
        <value>97</value>
        <value>91</value>
      </values>
      <score>259.2</score>
    </agent>
    <agent>
      <ID>36</ID>
      <userName>zibtq6</userName>
      <strategy>ZIBTQ</strategy>
      <values>
        <value>64</value>
        <value>92</value>
        <value>99</value>
        <value>124</value>
        <value>133</value>
        <value>136</value>
        <value>141</value>
        <value>170</value>
        <value>240</value>
        <value>260</value>
      </values>
      <score>347.2</score>
    </agent>
    <agent>
      <ID>37</ID>
      <userName>zibtq7</userName>
      <strategy>ZIBTQ</strategy>
      <values>
        <value>249</value>
        <value>230</value>
        <value>219</value>
        <value>199</value>
        <value>192</value>
        <value>171</value>
        <value>132</value>
        <value>132</value>
        <value>77</value>
        <value>72</value>
      </values>
      <score>256.4</score>
    </agent>
    <agent>
      <ID>42</ID>
      <userName>zibtq12</userName>
      <strategy>ZIBTQ</strategy>
      <values>
        <value>229</value>
        <value>228</value>
        <value>184</value>
        <value>180</value>
        <value>149</value>
        <value>130</value>
        <value>121</value>
        <value>119</value>
        <value>68</value>
        <value>68</value>
      </values>
      <score>194.8</score>
    </agent>
    <agent>
      <ID>40</ID>
      <userName>zibtq10</userName>
      <strategy>ZIBTQ</strategy>
      <values>
        <value>204</value>
        <value>203</value>
        <value>178</value>
        <value>171</value>
        <value>116</value>
        <value>89</value>
        <value>89</value>
        <value>78</value>
        <value>76</value>
        <value>71</value>
      </values>
      <score>103.6</score>
    </agent>
    <agent>
      <ID>41</ID>
      <userName>zibtq11</userName>
      <strategy>ZIBTQ</strategy>
      <values>
        <value>258</value>
        <value>250</value>
        <value>244</value>
        <value>242</value>
        <value>205</value>
        <value>170</value>
        <value>90</value>
        <value>82</value>
        <value>81</value>
        <value>81</value>
      </values>
      <score>362.2</score>
    </agent>
    <agent>
      <ID>93</ID>
      <userName>gd3</userName>
      <strategy>GD</strategy>
      <values>
        <value>245</value>
        <value>244</value>
        <value>231</value>
        <value>222</value>
        <value>203</value>
        <value>192</value>
        <value>117</value>
        <value>84</value>
        <value>84</value>
        <value>74</value>
      </values>
      <score>414.0</score>
    </agent>
    <agent>
      <ID>92</ID>
      <userName>gd2</userName>
      <strategy>GD</strategy>
      <values>
        <value>64</value>
        <value>94</value>
        <value>95</value>
        <value>98</value>
        <value>122</value>
        <value>127</value>
        <value>160</value>
        <value>163</value>
        <value>255</value>
        <value>256</value>
      </values>
      <score>372.6</score>
    </agent>
    <agent>
      <ID>94</ID>
      <userName>gd4</userName>
      <strategy>GD</strategy>
      <values>
        <value>254</value>
        <value>253</value>
        <value>251</value>
        <value>247</value>
        <value>232</value>
        <value>219</value>
        <value>175</value>
        <value>122</value>
        <value>96</value>
        <value>61</value>
      </values>
      <score>523.8</score>
    </agent>
    <agent>
      <ID>91</ID>
      <userName>gd1</userName>
      <strategy>GD</strategy>
      <values>
        <value>93</value>
        <value>116</value>
        <value>130</value>
        <value>168</value>
        <value>199</value>
        <value>201</value>
        <value>207</value>
        <value>214</value>
        <value>247</value>
        <value>252</value>
      </values>
      <score>150.2</score>
    </agent>
    <agent>
      <ID>31</ID>
      <userName>zibtq1</userName>
      <strategy>ZIBTQ</strategy>
      <values>
        <value>74</value>
        <value>92</value>
        <value>111</value>
        <value>131</value>
        <value>152</value>
        <value>172</value>
        <value>190</value>
        <value>210</value>
        <value>226</value>
        <value>232</value>
      </values>
      <score>271.0</score>
    </agent>
  </scores>
</results>

