<results>
  <transactions>
    <repetition>
      <id>1</id>
      <transaction>
        <timestamp>1333596998213</timestamp>
        <buyerID>96</buyerID>
        <sellerID>11</sellerID>
        <price>200</price>
      </transaction>
      <transaction>
        <timestamp>1333596998243</timestamp>
        <buyerID>97</buyerID>
        <sellerID>93</sellerID>
        <price>164</price>
      </transaction>
      <transaction>
        <timestamp>1333596998288</timestamp>
        <buyerID>98</buyerID>
        <sellerID>93</sellerID>
        <price>164</price>
      </transaction>
      <transaction>
        <timestamp>1333596998295</timestamp>
        <buyerID>96</buyerID>
        <sellerID>12</sellerID>
        <price>162</price>
      </transaction>
      <transaction>
        <timestamp>1333596998314</timestamp>
        <buyerID>95</buyerID>
        <sellerID>92</sellerID>
        <price>163</price>
      </transaction>
      <transaction>
        <timestamp>1333596998336</timestamp>
        <buyerID>14</buyerID>
        <sellerID>11</sellerID>
        <price>118</price>
      </transaction>
      <transaction>
        <timestamp>1333596998583</timestamp>
        <buyerID>14</buyerID>
        <sellerID>91</sellerID>
        <price>164</price>
      </transaction>
      <transaction>
        <timestamp>1333596998617</timestamp>
        <buyerID>95</buyerID>
        <sellerID>92</sellerID>
        <price>164</price>
      </transaction>
      <transaction>
        <timestamp>1333596998642</timestamp>
        <buyerID>13</buyerID>
        <sellerID>11</sellerID>
        <price>232</price>
      </transaction>
      <transaction>
        <timestamp>1333597000060</timestamp>
        <buyerID>98</buyerID>
        <sellerID>11</sellerID>
        <price>183</price>
      </transaction>
      <transaction>
        <timestamp>1333597000096</timestamp>
        <buyerID>96</buyerID>
        <sellerID>12</sellerID>
        <price>182</price>
      </transaction>
      <transaction>
        <timestamp>1333597000823</timestamp>
        <buyerID>13</buyerID>
        <sellerID>11</sellerID>
        <price>186</price>
      </transaction>
      <transaction>
        <timestamp>1333597000897</timestamp>
        <buyerID>98</buyerID>
        <sellerID>12</sellerID>
        <price>183</price>
      </transaction>
      <transaction>
        <timestamp>1333597001643</timestamp>
        <buyerID>96</buyerID>
        <sellerID>12</sellerID>
        <price>178</price>
      </transaction>
      <transaction>
        <timestamp>1333597003778</timestamp>
        <buyerID>97</buyerID>
        <sellerID>12</sellerID>
        <price>172</price>
      </transaction>
      <transaction>
        <timestamp>1333597003914</timestamp>
        <buyerID>14</buyerID>
        <sellerID>94</sellerID>
        <price>179</price>
      </transaction>
      <transaction>
        <timestamp>1333597004644</timestamp>
        <buyerID>97</buyerID>
        <sellerID>94</sellerID>
        <price>177</price>
      </transaction>
      <transaction>
        <timestamp>1333597005362</timestamp>
        <buyerID>96</buyerID>
        <sellerID>92</sellerID>
        <price>177</price>
      </transaction>
      <transaction>
        <timestamp>1333597005420</timestamp>
        <buyerID>98</buyerID>
        <sellerID>91</sellerID>
        <price>177</price>
      </transaction>
      <transaction>
        <timestamp>1333597007519</timestamp>
        <buyerID>13</buyerID>
        <sellerID>92</sellerID>
        <price>174</price>
      </transaction>
      <transaction>
        <timestamp>1333597008286</timestamp>
        <buyerID>13</buyerID>
        <sellerID>11</sellerID>
        <price>166</price>
      </transaction>
      <transaction>
        <timestamp>1333597009025</timestamp>
        <buyerID>13</buyerID>
        <sellerID>91</sellerID>
        <price>173</price>
      </transaction>
      <transaction>
        <timestamp>1333597010523</timestamp>
        <buyerID>95</buyerID>
        <sellerID>91</sellerID>
        <price>171</price>
      </transaction>
      <transaction>
        <timestamp>1333597011331</timestamp>
        <buyerID>98</buyerID>
        <sellerID>12</sellerID>
        <price>171</price>
      </transaction>
      <transaction>
        <timestamp>1333597020299</timestamp>
        <buyerID>96</buyerID>
        <sellerID>91</sellerID>
        <price>163</price>
      </transaction>
      <transaction>
        <timestamp>1333597021102</timestamp>
        <buyerID>96</buyerID>
        <sellerID>91</sellerID>
        <price>163</price>
      </transaction>
      <transaction>
        <timestamp>1333597106520</timestamp>
        <buyerID>14</buyerID>
        <sellerID>72</sellerID>
        <price>112</price>
      </transaction>
      <transaction>
        <timestamp>1333597106594</timestamp>
        <buyerID>73</buyerID>
        <sellerID>11</sellerID>
        <price>223</price>
      </transaction>
      <transaction>
        <timestamp>1333597107384</timestamp>
        <buyerID>13</buyerID>
        <sellerID>72</sellerID>
        <price>134</price>
      </transaction>
      <transaction>
        <timestamp>1333597108110</timestamp>
        <buyerID>13</buyerID>
        <sellerID>72</sellerID>
        <price>122</price>
      </transaction>
      <transaction>
        <timestamp>1333597108881</timestamp>
        <buyerID>95</buyerID>
        <sellerID>72</sellerID>
        <price>131</price>
      </transaction>
      <transaction>
        <timestamp>1333597108933</timestamp>
        <buyerID>73</buyerID>
        <sellerID>93</sellerID>
        <price>200</price>
      </transaction>
      <transaction>
        <timestamp>1333597111121</timestamp>
        <buyerID>73</buyerID>
        <sellerID>92</sellerID>
        <price>176</price>
      </transaction>
      <transaction>
        <timestamp>1333597111843</timestamp>
        <buyerID>98</buyerID>
        <sellerID>72</sellerID>
        <price>141</price>
      </transaction>
      <transaction>
        <timestamp>1333597111891</timestamp>
        <buyerID>73</buyerID>
        <sellerID>91</sellerID>
        <price>177</price>
      </transaction>
      <transaction>
        <timestamp>1333597112506</timestamp>
        <buyerID>95</buyerID>
        <sellerID>71</sellerID>
        <price>141</price>
      </transaction>
      <transaction>
        <timestamp>1333597112562</timestamp>
        <buyerID>74</buyerID>
        <sellerID>92</sellerID>
        <price>194</price>
      </transaction>
      <transaction>
        <timestamp>1333597113284</timestamp>
        <buyerID>96</buyerID>
        <sellerID>71</sellerID>
        <price>141</price>
      </transaction>
    </repetition>
    <repetition>
      <id>2</id>
      <transaction>
        <timestamp>1333597124717</timestamp>
        <buyerID>98</buyerID>
        <sellerID>12</sellerID>
        <price>156</price>
      </transaction>
      <transaction>
        <timestamp>1333597124749</timestamp>
        <buyerID>13</buyerID>
        <sellerID>91</sellerID>
        <price>156</price>
      </transaction>
      <transaction>
        <timestamp>1333597125354</timestamp>
        <buyerID>14</buyerID>
        <sellerID>12</sellerID>
        <price>147</price>
      </transaction>
      <transaction>
        <timestamp>1333597125424</timestamp>
        <buyerID>97</buyerID>
        <sellerID>11</sellerID>
        <price>116</price>
      </transaction>
      <transaction>
        <timestamp>1333597126050</timestamp>
        <buyerID>13</buyerID>
        <sellerID>91</sellerID>
        <price>163</price>
      </transaction>
      <transaction>
        <timestamp>1333597126870</timestamp>
        <buyerID>14</buyerID>
        <sellerID>91</sellerID>
        <price>127</price>
      </transaction>
      <transaction>
        <timestamp>1333597126897</timestamp>
        <buyerID>96</buyerID>
        <sellerID>71</sellerID>
        <price>122</price>
      </transaction>
      <transaction>
        <timestamp>1333597126921</timestamp>
        <buyerID>13</buyerID>
        <sellerID>11</sellerID>
        <price>128</price>
      </transaction>
      <transaction>
        <timestamp>1333597127579</timestamp>
        <buyerID>14</buyerID>
        <sellerID>92</sellerID>
        <price>159</price>
      </transaction>
      <transaction>
        <timestamp>1333597128322</timestamp>
        <buyerID>73</buyerID>
        <sellerID>93</sellerID>
        <price>147</price>
      </transaction>
      <transaction>
        <timestamp>1333597128375</timestamp>
        <buyerID>74</buyerID>
        <sellerID>11</sellerID>
        <price>148</price>
      </transaction>
      <transaction>
        <timestamp>1333597128417</timestamp>
        <buyerID>98</buyerID>
        <sellerID>72</sellerID>
        <price>147</price>
      </transaction>
      <transaction>
        <timestamp>1333597129052</timestamp>
        <buyerID>96</buyerID>
        <sellerID>72</sellerID>
        <price>146</price>
      </transaction>
      <transaction>
        <timestamp>1333597129161</timestamp>
        <buyerID>73</buyerID>
        <sellerID>93</sellerID>
        <price>153</price>
      </transaction>
      <transaction>
        <timestamp>1333597129179</timestamp>
        <buyerID>95</buyerID>
        <sellerID>71</sellerID>
        <price>148</price>
      </transaction>
      <transaction>
        <timestamp>1333597129748</timestamp>
        <buyerID>13</buyerID>
        <sellerID>92</sellerID>
        <price>154</price>
      </transaction>
      <transaction>
        <timestamp>1333597129811</timestamp>
        <buyerID>98</buyerID>
        <sellerID>72</sellerID>
        <price>150</price>
      </transaction>
      <transaction>
        <timestamp>1333597129836</timestamp>
        <buyerID>95</buyerID>
        <sellerID>12</sellerID>
        <price>149</price>
      </transaction>
      <transaction>
        <timestamp>1333597129880</timestamp>
        <buyerID>73</buyerID>
        <sellerID>92</sellerID>
        <price>153</price>
      </transaction>
      <transaction>
        <timestamp>1333597129921</timestamp>
        <buyerID>74</buyerID>
        <sellerID>91</sellerID>
        <price>154</price>
      </transaction>
      <transaction>
        <timestamp>1333597131353</timestamp>
        <buyerID>97</buyerID>
        <sellerID>92</sellerID>
        <price>157</price>
      </transaction>
      <transaction>
        <timestamp>1333597131356</timestamp>
        <buyerID>96</buyerID>
        <sellerID>71</sellerID>
        <price>156</price>
      </transaction>
      <transaction>
        <timestamp>1333597131388</timestamp>
        <buyerID>98</buyerID>
        <sellerID>11</sellerID>
        <price>156</price>
      </transaction>
      <transaction>
        <timestamp>1333597131393</timestamp>
        <buyerID>73</buyerID>
        <sellerID>91</sellerID>
        <price>157</price>
      </transaction>
      <transaction>
        <timestamp>1333597132054</timestamp>
        <buyerID>13</buyerID>
        <sellerID>72</sellerID>
        <price>155</price>
      </transaction>
      <transaction>
        <timestamp>1333597132143</timestamp>
        <buyerID>98</buyerID>
        <sellerID>12</sellerID>
        <price>146</price>
      </transaction>
      <transaction>
        <timestamp>1333597132904</timestamp>
        <buyerID>73</buyerID>
        <sellerID>91</sellerID>
        <price>153</price>
      </transaction>
      <transaction>
        <timestamp>1333597133653</timestamp>
        <buyerID>95</buyerID>
        <sellerID>72</sellerID>
        <price>153</price>
      </transaction>
      <transaction>
        <timestamp>1333597133666</timestamp>
        <buyerID>74</buyerID>
        <sellerID>11</sellerID>
        <price>159</price>
      </transaction>
      <transaction>
        <timestamp>1333597135816</timestamp>
        <buyerID>96</buyerID>
        <sellerID>72</sellerID>
        <price>164</price>
      </transaction>
      <transaction>
        <timestamp>1333597136603</timestamp>
        <buyerID>97</buyerID>
        <sellerID>12</sellerID>
        <price>166</price>
      </transaction>
      <transaction>
        <timestamp>1333597138891</timestamp>
        <buyerID>96</buyerID>
        <sellerID>72</sellerID>
        <price>168</price>
      </transaction>
      <transaction>
        <timestamp>1333597163647</timestamp>
        <buyerID>74</buyerID>
        <sellerID>11</sellerID>
        <price>165</price>
      </transaction>
    </repetition>
    <repetition>
      <id>3</id>
      <transaction>
        <timestamp>1333597252225</timestamp>
        <buyerID>95</buyerID>
        <sellerID>12</sellerID>
        <price>76</price>
      </transaction>
      <transaction>
        <timestamp>1333597252234</timestamp>
        <buyerID>96</buyerID>
        <sellerID>11</sellerID>
        <price>99</price>
      </transaction>
      <transaction>
        <timestamp>1333597252254</timestamp>
        <buyerID>14</buyerID>
        <sellerID>92</sellerID>
        <price>168</price>
      </transaction>
      <transaction>
        <timestamp>1333597252809</timestamp>
        <buyerID>97</buyerID>
        <sellerID>72</sellerID>
        <price>164</price>
      </transaction>
      <transaction>
        <timestamp>1333597252849</timestamp>
        <buyerID>96</buyerID>
        <sellerID>11</sellerID>
        <price>165</price>
      </transaction>
      <transaction>
        <timestamp>1333597252865</timestamp>
        <buyerID>98</buyerID>
        <sellerID>71</sellerID>
        <price>165</price>
      </transaction>
      <transaction>
        <timestamp>1333597252893</timestamp>
        <buyerID>14</buyerID>
        <sellerID>93</sellerID>
        <price>166</price>
      </transaction>
      <transaction>
        <timestamp>1333597252908</timestamp>
        <buyerID>74</buyerID>
        <sellerID>92</sellerID>
        <price>166</price>
      </transaction>
      <transaction>
        <timestamp>1333597252914</timestamp>
        <buyerID>73</buyerID>
        <sellerID>12</sellerID>
        <price>167</price>
      </transaction>
      <transaction>
        <timestamp>1333597253511</timestamp>
        <buyerID>97</buyerID>
        <sellerID>72</sellerID>
        <price>165</price>
      </transaction>
      <transaction>
        <timestamp>1333597253534</timestamp>
        <buyerID>95</buyerID>
        <sellerID>71</sellerID>
        <price>164</price>
      </transaction>
      <transaction>
        <timestamp>1333597253558</timestamp>
        <buyerID>97</buyerID>
        <sellerID>11</sellerID>
        <price>125</price>
      </transaction>
      <transaction>
        <timestamp>1333597253587</timestamp>
        <buyerID>13</buyerID>
        <sellerID>93</sellerID>
        <price>166</price>
      </transaction>
      <transaction>
        <timestamp>1333597253672</timestamp>
        <buyerID>95</buyerID>
        <sellerID>12</sellerID>
        <price>117</price>
      </transaction>
      <transaction>
        <timestamp>1333597254368</timestamp>
        <buyerID>13</buyerID>
        <sellerID>92</sellerID>
        <price>164</price>
      </transaction>
      <transaction>
        <timestamp>1333597255024</timestamp>
        <buyerID>13</buyerID>
        <sellerID>91</sellerID>
        <price>164</price>
      </transaction>
      <transaction>
        <timestamp>1333597255110</timestamp>
        <buyerID>14</buyerID>
        <sellerID>92</sellerID>
        <price>192</price>
      </transaction>
      <transaction>
        <timestamp>1333597255925</timestamp>
        <buyerID>95</buyerID>
        <sellerID>72</sellerID>
        <price>145</price>
      </transaction>
      <transaction>
        <timestamp>1333597256517</timestamp>
        <buyerID>13</buyerID>
        <sellerID>91</sellerID>
        <price>152</price>
      </transaction>
      <transaction>
        <timestamp>1333597256709</timestamp>
        <buyerID>98</buyerID>
        <sellerID>72</sellerID>
        <price>147</price>
      </transaction>
      <transaction>
        <timestamp>1333597257328</timestamp>
        <buyerID>73</buyerID>
        <sellerID>91</sellerID>
        <price>152</price>
      </transaction>
      <transaction>
        <timestamp>1333597258125</timestamp>
        <buyerID>74</buyerID>
        <sellerID>91</sellerID>
        <price>151</price>
      </transaction>
      <transaction>
        <timestamp>1333597258780</timestamp>
        <buyerID>98</buyerID>
        <sellerID>12</sellerID>
        <price>150</price>
      </transaction>
      <transaction>
        <timestamp>1333597258809</timestamp>
        <buyerID>13</buyerID>
        <sellerID>11</sellerID>
        <price>162</price>
      </transaction>
      <transaction>
        <timestamp>1333597260285</timestamp>
        <buyerID>98</buyerID>
        <sellerID>12</sellerID>
        <price>153</price>
      </transaction>
      <transaction>
        <timestamp>1333597261038</timestamp>
        <buyerID>98</buyerID>
        <sellerID>72</sellerID>
        <price>154</price>
      </transaction>
      <transaction>
        <timestamp>1333597261757</timestamp>
        <buyerID>74</buyerID>
        <sellerID>91</sellerID>
        <price>156</price>
      </transaction>
      <transaction>
        <timestamp>1333597262573</timestamp>
        <buyerID>73</buyerID>
        <sellerID>91</sellerID>
        <price>157</price>
      </transaction>
      <transaction>
        <timestamp>1333597264926</timestamp>
        <buyerID>96</buyerID>
        <sellerID>11</sellerID>
        <price>158</price>
      </transaction>
      <transaction>
        <timestamp>1333597268708</timestamp>
        <buyerID>96</buyerID>
        <sellerID>72</sellerID>
        <price>163</price>
      </transaction>
      <transaction>
        <timestamp>1333597273036</timestamp>
        <buyerID>96</buyerID>
        <sellerID>71</sellerID>
        <price>166</price>
      </transaction>
      <transaction>
        <timestamp>1333597290434</timestamp>
        <buyerID>73</buyerID>
        <sellerID>11</sellerID>
        <price>163</price>
      </transaction>
      <transaction>
        <timestamp>1333597361656</timestamp>
        <buyerID>96</buyerID>
        <sellerID>72</sellerID>
        <price>161</price>
      </transaction>
    </repetition>
    <repetition>
      <id>4</id>
      <transaction>
        <timestamp>1333597379702</timestamp>
        <buyerID>97</buyerID>
        <sellerID>91</sellerID>
        <price>193</price>
      </transaction>
      <transaction>
        <timestamp>1333597379781</timestamp>
        <buyerID>96</buyerID>
        <sellerID>93</sellerID>
        <price>137</price>
      </transaction>
      <transaction>
        <timestamp>1333597379807</timestamp>
        <buyerID>95</buyerID>
        <sellerID>92</sellerID>
        <price>137</price>
      </transaction>
      <transaction>
        <timestamp>1333597379816</timestamp>
        <buyerID>98</buyerID>
        <sellerID>12</sellerID>
        <price>129</price>
      </transaction>
      <transaction>
        <timestamp>1333597380312</timestamp>
        <buyerID>14</buyerID>
        <sellerID>12</sellerID>
        <price>105</price>
      </transaction>
      <transaction>
        <timestamp>1333597381065</timestamp>
        <buyerID>74</buyerID>
        <sellerID>11</sellerID>
        <price>98</price>
      </transaction>
      <transaction>
        <timestamp>1333597381867</timestamp>
        <buyerID>13</buyerID>
        <sellerID>91</sellerID>
        <price>176</price>
      </transaction>
      <transaction>
        <timestamp>1333597382628</timestamp>
        <buyerID>95</buyerID>
        <sellerID>12</sellerID>
        <price>113</price>
      </transaction>
      <transaction>
        <timestamp>1333597382634</timestamp>
        <buyerID>14</buyerID>
        <sellerID>93</sellerID>
        <price>136</price>
      </transaction>
      <transaction>
        <timestamp>1333597383389</timestamp>
        <buyerID>13</buyerID>
        <sellerID>91</sellerID>
        <price>135</price>
      </transaction>
      <transaction>
        <timestamp>1333597384776</timestamp>
        <buyerID>13</buyerID>
        <sellerID>12</sellerID>
        <price>202</price>
      </transaction>
      <transaction>
        <timestamp>1333597384892</timestamp>
        <buyerID>13</buyerID>
        <sellerID>11</sellerID>
        <price>180</price>
      </transaction>
      <transaction>
        <timestamp>1333597386327</timestamp>
        <buyerID>96</buyerID>
        <sellerID>72</sellerID>
        <price>172</price>
      </transaction>
      <transaction>
        <timestamp>1333597387046</timestamp>
        <buyerID>96</buyerID>
        <sellerID>71</sellerID>
        <price>173</price>
      </transaction>
      <transaction>
        <timestamp>1333597387128</timestamp>
        <buyerID>97</buyerID>
        <sellerID>72</sellerID>
        <price>173</price>
      </transaction>
      <transaction>
        <timestamp>1333597387145</timestamp>
        <buyerID>98</buyerID>
        <sellerID>11</sellerID>
        <price>172</price>
      </transaction>
      <transaction>
        <timestamp>1333597387755</timestamp>
        <buyerID>95</buyerID>
        <sellerID>71</sellerID>
        <price>172</price>
      </transaction>
      <transaction>
        <timestamp>1333597387769</timestamp>
        <buyerID>74</buyerID>
        <sellerID>72</sellerID>
        <price>172</price>
      </transaction>
      <transaction>
        <timestamp>1333597387777</timestamp>
        <buyerID>73</buyerID>
        <sellerID>91</sellerID>
        <price>173</price>
      </transaction>
      <transaction>
        <timestamp>1333597387928</timestamp>
        <buyerID>96</buyerID>
        <sellerID>92</sellerID>
        <price>172</price>
      </transaction>
      <transaction>
        <timestamp>1333597388511</timestamp>
        <buyerID>98</buyerID>
        <sellerID>71</sellerID>
        <price>171</price>
      </transaction>
      <transaction>
        <timestamp>1333597388573</timestamp>
        <buyerID>73</buyerID>
        <sellerID>94</sellerID>
        <price>172</price>
      </transaction>
      <transaction>
        <timestamp>1333597388616</timestamp>
        <buyerID>96</buyerID>
        <sellerID>91</sellerID>
        <price>173</price>
      </transaction>
      <transaction>
        <timestamp>1333597388643</timestamp>
        <buyerID>97</buyerID>
        <sellerID>91</sellerID>
        <price>173</price>
      </transaction>
      <transaction>
        <timestamp>1333597388649</timestamp>
        <buyerID>98</buyerID>
        <sellerID>72</sellerID>
        <price>171</price>
      </transaction>
      <transaction>
        <timestamp>1333597389303</timestamp>
        <buyerID>13</buyerID>
        <sellerID>12</sellerID>
        <price>169</price>
      </transaction>
      <transaction>
        <timestamp>1333597390043</timestamp>
        <buyerID>96</buyerID>
        <sellerID>72</sellerID>
        <price>157</price>
      </transaction>
      <transaction>
        <timestamp>1333597390124</timestamp>
        <buyerID>14</buyerID>
        <sellerID>92</sellerID>
        <price>165</price>
      </transaction>
      <transaction>
        <timestamp>1333597390923</timestamp>
        <buyerID>74</buyerID>
        <sellerID>92</sellerID>
        <price>165</price>
      </transaction>
      <transaction>
        <timestamp>1333597391638</timestamp>
        <buyerID>96</buyerID>
        <sellerID>11</sellerID>
        <price>161</price>
      </transaction>
      <transaction>
        <timestamp>1333597393003</timestamp>
        <buyerID>74</buyerID>
        <sellerID>12</sellerID>
        <price>165</price>
      </transaction>
      <transaction>
        <timestamp>1333597396013</timestamp>
        <buyerID>98</buyerID>
        <sellerID>11</sellerID>
        <price>165</price>
      </transaction>
      <transaction>
        <timestamp>1333597492015</timestamp>
        <buyerID>73</buyerID>
        <sellerID>11</sellerID>
        <price>189</price>
      </transaction>
      <transaction>
        <timestamp>1333597500390</timestamp>
        <buyerID>73</buyerID>
        <sellerID>11</sellerID>
        <price>177</price>
      </transaction>
    </repetition>
    <repetition>
      <id>5</id>
      <transaction>
        <timestamp>1333597507202</timestamp>
        <buyerID>95</buyerID>
        <sellerID>91</sellerID>
        <price>97</price>
      </transaction>
      <transaction>
        <timestamp>1333597507206</timestamp>
        <buyerID>97</buyerID>
        <sellerID>92</sellerID>
        <price>97</price>
      </transaction>
      <transaction>
        <timestamp>1333597507257</timestamp>
        <buyerID>14</buyerID>
        <sellerID>12</sellerID>
        <price>118</price>
      </transaction>
      <transaction>
        <timestamp>1333597507854</timestamp>
        <buyerID>13</buyerID>
        <sellerID>12</sellerID>
        <price>132</price>
      </transaction>
      <transaction>
        <timestamp>1333597508676</timestamp>
        <buyerID>13</buyerID>
        <sellerID>11</sellerID>
        <price>148</price>
      </transaction>
      <transaction>
        <timestamp>1333597509318</timestamp>
        <buyerID>95</buyerID>
        <sellerID>11</sellerID>
        <price>173</price>
      </transaction>
      <transaction>
        <timestamp>1333597509399</timestamp>
        <buyerID>74</buyerID>
        <sellerID>91</sellerID>
        <price>189</price>
      </transaction>
      <transaction>
        <timestamp>1333597509428</timestamp>
        <buyerID>73</buyerID>
        <sellerID>94</sellerID>
        <price>190</price>
      </transaction>
      <transaction>
        <timestamp>1333597510009</timestamp>
        <buyerID>98</buyerID>
        <sellerID>71</sellerID>
        <price>184</price>
      </transaction>
      <transaction>
        <timestamp>1333597510022</timestamp>
        <buyerID>73</buyerID>
        <sellerID>93</sellerID>
        <price>191</price>
      </transaction>
      <transaction>
        <timestamp>1333597510092</timestamp>
        <buyerID>13</buyerID>
        <sellerID>12</sellerID>
        <price>183</price>
      </transaction>
      <transaction>
        <timestamp>1333597510183</timestamp>
        <buyerID>96</buyerID>
        <sellerID>72</sellerID>
        <price>175</price>
      </transaction>
      <transaction>
        <timestamp>1333597510804</timestamp>
        <buyerID>14</buyerID>
        <sellerID>91</sellerID>
        <price>187</price>
      </transaction>
      <transaction>
        <timestamp>1333597510884</timestamp>
        <buyerID>98</buyerID>
        <sellerID>71</sellerID>
        <price>176</price>
      </transaction>
      <transaction>
        <timestamp>1333597510924</timestamp>
        <buyerID>97</buyerID>
        <sellerID>72</sellerID>
        <price>176</price>
      </transaction>
      <transaction>
        <timestamp>1333597511622</timestamp>
        <buyerID>96</buyerID>
        <sellerID>72</sellerID>
        <price>177</price>
      </transaction>
      <transaction>
        <timestamp>1333597511647</timestamp>
        <buyerID>98</buyerID>
        <sellerID>71</sellerID>
        <price>176</price>
      </transaction>
      <transaction>
        <timestamp>1333597512312</timestamp>
        <buyerID>97</buyerID>
        <sellerID>72</sellerID>
        <price>176</price>
      </transaction>
      <transaction>
        <timestamp>1333597512351</timestamp>
        <buyerID>14</buyerID>
        <sellerID>92</sellerID>
        <price>181</price>
      </transaction>
      <transaction>
        <timestamp>1333597512424</timestamp>
        <buyerID>98</buyerID>
        <sellerID>12</sellerID>
        <price>176</price>
      </transaction>
      <transaction>
        <timestamp>1333597512443</timestamp>
        <buyerID>13</buyerID>
        <sellerID>91</sellerID>
        <price>143</price>
      </transaction>
      <transaction>
        <timestamp>1333597513009</timestamp>
        <buyerID>96</buyerID>
        <sellerID>11</sellerID>
        <price>137</price>
      </transaction>
      <transaction>
        <timestamp>1333597513890</timestamp>
        <buyerID>13</buyerID>
        <sellerID>91</sellerID>
        <price>143</price>
      </transaction>
      <transaction>
        <timestamp>1333597515295</timestamp>
        <buyerID>13</buyerID>
        <sellerID>93</sellerID>
        <price>142</price>
      </transaction>
      <transaction>
        <timestamp>1333597516021</timestamp>
        <buyerID>95</buyerID>
        <sellerID>11</sellerID>
        <price>125</price>
      </transaction>
      <transaction>
        <timestamp>1333597519824</timestamp>
        <buyerID>73</buyerID>
        <sellerID>91</sellerID>
        <price>146</price>
      </transaction>
      <transaction>
        <timestamp>1333597523652</timestamp>
        <buyerID>98</buyerID>
        <sellerID>72</sellerID>
        <price>153</price>
      </transaction>
      <transaction>
        <timestamp>1333597523688</timestamp>
        <buyerID>73</buyerID>
        <sellerID>92</sellerID>
        <price>157</price>
      </transaction>
      <transaction>
        <timestamp>1333597525104</timestamp>
        <buyerID>74</buyerID>
        <sellerID>92</sellerID>
        <price>161</price>
      </transaction>
      <transaction>
        <timestamp>1333597528945</timestamp>
        <buyerID>96</buyerID>
        <sellerID>12</sellerID>
        <price>159</price>
      </transaction>
      <transaction>
        <timestamp>1333597532652</timestamp>
        <buyerID>96</buyerID>
        <sellerID>72</sellerID>
        <price>164</price>
      </transaction>
      <transaction>
        <timestamp>1333597543764</timestamp>
        <buyerID>96</buyerID>
        <sellerID>11</sellerID>
        <price>163</price>
      </transaction>
      <transaction>
        <timestamp>1333597545430</timestamp>
        <buyerID>74</buyerID>
        <sellerID>11</sellerID>
        <price>165</price>
      </transaction>
      <transaction>
        <timestamp>1333597557421</timestamp>
        <buyerID>74</buyerID>
        <sellerID>12</sellerID>
        <price>165</price>
      </transaction>
      <transaction>
        <timestamp>1333597616582</timestamp>
        <buyerID>96</buyerID>
        <sellerID>72</sellerID>
        <price>161</price>
      </transaction>
    </repetition>
  </transactions>
  <scores>
    <agent>
      <ID>71</ID>
      <userName>kaplan1</userName>
      <strategy>KAPLAN</strategy>
      <values>
        <value>91</value>
        <value>128</value>
        <value>139</value>
        <value>180</value>
        <value>211</value>
        <value>216</value>
        <value>218</value>
        <value>246</value>
        <value>251</value>
        <value>252</value>
      </values>
      <score>120.8</score>
    </agent>
    <agent>
      <ID>98</ID>
      <userName>gd8</userName>
      <strategy>GD</strategy>
      <values>
        <value>253</value>
        <value>244</value>
        <value>238</value>
        <value>180</value>
        <value>172</value>
        <value>153</value>
        <value>136</value>
        <value>136</value>
        <value>71</value>
        <value>70</value>
      </values>
      <score>274.4</score>
    </agent>
    <agent>
      <ID>96</ID>
      <userName>gd6</userName>
      <strategy>GD</strategy>
      <values>
        <value>224</value>
        <value>211</value>
        <value>200</value>
        <value>183</value>
        <value>180</value>
        <value>164</value>
        <value>164</value>
        <value>145</value>
        <value>137</value>
        <value>92</value>
      </values>
      <score>193.6</score>
    </agent>
    <agent>
      <ID>97</ID>
      <userName>gd7</userName>
      <strategy>GD</strategy>
      <values>
        <value>228</value>
        <value>180</value>
        <value>180</value>
        <value>120</value>
        <value>116</value>
        <value>115</value>
        <value>93</value>
        <value>93</value>
        <value>79</value>
        <value>71</value>
      </values>
      <score>109.2</score>
    </agent>
    <agent>
      <ID>11</ID>
      <userName>zi1</userName>
      <strategy>ZI</strategy>
      <values>
        <value>75</value>
        <value>83</value>
        <value>84</value>
        <value>123</value>
        <value>156</value>
        <value>162</value>
        <value>175</value>
        <value>177</value>
        <value>199</value>
        <value>241</value>
      </values>
      <score>268.0</score>
    </agent>
    <agent>
      <ID>72</ID>
      <userName>kaplan2</userName>
      <strategy>KAPLAN</strategy>
      <values>
        <value>62</value>
        <value>70</value>
        <value>93</value>
        <value>116</value>
        <value>140</value>
        <value>152</value>
        <value>155</value>
        <value>169</value>
        <value>189</value>
        <value>241</value>
      </values>
      <score>304.6</score>
    </agent>
    <agent>
      <ID>12</ID>
      <userName>zi2</userName>
      <strategy>ZI</strategy>
      <values>
        <value>69</value>
        <value>86</value>
        <value>92</value>
        <value>115</value>
        <value>123</value>
        <value>165</value>
        <value>220</value>
        <value>229</value>
        <value>229</value>
        <value>254</value>
      </values>
      <score>274.2</score>
    </agent>
    <agent>
      <ID>13</ID>
      <userName>zi3</userName>
      <strategy>ZI</strategy>
      <values>
        <value>236</value>
        <value>236</value>
        <value>222</value>
        <value>220</value>
        <value>192</value>
        <value>155</value>
        <value>125</value>
        <value>109</value>
        <value>72</value>
        <value>65</value>
      </values>
      <score>292.2</score>
    </agent>
    <agent>
      <ID>73</ID>
      <userName>kaplan3</userName>
      <strategy>KAPLAN</strategy>
      <values>
        <value>259</value>
        <value>219</value>
        <value>189</value>
        <value>178</value>
        <value>169</value>
        <value>144</value>
        <value>126</value>
        <value>123</value>
        <value>108</value>
        <value>86</value>
      </values>
      <score>164.2</score>
    </agent>
    <agent>
      <ID>14</ID>
      <userName>zi4</userName>
      <strategy>ZI</strategy>
      <values>
        <value>220</value>
        <value>218</value>
        <value>214</value>
        <value>147</value>
        <value>129</value>
        <value>107</value>
        <value>104</value>
        <value>93</value>
        <value>80</value>
        <value>65</value>
      </values>
      <score>196.6</score>
    </agent>
    <agent>
      <ID>74</ID>
      <userName>kaplan4</userName>
      <strategy>KAPLAN</strategy>
      <values>
        <value>246</value>
        <value>200</value>
        <value>184</value>
        <value>183</value>
        <value>155</value>
        <value>142</value>
        <value>138</value>
        <value>96</value>
        <value>85</value>
        <value>65</value>
      </values>
      <score>148.4</score>
    </agent>
    <agent>
      <ID>93</ID>
      <userName>gd3</userName>
      <strategy>GD</strategy>
      <values>
        <value>128</value>
        <value>133</value>
        <value>195</value>
        <value>207</value>
        <value>211</value>
        <value>224</value>
        <value>228</value>
        <value>233</value>
        <value>247</value>
        <value>248</value>
      </values>
      <score>53.2</score>
    </agent>
    <agent>
      <ID>92</ID>
      <userName>gd2</userName>
      <strategy>GD</strategy>
      <values>
        <value>96</value>
        <value>141</value>
        <value>149</value>
        <value>156</value>
        <value>170</value>
        <value>170</value>
        <value>205</value>
        <value>239</value>
        <value>252</value>
        <value>254</value>
      </values>
      <score>109.2</score>
    </agent>
    <agent>
      <ID>95</ID>
      <userName>gd5</userName>
      <strategy>GD</strategy>
      <values>
        <value>218</value>
        <value>196</value>
        <value>173</value>
        <value>152</value>
        <value>148</value>
        <value>99</value>
        <value>97</value>
        <value>81</value>
        <value>73</value>
        <value>61</value>
      </values>
      <score>169.6</score>
    </agent>
    <agent>
      <ID>94</ID>
      <userName>gd4</userName>
      <strategy>GD</strategy>
      <values>
        <value>171</value>
        <value>171</value>
        <value>185</value>
        <value>187</value>
        <value>192</value>
        <value>201</value>
        <value>202</value>
        <value>221</value>
        <value>232</value>
        <value>237</value>
      </values>
      <score>6.8</score>
    </agent>
    <agent>
      <ID>91</ID>
      <userName>gd1</userName>
      <strategy>GD</strategy>
      <values>
        <value>71</value>
        <value>98</value>
        <value>99</value>
        <value>137</value>
        <value>142</value>
        <value>144</value>
        <value>176</value>
        <value>210</value>
        <value>252</value>
        <value>259</value>
      </values>
      <score>265.4</score>
    </agent>
  </scores>
</results>

