<results>
  <transactions>
    <repetition>
      <id>1</id>
      <transaction>
        <timestamp>1333596648070</timestamp>
        <buyerID>114</buyerID>
        <sellerID>92</sellerID>
        <price>163</price>
      </transaction>
      <transaction>
        <timestamp>1333596648208</timestamp>
        <buyerID>93</buyerID>
        <sellerID>32</sellerID>
        <price>165</price>
      </transaction>
      <transaction>
        <timestamp>1333596648333</timestamp>
        <buyerID>113</buyerID>
        <sellerID>91</sellerID>
        <price>167</price>
      </transaction>
      <transaction>
        <timestamp>1333596648439</timestamp>
        <buyerID>33</buyerID>
        <sellerID>92</sellerID>
        <price>169</price>
      </transaction>
      <transaction>
        <timestamp>1333596648443</timestamp>
        <buyerID>114</buyerID>
        <sellerID>31</sellerID>
        <price>167</price>
      </transaction>
      <transaction>
        <timestamp>1333596649242</timestamp>
        <buyerID>34</buyerID>
        <sellerID>112</sellerID>
        <price>192</price>
      </transaction>
      <transaction>
        <timestamp>1333596649258</timestamp>
        <buyerID>33</buyerID>
        <sellerID>31</sellerID>
        <price>189</price>
      </transaction>
      <transaction>
        <timestamp>1333596649466</timestamp>
        <buyerID>93</buyerID>
        <sellerID>32</sellerID>
        <price>175</price>
      </transaction>
      <transaction>
        <timestamp>1333596649487</timestamp>
        <buyerID>94</buyerID>
        <sellerID>32</sellerID>
        <price>174</price>
      </transaction>
      <transaction>
        <timestamp>1333596649642</timestamp>
        <buyerID>34</buyerID>
        <sellerID>92</sellerID>
        <price>190</price>
      </transaction>
      <transaction>
        <timestamp>1333596650006</timestamp>
        <buyerID>34</buyerID>
        <sellerID>112</sellerID>
        <price>188</price>
      </transaction>
      <transaction>
        <timestamp>1333596650227</timestamp>
        <buyerID>93</buyerID>
        <sellerID>32</sellerID>
        <price>181</price>
      </transaction>
      <transaction>
        <timestamp>1333596650242</timestamp>
        <buyerID>33</buyerID>
        <sellerID>91</sellerID>
        <price>184</price>
      </transaction>
      <transaction>
        <timestamp>1333596650247</timestamp>
        <buyerID>94</buyerID>
        <sellerID>31</sellerID>
        <price>180</price>
      </transaction>
      <transaction>
        <timestamp>1333596650745</timestamp>
        <buyerID>34</buyerID>
        <sellerID>112</sellerID>
        <price>182</price>
      </transaction>
      <transaction>
        <timestamp>1333596650795</timestamp>
        <buyerID>33</buyerID>
        <sellerID>92</sellerID>
        <price>182</price>
      </transaction>
      <transaction>
        <timestamp>1333596650900</timestamp>
        <buyerID>113</buyerID>
        <sellerID>31</sellerID>
        <price>182</price>
      </transaction>
      <transaction>
        <timestamp>1333596650989</timestamp>
        <buyerID>114</buyerID>
        <sellerID>32</sellerID>
        <price>182</price>
      </transaction>
      <transaction>
        <timestamp>1333596650997</timestamp>
        <buyerID>93</buyerID>
        <sellerID>32</sellerID>
        <price>181</price>
      </transaction>
      <transaction>
        <timestamp>1333596651206</timestamp>
        <buyerID>34</buyerID>
        <sellerID>111</sellerID>
        <price>182</price>
      </transaction>
      <transaction>
        <timestamp>1333596651225</timestamp>
        <buyerID>114</buyerID>
        <sellerID>32</sellerID>
        <price>181</price>
      </transaction>
      <transaction>
        <timestamp>1333596651319</timestamp>
        <buyerID>94</buyerID>
        <sellerID>112</sellerID>
        <price>181</price>
      </transaction>
      <transaction>
        <timestamp>1333596651837</timestamp>
        <buyerID>33</buyerID>
        <sellerID>31</sellerID>
        <price>168</price>
      </transaction>
      <transaction>
        <timestamp>1333596652542</timestamp>
        <buyerID>34</buyerID>
        <sellerID>91</sellerID>
        <price>172</price>
      </transaction>
      <transaction>
        <timestamp>1333596653254</timestamp>
        <buyerID>93</buyerID>
        <sellerID>111</sellerID>
        <price>170</price>
      </transaction>
      <transaction>
        <timestamp>1333596653437</timestamp>
        <buyerID>113</buyerID>
        <sellerID>92</sellerID>
        <price>170</price>
      </transaction>
      <transaction>
        <timestamp>1333596653574</timestamp>
        <buyerID>114</buyerID>
        <sellerID>112</sellerID>
        <price>170</price>
      </transaction>
      <transaction>
        <timestamp>1333596654288</timestamp>
        <buyerID>114</buyerID>
        <sellerID>91</sellerID>
        <price>169</price>
      </transaction>
      <transaction>
        <timestamp>1333596655101</timestamp>
        <buyerID>114</buyerID>
        <sellerID>91</sellerID>
        <price>169</price>
      </transaction>
      <transaction>
        <timestamp>1333596656361</timestamp>
        <buyerID>113</buyerID>
        <sellerID>91</sellerID>
        <price>168</price>
      </transaction>
      <transaction>
        <timestamp>1333596756067</timestamp>
        <buyerID>73</buyerID>
        <sellerID>112</sellerID>
        <price>169</price>
      </transaction>
      <transaction>
        <timestamp>1333596756925</timestamp>
        <buyerID>73</buyerID>
        <sellerID>111</sellerID>
        <price>169</price>
      </transaction>
      <transaction>
        <timestamp>1333596757573</timestamp>
        <buyerID>73</buyerID>
        <sellerID>112</sellerID>
        <price>169</price>
      </transaction>
      <transaction>
        <timestamp>1333596758369</timestamp>
        <buyerID>73</buyerID>
        <sellerID>91</sellerID>
        <price>169</price>
      </transaction>
      <transaction>
        <timestamp>1333596758436</timestamp>
        <buyerID>93</buyerID>
        <sellerID>72</sellerID>
        <price>167</price>
      </transaction>
      <transaction>
        <timestamp>1333596759118</timestamp>
        <buyerID>34</buyerID>
        <sellerID>72</sellerID>
        <price>161</price>
      </transaction>
      <transaction>
        <timestamp>1333596759960</timestamp>
        <buyerID>33</buyerID>
        <sellerID>72</sellerID>
        <price>155</price>
      </transaction>
      <transaction>
        <timestamp>1333596760535</timestamp>
        <buyerID>34</buyerID>
        <sellerID>72</sellerID>
        <price>141</price>
      </transaction>
      <transaction>
        <timestamp>1333596761308</timestamp>
        <buyerID>114</buyerID>
        <sellerID>72</sellerID>
        <price>141</price>
      </transaction>
      <transaction>
        <timestamp>1333596761441</timestamp>
        <buyerID>74</buyerID>
        <sellerID>91</sellerID>
        <price>166</price>
      </transaction>
      <transaction>
        <timestamp>1333596762086</timestamp>
        <buyerID>74</buyerID>
        <sellerID>32</sellerID>
        <price>186</price>
      </transaction>
      <transaction>
        <timestamp>1333596762115</timestamp>
        <buyerID>94</buyerID>
        <sellerID>71</sellerID>
        <price>142</price>
      </transaction>
      <transaction>
        <timestamp>1333596762820</timestamp>
        <buyerID>74</buyerID>
        <sellerID>32</sellerID>
        <price>207</price>
      </transaction>
      <transaction>
        <timestamp>1333596762914</timestamp>
        <buyerID>94</buyerID>
        <sellerID>71</sellerID>
        <price>142</price>
      </transaction>
      <transaction>
        <timestamp>1333596763545</timestamp>
        <buyerID>74</buyerID>
        <sellerID>111</sellerID>
        <price>206</price>
      </transaction>
      <transaction>
        <timestamp>1333596763693</timestamp>
        <buyerID>93</buyerID>
        <sellerID>71</sellerID>
        <price>142</price>
      </transaction>
      <transaction>
        <timestamp>1333596764341</timestamp>
        <buyerID>74</buyerID>
        <sellerID>91</sellerID>
        <price>203</price>
      </transaction>
      <transaction>
        <timestamp>1333596764429</timestamp>
        <buyerID>33</buyerID>
        <sellerID>71</sellerID>
        <price>141</price>
      </transaction>
      <transaction>
        <timestamp>1333596765069</timestamp>
        <buyerID>113</buyerID>
        <sellerID>71</sellerID>
        <price>139</price>
      </transaction>
      <transaction>
        <timestamp>1333596765771</timestamp>
        <buyerID>34</buyerID>
        <sellerID>71</sellerID>
        <price>133</price>
      </transaction>
      <transaction>
        <timestamp>1333596766628</timestamp>
        <buyerID>94</buyerID>
        <sellerID>71</sellerID>
        <price>134</price>
      </transaction>
    </repetition>
    <repetition>
      <id>2</id>
      <transaction>
        <timestamp>1333596774375</timestamp>
        <buyerID>93</buyerID>
        <sellerID>112</sellerID>
        <price>132</price>
      </transaction>
      <transaction>
        <timestamp>1333596774510</timestamp>
        <buyerID>34</buyerID>
        <sellerID>111</sellerID>
        <price>192</price>
      </transaction>
      <transaction>
        <timestamp>1333596774646</timestamp>
        <buyerID>114</buyerID>
        <sellerID>31</sellerID>
        <price>82</price>
      </transaction>
      <transaction>
        <timestamp>1333596774807</timestamp>
        <buyerID>33</buyerID>
        <sellerID>32</sellerID>
        <price>171</price>
      </transaction>
      <transaction>
        <timestamp>1333596774828</timestamp>
        <buyerID>33</buyerID>
        <sellerID>32</sellerID>
        <price>140</price>
      </transaction>
      <transaction>
        <timestamp>1333596774951</timestamp>
        <buyerID>34</buyerID>
        <sellerID>111</sellerID>
        <price>190</price>
      </transaction>
      <transaction>
        <timestamp>1333596775641</timestamp>
        <buyerID>33</buyerID>
        <sellerID>91</sellerID>
        <price>179</price>
      </transaction>
      <transaction>
        <timestamp>1333596775645</timestamp>
        <buyerID>93</buyerID>
        <sellerID>32</sellerID>
        <price>141</price>
      </transaction>
      <transaction>
        <timestamp>1333596775677</timestamp>
        <buyerID>114</buyerID>
        <sellerID>31</sellerID>
        <price>140</price>
      </transaction>
      <transaction>
        <timestamp>1333596776547</timestamp>
        <buyerID>33</buyerID>
        <sellerID>91</sellerID>
        <price>175</price>
      </transaction>
      <transaction>
        <timestamp>1333596776558</timestamp>
        <buyerID>94</buyerID>
        <sellerID>72</sellerID>
        <price>166</price>
      </transaction>
      <transaction>
        <timestamp>1333596776776</timestamp>
        <buyerID>34</buyerID>
        <sellerID>92</sellerID>
        <price>175</price>
      </transaction>
      <transaction>
        <timestamp>1333596776788</timestamp>
        <buyerID>114</buyerID>
        <sellerID>31</sellerID>
        <price>168</price>
      </transaction>
      <transaction>
        <timestamp>1333596777008</timestamp>
        <buyerID>34</buyerID>
        <sellerID>92</sellerID>
        <price>168</price>
      </transaction>
      <transaction>
        <timestamp>1333596777019</timestamp>
        <buyerID>74</buyerID>
        <sellerID>32</sellerID>
        <price>169</price>
      </transaction>
      <transaction>
        <timestamp>1333596777140</timestamp>
        <buyerID>94</buyerID>
        <sellerID>72</sellerID>
        <price>169</price>
      </transaction>
      <transaction>
        <timestamp>1333596777211</timestamp>
        <buyerID>114</buyerID>
        <sellerID>32</sellerID>
        <price>169</price>
      </transaction>
      <transaction>
        <timestamp>1333596777566</timestamp>
        <buyerID>73</buyerID>
        <sellerID>112</sellerID>
        <price>174</price>
      </transaction>
      <transaction>
        <timestamp>1333596777577</timestamp>
        <buyerID>93</buyerID>
        <sellerID>31</sellerID>
        <price>170</price>
      </transaction>
      <transaction>
        <timestamp>1333596777592</timestamp>
        <buyerID>113</buyerID>
        <sellerID>91</sellerID>
        <price>169</price>
      </transaction>
      <transaction>
        <timestamp>1333596777782</timestamp>
        <buyerID>34</buyerID>
        <sellerID>71</sellerID>
        <price>170</price>
      </transaction>
      <transaction>
        <timestamp>1333596777888</timestamp>
        <buyerID>73</buyerID>
        <sellerID>112</sellerID>
        <price>174</price>
      </transaction>
      <transaction>
        <timestamp>1333596777893</timestamp>
        <buyerID>33</buyerID>
        <sellerID>31</sellerID>
        <price>168</price>
      </transaction>
      <transaction>
        <timestamp>1333596778760</timestamp>
        <buyerID>114</buyerID>
        <sellerID>32</sellerID>
        <price>152</price>
      </transaction>
      <transaction>
        <timestamp>1333596778861</timestamp>
        <buyerID>34</buyerID>
        <sellerID>72</sellerID>
        <price>164</price>
      </transaction>
      <transaction>
        <timestamp>1333596779286</timestamp>
        <buyerID>73</buyerID>
        <sellerID>92</sellerID>
        <price>163</price>
      </transaction>
      <transaction>
        <timestamp>1333596779605</timestamp>
        <buyerID>34</buyerID>
        <sellerID>72</sellerID>
        <price>158</price>
      </transaction>
      <transaction>
        <timestamp>1333596779712</timestamp>
        <buyerID>94</buyerID>
        <sellerID>71</sellerID>
        <price>157</price>
      </transaction>
      <transaction>
        <timestamp>1333596779719</timestamp>
        <buyerID>114</buyerID>
        <sellerID>32</sellerID>
        <price>156</price>
      </transaction>
      <transaction>
        <timestamp>1333596779734</timestamp>
        <buyerID>74</buyerID>
        <sellerID>92</sellerID>
        <price>161</price>
      </transaction>
      <transaction>
        <timestamp>1333596780022</timestamp>
        <buyerID>93</buyerID>
        <sellerID>71</sellerID>
        <price>156</price>
      </transaction>
      <transaction>
        <timestamp>1333596780077</timestamp>
        <buyerID>73</buyerID>
        <sellerID>91</sellerID>
        <price>162</price>
      </transaction>
      <transaction>
        <timestamp>1333596780426</timestamp>
        <buyerID>113</buyerID>
        <sellerID>72</sellerID>
        <price>157</price>
      </transaction>
      <transaction>
        <timestamp>1333596780441</timestamp>
        <buyerID>74</buyerID>
        <sellerID>111</sellerID>
        <price>159</price>
      </transaction>
      <transaction>
        <timestamp>1333596780897</timestamp>
        <buyerID>94</buyerID>
        <sellerID>71</sellerID>
        <price>157</price>
      </transaction>
      <transaction>
        <timestamp>1333596781054</timestamp>
        <buyerID>93</buyerID>
        <sellerID>92</sellerID>
        <price>158</price>
      </transaction>
      <transaction>
        <timestamp>1333596781070</timestamp>
        <buyerID>74</buyerID>
        <sellerID>91</sellerID>
        <price>158</price>
      </transaction>
      <transaction>
        <timestamp>1333596781524</timestamp>
        <buyerID>114</buyerID>
        <sellerID>71</sellerID>
        <price>157</price>
      </transaction>
      <transaction>
        <timestamp>1333596781652</timestamp>
        <buyerID>113</buyerID>
        <sellerID>91</sellerID>
        <price>157</price>
      </transaction>
      <transaction>
        <timestamp>1333596781725</timestamp>
        <buyerID>74</buyerID>
        <sellerID>112</sellerID>
        <price>158</price>
      </transaction>
      <transaction>
        <timestamp>1333596783338</timestamp>
        <buyerID>74</buyerID>
        <sellerID>112</sellerID>
        <price>161</price>
      </transaction>
      <transaction>
        <timestamp>1333596783361</timestamp>
        <buyerID>93</buyerID>
        <sellerID>71</sellerID>
        <price>159</price>
      </transaction>
      <transaction>
        <timestamp>1333596783898</timestamp>
        <buyerID>113</buyerID>
        <sellerID>71</sellerID>
        <price>159</price>
      </transaction>
    </repetition>
    <repetition>
      <id>3</id>
      <transaction>
        <timestamp>1333596901839</timestamp>
        <buyerID>34</buyerID>
        <sellerID>92</sellerID>
        <price>196</price>
      </transaction>
      <transaction>
        <timestamp>1333596901972</timestamp>
        <buyerID>114</buyerID>
        <sellerID>112</sellerID>
        <price>193</price>
      </transaction>
      <transaction>
        <timestamp>1333596902121</timestamp>
        <buyerID>93</buyerID>
        <sellerID>31</sellerID>
        <price>159</price>
      </transaction>
      <transaction>
        <timestamp>1333596902270</timestamp>
        <buyerID>33</buyerID>
        <sellerID>32</sellerID>
        <price>158</price>
      </transaction>
      <transaction>
        <timestamp>1333596902792</timestamp>
        <buyerID>114</buyerID>
        <sellerID>31</sellerID>
        <price>179</price>
      </transaction>
      <transaction>
        <timestamp>1333596902798</timestamp>
        <buyerID>73</buyerID>
        <sellerID>111</sellerID>
        <price>187</price>
      </transaction>
      <transaction>
        <timestamp>1333596902808</timestamp>
        <buyerID>33</buyerID>
        <sellerID>92</sellerID>
        <price>188</price>
      </transaction>
      <transaction>
        <timestamp>1333596902835</timestamp>
        <buyerID>94</buyerID>
        <sellerID>32</sellerID>
        <price>179</price>
      </transaction>
      <transaction>
        <timestamp>1333596903442</timestamp>
        <buyerID>73</buyerID>
        <sellerID>112</sellerID>
        <price>187</price>
      </transaction>
      <transaction>
        <timestamp>1333596903446</timestamp>
        <buyerID>33</buyerID>
        <sellerID>111</sellerID>
        <price>188</price>
      </transaction>
      <transaction>
        <timestamp>1333596903540</timestamp>
        <buyerID>74</buyerID>
        <sellerID>32</sellerID>
        <price>188</price>
      </transaction>
      <transaction>
        <timestamp>1333596903549</timestamp>
        <buyerID>114</buyerID>
        <sellerID>91</sellerID>
        <price>188</price>
      </transaction>
      <transaction>
        <timestamp>1333596903565</timestamp>
        <buyerID>93</buyerID>
        <sellerID>31</sellerID>
        <price>181</price>
      </transaction>
      <transaction>
        <timestamp>1333596903573</timestamp>
        <buyerID>34</buyerID>
        <sellerID>71</sellerID>
        <price>181</price>
      </transaction>
      <transaction>
        <timestamp>1333596903581</timestamp>
        <buyerID>113</buyerID>
        <sellerID>72</sellerID>
        <price>180</price>
      </transaction>
      <transaction>
        <timestamp>1333596903761</timestamp>
        <buyerID>94</buyerID>
        <sellerID>72</sellerID>
        <price>179</price>
      </transaction>
      <transaction>
        <timestamp>1333596903973</timestamp>
        <buyerID>94</buyerID>
        <sellerID>32</sellerID>
        <price>136</price>
      </transaction>
      <transaction>
        <timestamp>1333596904179</timestamp>
        <buyerID>33</buyerID>
        <sellerID>31</sellerID>
        <price>149</price>
      </transaction>
      <transaction>
        <timestamp>1333596904615</timestamp>
        <buyerID>113</buyerID>
        <sellerID>31</sellerID>
        <price>148</price>
      </transaction>
      <transaction>
        <timestamp>1333596905453</timestamp>
        <buyerID>34</buyerID>
        <sellerID>32</sellerID>
        <price>169</price>
      </transaction>
      <transaction>
        <timestamp>1333596906094</timestamp>
        <buyerID>74</buyerID>
        <sellerID>111</sellerID>
        <price>170</price>
      </transaction>
      <transaction>
        <timestamp>1333596906104</timestamp>
        <buyerID>93</buyerID>
        <sellerID>72</sellerID>
        <price>165</price>
      </transaction>
      <transaction>
        <timestamp>1333596906277</timestamp>
        <buyerID>114</buyerID>
        <sellerID>92</sellerID>
        <price>170</price>
      </transaction>
      <transaction>
        <timestamp>1333596906288</timestamp>
        <buyerID>34</buyerID>
        <sellerID>91</sellerID>
        <price>171</price>
      </transaction>
      <transaction>
        <timestamp>1333596906392</timestamp>
        <buyerID>73</buyerID>
        <sellerID>32</sellerID>
        <price>170</price>
      </transaction>
      <transaction>
        <timestamp>1333596906408</timestamp>
        <buyerID>93</buyerID>
        <sellerID>71</sellerID>
        <price>169</price>
      </transaction>
      <transaction>
        <timestamp>1333596906894</timestamp>
        <buyerID>114</buyerID>
        <sellerID>91</sellerID>
        <price>169</price>
      </transaction>
      <transaction>
        <timestamp>1333596906952</timestamp>
        <buyerID>113</buyerID>
        <sellerID>71</sellerID>
        <price>169</price>
      </transaction>
      <transaction>
        <timestamp>1333596906960</timestamp>
        <buyerID>93</buyerID>
        <sellerID>32</sellerID>
        <price>169</price>
      </transaction>
      <transaction>
        <timestamp>1333596906967</timestamp>
        <buyerID>73</buyerID>
        <sellerID>111</sellerID>
        <price>170</price>
      </transaction>
      <transaction>
        <timestamp>1333596907090</timestamp>
        <buyerID>74</buyerID>
        <sellerID>112</sellerID>
        <price>169</price>
      </transaction>
      <transaction>
        <timestamp>1333596907097</timestamp>
        <buyerID>33</buyerID>
        <sellerID>72</sellerID>
        <price>168</price>
      </transaction>
      <transaction>
        <timestamp>1333596907623</timestamp>
        <buyerID>93</buyerID>
        <sellerID>71</sellerID>
        <price>166</price>
      </transaction>
      <transaction>
        <timestamp>1333596907651</timestamp>
        <buyerID>34</buyerID>
        <sellerID>72</sellerID>
        <price>165</price>
      </transaction>
      <transaction>
        <timestamp>1333596907662</timestamp>
        <buyerID>34</buyerID>
        <sellerID>91</sellerID>
        <price>166</price>
      </transaction>
      <transaction>
        <timestamp>1333596909208</timestamp>
        <buyerID>74</buyerID>
        <sellerID>92</sellerID>
        <price>162</price>
      </transaction>
      <transaction>
        <timestamp>1333596909264</timestamp>
        <buyerID>114</buyerID>
        <sellerID>112</sellerID>
        <price>162</price>
      </transaction>
      <transaction>
        <timestamp>1333596909268</timestamp>
        <buyerID>34</buyerID>
        <sellerID>71</sellerID>
        <price>161</price>
      </transaction>
      <transaction>
        <timestamp>1333596909873</timestamp>
        <buyerID>113</buyerID>
        <sellerID>71</sellerID>
        <price>161</price>
      </transaction>
      <transaction>
        <timestamp>1333596909926</timestamp>
        <buyerID>114</buyerID>
        <sellerID>92</sellerID>
        <price>161</price>
      </transaction>
      <transaction>
        <timestamp>1333596910010</timestamp>
        <buyerID>74</buyerID>
        <sellerID>91</sellerID>
        <price>162</price>
      </transaction>
      <transaction>
        <timestamp>1333596910679</timestamp>
        <buyerID>33</buyerID>
        <sellerID>71</sellerID>
        <price>155</price>
      </transaction>
      <transaction>
        <timestamp>1333596910710</timestamp>
        <buyerID>74</buyerID>
        <sellerID>112</sellerID>
        <price>161</price>
      </transaction>
      <transaction>
        <timestamp>1333596913537</timestamp>
        <buyerID>94</buyerID>
        <sellerID>91</sellerID>
        <price>158</price>
      </transaction>
    </repetition>
    <repetition>
      <id>4</id>
      <transaction>
        <timestamp>1333597029187</timestamp>
        <buyerID>94</buyerID>
        <sellerID>91</sellerID>
        <price>135</price>
      </transaction>
      <transaction>
        <timestamp>1333597029204</timestamp>
        <buyerID>93</buyerID>
        <sellerID>32</sellerID>
        <price>136</price>
      </transaction>
      <transaction>
        <timestamp>1333597029467</timestamp>
        <buyerID>114</buyerID>
        <sellerID>31</sellerID>
        <price>136</price>
      </transaction>
      <transaction>
        <timestamp>1333597029470</timestamp>
        <buyerID>33</buyerID>
        <sellerID>111</sellerID>
        <price>147</price>
      </transaction>
      <transaction>
        <timestamp>1333597030008</timestamp>
        <buyerID>113</buyerID>
        <sellerID>32</sellerID>
        <price>165</price>
      </transaction>
      <transaction>
        <timestamp>1333597030222</timestamp>
        <buyerID>113</buyerID>
        <sellerID>111</sellerID>
        <price>165</price>
      </transaction>
      <transaction>
        <timestamp>1333597030234</timestamp>
        <buyerID>33</buyerID>
        <sellerID>112</sellerID>
        <price>166</price>
      </transaction>
      <transaction>
        <timestamp>1333597030247</timestamp>
        <buyerID>94</buyerID>
        <sellerID>92</sellerID>
        <price>166</price>
      </transaction>
      <transaction>
        <timestamp>1333597030367</timestamp>
        <buyerID>114</buyerID>
        <sellerID>91</sellerID>
        <price>166</price>
      </transaction>
      <transaction>
        <timestamp>1333597030371</timestamp>
        <buyerID>93</buyerID>
        <sellerID>31</sellerID>
        <price>165</price>
      </transaction>
      <transaction>
        <timestamp>1333597030599</timestamp>
        <buyerID>34</buyerID>
        <sellerID>31</sellerID>
        <price>172</price>
      </transaction>
      <transaction>
        <timestamp>1333597031024</timestamp>
        <buyerID>73</buyerID>
        <sellerID>111</sellerID>
        <price>195</price>
      </transaction>
      <transaction>
        <timestamp>1333597031045</timestamp>
        <buyerID>93</buyerID>
        <sellerID>32</sellerID>
        <price>185</price>
      </transaction>
      <transaction>
        <timestamp>1333597031257</timestamp>
        <buyerID>34</buyerID>
        <sellerID>91</sellerID>
        <price>194</price>
      </transaction>
      <transaction>
        <timestamp>1333597031364</timestamp>
        <buyerID>73</buyerID>
        <sellerID>92</sellerID>
        <price>193</price>
      </transaction>
      <transaction>
        <timestamp>1333597031457</timestamp>
        <buyerID>94</buyerID>
        <sellerID>72</sellerID>
        <price>186</price>
      </transaction>
      <transaction>
        <timestamp>1333597031467</timestamp>
        <buyerID>113</buyerID>
        <sellerID>71</sellerID>
        <price>186</price>
      </transaction>
      <transaction>
        <timestamp>1333597031474</timestamp>
        <buyerID>33</buyerID>
        <sellerID>32</sellerID>
        <price>189</price>
      </transaction>
      <transaction>
        <timestamp>1333597031588</timestamp>
        <buyerID>93</buyerID>
        <sellerID>31</sellerID>
        <price>185</price>
      </transaction>
      <transaction>
        <timestamp>1333597032067</timestamp>
        <buyerID>114</buyerID>
        <sellerID>72</sellerID>
        <price>185</price>
      </transaction>
      <transaction>
        <timestamp>1333597032076</timestamp>
        <buyerID>34</buyerID>
        <sellerID>32</sellerID>
        <price>187</price>
      </transaction>
      <transaction>
        <timestamp>1333597032131</timestamp>
        <buyerID>113</buyerID>
        <sellerID>31</sellerID>
        <price>167</price>
      </transaction>
      <transaction>
        <timestamp>1333597032405</timestamp>
        <buyerID>73</buyerID>
        <sellerID>92</sellerID>
        <price>184</price>
      </transaction>
      <transaction>
        <timestamp>1333597032418</timestamp>
        <buyerID>33</buyerID>
        <sellerID>71</sellerID>
        <price>182</price>
      </transaction>
      <transaction>
        <timestamp>1333597032909</timestamp>
        <buyerID>34</buyerID>
        <sellerID>112</sellerID>
        <price>184</price>
      </transaction>
      <transaction>
        <timestamp>1333597033049</timestamp>
        <buyerID>33</buyerID>
        <sellerID>32</sellerID>
        <price>163</price>
      </transaction>
      <transaction>
        <timestamp>1333597034264</timestamp>
        <buyerID>93</buyerID>
        <sellerID>72</sellerID>
        <price>158</price>
      </transaction>
      <transaction>
        <timestamp>1333597034318</timestamp>
        <buyerID>34</buyerID>
        <sellerID>91</sellerID>
        <price>161</price>
      </transaction>
      <transaction>
        <timestamp>1333597034327</timestamp>
        <buyerID>74</buyerID>
        <sellerID>32</sellerID>
        <price>162</price>
      </transaction>
      <transaction>
        <timestamp>1333597034602</timestamp>
        <buyerID>73</buyerID>
        <sellerID>112</sellerID>
        <price>162</price>
      </transaction>
      <transaction>
        <timestamp>1333597035017</timestamp>
        <buyerID>74</buyerID>
        <sellerID>92</sellerID>
        <price>163</price>
      </transaction>
      <transaction>
        <timestamp>1333597035023</timestamp>
        <buyerID>114</buyerID>
        <sellerID>72</sellerID>
        <price>160</price>
      </transaction>
      <transaction>
        <timestamp>1333597035050</timestamp>
        <buyerID>93</buyerID>
        <sellerID>71</sellerID>
        <price>159</price>
      </transaction>
      <transaction>
        <timestamp>1333597035263</timestamp>
        <buyerID>34</buyerID>
        <sellerID>92</sellerID>
        <price>161</price>
      </transaction>
      <transaction>
        <timestamp>1333597035759</timestamp>
        <buyerID>74</buyerID>
        <sellerID>112</sellerID>
        <price>162</price>
      </transaction>
      <transaction>
        <timestamp>1333597035865</timestamp>
        <buyerID>114</buyerID>
        <sellerID>72</sellerID>
        <price>160</price>
      </transaction>
      <transaction>
        <timestamp>1333597035944</timestamp>
        <buyerID>34</buyerID>
        <sellerID>71</sellerID>
        <price>160</price>
      </transaction>
      <transaction>
        <timestamp>1333597036539</timestamp>
        <buyerID>94</buyerID>
        <sellerID>71</sellerID>
        <price>160</price>
      </transaction>
      <transaction>
        <timestamp>1333597036629</timestamp>
        <buyerID>114</buyerID>
        <sellerID>112</sellerID>
        <price>160</price>
      </transaction>
      <transaction>
        <timestamp>1333597036651</timestamp>
        <buyerID>74</buyerID>
        <sellerID>91</sellerID>
        <price>162</price>
      </transaction>
      <transaction>
        <timestamp>1333597036728</timestamp>
        <buyerID>114</buyerID>
        <sellerID>91</sellerID>
        <price>160</price>
      </transaction>
      <transaction>
        <timestamp>1333597037312</timestamp>
        <buyerID>74</buyerID>
        <sellerID>91</sellerID>
        <price>161</price>
      </transaction>
      <transaction>
        <timestamp>1333597040279</timestamp>
        <buyerID>74</buyerID>
        <sellerID>91</sellerID>
        <price>161</price>
      </transaction>
      <transaction>
        <timestamp>1333597144593</timestamp>
        <buyerID>33</buyerID>
        <sellerID>71</sellerID>
        <price>155</price>
      </transaction>
      <transaction>
        <timestamp>1333597145333</timestamp>
        <buyerID>93</buyerID>
        <sellerID>71</sellerID>
        <price>144</price>
      </transaction>
    </repetition>
    <repetition>
      <id>5</id>
      <transaction>
        <timestamp>1333597156826</timestamp>
        <buyerID>33</buyerID>
        <sellerID>111</sellerID>
        <price>134</price>
      </transaction>
      <transaction>
        <timestamp>1333597156852</timestamp>
        <buyerID>34</buyerID>
        <sellerID>31</sellerID>
        <price>230</price>
      </transaction>
      <transaction>
        <timestamp>1333597157199</timestamp>
        <buyerID>93</buyerID>
        <sellerID>32</sellerID>
        <price>137</price>
      </transaction>
      <transaction>
        <timestamp>1333597157342</timestamp>
        <buyerID>114</buyerID>
        <sellerID>32</sellerID>
        <price>137</price>
      </transaction>
      <transaction>
        <timestamp>1333597157526</timestamp>
        <buyerID>34</buyerID>
        <sellerID>111</sellerID>
        <price>188</price>
      </transaction>
      <transaction>
        <timestamp>1333597158031</timestamp>
        <buyerID>113</buyerID>
        <sellerID>31</sellerID>
        <price>166</price>
      </transaction>
      <transaction>
        <timestamp>1333597158463</timestamp>
        <buyerID>34</buyerID>
        <sellerID>112</sellerID>
        <price>185</price>
      </transaction>
      <transaction>
        <timestamp>1333597158470</timestamp>
        <buyerID>113</buyerID>
        <sellerID>32</sellerID>
        <price>166</price>
      </transaction>
      <transaction>
        <timestamp>1333597158759</timestamp>
        <buyerID>33</buyerID>
        <sellerID>71</sellerID>
        <price>178</price>
      </transaction>
      <transaction>
        <timestamp>1333597158985</timestamp>
        <buyerID>94</buyerID>
        <sellerID>31</sellerID>
        <price>170</price>
      </transaction>
      <transaction>
        <timestamp>1333597158996</timestamp>
        <buyerID>33</buyerID>
        <sellerID>112</sellerID>
        <price>183</price>
      </transaction>
      <transaction>
        <timestamp>1333597159084</timestamp>
        <buyerID>34</buyerID>
        <sellerID>111</sellerID>
        <price>183</price>
      </transaction>
      <transaction>
        <timestamp>1333597159099</timestamp>
        <buyerID>114</buyerID>
        <sellerID>32</sellerID>
        <price>169</price>
      </transaction>
      <transaction>
        <timestamp>1333597159688</timestamp>
        <buyerID>114</buyerID>
        <sellerID>32</sellerID>
        <price>170</price>
      </transaction>
      <transaction>
        <timestamp>1333597159770</timestamp>
        <buyerID>33</buyerID>
        <sellerID>112</sellerID>
        <price>181</price>
      </transaction>
      <transaction>
        <timestamp>1333597159779</timestamp>
        <buyerID>34</buyerID>
        <sellerID>31</sellerID>
        <price>180</price>
      </transaction>
      <transaction>
        <timestamp>1333597159835</timestamp>
        <buyerID>94</buyerID>
        <sellerID>72</sellerID>
        <price>171</price>
      </transaction>
      <transaction>
        <timestamp>1333597160317</timestamp>
        <buyerID>73</buyerID>
        <sellerID>91</sellerID>
        <price>180</price>
      </transaction>
      <transaction>
        <timestamp>1333597160438</timestamp>
        <buyerID>34</buyerID>
        <sellerID>31</sellerID>
        <price>172</price>
      </transaction>
      <transaction>
        <timestamp>1333597160448</timestamp>
        <buyerID>113</buyerID>
        <sellerID>32</sellerID>
        <price>172</price>
      </transaction>
      <transaction>
        <timestamp>1333597160470</timestamp>
        <buyerID>93</buyerID>
        <sellerID>72</sellerID>
        <price>171</price>
      </transaction>
      <transaction>
        <timestamp>1333597161208</timestamp>
        <buyerID>94</buyerID>
        <sellerID>32</sellerID>
        <price>171</price>
      </transaction>
      <transaction>
        <timestamp>1333597161213</timestamp>
        <buyerID>114</buyerID>
        <sellerID>71</sellerID>
        <price>171</price>
      </transaction>
      <transaction>
        <timestamp>1333597161296</timestamp>
        <buyerID>114</buyerID>
        <sellerID>72</sellerID>
        <price>171</price>
      </transaction>
      <transaction>
        <timestamp>1333597161315</timestamp>
        <buyerID>74</buyerID>
        <sellerID>91</sellerID>
        <price>175</price>
      </transaction>
      <transaction>
        <timestamp>1333597161329</timestamp>
        <buyerID>73</buyerID>
        <sellerID>92</sellerID>
        <price>176</price>
      </transaction>
      <transaction>
        <timestamp>1333597161858</timestamp>
        <buyerID>73</buyerID>
        <sellerID>92</sellerID>
        <price>176</price>
      </transaction>
      <transaction>
        <timestamp>1333597162005</timestamp>
        <buyerID>93</buyerID>
        <sellerID>72</sellerID>
        <price>168</price>
      </transaction>
      <transaction>
        <timestamp>1333597162563</timestamp>
        <buyerID>33</buyerID>
        <sellerID>71</sellerID>
        <price>168</price>
      </transaction>
      <transaction>
        <timestamp>1333597162586</timestamp>
        <buyerID>73</buyerID>
        <sellerID>91</sellerID>
        <price>172</price>
      </transaction>
      <transaction>
        <timestamp>1333597162651</timestamp>
        <buyerID>93</buyerID>
        <sellerID>72</sellerID>
        <price>168</price>
      </transaction>
      <transaction>
        <timestamp>1333597162717</timestamp>
        <buyerID>74</buyerID>
        <sellerID>92</sellerID>
        <price>173</price>
      </transaction>
      <transaction>
        <timestamp>1333597163260</timestamp>
        <buyerID>114</buyerID>
        <sellerID>71</sellerID>
        <price>168</price>
      </transaction>
      <transaction>
        <timestamp>1333597163332</timestamp>
        <buyerID>113</buyerID>
        <sellerID>91</sellerID>
        <price>167</price>
      </transaction>
      <transaction>
        <timestamp>1333597163481</timestamp>
        <buyerID>74</buyerID>
        <sellerID>112</sellerID>
        <price>167</price>
      </transaction>
      <transaction>
        <timestamp>1333597164081</timestamp>
        <buyerID>93</buyerID>
        <sellerID>71</sellerID>
        <price>166</price>
      </transaction>
      <transaction>
        <timestamp>1333597164128</timestamp>
        <buyerID>93</buyerID>
        <sellerID>92</sellerID>
        <price>165</price>
      </transaction>
      <transaction>
        <timestamp>1333597164278</timestamp>
        <buyerID>74</buyerID>
        <sellerID>91</sellerID>
        <price>166</price>
      </transaction>
      <transaction>
        <timestamp>1333597164862</timestamp>
        <buyerID>74</buyerID>
        <sellerID>92</sellerID>
        <price>165</price>
      </transaction>
      <transaction>
        <timestamp>1333597164866</timestamp>
        <buyerID>114</buyerID>
        <sellerID>71</sellerID>
        <price>164</price>
      </transaction>
      <transaction>
        <timestamp>1333597165534</timestamp>
        <buyerID>74</buyerID>
        <sellerID>112</sellerID>
        <price>165</price>
      </transaction>
      <transaction>
        <timestamp>1333597165727</timestamp>
        <buyerID>34</buyerID>
        <sellerID>71</sellerID>
        <price>161</price>
      </transaction>
      <transaction>
        <timestamp>1333597170040</timestamp>
        <buyerID>94</buyerID>
        <sellerID>91</sellerID>
        <price>160</price>
      </transaction>
      <transaction>
        <timestamp>1333597266009</timestamp>
        <buyerID>73</buyerID>
        <sellerID>91</sellerID>
        <price>161</price>
      </transaction>
      <transaction>
        <timestamp>1333597266818</timestamp>
        <buyerID>73</buyerID>
        <sellerID>91</sellerID>
        <price>161</price>
      </transaction>
    </repetition>
  </transactions>
  <scores>
    <agent>
      <ID>34</ID>
      <userName>zibtq4</userName>
      <strategy>ZIBTQ</strategy>
      <values>
        <value>235</value>
        <value>229</value>
        <value>199</value>
        <value>191</value>
        <value>183</value>
        <value>172</value>
        <value>161</value>
        <value>141</value>
        <value>133</value>
        <value>79</value>
      </values>
      <score>127.8</score>
    </agent>
    <agent>
      <ID>32</ID>
      <userName>zibtq2</userName>
      <strategy>ZIBTQ</strategy>
      <values>
        <value>63</value>
        <value>68</value>
        <value>103</value>
        <value>113</value>
        <value>119</value>
        <value>128</value>
        <value>132</value>
        <value>186</value>
        <value>187</value>
        <value>220</value>
      </values>
      <score>441.0</score>
    </agent>
    <agent>
      <ID>33</ID>
      <userName>zibtq3</userName>
      <strategy>ZIBTQ</strategy>
      <values>
        <value>227</value>
        <value>208</value>
        <value>205</value>
        <value>195</value>
        <value>168</value>
        <value>155</value>
        <value>141</value>
        <value>107</value>
        <value>97</value>
        <value>91</value>
      </values>
      <score>149.6</score>
    </agent>
    <agent>
      <ID>71</ID>
      <userName>kaplan1</userName>
      <strategy>KAPLAN</strategy>
      <values>
        <value>81</value>
        <value>89</value>
        <value>97</value>
        <value>103</value>
        <value>107</value>
        <value>112</value>
        <value>126</value>
        <value>156</value>
        <value>221</value>
        <value>242</value>
      </values>
      <score>399.4</score>
    </agent>
    <agent>
      <ID>111</ID>
      <userName>gdx1</userName>
      <strategy>GDX</strategy>
      <values>
        <value>68</value>
        <value>75</value>
        <value>115</value>
        <value>166</value>
        <value>170</value>
        <value>179</value>
        <value>201</value>
        <value>203</value>
        <value>227</value>
        <value>232</value>
      </values>
      <score>274.6</score>
    </agent>
    <agent>
      <ID>72</ID>
      <userName>kaplan2</userName>
      <strategy>KAPLAN</strategy>
      <values>
        <value>62</value>
        <value>65</value>
        <value>76</value>
        <value>83</value>
        <value>126</value>
        <value>158</value>
        <value>196</value>
        <value>200</value>
        <value>221</value>
        <value>238</value>
      </values>
      <score>414.8</score>
    </agent>
    <agent>
      <ID>73</ID>
      <userName>kaplan3</userName>
      <strategy>KAPLAN</strategy>
      <values>
        <value>251</value>
        <value>230</value>
        <value>212</value>
        <value>194</value>
        <value>166</value>
        <value>163</value>
        <value>148</value>
        <value>97</value>
        <value>93</value>
        <value>64</value>
      </values>
      <score>188.2</score>
    </agent>
    <agent>
      <ID>74</ID>
      <userName>kaplan4</userName>
      <strategy>KAPLAN</strategy>
      <values>
        <value>256</value>
        <value>248</value>
        <value>244</value>
        <value>231</value>
        <value>213</value>
        <value>180</value>
        <value>160</value>
        <value>122</value>
        <value>115</value>
        <value>104</value>
      </values>
      <score>350.4</score>
    </agent>
    <agent>
      <ID>114</ID>
      <userName>gdx4</userName>
      <strategy>GDX</strategy>
      <values>
        <value>252</value>
        <value>234</value>
        <value>231</value>
        <value>222</value>
        <value>216</value>
        <value>203</value>
        <value>186</value>
        <value>147</value>
        <value>118</value>
        <value>116</value>
      </values>
      <score>400.4</score>
    </agent>
    <agent>
      <ID>113</ID>
      <userName>gdx3</userName>
      <strategy>GDX</strategy>
      <values>
        <value>259</value>
        <value>246</value>
        <value>218</value>
        <value>170</value>
        <value>144</value>
        <value>137</value>
        <value>132</value>
        <value>108</value>
        <value>96</value>
        <value>82</value>
      </values>
      <score>225.8</score>
    </agent>
    <agent>
      <ID>112</ID>
      <userName>gdx2</userName>
      <strategy>GDX</strategy>
      <values>
        <value>75</value>
        <value>84</value>
        <value>92</value>
        <value>110</value>
        <value>120</value>
        <value>162</value>
        <value>167</value>
        <value>191</value>
        <value>238</value>
        <value>252</value>
      </values>
      <score>380.6</score>
    </agent>
    <agent>
      <ID>93</ID>
      <userName>gd3</userName>
      <strategy>GD</strategy>
      <values>
        <value>258</value>
        <value>252</value>
        <value>229</value>
        <value>195</value>
        <value>176</value>
        <value>168</value>
        <value>145</value>
        <value>125</value>
        <value>113</value>
        <value>68</value>
      </values>
      <score>293.4</score>
    </agent>
    <agent>
      <ID>92</ID>
      <userName>gd2</userName>
      <strategy>GD</strategy>
      <values>
        <value>92</value>
        <value>92</value>
        <value>140</value>
        <value>142</value>
        <value>146</value>
        <value>176</value>
        <value>179</value>
        <value>186</value>
        <value>188</value>
        <value>223</value>
      </values>
      <score>247.6</score>
    </agent>
    <agent>
      <ID>94</ID>
      <userName>gd4</userName>
      <strategy>GD</strategy>
      <values>
        <value>260</value>
        <value>243</value>
        <value>238</value>
        <value>161</value>
        <value>145</value>
        <value>135</value>
        <value>105</value>
        <value>81</value>
        <value>77</value>
        <value>73</value>
      </values>
      <score>243.4</score>
    </agent>
    <agent>
      <ID>91</ID>
      <userName>gd1</userName>
      <strategy>GD</strategy>
      <values>
        <value>83</value>
        <value>127</value>
        <value>143</value>
        <value>149</value>
        <value>151</value>
        <value>151</value>
        <value>160</value>
        <value>160</value>
        <value>188</value>
        <value>200</value>
      </values>
      <score>211.0</score>
    </agent>
    <agent>
      <ID>31</ID>
      <userName>zibtq1</userName>
      <strategy>ZIBTQ</strategy>
      <values>
        <value>73</value>
        <value>120</value>
        <value>127</value>
        <value>135</value>
        <value>136</value>
        <value>213</value>
        <value>215</value>
        <value>238</value>
        <value>245</value>
        <value>258</value>
      </values>
      <score>243.6</score>
    </agent>
  </scores>
</results>

