<results>
  <transactions>
    <repetition>
      <id>1</id>
      <transaction>
        <timestamp>1333602826954</timestamp>
        <buyerID>20</buyerID>
        <sellerID>13</sellerID>
        <price>195</price>
      </transaction>
      <transaction>
        <timestamp>1333602826971</timestamp>
        <buyerID>19</buyerID>
        <sellerID>131</sellerID>
        <price>184</price>
      </transaction>
      <transaction>
        <timestamp>1333602826977</timestamp>
        <buyerID>17</buyerID>
        <sellerID>11</sellerID>
        <price>183</price>
      </transaction>
      <transaction>
        <timestamp>1333602826987</timestamp>
        <buyerID>17</buyerID>
        <sellerID>15</sellerID>
        <price>71</price>
      </transaction>
      <transaction>
        <timestamp>1333602827031</timestamp>
        <buyerID>133</buyerID>
        <sellerID>15</sellerID>
        <price>88</price>
      </transaction>
      <transaction>
        <timestamp>1333602827327</timestamp>
        <buyerID>20</buyerID>
        <sellerID>132</sellerID>
        <price>99</price>
      </transaction>
      <transaction>
        <timestamp>1333602827441</timestamp>
        <buyerID>18</buyerID>
        <sellerID>131</sellerID>
        <price>171</price>
      </transaction>
      <transaction>
        <timestamp>1333602827460</timestamp>
        <buyerID>133</buyerID>
        <sellerID>16</sellerID>
        <price>99</price>
      </transaction>
      <transaction>
        <timestamp>1333602827460</timestamp>
        <buyerID>22</buyerID>
        <sellerID>12</sellerID>
        <price>171</price>
      </transaction>
      <transaction>
        <timestamp>1333602827466</timestamp>
        <buyerID>19</buyerID>
        <sellerID>131</sellerID>
        <price>106</price>
      </transaction>
      <transaction>
        <timestamp>1333602827467</timestamp>
        <buyerID>21</buyerID>
        <sellerID>15</sellerID>
        <price>108</price>
      </transaction>
      <transaction>
        <timestamp>1333602827467</timestamp>
        <buyerID>22</buyerID>
        <sellerID>11</sellerID>
        <price>116</price>
      </transaction>
      <transaction>
        <timestamp>1333602827610</timestamp>
        <buyerID>17</buyerID>
        <sellerID>12</sellerID>
        <price>112</price>
      </transaction>
      <transaction>
        <timestamp>1333602827611</timestamp>
        <buyerID>134</buyerID>
        <sellerID>14</sellerID>
        <price>99</price>
      </transaction>
      <transaction>
        <timestamp>1333602827611</timestamp>
        <buyerID>21</buyerID>
        <sellerID>132</sellerID>
        <price>119</price>
      </transaction>
      <transaction>
        <timestamp>1333602828042</timestamp>
        <buyerID>133</buyerID>
        <sellerID>14</sellerID>
        <price>118</price>
      </transaction>
      <transaction>
        <timestamp>1333602828097</timestamp>
        <buyerID>134</buyerID>
        <sellerID>16</sellerID>
        <price>120</price>
      </transaction>
      <transaction>
        <timestamp>1333602828834</timestamp>
        <buyerID>17</buyerID>
        <sellerID>132</sellerID>
        <price>124</price>
      </transaction>
      <transaction>
        <timestamp>1333602828849</timestamp>
        <buyerID>133</buyerID>
        <sellerID>12</sellerID>
        <price>128</price>
      </transaction>
      <transaction>
        <timestamp>1333602828885</timestamp>
        <buyerID>21</buyerID>
        <sellerID>15</sellerID>
        <price>141</price>
      </transaction>
      <transaction>
        <timestamp>1333602828946</timestamp>
        <buyerID>20</buyerID>
        <sellerID>14</sellerID>
        <price>219</price>
      </transaction>
      <transaction>
        <timestamp>1333602828957</timestamp>
        <buyerID>134</buyerID>
        <sellerID>16</sellerID>
        <price>200</price>
      </transaction>
      <transaction>
        <timestamp>1333602829543</timestamp>
        <buyerID>19</buyerID>
        <sellerID>12</sellerID>
        <price>187</price>
      </transaction>
      <transaction>
        <timestamp>1333602829680</timestamp>
        <buyerID>19</buyerID>
        <sellerID>131</sellerID>
        <price>187</price>
      </transaction>
      <transaction>
        <timestamp>1333602830305</timestamp>
        <buyerID>133</buyerID>
        <sellerID>15</sellerID>
        <price>147</price>
      </transaction>
      <transaction>
        <timestamp>1333602830355</timestamp>
        <buyerID>20</buyerID>
        <sellerID>12</sellerID>
        <price>160</price>
      </transaction>
      <transaction>
        <timestamp>1333602830410</timestamp>
        <buyerID>134</buyerID>
        <sellerID>132</sellerID>
        <price>157</price>
      </transaction>
      <transaction>
        <timestamp>1333602830421</timestamp>
        <buyerID>22</buyerID>
        <sellerID>11</sellerID>
        <price>155</price>
      </transaction>
      <transaction>
        <timestamp>1333602831341</timestamp>
        <buyerID>17</buyerID>
        <sellerID>12</sellerID>
        <price>158</price>
      </transaction>
      <transaction>
        <timestamp>1333602832145</timestamp>
        <buyerID>18</buyerID>
        <sellerID>131</sellerID>
        <price>160</price>
      </transaction>
      <transaction>
        <timestamp>1333602832593</timestamp>
        <buyerID>134</buyerID>
        <sellerID>16</sellerID>
        <price>149</price>
      </transaction>
      <transaction>
        <timestamp>1333602833242</timestamp>
        <buyerID>134</buyerID>
        <sellerID>132</sellerID>
        <price>156</price>
      </transaction>
      <transaction>
        <timestamp>1333602833398</timestamp>
        <buyerID>20</buyerID>
        <sellerID>132</sellerID>
        <price>155</price>
      </transaction>
      <transaction>
        <timestamp>1333602833450</timestamp>
        <buyerID>133</buyerID>
        <sellerID>15</sellerID>
        <price>127</price>
      </transaction>
      <transaction>
        <timestamp>1333602834095</timestamp>
        <buyerID>20</buyerID>
        <sellerID>16</sellerID>
        <price>148</price>
      </transaction>
      <transaction>
        <timestamp>1333602834827</timestamp>
        <buyerID>19</buyerID>
        <sellerID>13</sellerID>
        <price>150</price>
      </transaction>
      <transaction>
        <timestamp>1333602835007</timestamp>
        <buyerID>18</buyerID>
        <sellerID>11</sellerID>
        <price>160</price>
      </transaction>
      <transaction>
        <timestamp>1333602835111</timestamp>
        <buyerID>22</buyerID>
        <sellerID>12</sellerID>
        <price>165</price>
      </transaction>
      <transaction>
        <timestamp>1333602835531</timestamp>
        <buyerID>19</buyerID>
        <sellerID>132</sellerID>
        <price>166</price>
      </transaction>
      <transaction>
        <timestamp>1333602837044</timestamp>
        <buyerID>22</buyerID>
        <sellerID>13</sellerID>
        <price>158</price>
      </transaction>
      <transaction>
        <timestamp>1333602840316</timestamp>
        <buyerID>19</buyerID>
        <sellerID>15</sellerID>
        <price>171</price>
      </transaction>
      <transaction>
        <timestamp>1333602842355</timestamp>
        <buyerID>20</buyerID>
        <sellerID>14</sellerID>
        <price>171</price>
      </transaction>
    </repetition>
    <repetition>
      <id>2</id>
      <transaction>
        <timestamp>1333602953440</timestamp>
        <buyerID>133</buyerID>
        <sellerID>15</sellerID>
        <price>152</price>
      </transaction>
      <transaction>
        <timestamp>1333602953448</timestamp>
        <buyerID>19</buyerID>
        <sellerID>12</sellerID>
        <price>83</price>
      </transaction>
      <transaction>
        <timestamp>1333602953474</timestamp>
        <buyerID>134</buyerID>
        <sellerID>131</sellerID>
        <price>145</price>
      </transaction>
      <transaction>
        <timestamp>1333602953521</timestamp>
        <buyerID>18</buyerID>
        <sellerID>14</sellerID>
        <price>155</price>
      </transaction>
      <transaction>
        <timestamp>1333602954008</timestamp>
        <buyerID>17</buyerID>
        <sellerID>132</sellerID>
        <price>173</price>
      </transaction>
      <transaction>
        <timestamp>1333602954044</timestamp>
        <buyerID>133</buyerID>
        <sellerID>15</sellerID>
        <price>137</price>
      </transaction>
      <transaction>
        <timestamp>1333602954095</timestamp>
        <buyerID>22</buyerID>
        <sellerID>132</sellerID>
        <price>159</price>
      </transaction>
      <transaction>
        <timestamp>1333602954116</timestamp>
        <buyerID>134</buyerID>
        <sellerID>131</sellerID>
        <price>138</price>
      </transaction>
      <transaction>
        <timestamp>1333602954163</timestamp>
        <buyerID>21</buyerID>
        <sellerID>11</sellerID>
        <price>115</price>
      </transaction>
      <transaction>
        <timestamp>1333602954800</timestamp>
        <buyerID>134</buyerID>
        <sellerID>16</sellerID>
        <price>153</price>
      </transaction>
      <transaction>
        <timestamp>1333602954812</timestamp>
        <buyerID>17</buyerID>
        <sellerID>12</sellerID>
        <price>123</price>
      </transaction>
      <transaction>
        <timestamp>1333602954818</timestamp>
        <buyerID>18</buyerID>
        <sellerID>14</sellerID>
        <price>164</price>
      </transaction>
      <transaction>
        <timestamp>1333602954840</timestamp>
        <buyerID>133</buyerID>
        <sellerID>14</sellerID>
        <price>115</price>
      </transaction>
      <transaction>
        <timestamp>1333602954855</timestamp>
        <buyerID>22</buyerID>
        <sellerID>15</sellerID>
        <price>197</price>
      </transaction>
      <transaction>
        <timestamp>1333602954892</timestamp>
        <buyerID>19</buyerID>
        <sellerID>11</sellerID>
        <price>158</price>
      </transaction>
      <transaction>
        <timestamp>1333602954923</timestamp>
        <buyerID>20</buyerID>
        <sellerID>16</sellerID>
        <price>197</price>
      </transaction>
      <transaction>
        <timestamp>1333602955504</timestamp>
        <buyerID>20</buyerID>
        <sellerID>131</sellerID>
        <price>191</price>
      </transaction>
      <transaction>
        <timestamp>1333602955523</timestamp>
        <buyerID>22</buyerID>
        <sellerID>11</sellerID>
        <price>144</price>
      </transaction>
      <transaction>
        <timestamp>1333602955577</timestamp>
        <buyerID>133</buyerID>
        <sellerID>13</sellerID>
        <price>139</price>
      </transaction>
      <transaction>
        <timestamp>1333602955637</timestamp>
        <buyerID>17</buyerID>
        <sellerID>131</sellerID>
        <price>163</price>
      </transaction>
      <transaction>
        <timestamp>1333602955665</timestamp>
        <buyerID>19</buyerID>
        <sellerID>12</sellerID>
        <price>135</price>
      </transaction>
      <transaction>
        <timestamp>1333602956284</timestamp>
        <buyerID>21</buyerID>
        <sellerID>131</sellerID>
        <price>185</price>
      </transaction>
      <transaction>
        <timestamp>1333602956389</timestamp>
        <buyerID>20</buyerID>
        <sellerID>132</sellerID>
        <price>177</price>
      </transaction>
      <transaction>
        <timestamp>1333602956422</timestamp>
        <buyerID>134</buyerID>
        <sellerID>12</sellerID>
        <price>158</price>
      </transaction>
      <transaction>
        <timestamp>1333602957129</timestamp>
        <buyerID>21</buyerID>
        <sellerID>132</sellerID>
        <price>171</price>
      </transaction>
      <transaction>
        <timestamp>1333602957167</timestamp>
        <buyerID>19</buyerID>
        <sellerID>13</sellerID>
        <price>173</price>
      </transaction>
      <transaction>
        <timestamp>1333602957944</timestamp>
        <buyerID>134</buyerID>
        <sellerID>16</sellerID>
        <price>162</price>
      </transaction>
      <transaction>
        <timestamp>1333602957962</timestamp>
        <buyerID>22</buyerID>
        <sellerID>14</sellerID>
        <price>166</price>
      </transaction>
      <transaction>
        <timestamp>1333602958613</timestamp>
        <buyerID>19</buyerID>
        <sellerID>132</sellerID>
        <price>174</price>
      </transaction>
      <transaction>
        <timestamp>1333602958617</timestamp>
        <buyerID>134</buyerID>
        <sellerID>12</sellerID>
        <price>154</price>
      </transaction>
      <transaction>
        <timestamp>1333602958653</timestamp>
        <buyerID>22</buyerID>
        <sellerID>15</sellerID>
        <price>175</price>
      </transaction>
      <transaction>
        <timestamp>1333602959285</timestamp>
        <buyerID>20</buyerID>
        <sellerID>16</sellerID>
        <price>167</price>
      </transaction>
      <transaction>
        <timestamp>1333602959418</timestamp>
        <buyerID>17</buyerID>
        <sellerID>132</sellerID>
        <price>168</price>
      </transaction>
      <transaction>
        <timestamp>1333602960762</timestamp>
        <buyerID>19</buyerID>
        <sellerID>11</sellerID>
        <price>149</price>
      </transaction>
      <transaction>
        <timestamp>1333602960853</timestamp>
        <buyerID>20</buyerID>
        <sellerID>15</sellerID>
        <price>169</price>
      </transaction>
      <transaction>
        <timestamp>1333602961675</timestamp>
        <buyerID>19</buyerID>
        <sellerID>132</sellerID>
        <price>168</price>
      </transaction>
      <transaction>
        <timestamp>1333602962414</timestamp>
        <buyerID>20</buyerID>
        <sellerID>16</sellerID>
        <price>163</price>
      </transaction>
      <transaction>
        <timestamp>1333602964666</timestamp>
        <buyerID>133</buyerID>
        <sellerID>15</sellerID>
        <price>146</price>
      </transaction>
      <transaction>
        <timestamp>1333602966771</timestamp>
        <buyerID>18</buyerID>
        <sellerID>13</sellerID>
        <price>151</price>
      </transaction>
      <transaction>
        <timestamp>1333602970523</timestamp>
        <buyerID>20</buyerID>
        <sellerID>12</sellerID>
        <price>164</price>
      </transaction>
      <transaction>
        <timestamp>1333603020084</timestamp>
        <buyerID>17</buyerID>
        <sellerID>12</sellerID>
        <price>164</price>
      </transaction>
    </repetition>
    <repetition>
      <id>3</id>
      <transaction>
        <timestamp>1333603080943</timestamp>
        <buyerID>133</buyerID>
        <sellerID>14</sellerID>
        <price>152</price>
      </transaction>
      <transaction>
        <timestamp>1333603080953</timestamp>
        <buyerID>20</buyerID>
        <sellerID>15</sellerID>
        <price>97</price>
      </transaction>
      <transaction>
        <timestamp>1333603080969</timestamp>
        <buyerID>19</buyerID>
        <sellerID>131</sellerID>
        <price>141</price>
      </transaction>
      <transaction>
        <timestamp>1333603080991</timestamp>
        <buyerID>18</buyerID>
        <sellerID>12</sellerID>
        <price>141</price>
      </transaction>
      <transaction>
        <timestamp>1333603081022</timestamp>
        <buyerID>21</buyerID>
        <sellerID>13</sellerID>
        <price>158</price>
      </transaction>
      <transaction>
        <timestamp>1333603081504</timestamp>
        <buyerID>134</buyerID>
        <sellerID>11</sellerID>
        <price>139</price>
      </transaction>
      <transaction>
        <timestamp>1333603081525</timestamp>
        <buyerID>20</buyerID>
        <sellerID>132</sellerID>
        <price>172</price>
      </transaction>
      <transaction>
        <timestamp>1333603081559</timestamp>
        <buyerID>22</buyerID>
        <sellerID>14</sellerID>
        <price>130</price>
      </transaction>
      <transaction>
        <timestamp>1333603081608</timestamp>
        <buyerID>17</buyerID>
        <sellerID>131</sellerID>
        <price>152</price>
      </transaction>
      <transaction>
        <timestamp>1333603081661</timestamp>
        <buyerID>19</buyerID>
        <sellerID>13</sellerID>
        <price>143</price>
      </transaction>
      <transaction>
        <timestamp>1333603082301</timestamp>
        <buyerID>20</buyerID>
        <sellerID>132</sellerID>
        <price>148</price>
      </transaction>
      <transaction>
        <timestamp>1333603082393</timestamp>
        <buyerID>133</buyerID>
        <sellerID>132</sellerID>
        <price>146</price>
      </transaction>
      <transaction>
        <timestamp>1333603082410</timestamp>
        <buyerID>134</buyerID>
        <sellerID>131</sellerID>
        <price>148</price>
      </transaction>
      <transaction>
        <timestamp>1333603083038</timestamp>
        <buyerID>134</buyerID>
        <sellerID>16</sellerID>
        <price>129</price>
      </transaction>
      <transaction>
        <timestamp>1333603083050</timestamp>
        <buyerID>17</buyerID>
        <sellerID>132</sellerID>
        <price>159</price>
      </transaction>
      <transaction>
        <timestamp>1333603083065</timestamp>
        <buyerID>19</buyerID>
        <sellerID>13</sellerID>
        <price>165</price>
      </transaction>
      <transaction>
        <timestamp>1333603083087</timestamp>
        <buyerID>22</buyerID>
        <sellerID>14</sellerID>
        <price>126</price>
      </transaction>
      <transaction>
        <timestamp>1333603083159</timestamp>
        <buyerID>133</buyerID>
        <sellerID>11</sellerID>
        <price>137</price>
      </transaction>
      <transaction>
        <timestamp>1333603083783</timestamp>
        <buyerID>17</buyerID>
        <sellerID>12</sellerID>
        <price>135</price>
      </transaction>
      <transaction>
        <timestamp>1333603083853</timestamp>
        <buyerID>22</buyerID>
        <sellerID>131</sellerID>
        <price>169</price>
      </transaction>
      <transaction>
        <timestamp>1333603083875</timestamp>
        <buyerID>19</buyerID>
        <sellerID>131</sellerID>
        <price>167</price>
      </transaction>
      <transaction>
        <timestamp>1333603084568</timestamp>
        <buyerID>17</buyerID>
        <sellerID>132</sellerID>
        <price>162</price>
      </transaction>
      <transaction>
        <timestamp>1333603084606</timestamp>
        <buyerID>21</buyerID>
        <sellerID>16</sellerID>
        <price>152</price>
      </transaction>
      <transaction>
        <timestamp>1333603084637</timestamp>
        <buyerID>20</buyerID>
        <sellerID>15</sellerID>
        <price>173</price>
      </transaction>
      <transaction>
        <timestamp>1333603084668</timestamp>
        <buyerID>133</buyerID>
        <sellerID>14</sellerID>
        <price>158</price>
      </transaction>
      <transaction>
        <timestamp>1333603084676</timestamp>
        <buyerID>134</buyerID>
        <sellerID>15</sellerID>
        <price>146</price>
      </transaction>
      <transaction>
        <timestamp>1333603085239</timestamp>
        <buyerID>18</buyerID>
        <sellerID>12</sellerID>
        <price>142</price>
      </transaction>
      <transaction>
        <timestamp>1333603085376</timestamp>
        <buyerID>21</buyerID>
        <sellerID>15</sellerID>
        <price>151</price>
      </transaction>
      <transaction>
        <timestamp>1333603086018</timestamp>
        <buyerID>22</buyerID>
        <sellerID>16</sellerID>
        <price>148</price>
      </transaction>
      <transaction>
        <timestamp>1333603086754</timestamp>
        <buyerID>19</buyerID>
        <sellerID>11</sellerID>
        <price>167</price>
      </transaction>
      <transaction>
        <timestamp>1333603086806</timestamp>
        <buyerID>20</buyerID>
        <sellerID>132</sellerID>
        <price>168</price>
      </transaction>
      <transaction>
        <timestamp>1333603087575</timestamp>
        <buyerID>134</buyerID>
        <sellerID>15</sellerID>
        <price>152</price>
      </transaction>
      <transaction>
        <timestamp>1333603088239</timestamp>
        <buyerID>17</buyerID>
        <sellerID>132</sellerID>
        <price>162</price>
      </transaction>
      <transaction>
        <timestamp>1333603088322</timestamp>
        <buyerID>134</buyerID>
        <sellerID>12</sellerID>
        <price>153</price>
      </transaction>
      <transaction>
        <timestamp>1333603088608</timestamp>
        <buyerID>133</buyerID>
        <sellerID>11</sellerID>
        <price>143</price>
      </transaction>
      <transaction>
        <timestamp>1333603089174</timestamp>
        <buyerID>22</buyerID>
        <sellerID>16</sellerID>
        <price>164</price>
      </transaction>
      <transaction>
        <timestamp>1333603089785</timestamp>
        <buyerID>19</buyerID>
        <sellerID>12</sellerID>
        <price>155</price>
      </transaction>
      <transaction>
        <timestamp>1333603090523</timestamp>
        <buyerID>20</buyerID>
        <sellerID>131</sellerID>
        <price>179</price>
      </transaction>
      <transaction>
        <timestamp>1333603094428</timestamp>
        <buyerID>19</buyerID>
        <sellerID>16</sellerID>
        <price>146</price>
      </transaction>
      <transaction>
        <timestamp>1333603095843</timestamp>
        <buyerID>20</buyerID>
        <sellerID>15</sellerID>
        <price>151</price>
      </transaction>
      <transaction>
        <timestamp>1333603117587</timestamp>
        <buyerID>20</buyerID>
        <sellerID>12</sellerID>
        <price>151</price>
      </transaction>
    </repetition>
    <repetition>
      <id>4</id>
      <transaction>
        <timestamp>1333603208435</timestamp>
        <buyerID>134</buyerID>
        <sellerID>15</sellerID>
        <price>95</price>
      </transaction>
      <transaction>
        <timestamp>1333603208467</timestamp>
        <buyerID>22</buyerID>
        <sellerID>12</sellerID>
        <price>86</price>
      </transaction>
      <transaction>
        <timestamp>1333603208483</timestamp>
        <buyerID>21</buyerID>
        <sellerID>11</sellerID>
        <price>117</price>
      </transaction>
      <transaction>
        <timestamp>1333603208491</timestamp>
        <buyerID>18</buyerID>
        <sellerID>132</sellerID>
        <price>125</price>
      </transaction>
      <transaction>
        <timestamp>1333603208534</timestamp>
        <buyerID>17</buyerID>
        <sellerID>131</sellerID>
        <price>165</price>
      </transaction>
      <transaction>
        <timestamp>1333603208995</timestamp>
        <buyerID>22</buyerID>
        <sellerID>16</sellerID>
        <price>185</price>
      </transaction>
      <transaction>
        <timestamp>1333603209017</timestamp>
        <buyerID>19</buyerID>
        <sellerID>132</sellerID>
        <price>173</price>
      </transaction>
      <transaction>
        <timestamp>1333603209064</timestamp>
        <buyerID>133</buyerID>
        <sellerID>11</sellerID>
        <price>122</price>
      </transaction>
      <transaction>
        <timestamp>1333603209224</timestamp>
        <buyerID>18</buyerID>
        <sellerID>16</sellerID>
        <price>151</price>
      </transaction>
      <transaction>
        <timestamp>1333603209251</timestamp>
        <buyerID>20</buyerID>
        <sellerID>131</sellerID>
        <price>123</price>
      </transaction>
      <transaction>
        <timestamp>1333603209305</timestamp>
        <buyerID>21</buyerID>
        <sellerID>14</sellerID>
        <price>161</price>
      </transaction>
      <transaction>
        <timestamp>1333603209321</timestamp>
        <buyerID>133</buyerID>
        <sellerID>12</sellerID>
        <price>153</price>
      </transaction>
      <transaction>
        <timestamp>1333603209747</timestamp>
        <buyerID>134</buyerID>
        <sellerID>14</sellerID>
        <price>124</price>
      </transaction>
      <transaction>
        <timestamp>1333603209807</timestamp>
        <buyerID>21</buyerID>
        <sellerID>132</sellerID>
        <price>177</price>
      </transaction>
      <transaction>
        <timestamp>1333603209812</timestamp>
        <buyerID>20</buyerID>
        <sellerID>13</sellerID>
        <price>187</price>
      </transaction>
      <transaction>
        <timestamp>1333603209853</timestamp>
        <buyerID>18</buyerID>
        <sellerID>13</sellerID>
        <price>128</price>
      </transaction>
      <transaction>
        <timestamp>1333603210544</timestamp>
        <buyerID>17</buyerID>
        <sellerID>12</sellerID>
        <price>161</price>
      </transaction>
      <transaction>
        <timestamp>1333603210581</timestamp>
        <buyerID>19</buyerID>
        <sellerID>132</sellerID>
        <price>173</price>
      </transaction>
      <transaction>
        <timestamp>1333603210608</timestamp>
        <buyerID>22</buyerID>
        <sellerID>131</sellerID>
        <price>166</price>
      </transaction>
      <transaction>
        <timestamp>1333603211308</timestamp>
        <buyerID>134</buyerID>
        <sellerID>13</sellerID>
        <price>163</price>
      </transaction>
      <transaction>
        <timestamp>1333603211312</timestamp>
        <buyerID>22</buyerID>
        <sellerID>14</sellerID>
        <price>151</price>
      </transaction>
      <transaction>
        <timestamp>1333603212132</timestamp>
        <buyerID>20</buyerID>
        <sellerID>132</sellerID>
        <price>152</price>
      </transaction>
      <transaction>
        <timestamp>1333603212809</timestamp>
        <buyerID>133</buyerID>
        <sellerID>131</sellerID>
        <price>152</price>
      </transaction>
      <transaction>
        <timestamp>1333603212866</timestamp>
        <buyerID>134</buyerID>
        <sellerID>11</sellerID>
        <price>150</price>
      </transaction>
      <transaction>
        <timestamp>1333603212872</timestamp>
        <buyerID>17</buyerID>
        <sellerID>12</sellerID>
        <price>147</price>
      </transaction>
      <transaction>
        <timestamp>1333603212892</timestamp>
        <buyerID>19</buyerID>
        <sellerID>132</sellerID>
        <price>158</price>
      </transaction>
      <transaction>
        <timestamp>1333603212913</timestamp>
        <buyerID>20</buyerID>
        <sellerID>16</sellerID>
        <price>186</price>
      </transaction>
      <transaction>
        <timestamp>1333603213520</timestamp>
        <buyerID>20</buyerID>
        <sellerID>11</sellerID>
        <price>168</price>
      </transaction>
      <transaction>
        <timestamp>1333603213568</timestamp>
        <buyerID>134</buyerID>
        <sellerID>15</sellerID>
        <price>156</price>
      </transaction>
      <transaction>
        <timestamp>1333603214401</timestamp>
        <buyerID>134</buyerID>
        <sellerID>131</sellerID>
        <price>159</price>
      </transaction>
      <transaction>
        <timestamp>1333603215001</timestamp>
        <buyerID>17</buyerID>
        <sellerID>132</sellerID>
        <price>159</price>
      </transaction>
      <transaction>
        <timestamp>1333603215066</timestamp>
        <buyerID>19</buyerID>
        <sellerID>16</sellerID>
        <price>181</price>
      </transaction>
      <transaction>
        <timestamp>1333603215782</timestamp>
        <buyerID>20</buyerID>
        <sellerID>14</sellerID>
        <price>166</price>
      </transaction>
      <transaction>
        <timestamp>1333603215829</timestamp>
        <buyerID>134</buyerID>
        <sellerID>15</sellerID>
        <price>107</price>
      </transaction>
      <transaction>
        <timestamp>1333603216578</timestamp>
        <buyerID>19</buyerID>
        <sellerID>13</sellerID>
        <price>167</price>
      </transaction>
      <transaction>
        <timestamp>1333603216648</timestamp>
        <buyerID>133</buyerID>
        <sellerID>15</sellerID>
        <price>161</price>
      </transaction>
      <transaction>
        <timestamp>1333603217372</timestamp>
        <buyerID>19</buyerID>
        <sellerID>16</sellerID>
        <price>177</price>
      </transaction>
      <transaction>
        <timestamp>1333603220327</timestamp>
        <buyerID>19</buyerID>
        <sellerID>12</sellerID>
        <price>148</price>
      </transaction>
      <transaction>
        <timestamp>1333603221090</timestamp>
        <buyerID>133</buyerID>
        <sellerID>15</sellerID>
        <price>142</price>
      </transaction>
      <transaction>
        <timestamp>1333603221897</timestamp>
        <buyerID>21</buyerID>
        <sellerID>12</sellerID>
        <price>151</price>
      </transaction>
      <transaction>
        <timestamp>1333603223331</timestamp>
        <buyerID>20</buyerID>
        <sellerID>14</sellerID>
        <price>179</price>
      </transaction>
      <transaction>
        <timestamp>1333603230877</timestamp>
        <buyerID>17</buyerID>
        <sellerID>12</sellerID>
        <price>174</price>
      </transaction>
      <transaction>
        <timestamp>1333603231681</timestamp>
        <buyerID>20</buyerID>
        <sellerID>15</sellerID>
        <price>152</price>
      </transaction>
      <transaction>
        <timestamp>1333603248113</timestamp>
        <buyerID>22</buyerID>
        <sellerID>13</sellerID>
        <price>174</price>
      </transaction>
    </repetition>
    <repetition>
      <id>5</id>
      <transaction>
        <timestamp>1333603335946</timestamp>
        <buyerID>134</buyerID>
        <sellerID>16</sellerID>
        <price>144</price>
      </transaction>
      <transaction>
        <timestamp>1333603336200</timestamp>
        <buyerID>20</buyerID>
        <sellerID>14</sellerID>
        <price>143</price>
      </transaction>
      <transaction>
        <timestamp>1333603336203</timestamp>
        <buyerID>19</buyerID>
        <sellerID>12</sellerID>
        <price>138</price>
      </transaction>
      <transaction>
        <timestamp>1333603336516</timestamp>
        <buyerID>19</buyerID>
        <sellerID>132</sellerID>
        <price>165</price>
      </transaction>
      <transaction>
        <timestamp>1333603336543</timestamp>
        <buyerID>21</buyerID>
        <sellerID>13</sellerID>
        <price>154</price>
      </transaction>
      <transaction>
        <timestamp>1333603336574</timestamp>
        <buyerID>133</buyerID>
        <sellerID>11</sellerID>
        <price>137</price>
      </transaction>
      <transaction>
        <timestamp>1333603336588</timestamp>
        <buyerID>20</buyerID>
        <sellerID>131</sellerID>
        <price>163</price>
      </transaction>
      <transaction>
        <timestamp>1333603336638</timestamp>
        <buyerID>134</buyerID>
        <sellerID>12</sellerID>
        <price>143</price>
      </transaction>
      <transaction>
        <timestamp>1333603336671</timestamp>
        <buyerID>18</buyerID>
        <sellerID>132</sellerID>
        <price>187</price>
      </transaction>
      <transaction>
        <timestamp>1333603337249</timestamp>
        <buyerID>17</buyerID>
        <sellerID>14</sellerID>
        <price>169</price>
      </transaction>
      <transaction>
        <timestamp>1333603337439</timestamp>
        <buyerID>18</buyerID>
        <sellerID>131</sellerID>
        <price>193</price>
      </transaction>
      <transaction>
        <timestamp>1333603337551</timestamp>
        <buyerID>22</buyerID>
        <sellerID>132</sellerID>
        <price>168</price>
      </transaction>
      <transaction>
        <timestamp>1333603337989</timestamp>
        <buyerID>19</buyerID>
        <sellerID>12</sellerID>
        <price>172</price>
      </transaction>
      <transaction>
        <timestamp>1333603338025</timestamp>
        <buyerID>134</buyerID>
        <sellerID>16</sellerID>
        <price>150</price>
      </transaction>
      <transaction>
        <timestamp>1333603338048</timestamp>
        <buyerID>134</buyerID>
        <sellerID>15</sellerID>
        <price>152</price>
      </transaction>
      <transaction>
        <timestamp>1333603338268</timestamp>
        <buyerID>17</buyerID>
        <sellerID>13</sellerID>
        <price>153</price>
      </transaction>
      <transaction>
        <timestamp>1333603338273</timestamp>
        <buyerID>20</buyerID>
        <sellerID>12</sellerID>
        <price>185</price>
      </transaction>
      <transaction>
        <timestamp>1333603338495</timestamp>
        <buyerID>133</buyerID>
        <sellerID>11</sellerID>
        <price>145</price>
      </transaction>
      <transaction>
        <timestamp>1333603338752</timestamp>
        <buyerID>22</buyerID>
        <sellerID>132</sellerID>
        <price>181</price>
      </transaction>
      <transaction>
        <timestamp>1333603338871</timestamp>
        <buyerID>19</buyerID>
        <sellerID>15</sellerID>
        <price>157</price>
      </transaction>
      <transaction>
        <timestamp>1333603339507</timestamp>
        <buyerID>22</buyerID>
        <sellerID>131</sellerID>
        <price>177</price>
      </transaction>
      <transaction>
        <timestamp>1333603339564</timestamp>
        <buyerID>134</buyerID>
        <sellerID>11</sellerID>
        <price>167</price>
      </transaction>
      <transaction>
        <timestamp>1333603339600</timestamp>
        <buyerID>133</buyerID>
        <sellerID>132</sellerID>
        <price>167</price>
      </transaction>
      <transaction>
        <timestamp>1333603340238</timestamp>
        <buyerID>21</buyerID>
        <sellerID>16</sellerID>
        <price>168</price>
      </transaction>
      <transaction>
        <timestamp>1333603341061</timestamp>
        <buyerID>20</buyerID>
        <sellerID>132</sellerID>
        <price>178</price>
      </transaction>
      <transaction>
        <timestamp>1333603341080</timestamp>
        <buyerID>134</buyerID>
        <sellerID>15</sellerID>
        <price>161</price>
      </transaction>
      <transaction>
        <timestamp>1333603341189</timestamp>
        <buyerID>133</buyerID>
        <sellerID>14</sellerID>
        <price>151</price>
      </transaction>
      <transaction>
        <timestamp>1333603341389</timestamp>
        <buyerID>133</buyerID>
        <sellerID>132</sellerID>
        <price>149</price>
      </transaction>
      <transaction>
        <timestamp>1333603342010</timestamp>
        <buyerID>17</buyerID>
        <sellerID>131</sellerID>
        <price>153</price>
      </transaction>
      <transaction>
        <timestamp>1333603342616</timestamp>
        <buyerID>22</buyerID>
        <sellerID>16</sellerID>
        <price>143</price>
      </transaction>
      <transaction>
        <timestamp>1333603342663</timestamp>
        <buyerID>21</buyerID>
        <sellerID>12</sellerID>
        <price>153</price>
      </transaction>
      <transaction>
        <timestamp>1333603343468</timestamp>
        <buyerID>19</buyerID>
        <sellerID>16</sellerID>
        <price>181</price>
      </transaction>
      <transaction>
        <timestamp>1333603343739</timestamp>
        <buyerID>22</buyerID>
        <sellerID>131</sellerID>
        <price>169</price>
      </transaction>
      <transaction>
        <timestamp>1333603343759</timestamp>
        <buyerID>17</buyerID>
        <sellerID>11</sellerID>
        <price>198</price>
      </transaction>
      <transaction>
        <timestamp>1333603344157</timestamp>
        <buyerID>20</buyerID>
        <sellerID>14</sellerID>
        <price>159</price>
      </transaction>
      <transaction>
        <timestamp>1333603344816</timestamp>
        <buyerID>20</buyerID>
        <sellerID>16</sellerID>
        <price>172</price>
      </transaction>
      <transaction>
        <timestamp>1333603344881</timestamp>
        <buyerID>19</buyerID>
        <sellerID>15</sellerID>
        <price>157</price>
      </transaction>
      <transaction>
        <timestamp>1333603346316</timestamp>
        <buyerID>19</buyerID>
        <sellerID>15</sellerID>
        <price>144</price>
      </transaction>
      <transaction>
        <timestamp>1333603348572</timestamp>
        <buyerID>20</buyerID>
        <sellerID>15</sellerID>
        <price>175</price>
      </transaction>
      <transaction>
        <timestamp>1333603353772</timestamp>
        <buyerID>18</buyerID>
        <sellerID>12</sellerID>
        <price>147</price>
      </transaction>
      <transaction>
        <timestamp>1333603371884</timestamp>
        <buyerID>17</buyerID>
        <sellerID>13</sellerID>
        <price>151</price>
      </transaction>
    </repetition>
  </transactions>
  <scores>
    <agent>
      <ID>131</ID>
      <userName>rb1</userName>
      <strategy>RB</strategy>
      <values>
        <value>62</value>
        <value>66</value>
        <value>116</value>
        <value>152</value>
        <value>159</value>
        <value>179</value>
        <value>201</value>
        <value>245</value>
        <value>245</value>
        <value>248</value>
      </values>
      <score>250.4</score>
    </agent>
    <agent>
      <ID>11</ID>
      <userName>zi1</userName>
      <strategy>ZI</strategy>
      <values>
        <value>67</value>
        <value>81</value>
        <value>110</value>
        <value>139</value>
        <value>189</value>
        <value>195</value>
        <value>212</value>
        <value>234</value>
        <value>243</value>
        <value>252</value>
      </values>
      <score>197.0</score>
    </agent>
    <agent>
      <ID>12</ID>
      <userName>zi2</userName>
      <strategy>ZI</strategy>
      <values>
        <value>71</value>
        <value>102</value>
        <value>123</value>
        <value>131</value>
        <value>133</value>
        <value>139</value>
        <value>163</value>
        <value>166</value>
        <value>218</value>
        <value>234</value>
      </values>
      <score>182.6</score>
    </agent>
    <agent>
      <ID>133</ID>
      <userName>rb3</userName>
      <strategy>RB</strategy>
      <values>
        <value>241</value>
        <value>235</value>
        <value>170</value>
        <value>161</value>
        <value>149</value>
        <value>134</value>
        <value>133</value>
        <value>124</value>
        <value>112</value>
        <value>104</value>
      </values>
      <score>260.6</score>
    </agent>
    <agent>
      <ID>132</ID>
      <userName>rb2</userName>
      <strategy>RB</strategy>
      <values>
        <value>72</value>
        <value>75</value>
        <value>102</value>
        <value>106</value>
        <value>108</value>
        <value>136</value>
        <value>149</value>
        <value>213</value>
        <value>228</value>
        <value>244</value>
      </values>
      <score>371.0</score>
    </agent>
    <agent>
      <ID>13</ID>
      <userName>zi3</userName>
      <strategy>ZI</strategy>
      <values>
        <value>75</value>
        <value>140</value>
        <value>145</value>
        <value>161</value>
        <value>174</value>
        <value>216</value>
        <value>227</value>
        <value>243</value>
        <value>243</value>
        <value>256</value>
      </values>
      <score>114.8</score>
    </agent>
    <agent>
      <ID>14</ID>
      <userName>zi4</userName>
      <strategy>ZI</strategy>
      <values>
        <value>72</value>
        <value>104</value>
        <value>114</value>
        <value>149</value>
        <value>177</value>
        <value>179</value>
        <value>190</value>
        <value>196</value>
        <value>201</value>
        <value>202</value>
      </values>
      <score>160.8</score>
    </agent>
    <agent>
      <ID>15</ID>
      <userName>zi5</userName>
      <strategy>ZI</strategy>
      <values>
        <value>67</value>
        <value>69</value>
        <value>101</value>
        <value>102</value>
        <value>109</value>
        <value>126</value>
        <value>167</value>
        <value>216</value>
        <value>238</value>
        <value>249</value>
      </values>
      <score>284.2</score>
    </agent>
    <agent>
      <ID>134</ID>
      <userName>rb4</userName>
      <strategy>RB</strategy>
      <values>
        <value>236</value>
        <value>227</value>
        <value>219</value>
        <value>215</value>
        <value>204</value>
        <value>183</value>
        <value>141</value>
        <value>114</value>
        <value>113</value>
        <value>102</value>
      </values>
      <score>406.4</score>
    </agent>
    <agent>
      <ID>17</ID>
      <userName>zi7</userName>
      <strategy>ZI</strategy>
      <values>
        <value>257</value>
        <value>247</value>
        <value>233</value>
        <value>231</value>
        <value>176</value>
        <value>149</value>
        <value>123</value>
        <value>102</value>
        <value>95</value>
        <value>70</value>
      </values>
      <score>376.2</score>
    </agent>
    <agent>
      <ID>16</ID>
      <userName>zi6</userName>
      <strategy>ZI</strategy>
      <values>
        <value>68</value>
        <value>75</value>
        <value>114</value>
        <value>122</value>
        <value>123</value>
        <value>170</value>
        <value>212</value>
        <value>230</value>
        <value>232</value>
        <value>259</value>
      </values>
      <score>291.0</score>
    </agent>
    <agent>
      <ID>19</ID>
      <userName>zi9</userName>
      <strategy>ZI</strategy>
      <values>
        <value>249</value>
        <value>230</value>
        <value>223</value>
        <value>210</value>
        <value>207</value>
        <value>204</value>
        <value>182</value>
        <value>146</value>
        <value>113</value>
        <value>64</value>
      </values>
      <score>391.8</score>
    </agent>
    <agent>
      <ID>18</ID>
      <userName>zi8</userName>
      <strategy>ZI</strategy>
      <values>
        <value>257</value>
        <value>197</value>
        <value>165</value>
        <value>138</value>
        <value>132</value>
        <value>128</value>
        <value>92</value>
        <value>76</value>
        <value>63</value>
        <value>62</value>
      </values>
      <score>151.0</score>
    </agent>
    <agent>
      <ID>21</ID>
      <userName>zi11</userName>
      <strategy>ZI</strategy>
      <values>
        <value>204</value>
        <value>194</value>
        <value>192</value>
        <value>154</value>
        <value>136</value>
        <value>132</value>
        <value>110</value>
        <value>94</value>
        <value>90</value>
        <value>85</value>
      </values>
      <score>144.6</score>
    </agent>
    <agent>
      <ID>20</ID>
      <userName>zi10</userName>
      <strategy>ZI</strategy>
      <values>
        <value>239</value>
        <value>231</value>
        <value>228</value>
        <value>223</value>
        <value>209</value>
        <value>200</value>
        <value>184</value>
        <value>165</value>
        <value>131</value>
        <value>88</value>
      </values>
      <score>359.6</score>
    </agent>
    <agent>
      <ID>22</ID>
      <userName>zi12</userName>
      <strategy>ZI</strategy>
      <values>
        <value>250</value>
        <value>235</value>
        <value>208</value>
        <value>205</value>
        <value>178</value>
        <value>116</value>
        <value>113</value>
        <value>105</value>
        <value>71</value>
        <value>63</value>
      </values>
      <score>287.4</score>
    </agent>
  </scores>
</results>

