<results>
  <transactions>
    <repetition>
      <id>1</id>
      <transaction>
        <timestamp>1333597869160</timestamp>
        <buyerID>33</buyerID>
        <sellerID>114</sellerID>
        <price>76</price>
      </transaction>
      <transaction>
        <timestamp>1333597870065</timestamp>
        <buyerID>115</buyerID>
        <sellerID>32</sellerID>
        <price>96</price>
      </transaction>
      <transaction>
        <timestamp>1333597870505</timestamp>
        <buyerID>116</buyerID>
        <sellerID>111</sellerID>
        <price>96</price>
      </transaction>
      <transaction>
        <timestamp>1333597870940</timestamp>
        <buyerID>116</buyerID>
        <sellerID>112</sellerID>
        <price>96</price>
      </transaction>
      <transaction>
        <timestamp>1333597871210</timestamp>
        <buyerID>34</buyerID>
        <sellerID>31</sellerID>
        <price>94</price>
      </transaction>
      <transaction>
        <timestamp>1333597871429</timestamp>
        <buyerID>34</buyerID>
        <sellerID>113</sellerID>
        <price>96</price>
      </transaction>
      <transaction>
        <timestamp>1333597871460</timestamp>
        <buyerID>33</buyerID>
        <sellerID>32</sellerID>
        <price>104</price>
      </transaction>
      <transaction>
        <timestamp>1333597871706</timestamp>
        <buyerID>33</buyerID>
        <sellerID>31</sellerID>
        <price>106</price>
      </transaction>
      <transaction>
        <timestamp>1333597875020</timestamp>
        <buyerID>34</buyerID>
        <sellerID>31</sellerID>
        <price>107</price>
      </transaction>
      <transaction>
        <timestamp>1333597875052</timestamp>
        <buyerID>33</buyerID>
        <sellerID>112</sellerID>
        <price>109</price>
      </transaction>
      <transaction>
        <timestamp>1333597875864</timestamp>
        <buyerID>33</buyerID>
        <sellerID>111</sellerID>
        <price>109</price>
      </transaction>
      <transaction>
        <timestamp>1333597876204</timestamp>
        <buyerID>115</buyerID>
        <sellerID>32</sellerID>
        <price>126</price>
      </transaction>
      <transaction>
        <timestamp>1333597877481</timestamp>
        <buyerID>33</buyerID>
        <sellerID>31</sellerID>
        <price>133</price>
      </transaction>
      <transaction>
        <timestamp>1333597879459</timestamp>
        <buyerID>33</buyerID>
        <sellerID>112</sellerID>
        <price>140</price>
      </transaction>
      <transaction>
        <timestamp>1333597880362</timestamp>
        <buyerID>116</buyerID>
        <sellerID>112</sellerID>
        <price>137</price>
      </transaction>
      <transaction>
        <timestamp>1333597880506</timestamp>
        <buyerID>33</buyerID>
        <sellerID>111</sellerID>
        <price>138</price>
      </transaction>
      <transaction>
        <timestamp>1333597881316</timestamp>
        <buyerID>115</buyerID>
        <sellerID>114</sellerID>
        <price>138</price>
      </transaction>
      <transaction>
        <timestamp>1333597881776</timestamp>
        <buyerID>116</buyerID>
        <sellerID>112</sellerID>
        <price>138</price>
      </transaction>
      <transaction>
        <timestamp>1333597882106</timestamp>
        <buyerID>115</buyerID>
        <sellerID>111</sellerID>
        <price>138</price>
      </transaction>
      <transaction>
        <timestamp>1333597882767</timestamp>
        <buyerID>115</buyerID>
        <sellerID>114</sellerID>
        <price>141</price>
      </transaction>
      <transaction>
        <timestamp>1333597883183</timestamp>
        <buyerID>116</buyerID>
        <sellerID>112</sellerID>
        <price>141</price>
      </transaction>
      <transaction>
        <timestamp>1333597883322</timestamp>
        <buyerID>115</buyerID>
        <sellerID>111</sellerID>
        <price>141</price>
      </transaction>
      <transaction>
        <timestamp>1333597883629</timestamp>
        <buyerID>117</buyerID>
        <sellerID>31</sellerID>
        <price>142</price>
      </transaction>
      <transaction>
        <timestamp>1333597886514</timestamp>
        <buyerID>117</buyerID>
        <sellerID>32</sellerID>
        <price>146</price>
      </transaction>
      <transaction>
        <timestamp>1333597889164</timestamp>
        <buyerID>117</buyerID>
        <sellerID>114</sellerID>
        <price>151</price>
      </transaction>
      <transaction>
        <timestamp>1333597893951</timestamp>
        <buyerID>118</buyerID>
        <sellerID>114</sellerID>
        <price>156</price>
      </transaction>
      <transaction>
        <timestamp>1333597973169</timestamp>
        <buyerID>118</buyerID>
        <sellerID>71</sellerID>
        <price>156</price>
      </transaction>
      <transaction>
        <timestamp>1333597974080</timestamp>
        <buyerID>115</buyerID>
        <sellerID>71</sellerID>
        <price>145</price>
      </transaction>
      <transaction>
        <timestamp>1333597974732</timestamp>
        <buyerID>118</buyerID>
        <sellerID>71</sellerID>
        <price>144</price>
      </transaction>
      <transaction>
        <timestamp>1333597975380</timestamp>
        <buyerID>118</buyerID>
        <sellerID>71</sellerID>
        <price>144</price>
      </transaction>
      <transaction>
        <timestamp>1333597976245</timestamp>
        <buyerID>73</buyerID>
        <sellerID>32</sellerID>
        <price>161</price>
      </transaction>
      <transaction>
        <timestamp>1333597976360</timestamp>
        <buyerID>117</buyerID>
        <sellerID>71</sellerID>
        <price>142</price>
      </transaction>
      <transaction>
        <timestamp>1333597976977</timestamp>
        <buyerID>73</buyerID>
        <sellerID>31</sellerID>
        <price>172</price>
      </transaction>
      <transaction>
        <timestamp>1333597977703</timestamp>
        <buyerID>73</buyerID>
        <sellerID>113</sellerID>
        <price>175</price>
      </transaction>
      <transaction>
        <timestamp>1333597977746</timestamp>
        <buyerID>74</buyerID>
        <sellerID>112</sellerID>
        <price>177</price>
      </transaction>
      <transaction>
        <timestamp>1333597982295</timestamp>
        <buyerID>118</buyerID>
        <sellerID>72</sellerID>
        <price>142</price>
      </transaction>
      <transaction>
        <timestamp>1333597983003</timestamp>
        <buyerID>116</buyerID>
        <sellerID>72</sellerID>
        <price>132</price>
      </transaction>
      <transaction>
        <timestamp>1333597983713</timestamp>
        <buyerID>117</buyerID>
        <sellerID>72</sellerID>
        <price>124</price>
      </transaction>
      <transaction>
        <timestamp>1333597984495</timestamp>
        <buyerID>115</buyerID>
        <sellerID>72</sellerID>
        <price>120</price>
      </transaction>
    </repetition>
    <repetition>
      <id>2</id>
      <transaction>
        <timestamp>1333597995494</timestamp>
        <buyerID>116</buyerID>
        <sellerID>111</sellerID>
        <price>75</price>
      </transaction>
      <transaction>
        <timestamp>1333597996110</timestamp>
        <buyerID>115</buyerID>
        <sellerID>114</sellerID>
        <price>76</price>
      </transaction>
      <transaction>
        <timestamp>1333597996347</timestamp>
        <buyerID>34</buyerID>
        <sellerID>112</sellerID>
        <price>150</price>
      </transaction>
      <transaction>
        <timestamp>1333597997027</timestamp>
        <buyerID>33</buyerID>
        <sellerID>32</sellerID>
        <price>125</price>
      </transaction>
      <transaction>
        <timestamp>1333597997050</timestamp>
        <buyerID>33</buyerID>
        <sellerID>113</sellerID>
        <price>150</price>
      </transaction>
      <transaction>
        <timestamp>1333597997314</timestamp>
        <buyerID>34</buyerID>
        <sellerID>31</sellerID>
        <price>125</price>
      </transaction>
      <transaction>
        <timestamp>1333597998230</timestamp>
        <buyerID>34</buyerID>
        <sellerID>31</sellerID>
        <price>128</price>
      </transaction>
      <transaction>
        <timestamp>1333597998833</timestamp>
        <buyerID>33</buyerID>
        <sellerID>32</sellerID>
        <price>124</price>
      </transaction>
      <transaction>
        <timestamp>1333597998836</timestamp>
        <buyerID>33</buyerID>
        <sellerID>112</sellerID>
        <price>141</price>
      </transaction>
      <transaction>
        <timestamp>1333598000110</timestamp>
        <buyerID>116</buyerID>
        <sellerID>71</sellerID>
        <price>125</price>
      </transaction>
      <transaction>
        <timestamp>1333598000119</timestamp>
        <buyerID>74</buyerID>
        <sellerID>31</sellerID>
        <price>126</price>
      </transaction>
      <transaction>
        <timestamp>1333598000535</timestamp>
        <buyerID>117</buyerID>
        <sellerID>32</sellerID>
        <price>126</price>
      </transaction>
      <transaction>
        <timestamp>1333598000553</timestamp>
        <buyerID>33</buyerID>
        <sellerID>72</sellerID>
        <price>126</price>
      </transaction>
      <transaction>
        <timestamp>1333598000561</timestamp>
        <buyerID>73</buyerID>
        <sellerID>114</sellerID>
        <price>128</price>
      </transaction>
      <transaction>
        <timestamp>1333598000569</timestamp>
        <buyerID>33</buyerID>
        <sellerID>112</sellerID>
        <price>128</price>
      </transaction>
      <transaction>
        <timestamp>1333598000576</timestamp>
        <buyerID>118</buyerID>
        <sellerID>72</sellerID>
        <price>125</price>
      </transaction>
      <transaction>
        <timestamp>1333598001640</timestamp>
        <buyerID>116</buyerID>
        <sellerID>111</sellerID>
        <price>128</price>
      </transaction>
      <transaction>
        <timestamp>1333598001796</timestamp>
        <buyerID>115</buyerID>
        <sellerID>31</sellerID>
        <price>127</price>
      </transaction>
      <transaction>
        <timestamp>1333598001808</timestamp>
        <buyerID>74</buyerID>
        <sellerID>112</sellerID>
        <price>129</price>
      </transaction>
      <transaction>
        <timestamp>1333598002271</timestamp>
        <buyerID>117</buyerID>
        <sellerID>72</sellerID>
        <price>127</price>
      </transaction>
      <transaction>
        <timestamp>1333598002281</timestamp>
        <buyerID>33</buyerID>
        <sellerID>114</sellerID>
        <price>129</price>
      </transaction>
      <transaction>
        <timestamp>1333598002306</timestamp>
        <buyerID>33</buyerID>
        <sellerID>32</sellerID>
        <price>146</price>
      </transaction>
      <transaction>
        <timestamp>1333598003214</timestamp>
        <buyerID>116</buyerID>
        <sellerID>112</sellerID>
        <price>153</price>
      </transaction>
      <transaction>
        <timestamp>1333598003231</timestamp>
        <buyerID>115</buyerID>
        <sellerID>31</sellerID>
        <price>152</price>
      </transaction>
      <transaction>
        <timestamp>1333598003577</timestamp>
        <buyerID>118</buyerID>
        <sellerID>72</sellerID>
        <price>151</price>
      </transaction>
      <transaction>
        <timestamp>1333598003587</timestamp>
        <buyerID>73</buyerID>
        <sellerID>71</sellerID>
        <price>153</price>
      </transaction>
      <transaction>
        <timestamp>1333598003596</timestamp>
        <buyerID>117</buyerID>
        <sellerID>72</sellerID>
        <price>151</price>
      </transaction>
      <transaction>
        <timestamp>1333598003803</timestamp>
        <buyerID>117</buyerID>
        <sellerID>71</sellerID>
        <price>150</price>
      </transaction>
      <transaction>
        <timestamp>1333598008262</timestamp>
        <buyerID>116</buyerID>
        <sellerID>71</sellerID>
        <price>145</price>
      </transaction>
      <transaction>
        <timestamp>1333598008495</timestamp>
        <buyerID>73</buyerID>
        <sellerID>111</sellerID>
        <price>149</price>
      </transaction>
      <transaction>
        <timestamp>1333598008722</timestamp>
        <buyerID>118</buyerID>
        <sellerID>71</sellerID>
        <price>145</price>
      </transaction>
      <transaction>
        <timestamp>1333598009565</timestamp>
        <buyerID>73</buyerID>
        <sellerID>112</sellerID>
        <price>147</price>
      </transaction>
      <transaction>
        <timestamp>1333598011162</timestamp>
        <buyerID>115</buyerID>
        <sellerID>111</sellerID>
        <price>147</price>
      </transaction>
      <transaction>
        <timestamp>1333598011893</timestamp>
        <buyerID>115</buyerID>
        <sellerID>114</sellerID>
        <price>147</price>
      </transaction>
      <transaction>
        <timestamp>1333598014485</timestamp>
        <buyerID>115</buyerID>
        <sellerID>111</sellerID>
        <price>149</price>
      </transaction>
    </repetition>
    <repetition>
      <id>3</id>
      <transaction>
        <timestamp>1333598123139</timestamp>
        <buyerID>117</buyerID>
        <sellerID>114</sellerID>
        <price>154</price>
      </transaction>
      <transaction>
        <timestamp>1333598123355</timestamp>
        <buyerID>115</buyerID>
        <sellerID>31</sellerID>
        <price>154</price>
      </transaction>
      <transaction>
        <timestamp>1333598124410</timestamp>
        <buyerID>33</buyerID>
        <sellerID>111</sellerID>
        <price>126</price>
      </transaction>
      <transaction>
        <timestamp>1333598124437</timestamp>
        <buyerID>34</buyerID>
        <sellerID>113</sellerID>
        <price>127</price>
      </transaction>
      <transaction>
        <timestamp>1333598124670</timestamp>
        <buyerID>116</buyerID>
        <sellerID>32</sellerID>
        <price>126</price>
      </transaction>
      <transaction>
        <timestamp>1333598124703</timestamp>
        <buyerID>118</buyerID>
        <sellerID>32</sellerID>
        <price>120</price>
      </transaction>
      <transaction>
        <timestamp>1333598125086</timestamp>
        <buyerID>34</buyerID>
        <sellerID>72</sellerID>
        <price>124</price>
      </transaction>
      <transaction>
        <timestamp>1333598125620</timestamp>
        <buyerID>117</buyerID>
        <sellerID>31</sellerID>
        <price>108</price>
      </transaction>
      <transaction>
        <timestamp>1333598126315</timestamp>
        <buyerID>118</buyerID>
        <sellerID>72</sellerID>
        <price>108</price>
      </transaction>
      <transaction>
        <timestamp>1333598126509</timestamp>
        <buyerID>33</buyerID>
        <sellerID>31</sellerID>
        <price>109</price>
      </transaction>
      <transaction>
        <timestamp>1333598126691</timestamp>
        <buyerID>74</buyerID>
        <sellerID>112</sellerID>
        <price>109</price>
      </transaction>
      <transaction>
        <timestamp>1333598126850</timestamp>
        <buyerID>116</buyerID>
        <sellerID>111</sellerID>
        <price>109</price>
      </transaction>
      <transaction>
        <timestamp>1333598126865</timestamp>
        <buyerID>34</buyerID>
        <sellerID>114</sellerID>
        <price>123</price>
      </transaction>
      <transaction>
        <timestamp>1333598126874</timestamp>
        <buyerID>33</buyerID>
        <sellerID>71</sellerID>
        <price>124</price>
      </transaction>
      <transaction>
        <timestamp>1333598128170</timestamp>
        <buyerID>118</buyerID>
        <sellerID>72</sellerID>
        <price>113</price>
      </transaction>
      <transaction>
        <timestamp>1333598128654</timestamp>
        <buyerID>33</buyerID>
        <sellerID>31</sellerID>
        <price>122</price>
      </transaction>
      <transaction>
        <timestamp>1333598129549</timestamp>
        <buyerID>33</buyerID>
        <sellerID>111</sellerID>
        <price>122</price>
      </transaction>
      <transaction>
        <timestamp>1333598129553</timestamp>
        <buyerID>33</buyerID>
        <sellerID>32</sellerID>
        <price>126</price>
      </transaction>
      <transaction>
        <timestamp>1333598130086</timestamp>
        <buyerID>33</buyerID>
        <sellerID>112</sellerID>
        <price>141</price>
      </transaction>
      <transaction>
        <timestamp>1333598131144</timestamp>
        <buyerID>33</buyerID>
        <sellerID>111</sellerID>
        <price>142</price>
      </transaction>
      <transaction>
        <timestamp>1333598132281</timestamp>
        <buyerID>117</buyerID>
        <sellerID>72</sellerID>
        <price>134</price>
      </transaction>
      <transaction>
        <timestamp>1333598133583</timestamp>
        <buyerID>73</buyerID>
        <sellerID>114</sellerID>
        <price>139</price>
      </transaction>
      <transaction>
        <timestamp>1333598133599</timestamp>
        <buyerID>115</buyerID>
        <sellerID>71</sellerID>
        <price>138</price>
      </transaction>
      <transaction>
        <timestamp>1333598133756</timestamp>
        <buyerID>74</buyerID>
        <sellerID>112</sellerID>
        <price>140</price>
      </transaction>
      <transaction>
        <timestamp>1333598133884</timestamp>
        <buyerID>116</buyerID>
        <sellerID>111</sellerID>
        <price>141</price>
      </transaction>
      <transaction>
        <timestamp>1333598134437</timestamp>
        <buyerID>73</buyerID>
        <sellerID>31</sellerID>
        <price>142</price>
      </transaction>
      <transaction>
        <timestamp>1333598134457</timestamp>
        <buyerID>118</buyerID>
        <sellerID>71</sellerID>
        <price>141</price>
      </transaction>
      <transaction>
        <timestamp>1333598134715</timestamp>
        <buyerID>117</buyerID>
        <sellerID>71</sellerID>
        <price>141</price>
      </transaction>
      <transaction>
        <timestamp>1333598135266</timestamp>
        <buyerID>73</buyerID>
        <sellerID>112</sellerID>
        <price>140</price>
      </transaction>
      <transaction>
        <timestamp>1333598135475</timestamp>
        <buyerID>115</buyerID>
        <sellerID>71</sellerID>
        <price>136</price>
      </transaction>
      <transaction>
        <timestamp>1333598135990</timestamp>
        <buyerID>73</buyerID>
        <sellerID>112</sellerID>
        <price>140</price>
      </transaction>
      <transaction>
        <timestamp>1333598137449</timestamp>
        <buyerID>116</buyerID>
        <sellerID>112</sellerID>
        <price>141</price>
      </transaction>
      <transaction>
        <timestamp>1333598142886</timestamp>
        <buyerID>115</buyerID>
        <sellerID>32</sellerID>
        <price>146</price>
      </transaction>
      <transaction>
        <timestamp>1333598143207</timestamp>
        <buyerID>116</buyerID>
        <sellerID>114</sellerID>
        <price>146</price>
      </transaction>
      <transaction>
        <timestamp>1333598153111</timestamp>
        <buyerID>115</buyerID>
        <sellerID>72</sellerID>
        <price>154</price>
      </transaction>
    </repetition>
    <repetition>
      <id>4</id>
      <transaction>
        <timestamp>1333598250449</timestamp>
        <buyerID>115</buyerID>
        <sellerID>31</sellerID>
        <price>155</price>
      </transaction>
      <transaction>
        <timestamp>1333598250797</timestamp>
        <buyerID>116</buyerID>
        <sellerID>114</sellerID>
        <price>155</price>
      </transaction>
      <transaction>
        <timestamp>1333598251013</timestamp>
        <buyerID>117</buyerID>
        <sellerID>32</sellerID>
        <price>115</price>
      </transaction>
      <transaction>
        <timestamp>1333598251249</timestamp>
        <buyerID>33</buyerID>
        <sellerID>111</sellerID>
        <price>153</price>
      </transaction>
      <transaction>
        <timestamp>1333598251958</timestamp>
        <buyerID>34</buyerID>
        <sellerID>112</sellerID>
        <price>152</price>
      </transaction>
      <transaction>
        <timestamp>1333598252428</timestamp>
        <buyerID>33</buyerID>
        <sellerID>113</sellerID>
        <price>151</price>
      </transaction>
      <transaction>
        <timestamp>1333598253331</timestamp>
        <buyerID>73</buyerID>
        <sellerID>31</sellerID>
        <price>112</price>
      </transaction>
      <transaction>
        <timestamp>1333598253832</timestamp>
        <buyerID>117</buyerID>
        <sellerID>32</sellerID>
        <price>113</price>
      </transaction>
      <transaction>
        <timestamp>1333598254324</timestamp>
        <buyerID>115</buyerID>
        <sellerID>72</sellerID>
        <price>112</price>
      </transaction>
      <transaction>
        <timestamp>1333598254335</timestamp>
        <buyerID>74</buyerID>
        <sellerID>114</sellerID>
        <price>116</price>
      </transaction>
      <transaction>
        <timestamp>1333598254346</timestamp>
        <buyerID>33</buyerID>
        <sellerID>111</sellerID>
        <price>116</price>
      </transaction>
      <transaction>
        <timestamp>1333598254921</timestamp>
        <buyerID>33</buyerID>
        <sellerID>72</sellerID>
        <price>142</price>
      </transaction>
      <transaction>
        <timestamp>1333598255100</timestamp>
        <buyerID>73</buyerID>
        <sellerID>32</sellerID>
        <price>136</price>
      </transaction>
      <transaction>
        <timestamp>1333598255111</timestamp>
        <buyerID>34</buyerID>
        <sellerID>31</sellerID>
        <price>131</price>
      </transaction>
      <transaction>
        <timestamp>1333598256154</timestamp>
        <buyerID>34</buyerID>
        <sellerID>111</sellerID>
        <price>142</price>
      </transaction>
      <transaction>
        <timestamp>1333598256342</timestamp>
        <buyerID>33</buyerID>
        <sellerID>112</sellerID>
        <price>143</price>
      </transaction>
      <transaction>
        <timestamp>1333598256351</timestamp>
        <buyerID>74</buyerID>
        <sellerID>72</sellerID>
        <price>143</price>
      </transaction>
      <transaction>
        <timestamp>1333598256491</timestamp>
        <buyerID>73</buyerID>
        <sellerID>111</sellerID>
        <price>143</price>
      </transaction>
      <transaction>
        <timestamp>1333598256505</timestamp>
        <buyerID>118</buyerID>
        <sellerID>31</sellerID>
        <price>138</price>
      </transaction>
      <transaction>
        <timestamp>1333598257532</timestamp>
        <buyerID>117</buyerID>
        <sellerID>72</sellerID>
        <price>140</price>
      </transaction>
      <transaction>
        <timestamp>1333598257831</timestamp>
        <buyerID>33</buyerID>
        <sellerID>112</sellerID>
        <price>142</price>
      </transaction>
      <transaction>
        <timestamp>1333598257856</timestamp>
        <buyerID>115</buyerID>
        <sellerID>71</sellerID>
        <price>139</price>
      </transaction>
      <transaction>
        <timestamp>1333598257869</timestamp>
        <buyerID>33</buyerID>
        <sellerID>114</sellerID>
        <price>143</price>
      </transaction>
      <transaction>
        <timestamp>1333598258663</timestamp>
        <buyerID>33</buyerID>
        <sellerID>71</sellerID>
        <price>142</price>
      </transaction>
      <transaction>
        <timestamp>1333598259029</timestamp>
        <buyerID>118</buyerID>
        <sellerID>71</sellerID>
        <price>141</price>
      </transaction>
      <transaction>
        <timestamp>1333598259166</timestamp>
        <buyerID>73</buyerID>
        <sellerID>112</sellerID>
        <price>142</price>
      </transaction>
      <transaction>
        <timestamp>1333598259471</timestamp>
        <buyerID>115</buyerID>
        <sellerID>111</sellerID>
        <price>142</price>
      </transaction>
      <transaction>
        <timestamp>1333598259680</timestamp>
        <buyerID>116</buyerID>
        <sellerID>71</sellerID>
        <price>141</price>
      </transaction>
      <transaction>
        <timestamp>1333598260243</timestamp>
        <buyerID>117</buyerID>
        <sellerID>71</sellerID>
        <price>141</price>
      </transaction>
      <transaction>
        <timestamp>1333598261481</timestamp>
        <buyerID>115</buyerID>
        <sellerID>31</sellerID>
        <price>142</price>
      </transaction>
      <transaction>
        <timestamp>1333598261547</timestamp>
        <buyerID>115</buyerID>
        <sellerID>112</sellerID>
        <price>142</price>
      </transaction>
      <transaction>
        <timestamp>1333598262257</timestamp>
        <buyerID>116</buyerID>
        <sellerID>112</sellerID>
        <price>144</price>
      </transaction>
      <transaction>
        <timestamp>1333598265042</timestamp>
        <buyerID>116</buyerID>
        <sellerID>32</sellerID>
        <price>146</price>
      </transaction>
      <transaction>
        <timestamp>1333598369111</timestamp>
        <buyerID>118</buyerID>
        <sellerID>114</sellerID>
        <price>146</price>
      </transaction>
      <transaction>
        <timestamp>1333598369942</timestamp>
        <buyerID>116</buyerID>
        <sellerID>72</sellerID>
        <price>146</price>
      </transaction>
    </repetition>
    <repetition>
      <id>5</id>
      <transaction>
        <timestamp>1333598377951</timestamp>
        <buyerID>115</buyerID>
        <sellerID>114</sellerID>
        <price>156</price>
      </transaction>
      <transaction>
        <timestamp>1333598378222</timestamp>
        <buyerID>34</buyerID>
        <sellerID>31</sellerID>
        <price>100</price>
      </transaction>
      <transaction>
        <timestamp>1333598378440</timestamp>
        <buyerID>116</buyerID>
        <sellerID>113</sellerID>
        <price>111</price>
      </transaction>
      <transaction>
        <timestamp>1333598378661</timestamp>
        <buyerID>118</buyerID>
        <sellerID>32</sellerID>
        <price>113</price>
      </transaction>
      <transaction>
        <timestamp>1333598379103</timestamp>
        <buyerID>33</buyerID>
        <sellerID>112</sellerID>
        <price>155</price>
      </transaction>
      <transaction>
        <timestamp>1333598379351</timestamp>
        <buyerID>33</buyerID>
        <sellerID>111</sellerID>
        <price>155</price>
      </transaction>
      <transaction>
        <timestamp>1333598379776</timestamp>
        <buyerID>34</buyerID>
        <sellerID>114</sellerID>
        <price>163</price>
      </transaction>
      <transaction>
        <timestamp>1333598381951</timestamp>
        <buyerID>34</buyerID>
        <sellerID>31</sellerID>
        <price>127</price>
      </transaction>
      <transaction>
        <timestamp>1333598382392</timestamp>
        <buyerID>117</buyerID>
        <sellerID>32</sellerID>
        <price>147</price>
      </transaction>
      <transaction>
        <timestamp>1333598382620</timestamp>
        <buyerID>33</buyerID>
        <sellerID>112</sellerID>
        <price>154</price>
      </transaction>
      <transaction>
        <timestamp>1333598382632</timestamp>
        <buyerID>33</buyerID>
        <sellerID>114</sellerID>
        <price>155</price>
      </transaction>
      <transaction>
        <timestamp>1333598382830</timestamp>
        <buyerID>33</buyerID>
        <sellerID>111</sellerID>
        <price>189</price>
      </transaction>
      <transaction>
        <timestamp>1333598383016</timestamp>
        <buyerID>33</buyerID>
        <sellerID>112</sellerID>
        <price>172</price>
      </transaction>
      <transaction>
        <timestamp>1333598383206</timestamp>
        <buyerID>118</buyerID>
        <sellerID>71</sellerID>
        <price>156</price>
      </transaction>
      <transaction>
        <timestamp>1333598383529</timestamp>
        <buyerID>115</buyerID>
        <sellerID>31</sellerID>
        <price>148</price>
      </transaction>
      <transaction>
        <timestamp>1333598383552</timestamp>
        <buyerID>33</buyerID>
        <sellerID>114</sellerID>
        <price>148</price>
      </transaction>
      <transaction>
        <timestamp>1333598383651</timestamp>
        <buyerID>73</buyerID>
        <sellerID>31</sellerID>
        <price>147</price>
      </transaction>
      <transaction>
        <timestamp>1333598383917</timestamp>
        <buyerID>116</buyerID>
        <sellerID>32</sellerID>
        <price>148</price>
      </transaction>
      <transaction>
        <timestamp>1333598384356</timestamp>
        <buyerID>117</buyerID>
        <sellerID>72</sellerID>
        <price>144</price>
      </transaction>
      <transaction>
        <timestamp>1333598385276</timestamp>
        <buyerID>115</buyerID>
        <sellerID>31</sellerID>
        <price>142</price>
      </transaction>
      <transaction>
        <timestamp>1333598385736</timestamp>
        <buyerID>73</buyerID>
        <sellerID>32</sellerID>
        <price>148</price>
      </transaction>
      <transaction>
        <timestamp>1333598385852</timestamp>
        <buyerID>117</buyerID>
        <sellerID>72</sellerID>
        <price>143</price>
      </transaction>
      <transaction>
        <timestamp>1333598386052</timestamp>
        <buyerID>33</buyerID>
        <sellerID>111</sellerID>
        <price>149</price>
      </transaction>
      <transaction>
        <timestamp>1333598386068</timestamp>
        <buyerID>74</buyerID>
        <sellerID>112</sellerID>
        <price>150</price>
      </transaction>
      <transaction>
        <timestamp>1333598386956</timestamp>
        <buyerID>73</buyerID>
        <sellerID>111</sellerID>
        <price>149</price>
      </transaction>
      <transaction>
        <timestamp>1333598387067</timestamp>
        <buyerID>116</buyerID>
        <sellerID>71</sellerID>
        <price>145</price>
      </transaction>
      <transaction>
        <timestamp>1333598387428</timestamp>
        <buyerID>117</buyerID>
        <sellerID>71</sellerID>
        <price>145</price>
      </transaction>
      <transaction>
        <timestamp>1333598387885</timestamp>
        <buyerID>118</buyerID>
        <sellerID>72</sellerID>
        <price>145</price>
      </transaction>
      <transaction>
        <timestamp>1333598388022</timestamp>
        <buyerID>73</buyerID>
        <sellerID>112</sellerID>
        <price>149</price>
      </transaction>
      <transaction>
        <timestamp>1333598388171</timestamp>
        <buyerID>115</buyerID>
        <sellerID>71</sellerID>
        <price>145</price>
      </transaction>
      <transaction>
        <timestamp>1333598388499</timestamp>
        <buyerID>116</buyerID>
        <sellerID>71</sellerID>
        <price>145</price>
      </transaction>
      <transaction>
        <timestamp>1333598388757</timestamp>
        <buyerID>118</buyerID>
        <sellerID>112</sellerID>
        <price>145</price>
      </transaction>
      <transaction>
        <timestamp>1333598388779</timestamp>
        <buyerID>116</buyerID>
        <sellerID>72</sellerID>
        <price>140</price>
      </transaction>
      <transaction>
        <timestamp>1333598389610</timestamp>
        <buyerID>74</buyerID>
        <sellerID>111</sellerID>
        <price>145</price>
      </transaction>
      <transaction>
        <timestamp>1333598492186</timestamp>
        <buyerID>115</buyerID>
        <sellerID>72</sellerID>
        <price>149</price>
      </transaction>
    </repetition>
  </transactions>
  <scores>
    <agent>
      <ID>34</ID>
      <userName>zibtq4</userName>
      <strategy>ZIBTQ</strategy>
      <values>
        <value>206</value>
        <value>170</value>
        <value>167</value>
        <value>107</value>
        <value>105</value>
        <value>91</value>
        <value>88</value>
        <value>81</value>
        <value>72</value>
        <value>63</value>
      </values>
      <score>165.2</score>
    </agent>
    <agent>
      <ID>32</ID>
      <userName>zibtq2</userName>
      <strategy>ZIBTQ</strategy>
      <values>
        <value>62</value>
        <value>104</value>
        <value>126</value>
        <value>146</value>
        <value>161</value>
        <value>209</value>
        <value>211</value>
        <value>219</value>
        <value>222</value>
        <value>248</value>
      </values>
      <score>77.4</score>
    </agent>
    <agent>
      <ID>33</ID>
      <userName>zibtq3</userName>
      <strategy>ZIBTQ</strategy>
      <values>
        <value>250</value>
        <value>235</value>
        <value>232</value>
        <value>219</value>
        <value>201</value>
        <value>191</value>
        <value>183</value>
        <value>162</value>
        <value>88</value>
        <value>71</value>
      </values>
      <score>592.0</score>
    </agent>
    <agent>
      <ID>71</ID>
      <userName>kaplan1</userName>
      <strategy>KAPLAN</strategy>
      <values>
        <value>78</value>
        <value>85</value>
        <value>90</value>
        <value>96</value>
        <value>116</value>
        <value>179</value>
        <value>207</value>
        <value>208</value>
        <value>224</value>
        <value>234</value>
      </values>
      <score>248.8</score>
    </agent>
    <agent>
      <ID>111</ID>
      <userName>gdx1</userName>
      <strategy>GDX</strategy>
      <values>
        <value>72</value>
        <value>85</value>
        <value>112</value>
        <value>118</value>
        <value>129</value>
        <value>175</value>
        <value>189</value>
        <value>189</value>
        <value>211</value>
        <value>245</value>
      </values>
      <score>162.6</score>
    </agent>
    <agent>
      <ID>72</ID>
      <userName>kaplan2</userName>
      <strategy>KAPLAN</strategy>
      <values>
        <value>64</value>
        <value>71</value>
        <value>73</value>
        <value>107</value>
        <value>146</value>
        <value>184</value>
        <value>187</value>
        <value>205</value>
        <value>209</value>
        <value>239</value>
      </values>
      <score>215.2</score>
    </agent>
    <agent>
      <ID>73</ID>
      <userName>kaplan3</userName>
      <strategy>KAPLAN</strategy>
      <values>
        <value>231</value>
        <value>224</value>
        <value>222</value>
        <value>167</value>
        <value>128</value>
        <value>124</value>
        <value>115</value>
        <value>106</value>
        <value>100</value>
        <value>83</value>
      </values>
      <score>256.2</score>
    </agent>
    <agent>
      <ID>74</ID>
      <userName>kaplan4</userName>
      <strategy>KAPLAN</strategy>
      <values>
        <value>211</value>
        <value>153</value>
        <value>144</value>
        <value>137</value>
        <value>134</value>
        <value>110</value>
        <value>95</value>
        <value>90</value>
        <value>89</value>
        <value>72</value>
      </values>
      <score>86.4</score>
    </agent>
    <agent>
      <ID>118</ID>
      <userName>gdx8</userName>
      <strategy>GDX</strategy>
      <values>
        <value>260</value>
        <value>204</value>
        <value>174</value>
        <value>157</value>
        <value>155</value>
        <value>134</value>
        <value>111</value>
        <value>109</value>
        <value>106</value>
        <value>106</value>
      </values>
      <score>237.4</score>
    </agent>
    <agent>
      <ID>117</ID>
      <userName>gdx7</userName>
      <strategy>GDX</strategy>
      <values>
        <value>252</value>
        <value>236</value>
        <value>200</value>
        <value>179</value>
        <value>134</value>
        <value>129</value>
        <value>120</value>
        <value>110</value>
        <value>106</value>
        <value>90</value>
      </values>
      <score>317.0</score>
    </agent>
    <agent>
      <ID>116</ID>
      <userName>gdx6</userName>
      <strategy>GDX</strategy>
      <values>
        <value>257</value>
        <value>224</value>
        <value>217</value>
        <value>217</value>
        <value>208</value>
        <value>134</value>
        <value>128</value>
        <value>91</value>
        <value>80</value>
        <value>67</value>
      </values>
      <score>459.8</score>
    </agent>
    <agent>
      <ID>115</ID>
      <userName>gdx5</userName>
      <strategy>GDX</strategy>
      <values>
        <value>253</value>
        <value>252</value>
        <value>246</value>
        <value>196</value>
        <value>191</value>
        <value>189</value>
        <value>187</value>
        <value>127</value>
        <value>87</value>
        <value>70</value>
      </values>
      <score>485.6</score>
    </agent>
    <agent>
      <ID>114</ID>
      <userName>gdx4</userName>
      <strategy>GDX</strategy>
      <values>
        <value>73</value>
        <value>96</value>
        <value>110</value>
        <value>145</value>
        <value>155</value>
        <value>188</value>
        <value>199</value>
        <value>204</value>
        <value>236</value>
        <value>254</value>
      </values>
      <score>122.2</score>
    </agent>
    <agent>
      <ID>113</ID>
      <userName>gdx3</userName>
      <strategy>GDX</strategy>
      <values>
        <value>66</value>
        <value>168</value>
        <value>191</value>
        <value>203</value>
        <value>204</value>
        <value>206</value>
        <value>222</value>
        <value>224</value>
        <value>232</value>
        <value>238</value>
      </values>
      <score>62.4</score>
    </agent>
    <agent>
      <ID>112</ID>
      <userName>gdx2</userName>
      <strategy>GDX</strategy>
      <values>
        <value>70</value>
        <value>87</value>
        <value>116</value>
        <value>117</value>
        <value>121</value>
        <value>121</value>
        <value>159</value>
        <value>173</value>
        <value>208</value>
        <value>226</value>
      </values>
      <score>213.6</score>
    </agent>
    <agent>
      <ID>31</ID>
      <userName>zibtq1</userName>
      <strategy>ZIBTQ</strategy>
      <values>
        <value>78</value>
        <value>106</value>
        <value>107</value>
        <value>122</value>
        <value>142</value>
        <value>172</value>
        <value>191</value>
        <value>218</value>
        <value>241</value>
        <value>251</value>
      </values>
      <score>88.4</score>
    </agent>
  </scores>
</results>

