<results>
  <transactions>
    <repetition>
      <id>1</id>
      <transaction>
        <timestamp>1333599164339</timestamp>
        <buyerID>34</buyerID>
        <sellerID>112</sellerID>
        <price>179</price>
      </transaction>
      <transaction>
        <timestamp>1333599164952</timestamp>
        <buyerID>33</buyerID>
        <sellerID>113</sellerID>
        <price>235</price>
      </transaction>
      <transaction>
        <timestamp>1333599165478</timestamp>
        <buyerID>117</buyerID>
        <sellerID>31</sellerID>
        <price>180</price>
      </transaction>
      <transaction>
        <timestamp>1333599165686</timestamp>
        <buyerID>116</buyerID>
        <sellerID>32</sellerID>
        <price>179</price>
      </transaction>
      <transaction>
        <timestamp>1333599165693</timestamp>
        <buyerID>115</buyerID>
        <sellerID>31</sellerID>
        <price>175</price>
      </transaction>
      <transaction>
        <timestamp>1333599165995</timestamp>
        <buyerID>33</buyerID>
        <sellerID>114</sellerID>
        <price>183</price>
      </transaction>
      <transaction>
        <timestamp>1333599167457</timestamp>
        <buyerID>116</buyerID>
        <sellerID>31</sellerID>
        <price>177</price>
      </transaction>
      <transaction>
        <timestamp>1333599167464</timestamp>
        <buyerID>34</buyerID>
        <sellerID>32</sellerID>
        <price>176</price>
      </transaction>
      <transaction>
        <timestamp>1333599167670</timestamp>
        <buyerID>115</buyerID>
        <sellerID>32</sellerID>
        <price>164</price>
      </transaction>
      <transaction>
        <timestamp>1333599167676</timestamp>
        <buyerID>118</buyerID>
        <sellerID>31</sellerID>
        <price>163</price>
      </transaction>
      <transaction>
        <timestamp>1333599167934</timestamp>
        <buyerID>33</buyerID>
        <sellerID>114</sellerID>
        <price>180</price>
      </transaction>
      <transaction>
        <timestamp>1333599169479</timestamp>
        <buyerID>34</buyerID>
        <sellerID>113</sellerID>
        <price>178</price>
      </transaction>
      <transaction>
        <timestamp>1333599169487</timestamp>
        <buyerID>33</buyerID>
        <sellerID>31</sellerID>
        <price>176</price>
      </transaction>
      <transaction>
        <timestamp>1333599169494</timestamp>
        <buyerID>115</buyerID>
        <sellerID>32</sellerID>
        <price>169</price>
      </transaction>
      <transaction>
        <timestamp>1333599169521</timestamp>
        <buyerID>118</buyerID>
        <sellerID>31</sellerID>
        <price>168</price>
      </transaction>
      <transaction>
        <timestamp>1333599169780</timestamp>
        <buyerID>34</buyerID>
        <sellerID>114</sellerID>
        <price>178</price>
      </transaction>
      <transaction>
        <timestamp>1333599170627</timestamp>
        <buyerID>34</buyerID>
        <sellerID>31</sellerID>
        <price>169</price>
      </transaction>
      <transaction>
        <timestamp>1333599170632</timestamp>
        <buyerID>116</buyerID>
        <sellerID>32</sellerID>
        <price>169</price>
      </transaction>
      <transaction>
        <timestamp>1333599172288</timestamp>
        <buyerID>118</buyerID>
        <sellerID>113</sellerID>
        <price>169</price>
      </transaction>
      <transaction>
        <timestamp>1333599172308</timestamp>
        <buyerID>115</buyerID>
        <sellerID>32</sellerID>
        <price>169</price>
      </transaction>
      <transaction>
        <timestamp>1333599173235</timestamp>
        <buyerID>118</buyerID>
        <sellerID>114</sellerID>
        <price>168</price>
      </transaction>
      <transaction>
        <timestamp>1333599173345</timestamp>
        <buyerID>115</buyerID>
        <sellerID>113</sellerID>
        <price>168</price>
      </transaction>
      <transaction>
        <timestamp>1333599173732</timestamp>
        <buyerID>117</buyerID>
        <sellerID>111</sellerID>
        <price>167</price>
      </transaction>
      <transaction>
        <timestamp>1333599180206</timestamp>
        <buyerID>118</buyerID>
        <sellerID>111</sellerID>
        <price>157</price>
      </transaction>
      <transaction>
        <timestamp>1333599181106</timestamp>
        <buyerID>33</buyerID>
        <sellerID>111</sellerID>
        <price>157</price>
      </transaction>
      <transaction>
        <timestamp>1333599181527</timestamp>
        <buyerID>116</buyerID>
        <sellerID>112</sellerID>
        <price>157</price>
      </transaction>
      <transaction>
        <timestamp>1333599268280</timestamp>
        <buyerID>74</buyerID>
        <sellerID>111</sellerID>
        <price>142</price>
      </transaction>
      <transaction>
        <timestamp>1333599268295</timestamp>
        <buyerID>116</buyerID>
        <sellerID>71</sellerID>
        <price>141</price>
      </transaction>
      <transaction>
        <timestamp>1333599269012</timestamp>
        <buyerID>34</buyerID>
        <sellerID>112</sellerID>
        <price>141</price>
      </transaction>
      <transaction>
        <timestamp>1333599269116</timestamp>
        <buyerID>74</buyerID>
        <sellerID>114</sellerID>
        <price>141</price>
      </transaction>
      <transaction>
        <timestamp>1333599269212</timestamp>
        <buyerID>33</buyerID>
        <sellerID>71</sellerID>
        <price>133</price>
      </transaction>
      <transaction>
        <timestamp>1333599269944</timestamp>
        <buyerID>74</buyerID>
        <sellerID>111</sellerID>
        <price>142</price>
      </transaction>
      <transaction>
        <timestamp>1333599270562</timestamp>
        <buyerID>117</buyerID>
        <sellerID>71</sellerID>
        <price>133</price>
      </transaction>
      <transaction>
        <timestamp>1333599270651</timestamp>
        <buyerID>74</buyerID>
        <sellerID>113</sellerID>
        <price>142</price>
      </transaction>
      <transaction>
        <timestamp>1333599271267</timestamp>
        <buyerID>74</buyerID>
        <sellerID>113</sellerID>
        <price>142</price>
      </transaction>
      <transaction>
        <timestamp>1333599271363</timestamp>
        <buyerID>116</buyerID>
        <sellerID>71</sellerID>
        <price>129</price>
      </transaction>
      <transaction>
        <timestamp>1333599272049</timestamp>
        <buyerID>118</buyerID>
        <sellerID>71</sellerID>
        <price>129</price>
      </transaction>
      <transaction>
        <timestamp>1333599272201</timestamp>
        <buyerID>74</buyerID>
        <sellerID>112</sellerID>
        <price>156</price>
      </transaction>
      <transaction>
        <timestamp>1333599273669</timestamp>
        <buyerID>74</buyerID>
        <sellerID>112</sellerID>
        <price>156</price>
      </transaction>
      <transaction>
        <timestamp>1333599275960</timestamp>
        <buyerID>118</buyerID>
        <sellerID>72</sellerID>
        <price>129</price>
      </transaction>
      <transaction>
        <timestamp>1333599278836</timestamp>
        <buyerID>73</buyerID>
        <sellerID>112</sellerID>
        <price>156</price>
      </transaction>
      <transaction>
        <timestamp>1333599279680</timestamp>
        <buyerID>73</buyerID>
        <sellerID>32</sellerID>
        <price>187</price>
      </transaction>
      <transaction>
        <timestamp>1333599280295</timestamp>
        <buyerID>73</buyerID>
        <sellerID>32</sellerID>
        <price>190</price>
      </transaction>
    </repetition>
    <repetition>
      <id>2</id>
      <transaction>
        <timestamp>1333599290790</timestamp>
        <buyerID>118</buyerID>
        <sellerID>114</sellerID>
        <price>236</price>
      </transaction>
      <transaction>
        <timestamp>1333599290797</timestamp>
        <buyerID>115</buyerID>
        <sellerID>31</sellerID>
        <price>236</price>
      </transaction>
      <transaction>
        <timestamp>1333599291169</timestamp>
        <buyerID>117</buyerID>
        <sellerID>111</sellerID>
        <price>128</price>
      </transaction>
      <transaction>
        <timestamp>1333599291402</timestamp>
        <buyerID>33</buyerID>
        <sellerID>32</sellerID>
        <price>215</price>
      </transaction>
      <transaction>
        <timestamp>1333599292582</timestamp>
        <buyerID>34</buyerID>
        <sellerID>32</sellerID>
        <price>154</price>
      </transaction>
      <transaction>
        <timestamp>1333599292924</timestamp>
        <buyerID>33</buyerID>
        <sellerID>72</sellerID>
        <price>230</price>
      </transaction>
      <transaction>
        <timestamp>1333599293292</timestamp>
        <buyerID>115</buyerID>
        <sellerID>31</sellerID>
        <price>152</price>
      </transaction>
      <transaction>
        <timestamp>1333599293519</timestamp>
        <buyerID>33</buyerID>
        <sellerID>111</sellerID>
        <price>179</price>
      </transaction>
      <transaction>
        <timestamp>1333599293535</timestamp>
        <buyerID>116</buyerID>
        <sellerID>32</sellerID>
        <price>151</price>
      </transaction>
      <transaction>
        <timestamp>1333599293971</timestamp>
        <buyerID>34</buyerID>
        <sellerID>32</sellerID>
        <price>167</price>
      </transaction>
      <transaction>
        <timestamp>1333599294490</timestamp>
        <buyerID>33</buyerID>
        <sellerID>31</sellerID>
        <price>156</price>
      </transaction>
      <transaction>
        <timestamp>1333599295447</timestamp>
        <buyerID>117</buyerID>
        <sellerID>31</sellerID>
        <price>156</price>
      </transaction>
      <transaction>
        <timestamp>1333599295832</timestamp>
        <buyerID>33</buyerID>
        <sellerID>32</sellerID>
        <price>155</price>
      </transaction>
      <transaction>
        <timestamp>1333599295850</timestamp>
        <buyerID>34</buyerID>
        <sellerID>112</sellerID>
        <price>173</price>
      </transaction>
      <transaction>
        <timestamp>1333599296255</timestamp>
        <buyerID>34</buyerID>
        <sellerID>113</sellerID>
        <price>173</price>
      </transaction>
      <transaction>
        <timestamp>1333599296395</timestamp>
        <buyerID>115</buyerID>
        <sellerID>31</sellerID>
        <price>154</price>
      </transaction>
      <transaction>
        <timestamp>1333599297129</timestamp>
        <buyerID>116</buyerID>
        <sellerID>31</sellerID>
        <price>154</price>
      </transaction>
      <transaction>
        <timestamp>1333599297309</timestamp>
        <buyerID>118</buyerID>
        <sellerID>71</sellerID>
        <price>154</price>
      </transaction>
      <transaction>
        <timestamp>1333599297490</timestamp>
        <buyerID>115</buyerID>
        <sellerID>112</sellerID>
        <price>154</price>
      </transaction>
      <transaction>
        <timestamp>1333599297509</timestamp>
        <buyerID>34</buyerID>
        <sellerID>111</sellerID>
        <price>166</price>
      </transaction>
      <transaction>
        <timestamp>1333599298142</timestamp>
        <buyerID>34</buyerID>
        <sellerID>31</sellerID>
        <price>141</price>
      </transaction>
      <transaction>
        <timestamp>1333599301191</timestamp>
        <buyerID>116</buyerID>
        <sellerID>71</sellerID>
        <price>140</price>
      </transaction>
      <transaction>
        <timestamp>1333599301623</timestamp>
        <buyerID>115</buyerID>
        <sellerID>71</sellerID>
        <price>140</price>
      </transaction>
      <transaction>
        <timestamp>1333599302070</timestamp>
        <buyerID>116</buyerID>
        <sellerID>71</sellerID>
        <price>140</price>
      </transaction>
      <transaction>
        <timestamp>1333599302848</timestamp>
        <buyerID>118</buyerID>
        <sellerID>71</sellerID>
        <price>140</price>
      </transaction>
      <transaction>
        <timestamp>1333599302855</timestamp>
        <buyerID>73</buyerID>
        <sellerID>111</sellerID>
        <price>146</price>
      </transaction>
      <transaction>
        <timestamp>1333599303329</timestamp>
        <buyerID>73</buyerID>
        <sellerID>113</sellerID>
        <price>145</price>
      </transaction>
      <transaction>
        <timestamp>1333599303646</timestamp>
        <buyerID>73</buyerID>
        <sellerID>114</sellerID>
        <price>145</price>
      </transaction>
      <transaction>
        <timestamp>1333599305606</timestamp>
        <buyerID>116</buyerID>
        <sellerID>114</sellerID>
        <price>140</price>
      </transaction>
      <transaction>
        <timestamp>1333599305766</timestamp>
        <buyerID>74</buyerID>
        <sellerID>111</sellerID>
        <price>140</price>
      </transaction>
      <transaction>
        <timestamp>1333599305778</timestamp>
        <buyerID>73</buyerID>
        <sellerID>112</sellerID>
        <price>140</price>
      </transaction>
      <transaction>
        <timestamp>1333599305813</timestamp>
        <buyerID>74</buyerID>
        <sellerID>113</sellerID>
        <price>140</price>
      </transaction>
      <transaction>
        <timestamp>1333599306677</timestamp>
        <buyerID>74</buyerID>
        <sellerID>114</sellerID>
        <price>141</price>
      </transaction>
      <transaction>
        <timestamp>1333599306747</timestamp>
        <buyerID>74</buyerID>
        <sellerID>112</sellerID>
        <price>141</price>
      </transaction>
      <transaction>
        <timestamp>1333599307286</timestamp>
        <buyerID>118</buyerID>
        <sellerID>113</sellerID>
        <price>142</price>
      </transaction>
      <transaction>
        <timestamp>1333599307293</timestamp>
        <buyerID>74</buyerID>
        <sellerID>112</sellerID>
        <price>142</price>
      </transaction>
      <transaction>
        <timestamp>1333599308257</timestamp>
        <buyerID>74</buyerID>
        <sellerID>113</sellerID>
        <price>143</price>
      </transaction>
      <transaction>
        <timestamp>1333599308935</timestamp>
        <buyerID>74</buyerID>
        <sellerID>112</sellerID>
        <price>143</price>
      </transaction>
      <transaction>
        <timestamp>1333599395950</timestamp>
        <buyerID>118</buyerID>
        <sellerID>71</sellerID>
        <price>142</price>
      </transaction>
      <transaction>
        <timestamp>1333599403438</timestamp>
        <buyerID>33</buyerID>
        <sellerID>72</sellerID>
        <price>133</price>
      </transaction>
      <transaction>
        <timestamp>1333599406312</timestamp>
        <buyerID>73</buyerID>
        <sellerID>114</sellerID>
        <price>143</price>
      </transaction>
    </repetition>
    <repetition>
      <id>3</id>
      <transaction>
        <timestamp>1333599418298</timestamp>
        <buyerID>118</buyerID>
        <sellerID>32</sellerID>
        <price>82</price>
      </transaction>
      <transaction>
        <timestamp>1333599418302</timestamp>
        <buyerID>33</buyerID>
        <sellerID>31</sellerID>
        <price>107</price>
      </transaction>
      <transaction>
        <timestamp>1333599418725</timestamp>
        <buyerID>115</buyerID>
        <sellerID>114</sellerID>
        <price>127</price>
      </transaction>
      <transaction>
        <timestamp>1333599418916</timestamp>
        <buyerID>116</buyerID>
        <sellerID>111</sellerID>
        <price>127</price>
      </transaction>
      <transaction>
        <timestamp>1333599419101</timestamp>
        <buyerID>34</buyerID>
        <sellerID>112</sellerID>
        <price>174</price>
      </transaction>
      <transaction>
        <timestamp>1333599420056</timestamp>
        <buyerID>73</buyerID>
        <sellerID>114</sellerID>
        <price>173</price>
      </transaction>
      <transaction>
        <timestamp>1333599420065</timestamp>
        <buyerID>118</buyerID>
        <sellerID>32</sellerID>
        <price>166</price>
      </transaction>
      <transaction>
        <timestamp>1333599420072</timestamp>
        <buyerID>116</buyerID>
        <sellerID>32</sellerID>
        <price>165</price>
      </transaction>
      <transaction>
        <timestamp>1333599420092</timestamp>
        <buyerID>33</buyerID>
        <sellerID>111</sellerID>
        <price>174</price>
      </transaction>
      <transaction>
        <timestamp>1333599420111</timestamp>
        <buyerID>34</buyerID>
        <sellerID>31</sellerID>
        <price>164</price>
      </transaction>
      <transaction>
        <timestamp>1333599420176</timestamp>
        <buyerID>33</buyerID>
        <sellerID>31</sellerID>
        <price>135</price>
      </transaction>
      <transaction>
        <timestamp>1333599420181</timestamp>
        <buyerID>117</buyerID>
        <sellerID>32</sellerID>
        <price>130</price>
      </transaction>
      <transaction>
        <timestamp>1333599421479</timestamp>
        <buyerID>34</buyerID>
        <sellerID>71</sellerID>
        <price>166</price>
      </transaction>
      <transaction>
        <timestamp>1333599421826</timestamp>
        <buyerID>116</buyerID>
        <sellerID>32</sellerID>
        <price>140</price>
      </transaction>
      <transaction>
        <timestamp>1333599422131</timestamp>
        <buyerID>33</buyerID>
        <sellerID>31</sellerID>
        <price>168</price>
      </transaction>
      <transaction>
        <timestamp>1333599422139</timestamp>
        <buyerID>74</buyerID>
        <sellerID>114</sellerID>
        <price>170</price>
      </transaction>
      <transaction>
        <timestamp>1333599422173</timestamp>
        <buyerID>33</buyerID>
        <sellerID>31</sellerID>
        <price>143</price>
      </transaction>
      <transaction>
        <timestamp>1333599423175</timestamp>
        <buyerID>34</buyerID>
        <sellerID>71</sellerID>
        <price>154</price>
      </transaction>
      <transaction>
        <timestamp>1333599423443</timestamp>
        <buyerID>34</buyerID>
        <sellerID>113</sellerID>
        <price>161</price>
      </transaction>
      <transaction>
        <timestamp>1333599424520</timestamp>
        <buyerID>118</buyerID>
        <sellerID>72</sellerID>
        <price>145</price>
      </transaction>
      <transaction>
        <timestamp>1333599424544</timestamp>
        <buyerID>115</buyerID>
        <sellerID>31</sellerID>
        <price>144</price>
      </transaction>
      <transaction>
        <timestamp>1333599425001</timestamp>
        <buyerID>116</buyerID>
        <sellerID>71</sellerID>
        <price>144</price>
      </transaction>
      <transaction>
        <timestamp>1333599425738</timestamp>
        <buyerID>73</buyerID>
        <sellerID>112</sellerID>
        <price>149</price>
      </transaction>
      <transaction>
        <timestamp>1333599425752</timestamp>
        <buyerID>118</buyerID>
        <sellerID>31</sellerID>
        <price>145</price>
      </transaction>
      <transaction>
        <timestamp>1333599425758</timestamp>
        <buyerID>74</buyerID>
        <sellerID>114</sellerID>
        <price>149</price>
      </transaction>
      <transaction>
        <timestamp>1333599425789</timestamp>
        <buyerID>74</buyerID>
        <sellerID>72</sellerID>
        <price>145</price>
      </transaction>
      <transaction>
        <timestamp>1333599425811</timestamp>
        <buyerID>73</buyerID>
        <sellerID>113</sellerID>
        <price>150</price>
      </transaction>
      <transaction>
        <timestamp>1333599426420</timestamp>
        <buyerID>115</buyerID>
        <sellerID>71</sellerID>
        <price>146</price>
      </transaction>
      <transaction>
        <timestamp>1333599426864</timestamp>
        <buyerID>74</buyerID>
        <sellerID>112</sellerID>
        <price>148</price>
      </transaction>
      <transaction>
        <timestamp>1333599427110</timestamp>
        <buyerID>74</buyerID>
        <sellerID>114</sellerID>
        <price>148</price>
      </transaction>
      <transaction>
        <timestamp>1333599427674</timestamp>
        <buyerID>115</buyerID>
        <sellerID>71</sellerID>
        <price>146</price>
      </transaction>
      <transaction>
        <timestamp>1333599428056</timestamp>
        <buyerID>74</buyerID>
        <sellerID>112</sellerID>
        <price>147</price>
      </transaction>
      <transaction>
        <timestamp>1333599428300</timestamp>
        <buyerID>74</buyerID>
        <sellerID>111</sellerID>
        <price>147</price>
      </transaction>
      <transaction>
        <timestamp>1333599428634</timestamp>
        <buyerID>117</buyerID>
        <sellerID>113</sellerID>
        <price>147</price>
      </transaction>
      <transaction>
        <timestamp>1333599523397</timestamp>
        <buyerID>118</buyerID>
        <sellerID>71</sellerID>
        <price>146</price>
      </transaction>
      <transaction>
        <timestamp>1333599533912</timestamp>
        <buyerID>73</buyerID>
        <sellerID>112</sellerID>
        <price>147</price>
      </transaction>
      <transaction>
        <timestamp>1333599537611</timestamp>
        <buyerID>115</buyerID>
        <sellerID>111</sellerID>
        <price>146</price>
      </transaction>
    </repetition>
    <repetition>
      <id>4</id>
      <transaction>
        <timestamp>1333599545373</timestamp>
        <buyerID>34</buyerID>
        <sellerID>31</sellerID>
        <price>91</price>
      </transaction>
      <transaction>
        <timestamp>1333599545740</timestamp>
        <buyerID>33</buyerID>
        <sellerID>114</sellerID>
        <price>174</price>
      </transaction>
      <transaction>
        <timestamp>1333599545749</timestamp>
        <buyerID>117</buyerID>
        <sellerID>72</sellerID>
        <price>144</price>
      </transaction>
      <transaction>
        <timestamp>1333599546163</timestamp>
        <buyerID>115</buyerID>
        <sellerID>32</sellerID>
        <price>145</price>
      </transaction>
      <transaction>
        <timestamp>1333599546613</timestamp>
        <buyerID>116</buyerID>
        <sellerID>71</sellerID>
        <price>144</price>
      </transaction>
      <transaction>
        <timestamp>1333599547480</timestamp>
        <buyerID>118</buyerID>
        <sellerID>32</sellerID>
        <price>145</price>
      </transaction>
      <transaction>
        <timestamp>1333599547839</timestamp>
        <buyerID>34</buyerID>
        <sellerID>113</sellerID>
        <price>171</price>
      </transaction>
      <transaction>
        <timestamp>1333599547854</timestamp>
        <buyerID>116</buyerID>
        <sellerID>31</sellerID>
        <price>146</price>
      </transaction>
      <transaction>
        <timestamp>1333599550561</timestamp>
        <buyerID>33</buyerID>
        <sellerID>112</sellerID>
        <price>172</price>
      </transaction>
      <transaction>
        <timestamp>1333599550853</timestamp>
        <buyerID>33</buyerID>
        <sellerID>31</sellerID>
        <price>155</price>
      </transaction>
      <transaction>
        <timestamp>1333599550871</timestamp>
        <buyerID>34</buyerID>
        <sellerID>114</sellerID>
        <price>172</price>
      </transaction>
      <transaction>
        <timestamp>1333599551893</timestamp>
        <buyerID>117</buyerID>
        <sellerID>32</sellerID>
        <price>155</price>
      </transaction>
      <transaction>
        <timestamp>1333599551994</timestamp>
        <buyerID>34</buyerID>
        <sellerID>31</sellerID>
        <price>160</price>
      </transaction>
      <transaction>
        <timestamp>1333599552402</timestamp>
        <buyerID>33</buyerID>
        <sellerID>111</sellerID>
        <price>158</price>
      </transaction>
      <transaction>
        <timestamp>1333599552425</timestamp>
        <buyerID>118</buyerID>
        <sellerID>72</sellerID>
        <price>147</price>
      </transaction>
      <transaction>
        <timestamp>1333599552430</timestamp>
        <buyerID>115</buyerID>
        <sellerID>31</sellerID>
        <price>146</price>
      </transaction>
      <transaction>
        <timestamp>1333599552435</timestamp>
        <buyerID>34</buyerID>
        <sellerID>114</sellerID>
        <price>159</price>
      </transaction>
      <transaction>
        <timestamp>1333599552584</timestamp>
        <buyerID>116</buyerID>
        <sellerID>32</sellerID>
        <price>146</price>
      </transaction>
      <transaction>
        <timestamp>1333599553280</timestamp>
        <buyerID>73</buyerID>
        <sellerID>32</sellerID>
        <price>143</price>
      </transaction>
      <transaction>
        <timestamp>1333599553390</timestamp>
        <buyerID>74</buyerID>
        <sellerID>31</sellerID>
        <price>143</price>
      </transaction>
      <transaction>
        <timestamp>1333599554007</timestamp>
        <buyerID>73</buyerID>
        <sellerID>114</sellerID>
        <price>155</price>
      </transaction>
      <transaction>
        <timestamp>1333599554018</timestamp>
        <buyerID>33</buyerID>
        <sellerID>31</sellerID>
        <price>148</price>
      </transaction>
      <transaction>
        <timestamp>1333599554572</timestamp>
        <buyerID>118</buyerID>
        <sellerID>71</sellerID>
        <price>143</price>
      </transaction>
      <transaction>
        <timestamp>1333599555842</timestamp>
        <buyerID>115</buyerID>
        <sellerID>71</sellerID>
        <price>144</price>
      </transaction>
      <transaction>
        <timestamp>1333599555963</timestamp>
        <buyerID>118</buyerID>
        <sellerID>71</sellerID>
        <price>144</price>
      </transaction>
      <transaction>
        <timestamp>1333599556441</timestamp>
        <buyerID>73</buyerID>
        <sellerID>112</sellerID>
        <price>149</price>
      </transaction>
      <transaction>
        <timestamp>1333599557306</timestamp>
        <buyerID>115</buyerID>
        <sellerID>71</sellerID>
        <price>144</price>
      </transaction>
      <transaction>
        <timestamp>1333599558296</timestamp>
        <buyerID>74</buyerID>
        <sellerID>112</sellerID>
        <price>147</price>
      </transaction>
      <transaction>
        <timestamp>1333599558717</timestamp>
        <buyerID>73</buyerID>
        <sellerID>112</sellerID>
        <price>146</price>
      </transaction>
      <transaction>
        <timestamp>1333599559358</timestamp>
        <buyerID>74</buyerID>
        <sellerID>111</sellerID>
        <price>146</price>
      </transaction>
      <transaction>
        <timestamp>1333599560271</timestamp>
        <buyerID>74</buyerID>
        <sellerID>113</sellerID>
        <price>146</price>
      </transaction>
      <transaction>
        <timestamp>1333599561126</timestamp>
        <buyerID>118</buyerID>
        <sellerID>113</sellerID>
        <price>144</price>
      </transaction>
      <transaction>
        <timestamp>1333599561172</timestamp>
        <buyerID>74</buyerID>
        <sellerID>111</sellerID>
        <price>145</price>
      </transaction>
      <transaction>
        <timestamp>1333599562725</timestamp>
        <buyerID>74</buyerID>
        <sellerID>113</sellerID>
        <price>146</price>
      </transaction>
      <transaction>
        <timestamp>1333599563293</timestamp>
        <buyerID>74</buyerID>
        <sellerID>111</sellerID>
        <price>146</price>
      </transaction>
      <transaction>
        <timestamp>1333599650765</timestamp>
        <buyerID>116</buyerID>
        <sellerID>71</sellerID>
        <price>145</price>
      </transaction>
      <transaction>
        <timestamp>1333599665134</timestamp>
        <buyerID>115</buyerID>
        <sellerID>112</sellerID>
        <price>145</price>
      </transaction>
    </repetition>
    <repetition>
      <id>5</id>
      <transaction>
        <timestamp>1333599672859</timestamp>
        <buyerID>117</buyerID>
        <sellerID>72</sellerID>
        <price>175</price>
      </transaction>
      <transaction>
        <timestamp>1333599673134</timestamp>
        <buyerID>34</buyerID>
        <sellerID>71</sellerID>
        <price>149</price>
      </transaction>
      <transaction>
        <timestamp>1333599673569</timestamp>
        <buyerID>115</buyerID>
        <sellerID>31</sellerID>
        <price>141</price>
      </transaction>
      <transaction>
        <timestamp>1333599674017</timestamp>
        <buyerID>118</buyerID>
        <sellerID>32</sellerID>
        <price>144</price>
      </transaction>
      <transaction>
        <timestamp>1333599674620</timestamp>
        <buyerID>73</buyerID>
        <sellerID>32</sellerID>
        <price>170</price>
      </transaction>
      <transaction>
        <timestamp>1333599674635</timestamp>
        <buyerID>118</buyerID>
        <sellerID>31</sellerID>
        <price>164</price>
      </transaction>
      <transaction>
        <timestamp>1333599674660</timestamp>
        <buyerID>33</buyerID>
        <sellerID>72</sellerID>
        <price>163</price>
      </transaction>
      <transaction>
        <timestamp>1333599674798</timestamp>
        <buyerID>34</buyerID>
        <sellerID>71</sellerID>
        <price>164</price>
      </transaction>
      <transaction>
        <timestamp>1333599674811</timestamp>
        <buyerID>34</buyerID>
        <sellerID>114</sellerID>
        <price>171</price>
      </transaction>
      <transaction>
        <timestamp>1333599675392</timestamp>
        <buyerID>33</buyerID>
        <sellerID>32</sellerID>
        <price>163</price>
      </transaction>
      <transaction>
        <timestamp>1333599675595</timestamp>
        <buyerID>33</buyerID>
        <sellerID>112</sellerID>
        <price>170</price>
      </transaction>
      <transaction>
        <timestamp>1333599675601</timestamp>
        <buyerID>116</buyerID>
        <sellerID>32</sellerID>
        <price>154</price>
      </transaction>
      <transaction>
        <timestamp>1333599675890</timestamp>
        <buyerID>34</buyerID>
        <sellerID>31</sellerID>
        <price>164</price>
      </transaction>
      <transaction>
        <timestamp>1333599676811</timestamp>
        <buyerID>34</buyerID>
        <sellerID>111</sellerID>
        <price>170</price>
      </transaction>
      <transaction>
        <timestamp>1333599677048</timestamp>
        <buyerID>117</buyerID>
        <sellerID>31</sellerID>
        <price>146</price>
      </transaction>
      <transaction>
        <timestamp>1333599677244</timestamp>
        <buyerID>115</buyerID>
        <sellerID>32</sellerID>
        <price>145</price>
      </transaction>
      <transaction>
        <timestamp>1333599677721</timestamp>
        <buyerID>73</buyerID>
        <sellerID>32</sellerID>
        <price>167</price>
      </transaction>
      <transaction>
        <timestamp>1333599677752</timestamp>
        <buyerID>118</buyerID>
        <sellerID>71</sellerID>
        <price>161</price>
      </transaction>
      <transaction>
        <timestamp>1333599678096</timestamp>
        <buyerID>33</buyerID>
        <sellerID>71</sellerID>
        <price>160</price>
      </transaction>
      <transaction>
        <timestamp>1333599678322</timestamp>
        <buyerID>116</buyerID>
        <sellerID>31</sellerID>
        <price>157</price>
      </transaction>
      <transaction>
        <timestamp>1333599678774</timestamp>
        <buyerID>73</buyerID>
        <sellerID>112</sellerID>
        <price>164</price>
      </transaction>
      <transaction>
        <timestamp>1333599678794</timestamp>
        <buyerID>118</buyerID>
        <sellerID>31</sellerID>
        <price>158</price>
      </transaction>
      <transaction>
        <timestamp>1333599679418</timestamp>
        <buyerID>115</buyerID>
        <sellerID>71</sellerID>
        <price>158</price>
      </transaction>
      <transaction>
        <timestamp>1333599679788</timestamp>
        <buyerID>33</buyerID>
        <sellerID>31</sellerID>
        <price>157</price>
      </transaction>
      <transaction>
        <timestamp>1333599679798</timestamp>
        <buyerID>74</buyerID>
        <sellerID>113</sellerID>
        <price>162</price>
      </transaction>
      <transaction>
        <timestamp>1333599681936</timestamp>
        <buyerID>115</buyerID>
        <sellerID>71</sellerID>
        <price>148</price>
      </transaction>
      <transaction>
        <timestamp>1333599682936</timestamp>
        <buyerID>74</buyerID>
        <sellerID>114</sellerID>
        <price>152</price>
      </transaction>
      <transaction>
        <timestamp>1333599683499</timestamp>
        <buyerID>116</buyerID>
        <sellerID>113</sellerID>
        <price>150</price>
      </transaction>
      <transaction>
        <timestamp>1333599683565</timestamp>
        <buyerID>74</buyerID>
        <sellerID>111</sellerID>
        <price>151</price>
      </transaction>
      <transaction>
        <timestamp>1333599683867</timestamp>
        <buyerID>74</buyerID>
        <sellerID>112</sellerID>
        <price>151</price>
      </transaction>
      <transaction>
        <timestamp>1333599684380</timestamp>
        <buyerID>115</buyerID>
        <sellerID>113</sellerID>
        <price>150</price>
      </transaction>
      <transaction>
        <timestamp>1333599684406</timestamp>
        <buyerID>74</buyerID>
        <sellerID>111</sellerID>
        <price>151</price>
      </transaction>
      <transaction>
        <timestamp>1333599684821</timestamp>
        <buyerID>74</buyerID>
        <sellerID>112</sellerID>
        <price>151</price>
      </transaction>
      <transaction>
        <timestamp>1333599685929</timestamp>
        <buyerID>116</buyerID>
        <sellerID>113</sellerID>
        <price>150</price>
      </transaction>
      <transaction>
        <timestamp>1333599686171</timestamp>
        <buyerID>118</buyerID>
        <sellerID>111</sellerID>
        <price>150</price>
      </transaction>
      <transaction>
        <timestamp>1333599778428</timestamp>
        <buyerID>74</buyerID>
        <sellerID>113</sellerID>
        <price>150</price>
      </transaction>
      <transaction>
        <timestamp>1333599788813</timestamp>
        <buyerID>73</buyerID>
        <sellerID>111</sellerID>
        <price>150</price>
      </transaction>
      <transaction>
        <timestamp>1333599792605</timestamp>
        <buyerID>73</buyerID>
        <sellerID>114</sellerID>
        <price>143</price>
      </transaction>
      <transaction>
        <timestamp>1333599793319</timestamp>
        <buyerID>116</buyerID>
        <sellerID>112</sellerID>
        <price>143</price>
      </transaction>
    </repetition>
  </transactions>
  <scores>
    <agent>
      <ID>34</ID>
      <userName>zibtq4</userName>
      <strategy>ZIBTQ</strategy>
      <values>
        <value>214</value>
        <value>214</value>
        <value>210</value>
        <value>202</value>
        <value>190</value>
        <value>141</value>
        <value>98</value>
        <value>90</value>
        <value>84</value>
        <value>62</value>
      </values>
      <score>209.4</score>
    </agent>
    <agent>
      <ID>32</ID>
      <userName>zibtq2</userName>
      <strategy>ZIBTQ</strategy>
      <values>
        <value>63</value>
        <value>64</value>
        <value>65</value>
        <value>100</value>
        <value>114</value>
        <value>162</value>
        <value>187</value>
        <value>190</value>
        <value>222</value>
        <value>229</value>
      </values>
      <score>374.8</score>
    </agent>
    <agent>
      <ID>33</ID>
      <userName>zibtq3</userName>
      <strategy>ZIBTQ</strategy>
      <values>
        <value>254</value>
        <value>237</value>
        <value>231</value>
        <value>176</value>
        <value>157</value>
        <value>133</value>
        <value>81</value>
        <value>77</value>
        <value>69</value>
        <value>68</value>
      </values>
      <score>212.4</score>
    </agent>
    <agent>
      <ID>71</ID>
      <userName>kaplan1</userName>
      <strategy>KAPLAN</strategy>
      <values>
        <value>94</value>
        <value>95</value>
        <value>96</value>
        <value>102</value>
        <value>124</value>
        <value>139</value>
        <value>154</value>
        <value>199</value>
        <value>213</value>
        <value>249</value>
      </values>
      <score>223.2</score>
    </agent>
    <agent>
      <ID>111</ID>
      <userName>gdx1</userName>
      <strategy>GDX</strategy>
      <values>
        <value>87</value>
        <value>87</value>
        <value>88</value>
        <value>110</value>
        <value>120</value>
        <value>160</value>
        <value>187</value>
        <value>191</value>
        <value>207</value>
        <value>256</value>
      </values>
      <score>253.0</score>
    </agent>
    <agent>
      <ID>72</ID>
      <userName>kaplan2</userName>
      <strategy>KAPLAN</strategy>
      <values>
        <value>98</value>
        <value>132</value>
        <value>171</value>
        <value>174</value>
        <value>185</value>
        <value>186</value>
        <value>188</value>
        <value>215</value>
        <value>223</value>
        <value>245</value>
      </values>
      <score>78.6</score>
    </agent>
    <agent>
      <ID>73</ID>
      <userName>kaplan3</userName>
      <strategy>KAPLAN</strategy>
      <values>
        <value>243</value>
        <value>213</value>
        <value>207</value>
        <value>160</value>
        <value>143</value>
        <value>117</value>
        <value>85</value>
        <value>82</value>
        <value>81</value>
        <value>76</value>
      </values>
      <score>196.6</score>
    </agent>
    <agent>
      <ID>74</ID>
      <userName>kaplan4</userName>
      <strategy>KAPLAN</strategy>
      <values>
        <value>258</value>
        <value>251</value>
        <value>250</value>
        <value>239</value>
        <value>209</value>
        <value>192</value>
        <value>158</value>
        <value>133</value>
        <value>102</value>
        <value>93</value>
      </values>
      <score>526.6</score>
    </agent>
    <agent>
      <ID>118</ID>
      <userName>gdx8</userName>
      <strategy>GDX</strategy>
      <values>
        <value>259</value>
        <value>254</value>
        <value>225</value>
        <value>225</value>
        <value>166</value>
        <value>135</value>
        <value>135</value>
        <value>104</value>
        <value>101</value>
        <value>62</value>
      </values>
      <score>366.8</score>
    </agent>
    <agent>
      <ID>117</ID>
      <userName>gdx7</userName>
      <strategy>GDX</strategy>
      <values>
        <value>220</value>
        <value>180</value>
        <value>134</value>
        <value>121</value>
        <value>113</value>
        <value>109</value>
        <value>106</value>
        <value>86</value>
        <value>81</value>
        <value>71</value>
      </values>
      <score>94.6</score>
    </agent>
    <agent>
      <ID>116</ID>
      <userName>gdx6</userName>
      <strategy>GDX</strategy>
      <values>
        <value>248</value>
        <value>241</value>
        <value>170</value>
        <value>159</value>
        <value>144</value>
        <value>130</value>
        <value>130</value>
        <value>122</value>
        <value>100</value>
        <value>64</value>
      </values>
      <score>212.8</score>
    </agent>
    <agent>
      <ID>115</ID>
      <userName>gdx5</userName>
      <strategy>GDX</strategy>
      <values>
        <value>254</value>
        <value>254</value>
        <value>203</value>
        <value>196</value>
        <value>173</value>
        <value>122</value>
        <value>113</value>
        <value>92</value>
        <value>79</value>
        <value>65</value>
      </values>
      <score>308.8</score>
    </agent>
    <agent>
      <ID>114</ID>
      <userName>gdx4</userName>
      <strategy>GDX</strategy>
      <values>
        <value>96</value>
        <value>119</value>
        <value>124</value>
        <value>137</value>
        <value>140</value>
        <value>187</value>
        <value>245</value>
        <value>254</value>
        <value>254</value>
        <value>258</value>
      </values>
      <score>177.0</score>
    </agent>
    <agent>
      <ID>113</ID>
      <userName>gdx3</userName>
      <strategy>GDX</strategy>
      <values>
        <value>62</value>
        <value>93</value>
        <value>95</value>
        <value>117</value>
        <value>124</value>
        <value>171</value>
        <value>215</value>
        <value>227</value>
        <value>247</value>
        <value>250</value>
      </values>
      <score>268.6</score>
    </agent>
    <agent>
      <ID>112</ID>
      <userName>gdx2</userName>
      <strategy>GDX</strategy>
      <values>
        <value>77</value>
        <value>80</value>
        <value>87</value>
        <value>110</value>
        <value>118</value>
        <value>133</value>
        <value>177</value>
        <value>201</value>
        <value>207</value>
        <value>234</value>
      </values>
      <score>303.0</score>
    </agent>
    <agent>
      <ID>31</ID>
      <userName>zibtq1</userName>
      <strategy>ZIBTQ</strategy>
      <values>
        <value>73</value>
        <value>78</value>
        <value>87</value>
        <value>88</value>
        <value>102</value>
        <value>114</value>
        <value>116</value>
        <value>214</value>
        <value>253</value>
        <value>253</value>
      </values>
      <score>429.8</score>
    </agent>
  </scores>
</results>

