<results>
  <transactions>
    <repetition>
      <id>1</id>
      <transaction>
        <timestamp>1333598517322</timestamp>
        <buyerID>34</buyerID>
        <sellerID>132</sellerID>
        <price>219</price>
      </transaction>
      <transaction>
        <timestamp>1333598517352</timestamp>
        <buyerID>34</buyerID>
        <sellerID>132</sellerID>
        <price>220</price>
      </transaction>
      <transaction>
        <timestamp>1333598517365</timestamp>
        <buyerID>94</buyerID>
        <sellerID>31</sellerID>
        <price>218</price>
      </transaction>
      <transaction>
        <timestamp>1333598517370</timestamp>
        <buyerID>93</buyerID>
        <sellerID>131</sellerID>
        <price>217</price>
      </transaction>
      <transaction>
        <timestamp>1333598517381</timestamp>
        <buyerID>33</buyerID>
        <sellerID>32</sellerID>
        <price>212</price>
      </transaction>
      <transaction>
        <timestamp>1333598517388</timestamp>
        <buyerID>133</buyerID>
        <sellerID>32</sellerID>
        <price>203</price>
      </transaction>
      <transaction>
        <timestamp>1333598517404</timestamp>
        <buyerID>134</buyerID>
        <sellerID>31</sellerID>
        <price>200</price>
      </transaction>
      <transaction>
        <timestamp>1333598517426</timestamp>
        <buyerID>134</buyerID>
        <sellerID>91</sellerID>
        <price>182</price>
      </transaction>
      <transaction>
        <timestamp>1333598517735</timestamp>
        <buyerID>33</buyerID>
        <sellerID>31</sellerID>
        <price>147</price>
      </transaction>
      <transaction>
        <timestamp>1333598517748</timestamp>
        <buyerID>134</buyerID>
        <sellerID>132</sellerID>
        <price>152</price>
      </transaction>
      <transaction>
        <timestamp>1333598518369</timestamp>
        <buyerID>134</buyerID>
        <sellerID>92</sellerID>
        <price>155</price>
      </transaction>
      <transaction>
        <timestamp>1333598518381</timestamp>
        <buyerID>34</buyerID>
        <sellerID>131</sellerID>
        <price>160</price>
      </transaction>
      <transaction>
        <timestamp>1333598518430</timestamp>
        <buyerID>133</buyerID>
        <sellerID>92</sellerID>
        <price>159</price>
      </transaction>
      <transaction>
        <timestamp>1333598518445</timestamp>
        <buyerID>33</buyerID>
        <sellerID>132</sellerID>
        <price>160</price>
      </transaction>
      <transaction>
        <timestamp>1333598518467</timestamp>
        <buyerID>94</buyerID>
        <sellerID>32</sellerID>
        <price>155</price>
      </transaction>
      <transaction>
        <timestamp>1333598519164</timestamp>
        <buyerID>93</buyerID>
        <sellerID>131</sellerID>
        <price>154</price>
      </transaction>
      <transaction>
        <timestamp>1333598519237</timestamp>
        <buyerID>33</buyerID>
        <sellerID>31</sellerID>
        <price>162</price>
      </transaction>
      <transaction>
        <timestamp>1333598519259</timestamp>
        <buyerID>34</buyerID>
        <sellerID>92</sellerID>
        <price>164</price>
      </transaction>
      <transaction>
        <timestamp>1333598519896</timestamp>
        <buyerID>34</buyerID>
        <sellerID>91</sellerID>
        <price>163</price>
      </transaction>
      <transaction>
        <timestamp>1333598520010</timestamp>
        <buyerID>33</buyerID>
        <sellerID>131</sellerID>
        <price>162</price>
      </transaction>
      <transaction>
        <timestamp>1333598520695</timestamp>
        <buyerID>93</buyerID>
        <sellerID>131</sellerID>
        <price>160</price>
      </transaction>
      <transaction>
        <timestamp>1333598520733</timestamp>
        <buyerID>133</buyerID>
        <sellerID>92</sellerID>
        <price>161</price>
      </transaction>
      <transaction>
        <timestamp>1333598520749</timestamp>
        <buyerID>34</buyerID>
        <sellerID>91</sellerID>
        <price>162</price>
      </transaction>
      <transaction>
        <timestamp>1333598521468</timestamp>
        <buyerID>93</buyerID>
        <sellerID>91</sellerID>
        <price>161</price>
      </transaction>
      <transaction>
        <timestamp>1333598521499</timestamp>
        <buyerID>133</buyerID>
        <sellerID>92</sellerID>
        <price>162</price>
      </transaction>
      <transaction>
        <timestamp>1333598522221</timestamp>
        <buyerID>93</buyerID>
        <sellerID>31</sellerID>
        <price>163</price>
      </transaction>
      <transaction>
        <timestamp>1333598522264</timestamp>
        <buyerID>94</buyerID>
        <sellerID>92</sellerID>
        <price>163</price>
      </transaction>
      <transaction>
        <timestamp>1333598522955</timestamp>
        <buyerID>133</buyerID>
        <sellerID>91</sellerID>
        <price>164</price>
      </transaction>
      <transaction>
        <timestamp>1333598523780</timestamp>
        <buyerID>94</buyerID>
        <sellerID>91</sellerID>
        <price>164</price>
      </transaction>
      <transaction>
        <timestamp>1333598525116</timestamp>
        <buyerID>94</buyerID>
        <sellerID>32</sellerID>
        <price>165</price>
      </transaction>
      <transaction>
        <timestamp>1333598528117</timestamp>
        <buyerID>94</buyerID>
        <sellerID>132</sellerID>
        <price>168</price>
      </transaction>
      <transaction>
        <timestamp>1333598534852</timestamp>
        <buyerID>94</buyerID>
        <sellerID>91</sellerID>
        <price>174</price>
      </transaction>
      <transaction>
        <timestamp>1333598623398</timestamp>
        <buyerID>133</buyerID>
        <sellerID>72</sellerID>
        <price>161</price>
      </transaction>
      <transaction>
        <timestamp>1333598624139</timestamp>
        <buyerID>34</buyerID>
        <sellerID>72</sellerID>
        <price>153</price>
      </transaction>
      <transaction>
        <timestamp>1333598624889</timestamp>
        <buyerID>73</buyerID>
        <sellerID>131</sellerID>
        <price>175</price>
      </transaction>
      <transaction>
        <timestamp>1333598624912</timestamp>
        <buyerID>94</buyerID>
        <sellerID>71</sellerID>
        <price>150</price>
      </transaction>
      <transaction>
        <timestamp>1333598625026</timestamp>
        <buyerID>33</buyerID>
        <sellerID>72</sellerID>
        <price>149</price>
      </transaction>
      <transaction>
        <timestamp>1333598625619</timestamp>
        <buyerID>34</buyerID>
        <sellerID>71</sellerID>
        <price>139</price>
      </transaction>
      <transaction>
        <timestamp>1333598625677</timestamp>
        <buyerID>73</buyerID>
        <sellerID>32</sellerID>
        <price>177</price>
      </transaction>
      <transaction>
        <timestamp>1333598626389</timestamp>
        <buyerID>73</buyerID>
        <sellerID>91</sellerID>
        <price>185</price>
      </transaction>
      <transaction>
        <timestamp>1333598627195</timestamp>
        <buyerID>74</buyerID>
        <sellerID>32</sellerID>
        <price>192</price>
      </transaction>
      <transaction>
        <timestamp>1333598627210</timestamp>
        <buyerID>73</buyerID>
        <sellerID>31</sellerID>
        <price>198</price>
      </transaction>
      <transaction>
        <timestamp>1333598627852</timestamp>
        <buyerID>74</buyerID>
        <sellerID>32</sellerID>
        <price>215</price>
      </transaction>
      <transaction>
        <timestamp>1333598628710</timestamp>
        <buyerID>33</buyerID>
        <sellerID>71</sellerID>
        <price>144</price>
      </transaction>
      <transaction>
        <timestamp>1333598628748</timestamp>
        <buyerID>74</buyerID>
        <sellerID>132</sellerID>
        <price>203</price>
      </transaction>
      <transaction>
        <timestamp>1333598629386</timestamp>
        <buyerID>74</buyerID>
        <sellerID>31</sellerID>
        <price>211</price>
      </transaction>
      <transaction>
        <timestamp>1333598630197</timestamp>
        <buyerID>74</buyerID>
        <sellerID>92</sellerID>
        <price>206</price>
      </transaction>
    </repetition>
    <repetition>
      <id>2</id>
      <transaction>
        <timestamp>1333598643791</timestamp>
        <buyerID>34</buyerID>
        <sellerID>32</sellerID>
        <price>160</price>
      </transaction>
      <transaction>
        <timestamp>1333598643807</timestamp>
        <buyerID>133</buyerID>
        <sellerID>31</sellerID>
        <price>95</price>
      </transaction>
      <transaction>
        <timestamp>1333598643821</timestamp>
        <buyerID>134</buyerID>
        <sellerID>91</sellerID>
        <price>138</price>
      </transaction>
      <transaction>
        <timestamp>1333598643869</timestamp>
        <buyerID>93</buyerID>
        <sellerID>92</sellerID>
        <price>169</price>
      </transaction>
      <transaction>
        <timestamp>1333598644352</timestamp>
        <buyerID>33</buyerID>
        <sellerID>132</sellerID>
        <price>168</price>
      </transaction>
      <transaction>
        <timestamp>1333598644378</timestamp>
        <buyerID>94</buyerID>
        <sellerID>31</sellerID>
        <price>147</price>
      </transaction>
      <transaction>
        <timestamp>1333598645101</timestamp>
        <buyerID>93</buyerID>
        <sellerID>32</sellerID>
        <price>150</price>
      </transaction>
      <transaction>
        <timestamp>1333598645141</timestamp>
        <buyerID>93</buyerID>
        <sellerID>92</sellerID>
        <price>150</price>
      </transaction>
      <transaction>
        <timestamp>1333598645159</timestamp>
        <buyerID>133</buyerID>
        <sellerID>31</sellerID>
        <price>151</price>
      </transaction>
      <transaction>
        <timestamp>1333598645225</timestamp>
        <buyerID>34</buyerID>
        <sellerID>132</sellerID>
        <price>164</price>
      </transaction>
      <transaction>
        <timestamp>1333598645260</timestamp>
        <buyerID>74</buyerID>
        <sellerID>91</sellerID>
        <price>163</price>
      </transaction>
      <transaction>
        <timestamp>1333598645269</timestamp>
        <buyerID>33</buyerID>
        <sellerID>131</sellerID>
        <price>164</price>
      </transaction>
      <transaction>
        <timestamp>1333598645933</timestamp>
        <buyerID>34</buyerID>
        <sellerID>131</sellerID>
        <price>165</price>
      </transaction>
      <transaction>
        <timestamp>1333598645961</timestamp>
        <buyerID>33</buyerID>
        <sellerID>132</sellerID>
        <price>165</price>
      </transaction>
      <transaction>
        <timestamp>1333598645992</timestamp>
        <buyerID>93</buyerID>
        <sellerID>32</sellerID>
        <price>156</price>
      </transaction>
      <transaction>
        <timestamp>1333598646027</timestamp>
        <buyerID>73</buyerID>
        <sellerID>31</sellerID>
        <price>162</price>
      </transaction>
      <transaction>
        <timestamp>1333598646593</timestamp>
        <buyerID>73</buyerID>
        <sellerID>91</sellerID>
        <price>166</price>
      </transaction>
      <transaction>
        <timestamp>1333598646617</timestamp>
        <buyerID>74</buyerID>
        <sellerID>31</sellerID>
        <price>163</price>
      </transaction>
      <transaction>
        <timestamp>1333598646694</timestamp>
        <buyerID>34</buyerID>
        <sellerID>132</sellerID>
        <price>180</price>
      </transaction>
      <transaction>
        <timestamp>1333598646746</timestamp>
        <buyerID>94</buyerID>
        <sellerID>131</sellerID>
        <price>179</price>
      </transaction>
      <transaction>
        <timestamp>1333598647341</timestamp>
        <buyerID>33</buyerID>
        <sellerID>71</sellerID>
        <price>178</price>
      </transaction>
      <transaction>
        <timestamp>1333598647404</timestamp>
        <buyerID>34</buyerID>
        <sellerID>131</sellerID>
        <price>180</price>
      </transaction>
      <transaction>
        <timestamp>1333598647435</timestamp>
        <buyerID>93</buyerID>
        <sellerID>32</sellerID>
        <price>178</price>
      </transaction>
      <transaction>
        <timestamp>1333598647494</timestamp>
        <buyerID>73</buyerID>
        <sellerID>92</sellerID>
        <price>179</price>
      </transaction>
      <transaction>
        <timestamp>1333598647515</timestamp>
        <buyerID>74</buyerID>
        <sellerID>91</sellerID>
        <price>180</price>
      </transaction>
      <transaction>
        <timestamp>1333598647525</timestamp>
        <buyerID>133</buyerID>
        <sellerID>72</sellerID>
        <price>179</price>
      </transaction>
      <transaction>
        <timestamp>1333598647539</timestamp>
        <buyerID>33</buyerID>
        <sellerID>132</sellerID>
        <price>183</price>
      </transaction>
      <transaction>
        <timestamp>1333598648186</timestamp>
        <buyerID>133</buyerID>
        <sellerID>72</sellerID>
        <price>181</price>
      </transaction>
      <transaction>
        <timestamp>1333598648202</timestamp>
        <buyerID>134</buyerID>
        <sellerID>91</sellerID>
        <price>180</price>
      </transaction>
      <transaction>
        <timestamp>1333598648236</timestamp>
        <buyerID>73</buyerID>
        <sellerID>32</sellerID>
        <price>182</price>
      </transaction>
      <transaction>
        <timestamp>1333598648862</timestamp>
        <buyerID>94</buyerID>
        <sellerID>72</sellerID>
        <price>179</price>
      </transaction>
      <transaction>
        <timestamp>1333598648941</timestamp>
        <buyerID>74</buyerID>
        <sellerID>92</sellerID>
        <price>180</price>
      </transaction>
      <transaction>
        <timestamp>1333598648996</timestamp>
        <buyerID>133</buyerID>
        <sellerID>131</sellerID>
        <price>181</price>
      </transaction>
      <transaction>
        <timestamp>1333598649029</timestamp>
        <buyerID>134</buyerID>
        <sellerID>91</sellerID>
        <price>182</price>
      </transaction>
      <transaction>
        <timestamp>1333598649627</timestamp>
        <buyerID>94</buyerID>
        <sellerID>72</sellerID>
        <price>178</price>
      </transaction>
      <transaction>
        <timestamp>1333598649720</timestamp>
        <buyerID>74</buyerID>
        <sellerID>92</sellerID>
        <price>181</price>
      </transaction>
      <transaction>
        <timestamp>1333598649749</timestamp>
        <buyerID>94</buyerID>
        <sellerID>71</sellerID>
        <price>178</price>
      </transaction>
      <transaction>
        <timestamp>1333598649766</timestamp>
        <buyerID>134</buyerID>
        <sellerID>131</sellerID>
        <price>181</price>
      </transaction>
      <transaction>
        <timestamp>1333598651239</timestamp>
        <buyerID>94</buyerID>
        <sellerID>71</sellerID>
        <price>176</price>
      </transaction>
      <transaction>
        <timestamp>1333598652022</timestamp>
        <buyerID>94</buyerID>
        <sellerID>91</sellerID>
        <price>175</price>
      </transaction>
      <transaction>
        <timestamp>1333598657117</timestamp>
        <buyerID>74</buyerID>
        <sellerID>92</sellerID>
        <price>170</price>
      </transaction>
      <transaction>
        <timestamp>1333598752420</timestamp>
        <buyerID>34</buyerID>
        <sellerID>71</sellerID>
        <price>166</price>
      </transaction>
    </repetition>
    <repetition>
      <id>3</id>
      <transaction>
        <timestamp>1333598771283</timestamp>
        <buyerID>133</buyerID>
        <sellerID>92</sellerID>
        <price>94</price>
      </transaction>
      <transaction>
        <timestamp>1333598771300</timestamp>
        <buyerID>33</buyerID>
        <sellerID>31</sellerID>
        <price>163</price>
      </transaction>
      <transaction>
        <timestamp>1333598771333</timestamp>
        <buyerID>34</buyerID>
        <sellerID>132</sellerID>
        <price>161</price>
      </transaction>
      <transaction>
        <timestamp>1333598771378</timestamp>
        <buyerID>134</buyerID>
        <sellerID>32</sellerID>
        <price>156</price>
      </transaction>
      <transaction>
        <timestamp>1333598771944</timestamp>
        <buyerID>134</buyerID>
        <sellerID>32</sellerID>
        <price>136</price>
      </transaction>
      <transaction>
        <timestamp>1333598771985</timestamp>
        <buyerID>34</buyerID>
        <sellerID>131</sellerID>
        <price>139</price>
      </transaction>
      <transaction>
        <timestamp>1333598772595</timestamp>
        <buyerID>34</buyerID>
        <sellerID>31</sellerID>
        <price>152</price>
      </transaction>
      <transaction>
        <timestamp>1333598772682</timestamp>
        <buyerID>33</buyerID>
        <sellerID>132</sellerID>
        <price>150</price>
      </transaction>
      <transaction>
        <timestamp>1333598772756</timestamp>
        <buyerID>134</buyerID>
        <sellerID>32</sellerID>
        <price>147</price>
      </transaction>
      <transaction>
        <timestamp>1333598773375</timestamp>
        <buyerID>34</buyerID>
        <sellerID>71</sellerID>
        <price>146</price>
      </transaction>
      <transaction>
        <timestamp>1333598773383</timestamp>
        <buyerID>134</buyerID>
        <sellerID>31</sellerID>
        <price>149</price>
      </transaction>
      <transaction>
        <timestamp>1333598773418</timestamp>
        <buyerID>133</buyerID>
        <sellerID>72</sellerID>
        <price>149</price>
      </transaction>
      <transaction>
        <timestamp>1333598773470</timestamp>
        <buyerID>74</buyerID>
        <sellerID>91</sellerID>
        <price>148</price>
      </transaction>
      <transaction>
        <timestamp>1333598773505</timestamp>
        <buyerID>73</buyerID>
        <sellerID>92</sellerID>
        <price>149</price>
      </transaction>
      <transaction>
        <timestamp>1333598774186</timestamp>
        <buyerID>74</buyerID>
        <sellerID>91</sellerID>
        <price>148</price>
      </transaction>
      <transaction>
        <timestamp>1333598774210</timestamp>
        <buyerID>73</buyerID>
        <sellerID>131</sellerID>
        <price>149</price>
      </transaction>
      <transaction>
        <timestamp>1333598774243</timestamp>
        <buyerID>34</buyerID>
        <sellerID>132</sellerID>
        <price>151</price>
      </transaction>
      <transaction>
        <timestamp>1333598774264</timestamp>
        <buyerID>33</buyerID>
        <sellerID>132</sellerID>
        <price>149</price>
      </transaction>
      <transaction>
        <timestamp>1333598774839</timestamp>
        <buyerID>34</buyerID>
        <sellerID>31</sellerID>
        <price>162</price>
      </transaction>
      <transaction>
        <timestamp>1333598774913</timestamp>
        <buyerID>93</buyerID>
        <sellerID>32</sellerID>
        <price>165</price>
      </transaction>
      <transaction>
        <timestamp>1333598774942</timestamp>
        <buyerID>33</buyerID>
        <sellerID>31</sellerID>
        <price>168</price>
      </transaction>
      <transaction>
        <timestamp>1333598774963</timestamp>
        <buyerID>73</buyerID>
        <sellerID>91</sellerID>
        <price>170</price>
      </transaction>
      <transaction>
        <timestamp>1333598774999</timestamp>
        <buyerID>74</buyerID>
        <sellerID>131</sellerID>
        <price>170</price>
      </transaction>
      <transaction>
        <timestamp>1333598775612</timestamp>
        <buyerID>94</buyerID>
        <sellerID>72</sellerID>
        <price>167</price>
      </transaction>
      <transaction>
        <timestamp>1333598775683</timestamp>
        <buyerID>33</buyerID>
        <sellerID>132</sellerID>
        <price>170</price>
      </transaction>
      <transaction>
        <timestamp>1333598775716</timestamp>
        <buyerID>133</buyerID>
        <sellerID>131</sellerID>
        <price>166</price>
      </transaction>
      <transaction>
        <timestamp>1333598775721</timestamp>
        <buyerID>73</buyerID>
        <sellerID>91</sellerID>
        <price>170</price>
      </transaction>
      <transaction>
        <timestamp>1333598776464</timestamp>
        <buyerID>133</buyerID>
        <sellerID>72</sellerID>
        <price>166</price>
      </transaction>
      <transaction>
        <timestamp>1333598776490</timestamp>
        <buyerID>94</buyerID>
        <sellerID>71</sellerID>
        <price>165</price>
      </transaction>
      <transaction>
        <timestamp>1333598776518</timestamp>
        <buyerID>74</buyerID>
        <sellerID>91</sellerID>
        <price>167</price>
      </transaction>
      <transaction>
        <timestamp>1333598777097</timestamp>
        <buyerID>74</buyerID>
        <sellerID>92</sellerID>
        <price>168</price>
      </transaction>
      <transaction>
        <timestamp>1333598777119</timestamp>
        <buyerID>93</buyerID>
        <sellerID>71</sellerID>
        <price>164</price>
      </transaction>
      <transaction>
        <timestamp>1333598777124</timestamp>
        <buyerID>133</buyerID>
        <sellerID>131</sellerID>
        <price>169</price>
      </transaction>
      <transaction>
        <timestamp>1333598777205</timestamp>
        <buyerID>93</buyerID>
        <sellerID>72</sellerID>
        <price>170</price>
      </transaction>
      <transaction>
        <timestamp>1333598777874</timestamp>
        <buyerID>93</buyerID>
        <sellerID>91</sellerID>
        <price>171</price>
      </transaction>
      <transaction>
        <timestamp>1333598777960</timestamp>
        <buyerID>94</buyerID>
        <sellerID>92</sellerID>
        <price>171</price>
      </transaction>
      <transaction>
        <timestamp>1333598778667</timestamp>
        <buyerID>73</buyerID>
        <sellerID>92</sellerID>
        <price>159</price>
      </transaction>
      <transaction>
        <timestamp>1333598779442</timestamp>
        <buyerID>93</buyerID>
        <sellerID>92</sellerID>
        <price>163</price>
      </transaction>
      <transaction>
        <timestamp>1333598790619</timestamp>
        <buyerID>94</buyerID>
        <sellerID>91</sellerID>
        <price>174</price>
      </transaction>
      <transaction>
        <timestamp>1333598790773</timestamp>
        <buyerID>94</buyerID>
        <sellerID>71</sellerID>
        <price>174</price>
      </transaction>
      <transaction>
        <timestamp>1333598802712</timestamp>
        <buyerID>94</buyerID>
        <sellerID>131</sellerID>
        <price>175</price>
      </transaction>
      <transaction>
        <timestamp>1333598878377</timestamp>
        <buyerID>94</buyerID>
        <sellerID>72</sellerID>
        <price>175</price>
      </transaction>
      <transaction>
        <timestamp>1333598882260</timestamp>
        <buyerID>74</buyerID>
        <sellerID>32</sellerID>
        <price>177</price>
      </transaction>
    </repetition>
    <repetition>
      <id>4</id>
      <transaction>
        <timestamp>1333598898792</timestamp>
        <buyerID>33</buyerID>
        <sellerID>132</sellerID>
        <price>256</price>
      </transaction>
      <transaction>
        <timestamp>1333598898830</timestamp>
        <buyerID>94</buyerID>
        <sellerID>92</sellerID>
        <price>178</price>
      </transaction>
      <transaction>
        <timestamp>1333598898863</timestamp>
        <buyerID>34</buyerID>
        <sellerID>31</sellerID>
        <price>238</price>
      </transaction>
      <transaction>
        <timestamp>1333598898883</timestamp>
        <buyerID>93</buyerID>
        <sellerID>32</sellerID>
        <price>178</price>
      </transaction>
      <transaction>
        <timestamp>1333598898895</timestamp>
        <buyerID>134</buyerID>
        <sellerID>131</sellerID>
        <price>163</price>
      </transaction>
      <transaction>
        <timestamp>1333598899389</timestamp>
        <buyerID>74</buyerID>
        <sellerID>32</sellerID>
        <price>162</price>
      </transaction>
      <transaction>
        <timestamp>1333598899405</timestamp>
        <buyerID>73</buyerID>
        <sellerID>132</sellerID>
        <price>162</price>
      </transaction>
      <transaction>
        <timestamp>1333598899417</timestamp>
        <buyerID>34</buyerID>
        <sellerID>91</sellerID>
        <price>165</price>
      </transaction>
      <transaction>
        <timestamp>1333598899444</timestamp>
        <buyerID>134</buyerID>
        <sellerID>131</sellerID>
        <price>162</price>
      </transaction>
      <transaction>
        <timestamp>1333598899488</timestamp>
        <buyerID>33</buyerID>
        <sellerID>71</sellerID>
        <price>222</price>
      </transaction>
      <transaction>
        <timestamp>1333598899500</timestamp>
        <buyerID>133</buyerID>
        <sellerID>31</sellerID>
        <price>161</price>
      </transaction>
      <transaction>
        <timestamp>1333598899521</timestamp>
        <buyerID>133</buyerID>
        <sellerID>92</sellerID>
        <price>136</price>
      </transaction>
      <transaction>
        <timestamp>1333598900134</timestamp>
        <buyerID>133</buyerID>
        <sellerID>92</sellerID>
        <price>135</price>
      </transaction>
      <transaction>
        <timestamp>1333598900188</timestamp>
        <buyerID>33</buyerID>
        <sellerID>91</sellerID>
        <price>136</price>
      </transaction>
      <transaction>
        <timestamp>1333598900224</timestamp>
        <buyerID>34</buyerID>
        <sellerID>91</sellerID>
        <price>136</price>
      </transaction>
      <transaction>
        <timestamp>1333598900236</timestamp>
        <buyerID>134</buyerID>
        <sellerID>31</sellerID>
        <price>137</price>
      </transaction>
      <transaction>
        <timestamp>1333598900871</timestamp>
        <buyerID>74</buyerID>
        <sellerID>32</sellerID>
        <price>137</price>
      </transaction>
      <transaction>
        <timestamp>1333598900905</timestamp>
        <buyerID>34</buyerID>
        <sellerID>131</sellerID>
        <price>139</price>
      </transaction>
      <transaction>
        <timestamp>1333598900935</timestamp>
        <buyerID>133</buyerID>
        <sellerID>131</sellerID>
        <price>138</price>
      </transaction>
      <transaction>
        <timestamp>1333598901002</timestamp>
        <buyerID>33</buyerID>
        <sellerID>31</sellerID>
        <price>167</price>
      </transaction>
      <transaction>
        <timestamp>1333598901680</timestamp>
        <buyerID>74</buyerID>
        <sellerID>32</sellerID>
        <price>165</price>
      </transaction>
      <transaction>
        <timestamp>1333598901685</timestamp>
        <buyerID>34</buyerID>
        <sellerID>31</sellerID>
        <price>173</price>
      </transaction>
      <transaction>
        <timestamp>1333598901704</timestamp>
        <buyerID>93</buyerID>
        <sellerID>131</sellerID>
        <price>157</price>
      </transaction>
      <transaction>
        <timestamp>1333598901748</timestamp>
        <buyerID>94</buyerID>
        <sellerID>132</sellerID>
        <price>156</price>
      </transaction>
      <transaction>
        <timestamp>1333598902428</timestamp>
        <buyerID>34</buyerID>
        <sellerID>72</sellerID>
        <price>164</price>
      </transaction>
      <transaction>
        <timestamp>1333598902456</timestamp>
        <buyerID>74</buyerID>
        <sellerID>91</sellerID>
        <price>168</price>
      </transaction>
      <transaction>
        <timestamp>1333598902503</timestamp>
        <buyerID>73</buyerID>
        <sellerID>92</sellerID>
        <price>168</price>
      </transaction>
      <transaction>
        <timestamp>1333598902526</timestamp>
        <buyerID>93</buyerID>
        <sellerID>71</sellerID>
        <price>161</price>
      </transaction>
      <transaction>
        <timestamp>1333598902536</timestamp>
        <buyerID>33</buyerID>
        <sellerID>132</sellerID>
        <price>169</price>
      </transaction>
      <transaction>
        <timestamp>1333598903217</timestamp>
        <buyerID>134</buyerID>
        <sellerID>132</sellerID>
        <price>168</price>
      </transaction>
      <transaction>
        <timestamp>1333598903288</timestamp>
        <buyerID>94</buyerID>
        <sellerID>72</sellerID>
        <price>164</price>
      </transaction>
      <transaction>
        <timestamp>1333598903875</timestamp>
        <buyerID>74</buyerID>
        <sellerID>92</sellerID>
        <price>172</price>
      </transaction>
      <transaction>
        <timestamp>1333598903881</timestamp>
        <buyerID>93</buyerID>
        <sellerID>72</sellerID>
        <price>163</price>
      </transaction>
      <transaction>
        <timestamp>1333598903953</timestamp>
        <buyerID>93</buyerID>
        <sellerID>71</sellerID>
        <price>163</price>
      </transaction>
      <transaction>
        <timestamp>1333598903996</timestamp>
        <buyerID>73</buyerID>
        <sellerID>91</sellerID>
        <price>171</price>
      </transaction>
      <transaction>
        <timestamp>1333598904648</timestamp>
        <buyerID>94</buyerID>
        <sellerID>72</sellerID>
        <price>166</price>
      </transaction>
      <transaction>
        <timestamp>1333598904766</timestamp>
        <buyerID>73</buyerID>
        <sellerID>92</sellerID>
        <price>170</price>
      </transaction>
      <transaction>
        <timestamp>1333598906086</timestamp>
        <buyerID>94</buyerID>
        <sellerID>91</sellerID>
        <price>170</price>
      </transaction>
      <transaction>
        <timestamp>1333598909245</timestamp>
        <buyerID>133</buyerID>
        <sellerID>131</sellerID>
        <price>175</price>
      </transaction>
      <transaction>
        <timestamp>1333598909978</timestamp>
        <buyerID>94</buyerID>
        <sellerID>71</sellerID>
        <price>174</price>
      </transaction>
      <transaction>
        <timestamp>1333598910645</timestamp>
        <buyerID>94</buyerID>
        <sellerID>91</sellerID>
        <price>174</price>
      </transaction>
      <transaction>
        <timestamp>1333599009698</timestamp>
        <buyerID>74</buyerID>
        <sellerID>32</sellerID>
        <price>177</price>
      </transaction>
    </repetition>
    <repetition>
      <id>5</id>
      <transaction>
        <timestamp>1333599026286</timestamp>
        <buyerID>34</buyerID>
        <sellerID>132</sellerID>
        <price>184</price>
      </transaction>
      <transaction>
        <timestamp>1333599026311</timestamp>
        <buyerID>93</buyerID>
        <sellerID>131</sellerID>
        <price>184</price>
      </transaction>
      <transaction>
        <timestamp>1333599026328</timestamp>
        <buyerID>33</buyerID>
        <sellerID>31</sellerID>
        <price>212</price>
      </transaction>
      <transaction>
        <timestamp>1333599026339</timestamp>
        <buyerID>94</buyerID>
        <sellerID>32</sellerID>
        <price>183</price>
      </transaction>
      <transaction>
        <timestamp>1333599026884</timestamp>
        <buyerID>133</buyerID>
        <sellerID>131</sellerID>
        <price>162</price>
      </transaction>
      <transaction>
        <timestamp>1333599026987</timestamp>
        <buyerID>73</buyerID>
        <sellerID>32</sellerID>
        <price>168</price>
      </transaction>
      <transaction>
        <timestamp>1333599026998</timestamp>
        <buyerID>34</buyerID>
        <sellerID>31</sellerID>
        <price>197</price>
      </transaction>
      <transaction>
        <timestamp>1333599027019</timestamp>
        <buyerID>93</buyerID>
        <sellerID>132</sellerID>
        <price>160</price>
      </transaction>
      <transaction>
        <timestamp>1333599027603</timestamp>
        <buyerID>133</buyerID>
        <sellerID>131</sellerID>
        <price>160</price>
      </transaction>
      <transaction>
        <timestamp>1333599027650</timestamp>
        <buyerID>33</buyerID>
        <sellerID>132</sellerID>
        <price>159</price>
      </transaction>
      <transaction>
        <timestamp>1333599027706</timestamp>
        <buyerID>33</buyerID>
        <sellerID>92</sellerID>
        <price>188</price>
      </transaction>
      <transaction>
        <timestamp>1333599027772</timestamp>
        <buyerID>94</buyerID>
        <sellerID>32</sellerID>
        <price>164</price>
      </transaction>
      <transaction>
        <timestamp>1333599028357</timestamp>
        <buyerID>93</buyerID>
        <sellerID>131</sellerID>
        <price>163</price>
      </transaction>
      <transaction>
        <timestamp>1333599028366</timestamp>
        <buyerID>34</buyerID>
        <sellerID>132</sellerID>
        <price>162</price>
      </transaction>
      <transaction>
        <timestamp>1333599028435</timestamp>
        <buyerID>94</buyerID>
        <sellerID>31</sellerID>
        <price>166</price>
      </transaction>
      <transaction>
        <timestamp>1333599028521</timestamp>
        <buyerID>34</buyerID>
        <sellerID>72</sellerID>
        <price>180</price>
      </transaction>
      <transaction>
        <timestamp>1333599029085</timestamp>
        <buyerID>93</buyerID>
        <sellerID>32</sellerID>
        <price>175</price>
      </transaction>
      <transaction>
        <timestamp>1333599029108</timestamp>
        <buyerID>34</buyerID>
        <sellerID>132</sellerID>
        <price>176</price>
      </transaction>
      <transaction>
        <timestamp>1333599029145</timestamp>
        <buyerID>93</buyerID>
        <sellerID>131</sellerID>
        <price>175</price>
      </transaction>
      <transaction>
        <timestamp>1333599029165</timestamp>
        <buyerID>33</buyerID>
        <sellerID>31</sellerID>
        <price>174</price>
      </transaction>
      <transaction>
        <timestamp>1333599029174</timestamp>
        <buyerID>133</buyerID>
        <sellerID>72</sellerID>
        <price>174</price>
      </transaction>
      <transaction>
        <timestamp>1333599029181</timestamp>
        <buyerID>33</buyerID>
        <sellerID>91</sellerID>
        <price>180</price>
      </transaction>
      <transaction>
        <timestamp>1333599029868</timestamp>
        <buyerID>73</buyerID>
        <sellerID>92</sellerID>
        <price>178</price>
      </transaction>
      <transaction>
        <timestamp>1333599029983</timestamp>
        <buyerID>94</buyerID>
        <sellerID>31</sellerID>
        <price>173</price>
      </transaction>
      <transaction>
        <timestamp>1333599030013</timestamp>
        <buyerID>133</buyerID>
        <sellerID>91</sellerID>
        <price>178</price>
      </transaction>
      <transaction>
        <timestamp>1333599030686</timestamp>
        <buyerID>133</buyerID>
        <sellerID>71</sellerID>
        <price>177</price>
      </transaction>
      <transaction>
        <timestamp>1333599030707</timestamp>
        <buyerID>94</buyerID>
        <sellerID>72</sellerID>
        <price>176</price>
      </transaction>
      <transaction>
        <timestamp>1333599030718</timestamp>
        <buyerID>74</buyerID>
        <sellerID>92</sellerID>
        <price>178</price>
      </transaction>
      <transaction>
        <timestamp>1333599031370</timestamp>
        <buyerID>134</buyerID>
        <sellerID>71</sellerID>
        <price>175</price>
      </transaction>
      <transaction>
        <timestamp>1333599031375</timestamp>
        <buyerID>73</buyerID>
        <sellerID>32</sellerID>
        <price>177</price>
      </transaction>
      <transaction>
        <timestamp>1333599031412</timestamp>
        <buyerID>74</buyerID>
        <sellerID>91</sellerID>
        <price>178</price>
      </transaction>
      <transaction>
        <timestamp>1333599031496</timestamp>
        <buyerID>134</buyerID>
        <sellerID>131</sellerID>
        <price>177</price>
      </transaction>
      <transaction>
        <timestamp>1333599032123</timestamp>
        <buyerID>134</buyerID>
        <sellerID>92</sellerID>
        <price>177</price>
      </transaction>
      <transaction>
        <timestamp>1333599032128</timestamp>
        <buyerID>94</buyerID>
        <sellerID>71</sellerID>
        <price>175</price>
      </transaction>
      <transaction>
        <timestamp>1333599032186</timestamp>
        <buyerID>74</buyerID>
        <sellerID>92</sellerID>
        <price>176</price>
      </transaction>
      <transaction>
        <timestamp>1333599032213</timestamp>
        <buyerID>73</buyerID>
        <sellerID>91</sellerID>
        <price>177</price>
      </transaction>
      <transaction>
        <timestamp>1333599033669</timestamp>
        <buyerID>74</buyerID>
        <sellerID>92</sellerID>
        <price>176</price>
      </transaction>
      <transaction>
        <timestamp>1333599033703</timestamp>
        <buyerID>134</buyerID>
        <sellerID>72</sellerID>
        <price>175</price>
      </transaction>
      <transaction>
        <timestamp>1333599033745</timestamp>
        <buyerID>94</buyerID>
        <sellerID>71</sellerID>
        <price>175</price>
      </transaction>
      <transaction>
        <timestamp>1333599034375</timestamp>
        <buyerID>74</buyerID>
        <sellerID>91</sellerID>
        <price>176</price>
      </transaction>
      <transaction>
        <timestamp>1333599041212</timestamp>
        <buyerID>74</buyerID>
        <sellerID>91</sellerID>
        <price>169</price>
      </transaction>
    </repetition>
  </transactions>
  <scores>
    <agent>
      <ID>34</ID>
      <userName>zibtq4</userName>
      <strategy>ZIBTQ</strategy>
      <values>
        <value>259</value>
        <value>247</value>
        <value>194</value>
        <value>181</value>
        <value>180</value>
        <value>166</value>
        <value>153</value>
        <value>139</value>
        <value>138</value>
        <value>79</value>
      </values>
      <score>208.2</score>
    </agent>
    <agent>
      <ID>32</ID>
      <userName>zibtq2</userName>
      <strategy>ZIBTQ</strategy>
      <values>
        <value>83</value>
        <value>133</value>
        <value>137</value>
        <value>165</value>
        <value>177</value>
        <value>192</value>
        <value>206</value>
        <value>219</value>
        <value>230</value>
        <value>259</value>
      </values>
      <score>147.8</score>
    </agent>
    <agent>
      <ID>33</ID>
      <userName>zibtq3</userName>
      <strategy>ZIBTQ</strategy>
      <values>
        <value>260</value>
        <value>252</value>
        <value>245</value>
        <value>201</value>
        <value>191</value>
        <value>149</value>
        <value>146</value>
        <value>141</value>
        <value>134</value>
        <value>116</value>
      </values>
      <score>276.6</score>
    </agent>
    <agent>
      <ID>71</ID>
      <userName>kaplan1</userName>
      <strategy>KAPLAN</strategy>
      <values>
        <value>63</value>
        <value>130</value>
        <value>143</value>
        <value>161</value>
        <value>169</value>
        <value>193</value>
        <value>224</value>
        <value>228</value>
        <value>236</value>
        <value>258</value>
      </values>
      <score>175.6</score>
    </agent>
    <agent>
      <ID>131</ID>
      <userName>rb1</userName>
      <strategy>RB</strategy>
      <values>
        <value>64</value>
        <value>87</value>
        <value>114</value>
        <value>148</value>
        <value>150</value>
        <value>175</value>
        <value>210</value>
        <value>211</value>
        <value>224</value>
        <value>228</value>
      </values>
      <score>262.2</score>
    </agent>
    <agent>
      <ID>72</ID>
      <userName>kaplan2</userName>
      <strategy>KAPLAN</strategy>
      <values>
        <value>66</value>
        <value>74</value>
        <value>111</value>
        <value>150</value>
        <value>170</value>
        <value>185</value>
        <value>188</value>
        <value>210</value>
        <value>212</value>
        <value>251</value>
      </values>
      <score>268.8</score>
    </agent>
    <agent>
      <ID>133</ID>
      <userName>rb3</userName>
      <strategy>RB</strategy>
      <values>
        <value>259</value>
        <value>230</value>
        <value>201</value>
        <value>195</value>
        <value>191</value>
        <value>161</value>
        <value>123</value>
        <value>117</value>
        <value>113</value>
        <value>91</value>
      </values>
      <score>280.8</score>
    </agent>
    <agent>
      <ID>132</ID>
      <userName>rb2</userName>
      <strategy>RB</strategy>
      <values>
        <value>97</value>
        <value>131</value>
        <value>139</value>
        <value>148</value>
        <value>168</value>
        <value>203</value>
        <value>209</value>
        <value>227</value>
        <value>232</value>
        <value>245</value>
      </values>
      <score>179.4</score>
    </agent>
    <agent>
      <ID>73</ID>
      <userName>kaplan3</userName>
      <strategy>KAPLAN</strategy>
      <values>
        <value>251</value>
        <value>247</value>
        <value>234</value>
        <value>217</value>
        <value>168</value>
        <value>163</value>
        <value>130</value>
        <value>121</value>
        <value>102</value>
        <value>79</value>
      </values>
      <score>264.2</score>
    </agent>
    <agent>
      <ID>74</ID>
      <userName>kaplan4</userName>
      <strategy>KAPLAN</strategy>
      <values>
        <value>247</value>
        <value>243</value>
        <value>242</value>
        <value>234</value>
        <value>220</value>
        <value>188</value>
        <value>167</value>
        <value>160</value>
        <value>139</value>
        <value>115</value>
      </values>
      <score>321.2</score>
    </agent>
    <agent>
      <ID>134</ID>
      <userName>rb4</userName>
      <strategy>RB</strategy>
      <values>
        <value>259</value>
        <value>258</value>
        <value>243</value>
        <value>231</value>
        <value>137</value>
        <value>117</value>
        <value>102</value>
        <value>100</value>
        <value>77</value>
        <value>61</value>
      </values>
      <score>332.6</score>
    </agent>
    <agent>
      <ID>93</ID>
      <userName>gd3</userName>
      <strategy>GD</strategy>
      <values>
        <value>223</value>
        <value>221</value>
        <value>209</value>
        <value>196</value>
        <value>190</value>
        <value>126</value>
        <value>86</value>
        <value>80</value>
        <value>79</value>
        <value>71</value>
      </values>
      <score>205.0</score>
    </agent>
    <agent>
      <ID>92</ID>
      <userName>gd2</userName>
      <strategy>GD</strategy>
      <values>
        <value>61</value>
        <value>64</value>
        <value>67</value>
        <value>72</value>
        <value>101</value>
        <value>137</value>
        <value>204</value>
        <value>206</value>
        <value>210</value>
        <value>236</value>
      </values>
      <score>484.2</score>
    </agent>
    <agent>
      <ID>94</ID>
      <userName>gd4</userName>
      <strategy>GD</strategy>
      <values>
        <value>254</value>
        <value>221</value>
        <value>216</value>
        <value>207</value>
        <value>203</value>
        <value>186</value>
        <value>181</value>
        <value>151</value>
        <value>129</value>
        <value>118</value>
      </values>
      <score>265.4</score>
    </agent>
    <agent>
      <ID>91</ID>
      <userName>gd1</userName>
      <strategy>GD</strategy>
      <values>
        <value>61</value>
        <value>85</value>
        <value>96</value>
        <value>106</value>
        <value>139</value>
        <value>159</value>
        <value>173</value>
        <value>179</value>
        <value>231</value>
        <value>237</value>
      </values>
      <score>352.8</score>
    </agent>
    <agent>
      <ID>31</ID>
      <userName>zibtq1</userName>
      <strategy>ZIBTQ</strategy>
      <values>
        <value>88</value>
        <value>127</value>
        <value>137</value>
        <value>162</value>
        <value>163</value>
        <value>198</value>
        <value>211</value>
        <value>231</value>
        <value>241</value>
        <value>257</value>
      </values>
      <score>163.0</score>
    </agent>
  </scores>
</results>

