<results>
  <transactions>
    <repetition>
      <id>1</id>
      <transaction>
        <timestamp>1333594263544</timestamp>
        <buyerID>98</buyerID>
        <sellerID>32</sellerID>
        <price>89</price>
      </transaction>
      <transaction>
        <timestamp>1333594263601</timestamp>
        <buyerID>33</buyerID>
        <sellerID>31</sellerID>
        <price>90</price>
      </transaction>
      <transaction>
        <timestamp>1333594263608</timestamp>
        <buyerID>34</buyerID>
        <sellerID>131</sellerID>
        <price>90</price>
      </transaction>
      <transaction>
        <timestamp>1333594263630</timestamp>
        <buyerID>34</buyerID>
        <sellerID>94</sellerID>
        <price>212</price>
      </transaction>
      <transaction>
        <timestamp>1333594263755</timestamp>
        <buyerID>95</buyerID>
        <sellerID>32</sellerID>
        <price>209</price>
      </transaction>
      <transaction>
        <timestamp>1333594263792</timestamp>
        <buyerID>34</buyerID>
        <sellerID>93</sellerID>
        <price>211</price>
      </transaction>
      <transaction>
        <timestamp>1333594264006</timestamp>
        <buyerID>33</buyerID>
        <sellerID>132</sellerID>
        <price>213</price>
      </transaction>
      <transaction>
        <timestamp>1333594264070</timestamp>
        <buyerID>98</buyerID>
        <sellerID>131</sellerID>
        <price>212</price>
      </transaction>
      <transaction>
        <timestamp>1333594264126</timestamp>
        <buyerID>96</buyerID>
        <sellerID>94</sellerID>
        <price>211</price>
      </transaction>
      <transaction>
        <timestamp>1333594264188</timestamp>
        <buyerID>97</buyerID>
        <sellerID>132</sellerID>
        <price>212</price>
      </transaction>
      <transaction>
        <timestamp>1333594264235</timestamp>
        <buyerID>95</buyerID>
        <sellerID>31</sellerID>
        <price>213</price>
      </transaction>
      <transaction>
        <timestamp>1333594264262</timestamp>
        <buyerID>133</buyerID>
        <sellerID>32</sellerID>
        <price>212</price>
      </transaction>
      <transaction>
        <timestamp>1333594264324</timestamp>
        <buyerID>134</buyerID>
        <sellerID>91</sellerID>
        <price>216</price>
      </transaction>
      <transaction>
        <timestamp>1333594264419</timestamp>
        <buyerID>133</buyerID>
        <sellerID>94</sellerID>
        <price>215</price>
      </transaction>
      <transaction>
        <timestamp>1333594264459</timestamp>
        <buyerID>134</buyerID>
        <sellerID>91</sellerID>
        <price>215</price>
      </transaction>
      <transaction>
        <timestamp>1333594264504</timestamp>
        <buyerID>34</buyerID>
        <sellerID>92</sellerID>
        <price>215</price>
      </transaction>
      <transaction>
        <timestamp>1333594264547</timestamp>
        <buyerID>33</buyerID>
        <sellerID>32</sellerID>
        <price>195</price>
      </transaction>
      <transaction>
        <timestamp>1333594265160</timestamp>
        <buyerID>34</buyerID>
        <sellerID>91</sellerID>
        <price>192</price>
      </transaction>
      <transaction>
        <timestamp>1333594265286</timestamp>
        <buyerID>96</buyerID>
        <sellerID>92</sellerID>
        <price>181</price>
      </transaction>
      <transaction>
        <timestamp>1333594265321</timestamp>
        <buyerID>98</buyerID>
        <sellerID>32</sellerID>
        <price>182</price>
      </transaction>
      <transaction>
        <timestamp>1333594265357</timestamp>
        <buyerID>134</buyerID>
        <sellerID>31</sellerID>
        <price>182</price>
      </transaction>
      <transaction>
        <timestamp>1333594265912</timestamp>
        <buyerID>134</buyerID>
        <sellerID>94</sellerID>
        <price>191</price>
      </transaction>
      <transaction>
        <timestamp>1333594265935</timestamp>
        <buyerID>97</buyerID>
        <sellerID>31</sellerID>
        <price>183</price>
      </transaction>
      <transaction>
        <timestamp>1333594265944</timestamp>
        <buyerID>34</buyerID>
        <sellerID>132</sellerID>
        <price>191</price>
      </transaction>
      <transaction>
        <timestamp>1333594265973</timestamp>
        <buyerID>96</buyerID>
        <sellerID>93</sellerID>
        <price>192</price>
      </transaction>
      <transaction>
        <timestamp>1333594266011</timestamp>
        <buyerID>95</buyerID>
        <sellerID>92</sellerID>
        <price>192</price>
      </transaction>
      <transaction>
        <timestamp>1333594266052</timestamp>
        <buyerID>133</buyerID>
        <sellerID>94</sellerID>
        <price>192</price>
      </transaction>
      <transaction>
        <timestamp>1333594266750</timestamp>
        <buyerID>95</buyerID>
        <sellerID>31</sellerID>
        <price>185</price>
      </transaction>
      <transaction>
        <timestamp>1333594266761</timestamp>
        <buyerID>134</buyerID>
        <sellerID>132</sellerID>
        <price>187</price>
      </transaction>
      <transaction>
        <timestamp>1333594266813</timestamp>
        <buyerID>97</buyerID>
        <sellerID>93</sellerID>
        <price>185</price>
      </transaction>
      <transaction>
        <timestamp>1333594267419</timestamp>
        <buyerID>33</buyerID>
        <sellerID>94</sellerID>
        <price>184</price>
      </transaction>
      <transaction>
        <timestamp>1333594267525</timestamp>
        <buyerID>134</buyerID>
        <sellerID>92</sellerID>
        <price>181</price>
      </transaction>
      <transaction>
        <timestamp>1333594268161</timestamp>
        <buyerID>97</buyerID>
        <sellerID>132</sellerID>
        <price>181</price>
      </transaction>
      <transaction>
        <timestamp>1333594268296</timestamp>
        <buyerID>95</buyerID>
        <sellerID>131</sellerID>
        <price>179</price>
      </transaction>
      <transaction>
        <timestamp>1333594268327</timestamp>
        <buyerID>98</buyerID>
        <sellerID>93</sellerID>
        <price>180</price>
      </transaction>
      <transaction>
        <timestamp>1333594268937</timestamp>
        <buyerID>95</buyerID>
        <sellerID>91</sellerID>
        <price>180</price>
      </transaction>
      <transaction>
        <timestamp>1333594268968</timestamp>
        <buyerID>133</buyerID>
        <sellerID>132</sellerID>
        <price>180</price>
      </transaction>
      <transaction>
        <timestamp>1333594269088</timestamp>
        <buyerID>97</buyerID>
        <sellerID>93</sellerID>
        <price>178</price>
      </transaction>
      <transaction>
        <timestamp>1333594269811</timestamp>
        <buyerID>97</buyerID>
        <sellerID>93</sellerID>
        <price>176</price>
      </transaction>
      <transaction>
        <timestamp>1333594270527</timestamp>
        <buyerID>134</buyerID>
        <sellerID>92</sellerID>
        <price>175</price>
      </transaction>
      <transaction>
        <timestamp>1333594272671</timestamp>
        <buyerID>98</buyerID>
        <sellerID>92</sellerID>
        <price>171</price>
      </transaction>
      <transaction>
        <timestamp>1333594275005</timestamp>
        <buyerID>96</buyerID>
        <sellerID>131</sellerID>
        <price>170</price>
      </transaction>
    </repetition>
    <repetition>
      <id>2</id>
      <transaction>
        <timestamp>1333594389831</timestamp>
        <buyerID>134</buyerID>
        <sellerID>31</sellerID>
        <price>103</price>
      </transaction>
      <transaction>
        <timestamp>1333594389867</timestamp>
        <buyerID>95</buyerID>
        <sellerID>32</sellerID>
        <price>106</price>
      </transaction>
      <transaction>
        <timestamp>1333594389890</timestamp>
        <buyerID>33</buyerID>
        <sellerID>131</sellerID>
        <price>169</price>
      </transaction>
      <transaction>
        <timestamp>1333594389896</timestamp>
        <buyerID>34</buyerID>
        <sellerID>132</sellerID>
        <price>169</price>
      </transaction>
      <transaction>
        <timestamp>1333594390430</timestamp>
        <buyerID>96</buyerID>
        <sellerID>131</sellerID>
        <price>154</price>
      </transaction>
      <transaction>
        <timestamp>1333594390452</timestamp>
        <buyerID>133</buyerID>
        <sellerID>132</sellerID>
        <price>153</price>
      </transaction>
      <transaction>
        <timestamp>1333594390478</timestamp>
        <buyerID>34</buyerID>
        <sellerID>31</sellerID>
        <price>167</price>
      </transaction>
      <transaction>
        <timestamp>1333594390529</timestamp>
        <buyerID>33</buyerID>
        <sellerID>91</sellerID>
        <price>176</price>
      </transaction>
      <transaction>
        <timestamp>1333594391140</timestamp>
        <buyerID>34</buyerID>
        <sellerID>91</sellerID>
        <price>152</price>
      </transaction>
      <transaction>
        <timestamp>1333594391171</timestamp>
        <buyerID>133</buyerID>
        <sellerID>32</sellerID>
        <price>129</price>
      </transaction>
      <transaction>
        <timestamp>1333594391176</timestamp>
        <buyerID>134</buyerID>
        <sellerID>92</sellerID>
        <price>152</price>
      </transaction>
      <transaction>
        <timestamp>1333594391225</timestamp>
        <buyerID>33</buyerID>
        <sellerID>31</sellerID>
        <price>139</price>
      </transaction>
      <transaction>
        <timestamp>1333594391239</timestamp>
        <buyerID>133</buyerID>
        <sellerID>132</sellerID>
        <price>143</price>
      </transaction>
      <transaction>
        <timestamp>1333594391992</timestamp>
        <buyerID>34</buyerID>
        <sellerID>92</sellerID>
        <price>149</price>
      </transaction>
      <transaction>
        <timestamp>1333594392009</timestamp>
        <buyerID>133</buyerID>
        <sellerID>132</sellerID>
        <price>149</price>
      </transaction>
      <transaction>
        <timestamp>1333594392046</timestamp>
        <buyerID>134</buyerID>
        <sellerID>93</sellerID>
        <price>148</price>
      </transaction>
      <transaction>
        <timestamp>1333594392647</timestamp>
        <buyerID>133</buyerID>
        <sellerID>32</sellerID>
        <price>142</price>
      </transaction>
      <transaction>
        <timestamp>1333594392671</timestamp>
        <buyerID>33</buyerID>
        <sellerID>92</sellerID>
        <price>148</price>
      </transaction>
      <transaction>
        <timestamp>1333594392768</timestamp>
        <buyerID>96</buyerID>
        <sellerID>94</sellerID>
        <price>147</price>
      </transaction>
      <transaction>
        <timestamp>1333594392786</timestamp>
        <buyerID>34</buyerID>
        <sellerID>131</sellerID>
        <price>146</price>
      </transaction>
      <transaction>
        <timestamp>1333594392792</timestamp>
        <buyerID>134</buyerID>
        <sellerID>93</sellerID>
        <price>147</price>
      </transaction>
      <transaction>
        <timestamp>1333594393407</timestamp>
        <buyerID>34</buyerID>
        <sellerID>92</sellerID>
        <price>145</price>
      </transaction>
      <transaction>
        <timestamp>1333594393435</timestamp>
        <buyerID>33</buyerID>
        <sellerID>93</sellerID>
        <price>145</price>
      </transaction>
      <transaction>
        <timestamp>1333594393489</timestamp>
        <buyerID>97</buyerID>
        <sellerID>94</sellerID>
        <price>145</price>
      </transaction>
      <transaction>
        <timestamp>1333594393527</timestamp>
        <buyerID>98</buyerID>
        <sellerID>32</sellerID>
        <price>145</price>
      </transaction>
      <transaction>
        <timestamp>1333594394276</timestamp>
        <buyerID>34</buyerID>
        <sellerID>91</sellerID>
        <price>158</price>
      </transaction>
      <transaction>
        <timestamp>1333594394949</timestamp>
        <buyerID>97</buyerID>
        <sellerID>91</sellerID>
        <price>156</price>
      </transaction>
      <transaction>
        <timestamp>1333594395007</timestamp>
        <buyerID>133</buyerID>
        <sellerID>94</sellerID>
        <price>156</price>
      </transaction>
      <transaction>
        <timestamp>1333594395646</timestamp>
        <buyerID>98</buyerID>
        <sellerID>92</sellerID>
        <price>155</price>
      </transaction>
      <transaction>
        <timestamp>1333594395697</timestamp>
        <buyerID>96</buyerID>
        <sellerID>93</sellerID>
        <price>154</price>
      </transaction>
      <transaction>
        <timestamp>1333594395806</timestamp>
        <buyerID>134</buyerID>
        <sellerID>94</sellerID>
        <price>155</price>
      </transaction>
      <transaction>
        <timestamp>1333594396452</timestamp>
        <buyerID>134</buyerID>
        <sellerID>93</sellerID>
        <price>154</price>
      </transaction>
      <transaction>
        <timestamp>1333594397164</timestamp>
        <buyerID>134</buyerID>
        <sellerID>94</sellerID>
        <price>154</price>
      </transaction>
      <transaction>
        <timestamp>1333594397990</timestamp>
        <buyerID>98</buyerID>
        <sellerID>132</sellerID>
        <price>159</price>
      </transaction>
      <transaction>
        <timestamp>1333594398015</timestamp>
        <buyerID>95</buyerID>
        <sellerID>131</sellerID>
        <price>159</price>
      </transaction>
      <transaction>
        <timestamp>1333594398662</timestamp>
        <buyerID>95</buyerID>
        <sellerID>93</sellerID>
        <price>159</price>
      </transaction>
      <transaction>
        <timestamp>1333594398695</timestamp>
        <buyerID>98</buyerID>
        <sellerID>92</sellerID>
        <price>159</price>
      </transaction>
      <transaction>
        <timestamp>1333594400964</timestamp>
        <buyerID>97</buyerID>
        <sellerID>31</sellerID>
        <price>166</price>
      </transaction>
      <transaction>
        <timestamp>1333594402450</timestamp>
        <buyerID>95</buyerID>
        <sellerID>31</sellerID>
        <price>170</price>
      </transaction>
      <transaction>
        <timestamp>1333594403923</timestamp>
        <buyerID>95</buyerID>
        <sellerID>91</sellerID>
        <price>172</price>
      </transaction>
      <transaction>
        <timestamp>1333594405538</timestamp>
        <buyerID>95</buyerID>
        <sellerID>92</sellerID>
        <price>175</price>
      </transaction>
      <transaction>
        <timestamp>1333594414388</timestamp>
        <buyerID>97</buyerID>
        <sellerID>32</sellerID>
        <price>177</price>
      </transaction>
      <transaction>
        <timestamp>1333594415925</timestamp>
        <buyerID>97</buyerID>
        <sellerID>132</sellerID>
        <price>178</price>
      </transaction>
    </repetition>
    <repetition>
      <id>3</id>
      <transaction>
        <timestamp>1333594517338</timestamp>
        <buyerID>97</buyerID>
        <sellerID>131</sellerID>
        <price>179</price>
      </transaction>
      <transaction>
        <timestamp>1333594517364</timestamp>
        <buyerID>33</buyerID>
        <sellerID>93</sellerID>
        <price>201</price>
      </transaction>
      <transaction>
        <timestamp>1333594517375</timestamp>
        <buyerID>96</buyerID>
        <sellerID>92</sellerID>
        <price>179</price>
      </transaction>
      <transaction>
        <timestamp>1333594517380</timestamp>
        <buyerID>95</buyerID>
        <sellerID>94</sellerID>
        <price>179</price>
      </transaction>
      <transaction>
        <timestamp>1333594517386</timestamp>
        <buyerID>98</buyerID>
        <sellerID>32</sellerID>
        <price>179</price>
      </transaction>
      <transaction>
        <timestamp>1333594517400</timestamp>
        <buyerID>34</buyerID>
        <sellerID>132</sellerID>
        <price>196</price>
      </transaction>
      <transaction>
        <timestamp>1333594517404</timestamp>
        <buyerID>133</buyerID>
        <sellerID>31</sellerID>
        <price>178</price>
      </transaction>
      <transaction>
        <timestamp>1333594517894</timestamp>
        <buyerID>134</buyerID>
        <sellerID>94</sellerID>
        <price>178</price>
      </transaction>
      <transaction>
        <timestamp>1333594518013</timestamp>
        <buyerID>134</buyerID>
        <sellerID>32</sellerID>
        <price>148</price>
      </transaction>
      <transaction>
        <timestamp>1333594518022</timestamp>
        <buyerID>33</buyerID>
        <sellerID>31</sellerID>
        <price>149</price>
      </transaction>
      <transaction>
        <timestamp>1333594518662</timestamp>
        <buyerID>33</buyerID>
        <sellerID>132</sellerID>
        <price>164</price>
      </transaction>
      <transaction>
        <timestamp>1333594518687</timestamp>
        <buyerID>95</buyerID>
        <sellerID>31</sellerID>
        <price>147</price>
      </transaction>
      <transaction>
        <timestamp>1333594518710</timestamp>
        <buyerID>34</buyerID>
        <sellerID>91</sellerID>
        <price>166</price>
      </transaction>
      <transaction>
        <timestamp>1333594518719</timestamp>
        <buyerID>98</buyerID>
        <sellerID>131</sellerID>
        <price>152</price>
      </transaction>
      <transaction>
        <timestamp>1333594518782</timestamp>
        <buyerID>96</buyerID>
        <sellerID>132</sellerID>
        <price>152</price>
      </transaction>
      <transaction>
        <timestamp>1333594519419</timestamp>
        <buyerID>33</buyerID>
        <sellerID>94</sellerID>
        <price>163</price>
      </transaction>
      <transaction>
        <timestamp>1333594519474</timestamp>
        <buyerID>96</buyerID>
        <sellerID>131</sellerID>
        <price>155</price>
      </transaction>
      <transaction>
        <timestamp>1333594519534</timestamp>
        <buyerID>34</buyerID>
        <sellerID>132</sellerID>
        <price>160</price>
      </transaction>
      <transaction>
        <timestamp>1333594519572</timestamp>
        <buyerID>97</buyerID>
        <sellerID>32</sellerID>
        <price>157</price>
      </transaction>
      <transaction>
        <timestamp>1333594520143</timestamp>
        <buyerID>34</buyerID>
        <sellerID>91</sellerID>
        <price>161</price>
      </transaction>
      <transaction>
        <timestamp>1333594520225</timestamp>
        <buyerID>133</buyerID>
        <sellerID>91</sellerID>
        <price>156</price>
      </transaction>
      <transaction>
        <timestamp>1333594520245</timestamp>
        <buyerID>133</buyerID>
        <sellerID>92</sellerID>
        <price>157</price>
      </transaction>
      <transaction>
        <timestamp>1333594520266</timestamp>
        <buyerID>33</buyerID>
        <sellerID>94</sellerID>
        <price>158</price>
      </transaction>
      <transaction>
        <timestamp>1333594520285</timestamp>
        <buyerID>134</buyerID>
        <sellerID>32</sellerID>
        <price>158</price>
      </transaction>
      <transaction>
        <timestamp>1333594520310</timestamp>
        <buyerID>96</buyerID>
        <sellerID>131</sellerID>
        <price>159</price>
      </transaction>
      <transaction>
        <timestamp>1333594520917</timestamp>
        <buyerID>134</buyerID>
        <sellerID>132</sellerID>
        <price>159</price>
      </transaction>
      <transaction>
        <timestamp>1333594520991</timestamp>
        <buyerID>34</buyerID>
        <sellerID>94</sellerID>
        <price>164</price>
      </transaction>
      <transaction>
        <timestamp>1333594521066</timestamp>
        <buyerID>98</buyerID>
        <sellerID>91</sellerID>
        <price>162</price>
      </transaction>
      <transaction>
        <timestamp>1333594521729</timestamp>
        <buyerID>134</buyerID>
        <sellerID>92</sellerID>
        <price>163</price>
      </transaction>
      <transaction>
        <timestamp>1333594521755</timestamp>
        <buyerID>34</buyerID>
        <sellerID>93</sellerID>
        <price>163</price>
      </transaction>
      <transaction>
        <timestamp>1333594521814</timestamp>
        <buyerID>97</buyerID>
        <sellerID>31</sellerID>
        <price>166</price>
      </transaction>
      <transaction>
        <timestamp>1333594522489</timestamp>
        <buyerID>97</buyerID>
        <sellerID>93</sellerID>
        <price>168</price>
      </transaction>
      <transaction>
        <timestamp>1333594523144</timestamp>
        <buyerID>134</buyerID>
        <sellerID>92</sellerID>
        <price>168</price>
      </transaction>
      <transaction>
        <timestamp>1333594523276</timestamp>
        <buyerID>133</buyerID>
        <sellerID>93</sellerID>
        <price>169</price>
      </transaction>
      <transaction>
        <timestamp>1333594523291</timestamp>
        <buyerID>134</buyerID>
        <sellerID>31</sellerID>
        <price>170</price>
      </transaction>
      <transaction>
        <timestamp>1333594524726</timestamp>
        <buyerID>97</buyerID>
        <sellerID>93</sellerID>
        <price>169</price>
      </transaction>
      <transaction>
        <timestamp>1333594525451</timestamp>
        <buyerID>98</buyerID>
        <sellerID>92</sellerID>
        <price>168</price>
      </transaction>
      <transaction>
        <timestamp>1333594525541</timestamp>
        <buyerID>98</buyerID>
        <sellerID>93</sellerID>
        <price>169</price>
      </transaction>
      <transaction>
        <timestamp>1333594526227</timestamp>
        <buyerID>95</buyerID>
        <sellerID>92</sellerID>
        <price>170</price>
      </transaction>
      <transaction>
        <timestamp>1333594527761</timestamp>
        <buyerID>95</buyerID>
        <sellerID>91</sellerID>
        <price>172</price>
      </transaction>
      <transaction>
        <timestamp>1333594531425</timestamp>
        <buyerID>95</buyerID>
        <sellerID>92</sellerID>
        <price>175</price>
      </transaction>
      <transaction>
        <timestamp>1333594536024</timestamp>
        <buyerID>95</buyerID>
        <sellerID>32</sellerID>
        <price>177</price>
      </transaction>
    </repetition>
    <repetition>
      <id>4</id>
      <transaction>
        <timestamp>1333594644833</timestamp>
        <buyerID>33</buyerID>
        <sellerID>91</sellerID>
        <price>186</price>
      </transaction>
      <transaction>
        <timestamp>1333594644850</timestamp>
        <buyerID>95</buyerID>
        <sellerID>132</sellerID>
        <price>187</price>
      </transaction>
      <transaction>
        <timestamp>1333594644868</timestamp>
        <buyerID>96</buyerID>
        <sellerID>131</sellerID>
        <price>186</price>
      </transaction>
      <transaction>
        <timestamp>1333594644876</timestamp>
        <buyerID>34</buyerID>
        <sellerID>94</sellerID>
        <price>187</price>
      </transaction>
      <transaction>
        <timestamp>1333594644915</timestamp>
        <buyerID>98</buyerID>
        <sellerID>31</sellerID>
        <price>179</price>
      </transaction>
      <transaction>
        <timestamp>1333594644920</timestamp>
        <buyerID>133</buyerID>
        <sellerID>32</sellerID>
        <price>178</price>
      </transaction>
      <transaction>
        <timestamp>1333594645430</timestamp>
        <buyerID>134</buyerID>
        <sellerID>32</sellerID>
        <price>178</price>
      </transaction>
      <transaction>
        <timestamp>1333594645457</timestamp>
        <buyerID>133</buyerID>
        <sellerID>92</sellerID>
        <price>190</price>
      </transaction>
      <transaction>
        <timestamp>1333594645477</timestamp>
        <buyerID>134</buyerID>
        <sellerID>91</sellerID>
        <price>180</price>
      </transaction>
      <transaction>
        <timestamp>1333594645517</timestamp>
        <buyerID>96</buyerID>
        <sellerID>94</sellerID>
        <price>180</price>
      </transaction>
      <transaction>
        <timestamp>1333594645542</timestamp>
        <buyerID>34</buyerID>
        <sellerID>31</sellerID>
        <price>181</price>
      </transaction>
      <transaction>
        <timestamp>1333594646146</timestamp>
        <buyerID>33</buyerID>
        <sellerID>93</sellerID>
        <price>190</price>
      </transaction>
      <transaction>
        <timestamp>1333594646212</timestamp>
        <buyerID>95</buyerID>
        <sellerID>132</sellerID>
        <price>185</price>
      </transaction>
      <transaction>
        <timestamp>1333594646223</timestamp>
        <buyerID>34</buyerID>
        <sellerID>131</sellerID>
        <price>191</price>
      </transaction>
      <transaction>
        <timestamp>1333594646311</timestamp>
        <buyerID>96</buyerID>
        <sellerID>131</sellerID>
        <price>189</price>
      </transaction>
      <transaction>
        <timestamp>1333594646314</timestamp>
        <buyerID>97</buyerID>
        <sellerID>31</sellerID>
        <price>188</price>
      </transaction>
      <transaction>
        <timestamp>1333594646893</timestamp>
        <buyerID>134</buyerID>
        <sellerID>131</sellerID>
        <price>187</price>
      </transaction>
      <transaction>
        <timestamp>1333594646947</timestamp>
        <buyerID>97</buyerID>
        <sellerID>32</sellerID>
        <price>188</price>
      </transaction>
      <transaction>
        <timestamp>1333594646974</timestamp>
        <buyerID>134</buyerID>
        <sellerID>31</sellerID>
        <price>189</price>
      </transaction>
      <transaction>
        <timestamp>1333594647008</timestamp>
        <buyerID>34</buyerID>
        <sellerID>92</sellerID>
        <price>195</price>
      </transaction>
      <transaction>
        <timestamp>1333594647077</timestamp>
        <buyerID>95</buyerID>
        <sellerID>94</sellerID>
        <price>191</price>
      </transaction>
      <transaction>
        <timestamp>1333594647647</timestamp>
        <buyerID>133</buyerID>
        <sellerID>93</sellerID>
        <price>191</price>
      </transaction>
      <transaction>
        <timestamp>1333594647674</timestamp>
        <buyerID>34</buyerID>
        <sellerID>91</sellerID>
        <price>193</price>
      </transaction>
      <transaction>
        <timestamp>1333594647708</timestamp>
        <buyerID>33</buyerID>
        <sellerID>92</sellerID>
        <price>192</price>
      </transaction>
      <transaction>
        <timestamp>1333594647752</timestamp>
        <buyerID>134</buyerID>
        <sellerID>32</sellerID>
        <price>189</price>
      </transaction>
      <transaction>
        <timestamp>1333594647789</timestamp>
        <buyerID>98</buyerID>
        <sellerID>94</sellerID>
        <price>190</price>
      </transaction>
      <transaction>
        <timestamp>1333594647812</timestamp>
        <buyerID>95</buyerID>
        <sellerID>31</sellerID>
        <price>189</price>
      </transaction>
      <transaction>
        <timestamp>1333594648444</timestamp>
        <buyerID>95</buyerID>
        <sellerID>132</sellerID>
        <price>189</price>
      </transaction>
      <transaction>
        <timestamp>1333594648468</timestamp>
        <buyerID>98</buyerID>
        <sellerID>94</sellerID>
        <price>189</price>
      </transaction>
      <transaction>
        <timestamp>1333594648477</timestamp>
        <buyerID>97</buyerID>
        <sellerID>32</sellerID>
        <price>188</price>
      </transaction>
      <transaction>
        <timestamp>1333594648509</timestamp>
        <buyerID>34</buyerID>
        <sellerID>92</sellerID>
        <price>188</price>
      </transaction>
      <transaction>
        <timestamp>1333594649142</timestamp>
        <buyerID>97</buyerID>
        <sellerID>92</sellerID>
        <price>188</price>
      </transaction>
      <transaction>
        <timestamp>1333594649171</timestamp>
        <buyerID>97</buyerID>
        <sellerID>94</sellerID>
        <price>188</price>
      </transaction>
      <transaction>
        <timestamp>1333594649287</timestamp>
        <buyerID>134</buyerID>
        <sellerID>91</sellerID>
        <price>187</price>
      </transaction>
      <transaction>
        <timestamp>1333594649310</timestamp>
        <buyerID>95</buyerID>
        <sellerID>132</sellerID>
        <price>186</price>
      </transaction>
      <transaction>
        <timestamp>1333594650646</timestamp>
        <buyerID>33</buyerID>
        <sellerID>93</sellerID>
        <price>184</price>
      </transaction>
      <transaction>
        <timestamp>1333594650765</timestamp>
        <buyerID>133</buyerID>
        <sellerID>92</sellerID>
        <price>182</price>
      </transaction>
      <transaction>
        <timestamp>1333594651388</timestamp>
        <buyerID>97</buyerID>
        <sellerID>132</sellerID>
        <price>182</price>
      </transaction>
      <transaction>
        <timestamp>1333594651424</timestamp>
        <buyerID>98</buyerID>
        <sellerID>93</sellerID>
        <price>182</price>
      </transaction>
      <transaction>
        <timestamp>1333594656020</timestamp>
        <buyerID>134</buyerID>
        <sellerID>93</sellerID>
        <price>175</price>
      </transaction>
      <transaction>
        <timestamp>1333594660548</timestamp>
        <buyerID>98</buyerID>
        <sellerID>93</sellerID>
        <price>171</price>
      </transaction>
    </repetition>
    <repetition>
      <id>5</id>
      <transaction>
        <timestamp>1333594772331</timestamp>
        <buyerID>34</buyerID>
        <sellerID>91</sellerID>
        <price>170</price>
      </transaction>
      <transaction>
        <timestamp>1333594772360</timestamp>
        <buyerID>133</buyerID>
        <sellerID>31</sellerID>
        <price>119</price>
      </transaction>
      <transaction>
        <timestamp>1333594772369</timestamp>
        <buyerID>96</buyerID>
        <sellerID>92</sellerID>
        <price>170</price>
      </transaction>
      <transaction>
        <timestamp>1333594772391</timestamp>
        <buyerID>33</buyerID>
        <sellerID>131</sellerID>
        <price>169</price>
      </transaction>
      <transaction>
        <timestamp>1333594772401</timestamp>
        <buyerID>97</buyerID>
        <sellerID>93</sellerID>
        <price>170</price>
      </transaction>
      <transaction>
        <timestamp>1333594772408</timestamp>
        <buyerID>95</buyerID>
        <sellerID>94</sellerID>
        <price>170</price>
      </transaction>
      <transaction>
        <timestamp>1333594772416</timestamp>
        <buyerID>98</buyerID>
        <sellerID>132</sellerID>
        <price>171</price>
      </transaction>
      <transaction>
        <timestamp>1333594772423</timestamp>
        <buyerID>134</buyerID>
        <sellerID>32</sellerID>
        <price>163</price>
      </transaction>
      <transaction>
        <timestamp>1333594772965</timestamp>
        <buyerID>34</buyerID>
        <sellerID>92</sellerID>
        <price>193</price>
      </transaction>
      <transaction>
        <timestamp>1333594772976</timestamp>
        <buyerID>96</buyerID>
        <sellerID>32</sellerID>
        <price>172</price>
      </transaction>
      <transaction>
        <timestamp>1333594773719</timestamp>
        <buyerID>134</buyerID>
        <sellerID>131</sellerID>
        <price>174</price>
      </transaction>
      <transaction>
        <timestamp>1333594773748</timestamp>
        <buyerID>133</buyerID>
        <sellerID>93</sellerID>
        <price>175</price>
      </transaction>
      <transaction>
        <timestamp>1333594773756</timestamp>
        <buyerID>34</buyerID>
        <sellerID>92</sellerID>
        <price>176</price>
      </transaction>
      <transaction>
        <timestamp>1333594773777</timestamp>
        <buyerID>96</buyerID>
        <sellerID>91</sellerID>
        <price>175</price>
      </transaction>
      <transaction>
        <timestamp>1333594773794</timestamp>
        <buyerID>95</buyerID>
        <sellerID>32</sellerID>
        <price>175</price>
      </transaction>
      <transaction>
        <timestamp>1333594773800</timestamp>
        <buyerID>98</buyerID>
        <sellerID>31</sellerID>
        <price>174</price>
      </transaction>
      <transaction>
        <timestamp>1333594773825</timestamp>
        <buyerID>33</buyerID>
        <sellerID>132</sellerID>
        <price>175</price>
      </transaction>
      <transaction>
        <timestamp>1333594774418</timestamp>
        <buyerID>97</buyerID>
        <sellerID>32</sellerID>
        <price>174</price>
      </transaction>
      <transaction>
        <timestamp>1333594774472</timestamp>
        <buyerID>133</buyerID>
        <sellerID>94</sellerID>
        <price>173</price>
      </transaction>
      <transaction>
        <timestamp>1333594774492</timestamp>
        <buyerID>95</buyerID>
        <sellerID>131</sellerID>
        <price>173</price>
      </transaction>
      <transaction>
        <timestamp>1333594774522</timestamp>
        <buyerID>134</buyerID>
        <sellerID>31</sellerID>
        <price>173</price>
      </transaction>
      <transaction>
        <timestamp>1333594774562</timestamp>
        <buyerID>98</buyerID>
        <sellerID>92</sellerID>
        <price>172</price>
      </transaction>
      <transaction>
        <timestamp>1333594774568</timestamp>
        <buyerID>34</buyerID>
        <sellerID>93</sellerID>
        <price>173</price>
      </transaction>
      <transaction>
        <timestamp>1333594774580</timestamp>
        <buyerID>33</buyerID>
        <sellerID>132</sellerID>
        <price>174</price>
      </transaction>
      <transaction>
        <timestamp>1333594775138</timestamp>
        <buyerID>34</buyerID>
        <sellerID>132</sellerID>
        <price>174</price>
      </transaction>
      <transaction>
        <timestamp>1333594775162</timestamp>
        <buyerID>33</buyerID>
        <sellerID>91</sellerID>
        <price>175</price>
      </transaction>
      <transaction>
        <timestamp>1333594775220</timestamp>
        <buyerID>134</buyerID>
        <sellerID>31</sellerID>
        <price>173</price>
      </transaction>
      <transaction>
        <timestamp>1333594775306</timestamp>
        <buyerID>97</buyerID>
        <sellerID>131</sellerID>
        <price>174</price>
      </transaction>
      <transaction>
        <timestamp>1333594775899</timestamp>
        <buyerID>98</buyerID>
        <sellerID>132</sellerID>
        <price>174</price>
      </transaction>
      <transaction>
        <timestamp>1333594775946</timestamp>
        <buyerID>95</buyerID>
        <sellerID>91</sellerID>
        <price>174</price>
      </transaction>
      <transaction>
        <timestamp>1333594776008</timestamp>
        <buyerID>133</buyerID>
        <sellerID>93</sellerID>
        <price>173</price>
      </transaction>
      <transaction>
        <timestamp>1333594776042</timestamp>
        <buyerID>97</buyerID>
        <sellerID>31</sellerID>
        <price>171</price>
      </transaction>
      <transaction>
        <timestamp>1333594776051</timestamp>
        <buyerID>34</buyerID>
        <sellerID>92</sellerID>
        <price>174</price>
      </transaction>
      <transaction>
        <timestamp>1333594776676</timestamp>
        <buyerID>134</buyerID>
        <sellerID>92</sellerID>
        <price>173</price>
      </transaction>
      <transaction>
        <timestamp>1333594777423</timestamp>
        <buyerID>95</buyerID>
        <sellerID>94</sellerID>
        <price>173</price>
      </transaction>
      <transaction>
        <timestamp>1333594777504</timestamp>
        <buyerID>95</buyerID>
        <sellerID>91</sellerID>
        <price>173</price>
      </transaction>
      <transaction>
        <timestamp>1333594778141</timestamp>
        <buyerID>97</buyerID>
        <sellerID>93</sellerID>
        <price>173</price>
      </transaction>
      <transaction>
        <timestamp>1333594778167</timestamp>
        <buyerID>134</buyerID>
        <sellerID>93</sellerID>
        <price>173</price>
      </transaction>
      <transaction>
        <timestamp>1333594779043</timestamp>
        <buyerID>97</buyerID>
        <sellerID>94</sellerID>
        <price>173</price>
      </transaction>
      <transaction>
        <timestamp>1333594780433</timestamp>
        <buyerID>134</buyerID>
        <sellerID>94</sellerID>
        <price>173</price>
      </transaction>
    </repetition>
  </transactions>
  <scores>
    <agent>
      <ID>34</ID>
      <userName>zibtq4</userName>
      <strategy>ZIBTQ</strategy>
      <values>
        <value>258</value>
        <value>224</value>
        <value>221</value>
        <value>221</value>
        <value>220</value>
        <value>206</value>
        <value>166</value>
        <value>146</value>
        <value>80</value>
        <value>69</value>
      </values>
      <score>302.8</score>
    </agent>
    <agent>
      <ID>32</ID>
      <userName>zibtq2</userName>
      <strategy>ZIBTQ</strategy>
      <values>
        <value>62</value>
        <value>83</value>
        <value>133</value>
        <value>145</value>
        <value>177</value>
        <value>190</value>
        <value>193</value>
        <value>231</value>
        <value>234</value>
        <value>238</value>
      </values>
      <score>237.4</score>
    </agent>
    <agent>
      <ID>33</ID>
      <userName>zibtq3</userName>
      <strategy>ZIBTQ</strategy>
      <values>
        <value>247</value>
        <value>213</value>
        <value>195</value>
        <value>184</value>
        <value>169</value>
        <value>148</value>
        <value>117</value>
        <value>110</value>
        <value>99</value>
        <value>89</value>
      </values>
      <score>158.8</score>
    </agent>
    <agent>
      <ID>98</ID>
      <userName>gd8</userName>
      <strategy>GD</strategy>
      <values>
        <value>256</value>
        <value>255</value>
        <value>244</value>
        <value>183</value>
        <value>172</value>
        <value>166</value>
        <value>150</value>
        <value>150</value>
        <value>125</value>
        <value>86</value>
      </values>
      <score>264.4</score>
    </agent>
    <agent>
      <ID>96</ID>
      <userName>gd6</userName>
      <strategy>GD</strategy>
      <values>
        <value>225</value>
        <value>214</value>
        <value>203</value>
        <value>171</value>
        <value>161</value>
        <value>156</value>
        <value>122</value>
        <value>115</value>
        <value>106</value>
        <value>94</value>
      </values>
      <score>125.2</score>
    </agent>
    <agent>
      <ID>97</ID>
      <userName>gd7</userName>
      <strategy>GD</strategy>
      <values>
        <value>245</value>
        <value>241</value>
        <value>240</value>
        <value>202</value>
        <value>199</value>
        <value>183</value>
        <value>159</value>
        <value>152</value>
        <value>135</value>
        <value>128</value>
      </values>
      <score>250.2</score>
    </agent>
    <agent>
      <ID>131</ID>
      <userName>rb1</userName>
      <strategy>RB</strategy>
      <values>
        <value>61</value>
        <value>73</value>
        <value>116</value>
        <value>159</value>
        <value>190</value>
        <value>242</value>
        <value>242</value>
        <value>251</value>
        <value>254</value>
        <value>255</value>
      </values>
      <score>264.4</score>
    </agent>
    <agent>
      <ID>133</ID>
      <userName>rb3</userName>
      <strategy>RB</strategy>
      <values>
        <value>230</value>
        <value>224</value>
        <value>197</value>
        <value>183</value>
        <value>166</value>
        <value>157</value>
        <value>101</value>
        <value>95</value>
        <value>84</value>
        <value>66</value>
      </values>
      <score>156.2</score>
    </agent>
    <agent>
      <ID>132</ID>
      <userName>rb2</userName>
      <strategy>RB</strategy>
      <values>
        <value>97</value>
        <value>104</value>
        <value>114</value>
        <value>122</value>
        <value>159</value>
        <value>178</value>
        <value>200</value>
        <value>205</value>
        <value>207</value>
        <value>253</value>
      </values>
      <score>281.4</score>
    </agent>
    <agent>
      <ID>134</ID>
      <userName>rb4</userName>
      <strategy>RB</strategy>
      <values>
        <value>258</value>
        <value>247</value>
        <value>237</value>
        <value>233</value>
        <value>230</value>
        <value>195</value>
        <value>175</value>
        <value>159</value>
        <value>81</value>
        <value>63</value>
      </values>
      <score>376.8</score>
    </agent>
    <agent>
      <ID>93</ID>
      <userName>gd3</userName>
      <strategy>GD</strategy>
      <values>
        <value>97</value>
        <value>114</value>
        <value>130</value>
        <value>131</value>
        <value>150</value>
        <value>158</value>
        <value>183</value>
        <value>196</value>
        <value>223</value>
        <value>259</value>
      </values>
      <score>259.6</score>
    </agent>
    <agent>
      <ID>92</ID>
      <userName>gd2</userName>
      <strategy>GD</strategy>
      <values>
        <value>92</value>
        <value>95</value>
        <value>101</value>
        <value>129</value>
        <value>147</value>
        <value>157</value>
        <value>174</value>
        <value>191</value>
        <value>221</value>
        <value>251</value>
      </values>
      <score>323.6</score>
    </agent>
    <agent>
      <ID>95</ID>
      <userName>gd5</userName>
      <strategy>GD</strategy>
      <values>
        <value>247</value>
        <value>242</value>
        <value>217</value>
        <value>210</value>
        <value>199</value>
        <value>188</value>
        <value>83</value>
        <value>83</value>
        <value>69</value>
        <value>67</value>
      </values>
      <score>246.2</score>
    </agent>
    <agent>
      <ID>94</ID>
      <userName>gd4</userName>
      <strategy>GD</strategy>
      <values>
        <value>74</value>
        <value>76</value>
        <value>88</value>
        <value>110</value>
        <value>112</value>
        <value>177</value>
        <value>183</value>
        <value>219</value>
        <value>246</value>
        <value>252</value>
      </values>
      <score>427.4</score>
    </agent>
    <agent>
      <ID>91</ID>
      <userName>gd1</userName>
      <strategy>GD</strategy>
      <values>
        <value>127</value>
        <value>136</value>
        <value>144</value>
        <value>152</value>
        <value>171</value>
        <value>199</value>
        <value>200</value>
        <value>203</value>
        <value>223</value>
        <value>240</value>
      </values>
      <score>147.8</score>
    </agent>
    <agent>
      <ID>31</ID>
      <userName>zibtq1</userName>
      <strategy>ZIBTQ</strategy>
      <values>
        <value>90</value>
        <value>134</value>
        <value>138</value>
        <value>166</value>
        <value>170</value>
        <value>202</value>
        <value>208</value>
        <value>227</value>
        <value>234</value>
        <value>237</value>
      </values>
      <score>130.8</score>
    </agent>
  </scores>
</results>

