<results>
  <transactions>
    <repetition>
      <id>1</id>
      <transaction>
        <timestamp>1333595055305</timestamp>
        <buyerID>14</buyerID>
        <sellerID>11</sellerID>
        <price>215</price>
      </transaction>
      <transaction>
        <timestamp>1333595055311</timestamp>
        <buyerID>96</buyerID>
        <sellerID>12</sellerID>
        <price>211</price>
      </transaction>
      <transaction>
        <timestamp>1333595055405</timestamp>
        <buyerID>95</buyerID>
        <sellerID>12</sellerID>
        <price>147</price>
      </transaction>
      <transaction>
        <timestamp>1333595057145</timestamp>
        <buyerID>96</buyerID>
        <sellerID>94</sellerID>
        <price>159</price>
      </transaction>
      <transaction>
        <timestamp>1333595057173</timestamp>
        <buyerID>95</buyerID>
        <sellerID>93</sellerID>
        <price>160</price>
      </transaction>
      <transaction>
        <timestamp>1333595057199</timestamp>
        <buyerID>98</buyerID>
        <sellerID>92</sellerID>
        <price>160</price>
      </transaction>
      <transaction>
        <timestamp>1333595057203</timestamp>
        <buyerID>97</buyerID>
        <sellerID>12</sellerID>
        <price>159</price>
      </transaction>
      <transaction>
        <timestamp>1333595057849</timestamp>
        <buyerID>96</buyerID>
        <sellerID>91</sellerID>
        <price>158</price>
      </transaction>
      <transaction>
        <timestamp>1333595057864</timestamp>
        <buyerID>95</buyerID>
        <sellerID>92</sellerID>
        <price>159</price>
      </transaction>
      <transaction>
        <timestamp>1333595057911</timestamp>
        <buyerID>98</buyerID>
        <sellerID>93</sellerID>
        <price>159</price>
      </transaction>
      <transaction>
        <timestamp>1333595057957</timestamp>
        <buyerID>97</buyerID>
        <sellerID>94</sellerID>
        <price>159</price>
      </transaction>
      <transaction>
        <timestamp>1333595058558</timestamp>
        <buyerID>96</buyerID>
        <sellerID>91</sellerID>
        <price>159</price>
      </transaction>
      <transaction>
        <timestamp>1333595058569</timestamp>
        <buyerID>97</buyerID>
        <sellerID>94</sellerID>
        <price>159</price>
      </transaction>
      <transaction>
        <timestamp>1333595058667</timestamp>
        <buyerID>95</buyerID>
        <sellerID>11</sellerID>
        <price>160</price>
      </transaction>
      <transaction>
        <timestamp>1333595058681</timestamp>
        <buyerID>13</buyerID>
        <sellerID>92</sellerID>
        <price>160</price>
      </transaction>
      <transaction>
        <timestamp>1333595060044</timestamp>
        <buyerID>95</buyerID>
        <sellerID>11</sellerID>
        <price>143</price>
      </transaction>
      <transaction>
        <timestamp>1333595060163</timestamp>
        <buyerID>13</buyerID>
        <sellerID>12</sellerID>
        <price>145</price>
      </transaction>
      <transaction>
        <timestamp>1333595060944</timestamp>
        <buyerID>97</buyerID>
        <sellerID>11</sellerID>
        <price>150</price>
      </transaction>
      <transaction>
        <timestamp>1333595061700</timestamp>
        <buyerID>95</buyerID>
        <sellerID>92</sellerID>
        <price>153</price>
      </transaction>
      <transaction>
        <timestamp>1333595062307</timestamp>
        <buyerID>98</buyerID>
        <sellerID>94</sellerID>
        <price>152</price>
      </transaction>
      <transaction>
        <timestamp>1333595062383</timestamp>
        <buyerID>95</buyerID>
        <sellerID>93</sellerID>
        <price>152</price>
      </transaction>
      <transaction>
        <timestamp>1333595062467</timestamp>
        <buyerID>98</buyerID>
        <sellerID>91</sellerID>
        <price>152</price>
      </transaction>
      <transaction>
        <timestamp>1333595063116</timestamp>
        <buyerID>97</buyerID>
        <sellerID>93</sellerID>
        <price>152</price>
      </transaction>
      <transaction>
        <timestamp>1333595063124</timestamp>
        <buyerID>14</buyerID>
        <sellerID>12</sellerID>
        <price>153</price>
      </transaction>
      <transaction>
        <timestamp>1333595063211</timestamp>
        <buyerID>96</buyerID>
        <sellerID>94</sellerID>
        <price>152</price>
      </transaction>
      <transaction>
        <timestamp>1333595063902</timestamp>
        <buyerID>97</buyerID>
        <sellerID>93</sellerID>
        <price>152</price>
      </transaction>
      <transaction>
        <timestamp>1333595066210</timestamp>
        <buyerID>14</buyerID>
        <sellerID>11</sellerID>
        <price>148</price>
      </transaction>
      <transaction>
        <timestamp>1333595075834</timestamp>
        <buyerID>14</buyerID>
        <sellerID>91</sellerID>
        <price>172</price>
      </transaction>
      <transaction>
        <timestamp>1333595079655</timestamp>
        <buyerID>14</buyerID>
        <sellerID>91</sellerID>
        <price>172</price>
      </transaction>
      <transaction>
        <timestamp>1333595161436</timestamp>
        <buyerID>13</buyerID>
        <sellerID>71</sellerID>
        <price>135</price>
      </transaction>
      <transaction>
        <timestamp>1333595162101</timestamp>
        <buyerID>14</buyerID>
        <sellerID>71</sellerID>
        <price>120</price>
      </transaction>
      <transaction>
        <timestamp>1333595162898</timestamp>
        <buyerID>74</buyerID>
        <sellerID>11</sellerID>
        <price>203</price>
      </transaction>
      <transaction>
        <timestamp>1333595163658</timestamp>
        <buyerID>96</buyerID>
        <sellerID>71</sellerID>
        <price>131</price>
      </transaction>
      <transaction>
        <timestamp>1333595166640</timestamp>
        <buyerID>96</buyerID>
        <sellerID>72</sellerID>
        <price>139</price>
      </transaction>
      <transaction>
        <timestamp>1333595167372</timestamp>
        <buyerID>98</buyerID>
        <sellerID>72</sellerID>
        <price>140</price>
      </transaction>
      <transaction>
        <timestamp>1333595168098</timestamp>
        <buyerID>14</buyerID>
        <sellerID>72</sellerID>
        <price>101</price>
      </transaction>
      <transaction>
        <timestamp>1333595168899</timestamp>
        <buyerID>74</buyerID>
        <sellerID>94</sellerID>
        <price>173</price>
      </transaction>
      <transaction>
        <timestamp>1333595169577</timestamp>
        <buyerID>14</buyerID>
        <sellerID>72</sellerID>
        <price>139</price>
      </transaction>
      <transaction>
        <timestamp>1333595170304</timestamp>
        <buyerID>73</buyerID>
        <sellerID>11</sellerID>
        <price>233</price>
      </transaction>
      <transaction>
        <timestamp>1333595171110</timestamp>
        <buyerID>73</buyerID>
        <sellerID>92</sellerID>
        <price>227</price>
      </transaction>
      <transaction>
        <timestamp>1333595174084</timestamp>
        <buyerID>73</buyerID>
        <sellerID>93</sellerID>
        <price>201</price>
      </transaction>
    </repetition>
    <repetition>
      <id>2</id>
      <transaction>
        <timestamp>1333595181724</timestamp>
        <buyerID>98</buyerID>
        <sellerID>94</sellerID>
        <price>234</price>
      </transaction>
      <transaction>
        <timestamp>1333595181781</timestamp>
        <buyerID>14</buyerID>
        <sellerID>12</sellerID>
        <price>204</price>
      </transaction>
      <transaction>
        <timestamp>1333595181809</timestamp>
        <buyerID>96</buyerID>
        <sellerID>11</sellerID>
        <price>190</price>
      </transaction>
      <transaction>
        <timestamp>1333595182403</timestamp>
        <buyerID>98</buyerID>
        <sellerID>12</sellerID>
        <price>191</price>
      </transaction>
      <transaction>
        <timestamp>1333595182474</timestamp>
        <buyerID>96</buyerID>
        <sellerID>94</sellerID>
        <price>190</price>
      </transaction>
      <transaction>
        <timestamp>1333595182478</timestamp>
        <buyerID>74</buyerID>
        <sellerID>93</sellerID>
        <price>191</price>
      </transaction>
      <transaction>
        <timestamp>1333595183044</timestamp>
        <buyerID>97</buyerID>
        <sellerID>12</sellerID>
        <price>190</price>
      </transaction>
      <transaction>
        <timestamp>1333595183078</timestamp>
        <buyerID>95</buyerID>
        <sellerID>72</sellerID>
        <price>189</price>
      </transaction>
      <transaction>
        <timestamp>1333595183120</timestamp>
        <buyerID>73</buyerID>
        <sellerID>91</sellerID>
        <price>188</price>
      </transaction>
      <transaction>
        <timestamp>1333595183137</timestamp>
        <buyerID>97</buyerID>
        <sellerID>11</sellerID>
        <price>180</price>
      </transaction>
      <transaction>
        <timestamp>1333595183861</timestamp>
        <buyerID>95</buyerID>
        <sellerID>12</sellerID>
        <price>183</price>
      </transaction>
      <transaction>
        <timestamp>1333595183905</timestamp>
        <buyerID>73</buyerID>
        <sellerID>91</sellerID>
        <price>185</price>
      </transaction>
      <transaction>
        <timestamp>1333595183942</timestamp>
        <buyerID>96</buyerID>
        <sellerID>71</sellerID>
        <price>183</price>
      </transaction>
      <transaction>
        <timestamp>1333595184567</timestamp>
        <buyerID>97</buyerID>
        <sellerID>72</sellerID>
        <price>182</price>
      </transaction>
      <transaction>
        <timestamp>1333595184704</timestamp>
        <buyerID>95</buyerID>
        <sellerID>12</sellerID>
        <price>175</price>
      </transaction>
      <transaction>
        <timestamp>1333595185404</timestamp>
        <buyerID>96</buyerID>
        <sellerID>11</sellerID>
        <price>165</price>
      </transaction>
      <transaction>
        <timestamp>1333595186095</timestamp>
        <buyerID>95</buyerID>
        <sellerID>11</sellerID>
        <price>166</price>
      </transaction>
      <transaction>
        <timestamp>1333595186116</timestamp>
        <buyerID>14</buyerID>
        <sellerID>93</sellerID>
        <price>178</price>
      </transaction>
      <transaction>
        <timestamp>1333595186194</timestamp>
        <buyerID>73</buyerID>
        <sellerID>93</sellerID>
        <price>176</price>
      </transaction>
      <transaction>
        <timestamp>1333595186796</timestamp>
        <buyerID>14</buyerID>
        <sellerID>91</sellerID>
        <price>175</price>
      </transaction>
      <transaction>
        <timestamp>1333595186830</timestamp>
        <buyerID>74</buyerID>
        <sellerID>93</sellerID>
        <price>174</price>
      </transaction>
      <transaction>
        <timestamp>1333595186858</timestamp>
        <buyerID>97</buyerID>
        <sellerID>72</sellerID>
        <price>168</price>
      </transaction>
      <transaction>
        <timestamp>1333595187569</timestamp>
        <buyerID>98</buyerID>
        <sellerID>71</sellerID>
        <price>168</price>
      </transaction>
      <transaction>
        <timestamp>1333595187666</timestamp>
        <buyerID>73</buyerID>
        <sellerID>93</sellerID>
        <price>172</price>
      </transaction>
      <transaction>
        <timestamp>1333595187700</timestamp>
        <buyerID>96</buyerID>
        <sellerID>72</sellerID>
        <price>168</price>
      </transaction>
      <transaction>
        <timestamp>1333595188401</timestamp>
        <buyerID>13</buyerID>
        <sellerID>94</sellerID>
        <price>172</price>
      </transaction>
      <transaction>
        <timestamp>1333595188455</timestamp>
        <buyerID>14</buyerID>
        <sellerID>92</sellerID>
        <price>171</price>
      </transaction>
      <transaction>
        <timestamp>1333595189848</timestamp>
        <buyerID>74</buyerID>
        <sellerID>94</sellerID>
        <price>164</price>
      </transaction>
      <transaction>
        <timestamp>1333595189940</timestamp>
        <buyerID>95</buyerID>
        <sellerID>92</sellerID>
        <price>164</price>
      </transaction>
      <transaction>
        <timestamp>1333595191297</timestamp>
        <buyerID>98</buyerID>
        <sellerID>92</sellerID>
        <price>163</price>
      </transaction>
      <transaction>
        <timestamp>1333595191396</timestamp>
        <buyerID>14</buyerID>
        <sellerID>92</sellerID>
        <price>163</price>
      </transaction>
      <transaction>
        <timestamp>1333595192162</timestamp>
        <buyerID>95</buyerID>
        <sellerID>11</sellerID>
        <price>159</price>
      </transaction>
      <transaction>
        <timestamp>1333595192810</timestamp>
        <buyerID>74</buyerID>
        <sellerID>94</sellerID>
        <price>167</price>
      </transaction>
      <transaction>
        <timestamp>1333595207108</timestamp>
        <buyerID>13</buyerID>
        <sellerID>11</sellerID>
        <price>172</price>
      </transaction>
      <transaction>
        <timestamp>1333595288096</timestamp>
        <buyerID>14</buyerID>
        <sellerID>71</sellerID>
        <price>151</price>
      </transaction>
      <transaction>
        <timestamp>1333595295616</timestamp>
        <buyerID>14</buyerID>
        <sellerID>71</sellerID>
        <price>152</price>
      </transaction>
      <transaction>
        <timestamp>1333595296424</timestamp>
        <buyerID>98</buyerID>
        <sellerID>71</sellerID>
        <price>156</price>
      </transaction>
      <transaction>
        <timestamp>1333595297781</timestamp>
        <buyerID>74</buyerID>
        <sellerID>91</sellerID>
        <price>169</price>
      </transaction>
      <transaction>
        <timestamp>1333595297898</timestamp>
        <buyerID>73</buyerID>
        <sellerID>91</sellerID>
        <price>170</price>
      </transaction>
      <transaction>
        <timestamp>1333595299470</timestamp>
        <buyerID>96</buyerID>
        <sellerID>71</sellerID>
        <price>160</price>
      </transaction>
    </repetition>
    <repetition>
      <id>3</id>
      <transaction>
        <timestamp>1333595309255</timestamp>
        <buyerID>95</buyerID>
        <sellerID>92</sellerID>
        <price>235</price>
      </transaction>
      <transaction>
        <timestamp>1333595309300</timestamp>
        <buyerID>14</buyerID>
        <sellerID>11</sellerID>
        <price>222</price>
      </transaction>
      <transaction>
        <timestamp>1333595309818</timestamp>
        <buyerID>96</buyerID>
        <sellerID>72</sellerID>
        <price>216</price>
      </transaction>
      <transaction>
        <timestamp>1333595310547</timestamp>
        <buyerID>14</buyerID>
        <sellerID>91</sellerID>
        <price>212</price>
      </transaction>
      <transaction>
        <timestamp>1333595310570</timestamp>
        <buyerID>13</buyerID>
        <sellerID>11</sellerID>
        <price>194</price>
      </transaction>
      <transaction>
        <timestamp>1333595310696</timestamp>
        <buyerID>95</buyerID>
        <sellerID>12</sellerID>
        <price>178</price>
      </transaction>
      <transaction>
        <timestamp>1333595311383</timestamp>
        <buyerID>14</buyerID>
        <sellerID>12</sellerID>
        <price>203</price>
      </transaction>
      <transaction>
        <timestamp>1333595312155</timestamp>
        <buyerID>97</buyerID>
        <sellerID>11</sellerID>
        <price>185</price>
      </transaction>
      <transaction>
        <timestamp>1333595312926</timestamp>
        <buyerID>95</buyerID>
        <sellerID>12</sellerID>
        <price>186</price>
      </transaction>
      <transaction>
        <timestamp>1333595312956</timestamp>
        <buyerID>96</buyerID>
        <sellerID>11</sellerID>
        <price>187</price>
      </transaction>
      <transaction>
        <timestamp>1333595313569</timestamp>
        <buyerID>73</buyerID>
        <sellerID>12</sellerID>
        <price>188</price>
      </transaction>
      <transaction>
        <timestamp>1333595313699</timestamp>
        <buyerID>98</buyerID>
        <sellerID>72</sellerID>
        <price>188</price>
      </transaction>
      <transaction>
        <timestamp>1333595314317</timestamp>
        <buyerID>73</buyerID>
        <sellerID>93</sellerID>
        <price>193</price>
      </transaction>
      <transaction>
        <timestamp>1333595314332</timestamp>
        <buyerID>96</buyerID>
        <sellerID>71</sellerID>
        <price>188</price>
      </transaction>
      <transaction>
        <timestamp>1333595314383</timestamp>
        <buyerID>98</buyerID>
        <sellerID>72</sellerID>
        <price>188</price>
      </transaction>
      <transaction>
        <timestamp>1333595315115</timestamp>
        <buyerID>74</buyerID>
        <sellerID>91</sellerID>
        <price>189</price>
      </transaction>
      <transaction>
        <timestamp>1333595315183</timestamp>
        <buyerID>97</buyerID>
        <sellerID>72</sellerID>
        <price>187</price>
      </transaction>
      <transaction>
        <timestamp>1333595315863</timestamp>
        <buyerID>97</buyerID>
        <sellerID>91</sellerID>
        <price>181</price>
      </transaction>
      <transaction>
        <timestamp>1333595315879</timestamp>
        <buyerID>14</buyerID>
        <sellerID>93</sellerID>
        <price>180</price>
      </transaction>
      <transaction>
        <timestamp>1333595315895</timestamp>
        <buyerID>73</buyerID>
        <sellerID>94</sellerID>
        <price>181</price>
      </transaction>
      <transaction>
        <timestamp>1333595316641</timestamp>
        <buyerID>95</buyerID>
        <sellerID>92</sellerID>
        <price>176</price>
      </transaction>
      <transaction>
        <timestamp>1333595316671</timestamp>
        <buyerID>97</buyerID>
        <sellerID>91</sellerID>
        <price>176</price>
      </transaction>
      <transaction>
        <timestamp>1333595318072</timestamp>
        <buyerID>73</buyerID>
        <sellerID>11</sellerID>
        <price>161</price>
      </transaction>
      <transaction>
        <timestamp>1333595318107</timestamp>
        <buyerID>74</buyerID>
        <sellerID>93</sellerID>
        <price>172</price>
      </transaction>
      <transaction>
        <timestamp>1333595318843</timestamp>
        <buyerID>96</buyerID>
        <sellerID>71</sellerID>
        <price>168</price>
      </transaction>
      <transaction>
        <timestamp>1333595318878</timestamp>
        <buyerID>14</buyerID>
        <sellerID>11</sellerID>
        <price>167</price>
      </transaction>
      <transaction>
        <timestamp>1333595318927</timestamp>
        <buyerID>74</buyerID>
        <sellerID>92</sellerID>
        <price>170</price>
      </transaction>
      <transaction>
        <timestamp>1333595319695</timestamp>
        <buyerID>74</buyerID>
        <sellerID>92</sellerID>
        <price>168</price>
      </transaction>
      <transaction>
        <timestamp>1333595320335</timestamp>
        <buyerID>96</buyerID>
        <sellerID>93</sellerID>
        <price>167</price>
      </transaction>
      <transaction>
        <timestamp>1333595320402</timestamp>
        <buyerID>98</buyerID>
        <sellerID>71</sellerID>
        <price>166</price>
      </transaction>
      <transaction>
        <timestamp>1333595321813</timestamp>
        <buyerID>95</buyerID>
        <sellerID>94</sellerID>
        <price>165</price>
      </transaction>
      <transaction>
        <timestamp>1333595323341</timestamp>
        <buyerID>13</buyerID>
        <sellerID>94</sellerID>
        <price>163</price>
      </transaction>
      <transaction>
        <timestamp>1333595324208</timestamp>
        <buyerID>98</buyerID>
        <sellerID>94</sellerID>
        <price>162</price>
      </transaction>
      <transaction>
        <timestamp>1333595324803</timestamp>
        <buyerID>95</buyerID>
        <sellerID>12</sellerID>
        <price>162</price>
      </transaction>
      <transaction>
        <timestamp>1333595325554</timestamp>
        <buyerID>96</buyerID>
        <sellerID>94</sellerID>
        <price>160</price>
      </transaction>
      <transaction>
        <timestamp>1333595326370</timestamp>
        <buyerID>73</buyerID>
        <sellerID>93</sellerID>
        <price>160</price>
      </transaction>
      <transaction>
        <timestamp>1333595417106</timestamp>
        <buyerID>14</buyerID>
        <sellerID>71</sellerID>
        <price>152</price>
      </transaction>
      <transaction>
        <timestamp>1333595418647</timestamp>
        <buyerID>14</buyerID>
        <sellerID>71</sellerID>
        <price>157</price>
      </transaction>
    </repetition>
    <repetition>
      <id>4</id>
      <transaction>
        <timestamp>1333595436725</timestamp>
        <buyerID>96</buyerID>
        <sellerID>91</sellerID>
        <price>151</price>
      </transaction>
      <transaction>
        <timestamp>1333595436797</timestamp>
        <buyerID>95</buyerID>
        <sellerID>11</sellerID>
        <price>153</price>
      </transaction>
      <transaction>
        <timestamp>1333595436815</timestamp>
        <buyerID>97</buyerID>
        <sellerID>93</sellerID>
        <price>153</price>
      </transaction>
      <transaction>
        <timestamp>1333595436818</timestamp>
        <buyerID>14</buyerID>
        <sellerID>92</sellerID>
        <price>154</price>
      </transaction>
      <transaction>
        <timestamp>1333595437385</timestamp>
        <buyerID>95</buyerID>
        <sellerID>12</sellerID>
        <price>155</price>
      </transaction>
      <transaction>
        <timestamp>1333595437403</timestamp>
        <buyerID>97</buyerID>
        <sellerID>11</sellerID>
        <price>154</price>
      </transaction>
      <transaction>
        <timestamp>1333595437419</timestamp>
        <buyerID>74</buyerID>
        <sellerID>93</sellerID>
        <price>159</price>
      </transaction>
      <transaction>
        <timestamp>1333595437472</timestamp>
        <buyerID>96</buyerID>
        <sellerID>72</sellerID>
        <price>154</price>
      </transaction>
      <transaction>
        <timestamp>1333595437486</timestamp>
        <buyerID>98</buyerID>
        <sellerID>71</sellerID>
        <price>153</price>
      </transaction>
      <transaction>
        <timestamp>1333595438066</timestamp>
        <buyerID>98</buyerID>
        <sellerID>71</sellerID>
        <price>153</price>
      </transaction>
      <transaction>
        <timestamp>1333595438106</timestamp>
        <buyerID>74</buyerID>
        <sellerID>94</sellerID>
        <price>154</price>
      </transaction>
      <transaction>
        <timestamp>1333595438113</timestamp>
        <buyerID>73</buyerID>
        <sellerID>93</sellerID>
        <price>155</price>
      </transaction>
      <transaction>
        <timestamp>1333595438163</timestamp>
        <buyerID>13</buyerID>
        <sellerID>92</sellerID>
        <price>155</price>
      </transaction>
      <transaction>
        <timestamp>1333595438170</timestamp>
        <buyerID>14</buyerID>
        <sellerID>91</sellerID>
        <price>156</price>
      </transaction>
      <transaction>
        <timestamp>1333595438189</timestamp>
        <buyerID>95</buyerID>
        <sellerID>11</sellerID>
        <price>154</price>
      </transaction>
      <transaction>
        <timestamp>1333595438206</timestamp>
        <buyerID>97</buyerID>
        <sellerID>12</sellerID>
        <price>153</price>
      </transaction>
      <transaction>
        <timestamp>1333595438850</timestamp>
        <buyerID>96</buyerID>
        <sellerID>12</sellerID>
        <price>152</price>
      </transaction>
      <transaction>
        <timestamp>1333595439617</timestamp>
        <buyerID>98</buyerID>
        <sellerID>11</sellerID>
        <price>156</price>
      </transaction>
      <transaction>
        <timestamp>1333595439683</timestamp>
        <buyerID>97</buyerID>
        <sellerID>92</sellerID>
        <price>157</price>
      </transaction>
      <transaction>
        <timestamp>1333595439699</timestamp>
        <buyerID>95</buyerID>
        <sellerID>94</sellerID>
        <price>156</price>
      </transaction>
      <transaction>
        <timestamp>1333595440342</timestamp>
        <buyerID>98</buyerID>
        <sellerID>91</sellerID>
        <price>157</price>
      </transaction>
      <transaction>
        <timestamp>1333595440356</timestamp>
        <buyerID>14</buyerID>
        <sellerID>12</sellerID>
        <price>158</price>
      </transaction>
      <transaction>
        <timestamp>1333595440390</timestamp>
        <buyerID>96</buyerID>
        <sellerID>71</sellerID>
        <price>157</price>
      </transaction>
      <transaction>
        <timestamp>1333595440404</timestamp>
        <buyerID>73</buyerID>
        <sellerID>92</sellerID>
        <price>158</price>
      </transaction>
      <transaction>
        <timestamp>1333595442593</timestamp>
        <buyerID>96</buyerID>
        <sellerID>12</sellerID>
        <price>160</price>
      </transaction>
      <transaction>
        <timestamp>1333595442668</timestamp>
        <buyerID>14</buyerID>
        <sellerID>72</sellerID>
        <price>167</price>
      </transaction>
      <transaction>
        <timestamp>1333595442679</timestamp>
        <buyerID>73</buyerID>
        <sellerID>93</sellerID>
        <price>173</price>
      </transaction>
      <transaction>
        <timestamp>1333595443399</timestamp>
        <buyerID>74</buyerID>
        <sellerID>93</sellerID>
        <price>171</price>
      </transaction>
      <transaction>
        <timestamp>1333595444104</timestamp>
        <buyerID>14</buyerID>
        <sellerID>11</sellerID>
        <price>167</price>
      </transaction>
      <transaction>
        <timestamp>1333595444117</timestamp>
        <buyerID>74</buyerID>
        <sellerID>91</sellerID>
        <price>171</price>
      </transaction>
      <transaction>
        <timestamp>1333595444164</timestamp>
        <buyerID>13</buyerID>
        <sellerID>72</sellerID>
        <price>161</price>
      </transaction>
      <transaction>
        <timestamp>1333595444856</timestamp>
        <buyerID>95</buyerID>
        <sellerID>72</sellerID>
        <price>162</price>
      </transaction>
      <transaction>
        <timestamp>1333595446444</timestamp>
        <buyerID>95</buyerID>
        <sellerID>94</sellerID>
        <price>162</price>
      </transaction>
      <transaction>
        <timestamp>1333595447097</timestamp>
        <buyerID>96</buyerID>
        <sellerID>94</sellerID>
        <price>151</price>
      </transaction>
      <transaction>
        <timestamp>1333595447921</timestamp>
        <buyerID>73</buyerID>
        <sellerID>94</sellerID>
        <price>160</price>
      </transaction>
      <transaction>
        <timestamp>1333595543199</timestamp>
        <buyerID>13</buyerID>
        <sellerID>71</sellerID>
        <price>152</price>
      </transaction>
      <transaction>
        <timestamp>1333595543963</timestamp>
        <buyerID>98</buyerID>
        <sellerID>71</sellerID>
        <price>157</price>
      </transaction>
      <transaction>
        <timestamp>1333595549930</timestamp>
        <buyerID>14</buyerID>
        <sellerID>71</sellerID>
        <price>166</price>
      </transaction>
    </repetition>
    <repetition>
      <id>5</id>
      <transaction>
        <timestamp>1333595564257</timestamp>
        <buyerID>95</buyerID>
        <sellerID>92</sellerID>
        <price>150</price>
      </transaction>
      <transaction>
        <timestamp>1333595564262</timestamp>
        <buyerID>96</buyerID>
        <sellerID>91</sellerID>
        <price>150</price>
      </transaction>
      <transaction>
        <timestamp>1333595564271</timestamp>
        <buyerID>98</buyerID>
        <sellerID>93</sellerID>
        <price>150</price>
      </transaction>
      <transaction>
        <timestamp>1333595564276</timestamp>
        <buyerID>13</buyerID>
        <sellerID>12</sellerID>
        <price>130</price>
      </transaction>
      <transaction>
        <timestamp>1333595564791</timestamp>
        <buyerID>97</buyerID>
        <sellerID>11</sellerID>
        <price>152</price>
      </transaction>
      <transaction>
        <timestamp>1333595564883</timestamp>
        <buyerID>95</buyerID>
        <sellerID>92</sellerID>
        <price>155</price>
      </transaction>
      <transaction>
        <timestamp>1333595564887</timestamp>
        <buyerID>98</buyerID>
        <sellerID>71</sellerID>
        <price>154</price>
      </transaction>
      <transaction>
        <timestamp>1333595564962</timestamp>
        <buyerID>73</buyerID>
        <sellerID>94</sellerID>
        <price>154</price>
      </transaction>
      <transaction>
        <timestamp>1333595565566</timestamp>
        <buyerID>97</buyerID>
        <sellerID>92</sellerID>
        <price>154</price>
      </transaction>
      <transaction>
        <timestamp>1333595565615</timestamp>
        <buyerID>96</buyerID>
        <sellerID>12</sellerID>
        <price>154</price>
      </transaction>
      <transaction>
        <timestamp>1333595565622</timestamp>
        <buyerID>74</buyerID>
        <sellerID>91</sellerID>
        <price>155</price>
      </transaction>
      <transaction>
        <timestamp>1333595565712</timestamp>
        <buyerID>98</buyerID>
        <sellerID>94</sellerID>
        <price>153</price>
      </transaction>
      <transaction>
        <timestamp>1333595565727</timestamp>
        <buyerID>95</buyerID>
        <sellerID>93</sellerID>
        <price>154</price>
      </transaction>
      <transaction>
        <timestamp>1333595565733</timestamp>
        <buyerID>14</buyerID>
        <sellerID>91</sellerID>
        <price>155</price>
      </transaction>
      <transaction>
        <timestamp>1333595566310</timestamp>
        <buyerID>95</buyerID>
        <sellerID>11</sellerID>
        <price>154</price>
      </transaction>
      <transaction>
        <timestamp>1333595567081</timestamp>
        <buyerID>97</buyerID>
        <sellerID>11</sellerID>
        <price>156</price>
      </transaction>
      <transaction>
        <timestamp>1333595567092</timestamp>
        <buyerID>98</buyerID>
        <sellerID>12</sellerID>
        <price>156</price>
      </transaction>
      <transaction>
        <timestamp>1333595567170</timestamp>
        <buyerID>74</buyerID>
        <sellerID>92</sellerID>
        <price>167</price>
      </transaction>
      <transaction>
        <timestamp>1333595567804</timestamp>
        <buyerID>97</buyerID>
        <sellerID>72</sellerID>
        <price>157</price>
      </transaction>
      <transaction>
        <timestamp>1333595567823</timestamp>
        <buyerID>13</buyerID>
        <sellerID>94</sellerID>
        <price>168</price>
      </transaction>
      <transaction>
        <timestamp>1333595567830</timestamp>
        <buyerID>96</buyerID>
        <sellerID>12</sellerID>
        <price>156</price>
      </transaction>
      <transaction>
        <timestamp>1333595567858</timestamp>
        <buyerID>74</buyerID>
        <sellerID>93</sellerID>
        <price>169</price>
      </transaction>
      <transaction>
        <timestamp>1333595567917</timestamp>
        <buyerID>96</buyerID>
        <sellerID>11</sellerID>
        <price>169</price>
      </transaction>
      <transaction>
        <timestamp>1333595567949</timestamp>
        <buyerID>14</buyerID>
        <sellerID>93</sellerID>
        <price>172</price>
      </transaction>
      <transaction>
        <timestamp>1333595570034</timestamp>
        <buyerID>74</buyerID>
        <sellerID>93</sellerID>
        <price>168</price>
      </transaction>
      <transaction>
        <timestamp>1333595570128</timestamp>
        <buyerID>14</buyerID>
        <sellerID>94</sellerID>
        <price>168</price>
      </transaction>
      <transaction>
        <timestamp>1333595570166</timestamp>
        <buyerID>96</buyerID>
        <sellerID>72</sellerID>
        <price>158</price>
      </transaction>
      <transaction>
        <timestamp>1333595570935</timestamp>
        <buyerID>95</buyerID>
        <sellerID>12</sellerID>
        <price>158</price>
      </transaction>
      <transaction>
        <timestamp>1333595571652</timestamp>
        <buyerID>14</buyerID>
        <sellerID>91</sellerID>
        <price>171</price>
      </transaction>
      <transaction>
        <timestamp>1333595572464</timestamp>
        <buyerID>95</buyerID>
        <sellerID>72</sellerID>
        <price>159</price>
      </transaction>
      <transaction>
        <timestamp>1333595573135</timestamp>
        <buyerID>96</buyerID>
        <sellerID>72</sellerID>
        <price>159</price>
      </transaction>
      <transaction>
        <timestamp>1333595574559</timestamp>
        <buyerID>73</buyerID>
        <sellerID>94</sellerID>
        <price>168</price>
      </transaction>
      <transaction>
        <timestamp>1333595581448</timestamp>
        <buyerID>14</buyerID>
        <sellerID>11</sellerID>
        <price>184</price>
      </transaction>
      <transaction>
        <timestamp>1333595618099</timestamp>
        <buyerID>14</buyerID>
        <sellerID>11</sellerID>
        <price>162</price>
      </transaction>
      <transaction>
        <timestamp>1333595670658</timestamp>
        <buyerID>13</buyerID>
        <sellerID>71</sellerID>
        <price>137</price>
      </transaction>
      <transaction>
        <timestamp>1333595671284</timestamp>
        <buyerID>98</buyerID>
        <sellerID>71</sellerID>
        <price>152</price>
      </transaction>
      <transaction>
        <timestamp>1333595672117</timestamp>
        <buyerID>97</buyerID>
        <sellerID>71</sellerID>
        <price>154</price>
      </transaction>
      <transaction>
        <timestamp>1333595672862</timestamp>
        <buyerID>95</buyerID>
        <sellerID>71</sellerID>
        <price>154</price>
      </transaction>
      <transaction>
        <timestamp>1333595684126</timestamp>
        <buyerID>73</buyerID>
        <sellerID>11</sellerID>
        <price>201</price>
      </transaction>
      <transaction>
        <timestamp>1333595684830</timestamp>
        <buyerID>73</buyerID>
        <sellerID>94</sellerID>
        <price>172</price>
      </transaction>
    </repetition>
  </transactions>
  <scores>
    <agent>
      <ID>71</ID>
      <userName>kaplan1</userName>
      <strategy>KAPLAN</strategy>
      <values>
        <value>108</value>
        <value>116</value>
        <value>130</value>
        <value>149</value>
        <value>152</value>
        <value>160</value>
        <value>221</value>
        <value>228</value>
        <value>232</value>
        <value>245</value>
      </values>
      <score>116.4</score>
    </agent>
    <agent>
      <ID>98</ID>
      <userName>gd8</userName>
      <strategy>GD</strategy>
      <values>
        <value>259</value>
        <value>218</value>
        <value>175</value>
        <value>164</value>
        <value>158</value>
        <value>132</value>
        <value>120</value>
        <value>103</value>
        <value>94</value>
        <value>61</value>
      </values>
      <score>158.4</score>
    </agent>
    <agent>
      <ID>96</ID>
      <userName>gd6</userName>
      <strategy>GD</strategy>
      <values>
        <value>258</value>
        <value>224</value>
        <value>211</value>
        <value>175</value>
        <value>172</value>
        <value>161</value>
        <value>154</value>
        <value>91</value>
        <value>83</value>
        <value>72</value>
      </values>
      <score>207.4</score>
    </agent>
    <agent>
      <ID>97</ID>
      <userName>gd7</userName>
      <strategy>GD</strategy>
      <values>
        <value>193</value>
        <value>188</value>
        <value>185</value>
        <value>179</value>
        <value>156</value>
        <value>154</value>
        <value>139</value>
        <value>121</value>
        <value>69</value>
        <value>65</value>
      </values>
      <score>84.2</score>
    </agent>
    <agent>
      <ID>11</ID>
      <userName>zi1</userName>
      <strategy>ZI</strategy>
      <values>
        <value>72</value>
        <value>74</value>
        <value>108</value>
        <value>113</value>
        <value>146</value>
        <value>161</value>
        <value>195</value>
        <value>202</value>
        <value>218</value>
        <value>233</value>
      </values>
      <score>352.6</score>
    </agent>
    <agent>
      <ID>72</ID>
      <userName>kaplan2</userName>
      <strategy>KAPLAN</strategy>
      <values>
        <value>67</value>
        <value>73</value>
        <value>91</value>
        <value>136</value>
        <value>165</value>
        <value>190</value>
        <value>191</value>
        <value>200</value>
        <value>224</value>
        <value>240</value>
      </values>
      <score>289.4</score>
    </agent>
    <agent>
      <ID>12</ID>
      <userName>zi2</userName>
      <strategy>ZI</strategy>
      <values>
        <value>72</value>
        <value>84</value>
        <value>102</value>
        <value>110</value>
        <value>127</value>
        <value>211</value>
        <value>216</value>
        <value>240</value>
        <value>249</value>
        <value>254</value>
      </values>
      <score>346.4</score>
    </agent>
    <agent>
      <ID>13</ID>
      <userName>zi3</userName>
      <strategy>ZI</strategy>
      <values>
        <value>209</value>
        <value>172</value>
        <value>157</value>
        <value>145</value>
        <value>144</value>
        <value>144</value>
        <value>120</value>
        <value>118</value>
        <value>82</value>
        <value>61</value>
      </values>
      <score>66.4</score>
    </agent>
    <agent>
      <ID>73</ID>
      <userName>kaplan3</userName>
      <strategy>KAPLAN</strategy>
      <values>
        <value>250</value>
        <value>234</value>
        <value>202</value>
        <value>186</value>
        <value>172</value>
        <value>170</value>
        <value>132</value>
        <value>119</value>
        <value>97</value>
        <value>87</value>
      </values>
      <score>148.4</score>
    </agent>
    <agent>
      <ID>14</ID>
      <userName>zi4</userName>
      <strategy>ZI</strategy>
      <values>
        <value>248</value>
        <value>238</value>
        <value>227</value>
        <value>203</value>
        <value>191</value>
        <value>166</value>
        <value>164</value>
        <value>146</value>
        <value>128</value>
        <value>86</value>
      </values>
      <score>263.2</score>
    </agent>
    <agent>
      <ID>74</ID>
      <userName>kaplan4</userName>
      <strategy>KAPLAN</strategy>
      <values>
        <value>210</value>
        <value>191</value>
        <value>187</value>
        <value>187</value>
        <value>169</value>
        <value>164</value>
        <value>153</value>
        <value>144</value>
        <value>124</value>
        <value>116</value>
      </values>
      <score>83.2</score>
    </agent>
    <agent>
      <ID>93</ID>
      <userName>gd3</userName>
      <strategy>GD</strategy>
      <values>
        <value>65</value>
        <value>68</value>
        <value>121</value>
        <value>134</value>
        <value>142</value>
        <value>180</value>
        <value>199</value>
        <value>202</value>
        <value>203</value>
        <value>222</value>
      </values>
      <score>306.6</score>
    </agent>
    <agent>
      <ID>92</ID>
      <userName>gd2</userName>
      <strategy>GD</strategy>
      <values>
        <value>95</value>
        <value>100</value>
        <value>116</value>
        <value>143</value>
        <value>213</value>
        <value>215</value>
        <value>223</value>
        <value>227</value>
        <value>249</value>
        <value>258</value>
      </values>
      <score>207.2</score>
    </agent>
    <agent>
      <ID>95</ID>
      <userName>gd5</userName>
      <strategy>GD</strategy>
      <values>
        <value>247</value>
        <value>242</value>
        <value>206</value>
        <value>185</value>
        <value>166</value>
        <value>163</value>
        <value>156</value>
        <value>125</value>
        <value>86</value>
        <value>71</value>
      </values>
      <score>223.8</score>
    </agent>
    <agent>
      <ID>94</ID>
      <userName>gd4</userName>
      <strategy>GD</strategy>
      <values>
        <value>63</value>
        <value>81</value>
        <value>102</value>
        <value>124</value>
        <value>146</value>
        <value>171</value>
        <value>199</value>
        <value>200</value>
        <value>224</value>
        <value>242</value>
      </values>
      <score>311.2</score>
    </agent>
    <agent>
      <ID>91</ID>
      <userName>gd1</userName>
      <strategy>GD</strategy>
      <values>
        <value>77</value>
        <value>107</value>
        <value>113</value>
        <value>168</value>
        <value>169</value>
        <value>207</value>
        <value>231</value>
        <value>231</value>
        <value>241</value>
        <value>243</value>
      </values>
      <score>212.2</score>
    </agent>
  </scores>
</results>

