<results>
  <transactions>
    <repetition>
      <id>1</id>
      <transaction>
        <timestamp>1333594408231</timestamp>
        <buyerID>34</buyerID>
        <sellerID>32</sellerID>
        <price>115</price>
      </transaction>
      <transaction>
        <timestamp>1333594408270</timestamp>
        <buyerID>97</buyerID>
        <sellerID>31</sellerID>
        <price>194</price>
      </transaction>
      <transaction>
        <timestamp>1333594408307</timestamp>
        <buyerID>96</buyerID>
        <sellerID>91</sellerID>
        <price>194</price>
      </transaction>
      <transaction>
        <timestamp>1333594408340</timestamp>
        <buyerID>97</buyerID>
        <sellerID>93</sellerID>
        <price>194</price>
      </transaction>
      <transaction>
        <timestamp>1333594408352</timestamp>
        <buyerID>34</buyerID>
        <sellerID>32</sellerID>
        <price>193</price>
      </transaction>
      <transaction>
        <timestamp>1333594408500</timestamp>
        <buyerID>33</buyerID>
        <sellerID>31</sellerID>
        <price>164</price>
      </transaction>
      <transaction>
        <timestamp>1333594408554</timestamp>
        <buyerID>33</buyerID>
        <sellerID>32</sellerID>
        <price>183</price>
      </transaction>
      <transaction>
        <timestamp>1333594408693</timestamp>
        <buyerID>33</buyerID>
        <sellerID>94</sellerID>
        <price>136</price>
      </transaction>
      <transaction>
        <timestamp>1333594409444</timestamp>
        <buyerID>97</buyerID>
        <sellerID>31</sellerID>
        <price>127</price>
      </transaction>
      <transaction>
        <timestamp>1333594410054</timestamp>
        <buyerID>95</buyerID>
        <sellerID>31</sellerID>
        <price>127</price>
      </transaction>
      <transaction>
        <timestamp>1333594410122</timestamp>
        <buyerID>33</buyerID>
        <sellerID>92</sellerID>
        <price>130</price>
      </transaction>
      <transaction>
        <timestamp>1333594410194</timestamp>
        <buyerID>96</buyerID>
        <sellerID>91</sellerID>
        <price>130</price>
      </transaction>
      <transaction>
        <timestamp>1333594410203</timestamp>
        <buyerID>34</buyerID>
        <sellerID>93</sellerID>
        <price>131</price>
      </transaction>
      <transaction>
        <timestamp>1333594410816</timestamp>
        <buyerID>98</buyerID>
        <sellerID>31</sellerID>
        <price>130</price>
      </transaction>
      <transaction>
        <timestamp>1333594410855</timestamp>
        <buyerID>95</buyerID>
        <sellerID>91</sellerID>
        <price>130</price>
      </transaction>
      <transaction>
        <timestamp>1333594410879</timestamp>
        <buyerID>96</buyerID>
        <sellerID>93</sellerID>
        <price>131</price>
      </transaction>
      <transaction>
        <timestamp>1333594410912</timestamp>
        <buyerID>97</buyerID>
        <sellerID>94</sellerID>
        <price>130</price>
      </transaction>
      <transaction>
        <timestamp>1333594411602</timestamp>
        <buyerID>96</buyerID>
        <sellerID>31</sellerID>
        <price>130</price>
      </transaction>
      <transaction>
        <timestamp>1333594411679</timestamp>
        <buyerID>98</buyerID>
        <sellerID>92</sellerID>
        <price>130</price>
      </transaction>
      <transaction>
        <timestamp>1333594411691</timestamp>
        <buyerID>33</buyerID>
        <sellerID>91</sellerID>
        <price>131</price>
      </transaction>
      <transaction>
        <timestamp>1333594414642</timestamp>
        <buyerID>33</buyerID>
        <sellerID>92</sellerID>
        <price>168</price>
      </transaction>
      <transaction>
        <timestamp>1333594415439</timestamp>
        <buyerID>95</buyerID>
        <sellerID>91</sellerID>
        <price>164</price>
      </transaction>
      <transaction>
        <timestamp>1333594415448</timestamp>
        <buyerID>96</buyerID>
        <sellerID>94</sellerID>
        <price>164</price>
      </transaction>
      <transaction>
        <timestamp>1333594416070</timestamp>
        <buyerID>98</buyerID>
        <sellerID>92</sellerID>
        <price>163</price>
      </transaction>
      <transaction>
        <timestamp>1333594416078</timestamp>
        <buyerID>95</buyerID>
        <sellerID>94</sellerID>
        <price>163</price>
      </transaction>
      <transaction>
        <timestamp>1333594416188</timestamp>
        <buyerID>96</buyerID>
        <sellerID>91</sellerID>
        <price>163</price>
      </transaction>
      <transaction>
        <timestamp>1333594416784</timestamp>
        <buyerID>98</buyerID>
        <sellerID>91</sellerID>
        <price>163</price>
      </transaction>
      <transaction>
        <timestamp>1333594416919</timestamp>
        <buyerID>98</buyerID>
        <sellerID>92</sellerID>
        <price>161</price>
      </transaction>
      <transaction>
        <timestamp>1333594417675</timestamp>
        <buyerID>98</buyerID>
        <sellerID>92</sellerID>
        <price>160</price>
      </transaction>
      <transaction>
        <timestamp>1333594418469</timestamp>
        <buyerID>98</buyerID>
        <sellerID>93</sellerID>
        <price>160</price>
      </transaction>
      <transaction>
        <timestamp>1333594421287</timestamp>
        <buyerID>34</buyerID>
        <sellerID>93</sellerID>
        <price>157</price>
      </transaction>
      <transaction>
        <timestamp>1333594425172</timestamp>
        <buyerID>97</buyerID>
        <sellerID>93</sellerID>
        <price>155</price>
      </transaction>
      <transaction>
        <timestamp>1333594515924</timestamp>
        <buyerID>34</buyerID>
        <sellerID>72</sellerID>
        <price>143</price>
      </transaction>
      <transaction>
        <timestamp>1333594516635</timestamp>
        <buyerID>33</buyerID>
        <sellerID>72</sellerID>
        <price>142</price>
      </transaction>
      <transaction>
        <timestamp>1333594517443</timestamp>
        <buyerID>98</buyerID>
        <sellerID>72</sellerID>
        <price>149</price>
      </transaction>
      <transaction>
        <timestamp>1333594518159</timestamp>
        <buyerID>33</buyerID>
        <sellerID>72</sellerID>
        <price>138</price>
      </transaction>
      <transaction>
        <timestamp>1333594518851</timestamp>
        <buyerID>97</buyerID>
        <sellerID>72</sellerID>
        <price>136</price>
      </transaction>
      <transaction>
        <timestamp>1333594519584</timestamp>
        <buyerID>96</buyerID>
        <sellerID>71</sellerID>
        <price>137</price>
      </transaction>
      <transaction>
        <timestamp>1333594519681</timestamp>
        <buyerID>74</buyerID>
        <sellerID>93</sellerID>
        <price>160</price>
      </transaction>
      <transaction>
        <timestamp>1333594520330</timestamp>
        <buyerID>34</buyerID>
        <sellerID>71</sellerID>
        <price>130</price>
      </transaction>
      <transaction>
        <timestamp>1333594520383</timestamp>
        <buyerID>73</buyerID>
        <sellerID>31</sellerID>
        <price>177</price>
      </transaction>
      <transaction>
        <timestamp>1333594520458</timestamp>
        <buyerID>74</buyerID>
        <sellerID>32</sellerID>
        <price>181</price>
      </transaction>
      <transaction>
        <timestamp>1333594521036</timestamp>
        <buyerID>95</buyerID>
        <sellerID>71</sellerID>
        <price>130</price>
      </transaction>
      <transaction>
        <timestamp>1333594521088</timestamp>
        <buyerID>74</buyerID>
        <sellerID>94</sellerID>
        <price>181</price>
      </transaction>
      <transaction>
        <timestamp>1333594521887</timestamp>
        <buyerID>74</buyerID>
        <sellerID>93</sellerID>
        <price>182</price>
      </transaction>
      <transaction>
        <timestamp>1333594521971</timestamp>
        <buyerID>73</buyerID>
        <sellerID>94</sellerID>
        <price>181</price>
      </transaction>
      <transaction>
        <timestamp>1333594522525</timestamp>
        <buyerID>74</buyerID>
        <sellerID>91</sellerID>
        <price>182</price>
      </transaction>
      <transaction>
        <timestamp>1333594522553</timestamp>
        <buyerID>73</buyerID>
        <sellerID>32</sellerID>
        <price>185</price>
      </transaction>
      <transaction>
        <timestamp>1333594523411</timestamp>
        <buyerID>73</buyerID>
        <sellerID>91</sellerID>
        <price>185</price>
      </transaction>
      <transaction>
        <timestamp>1333594524168</timestamp>
        <buyerID>73</buyerID>
        <sellerID>31</sellerID>
        <price>201</price>
      </transaction>
    </repetition>
    <repetition>
      <id>2</id>
      <transaction>
        <timestamp>1333594534712</timestamp>
        <buyerID>34</buyerID>
        <sellerID>31</sellerID>
        <price>183</price>
      </transaction>
      <transaction>
        <timestamp>1333594534745</timestamp>
        <buyerID>33</buyerID>
        <sellerID>91</sellerID>
        <price>182</price>
      </transaction>
      <transaction>
        <timestamp>1333594534774</timestamp>
        <buyerID>96</buyerID>
        <sellerID>32</sellerID>
        <price>157</price>
      </transaction>
      <transaction>
        <timestamp>1333594535382</timestamp>
        <buyerID>34</buyerID>
        <sellerID>92</sellerID>
        <price>178</price>
      </transaction>
      <transaction>
        <timestamp>1333594535408</timestamp>
        <buyerID>95</buyerID>
        <sellerID>31</sellerID>
        <price>160</price>
      </transaction>
      <transaction>
        <timestamp>1333594535418</timestamp>
        <buyerID>33</buyerID>
        <sellerID>94</sellerID>
        <price>179</price>
      </transaction>
      <transaction>
        <timestamp>1333594535431</timestamp>
        <buyerID>98</buyerID>
        <sellerID>32</sellerID>
        <price>159</price>
      </transaction>
      <transaction>
        <timestamp>1333594536029</timestamp>
        <buyerID>33</buyerID>
        <sellerID>91</sellerID>
        <price>179</price>
      </transaction>
      <transaction>
        <timestamp>1333594536115</timestamp>
        <buyerID>98</buyerID>
        <sellerID>31</sellerID>
        <price>162</price>
      </transaction>
      <transaction>
        <timestamp>1333594536798</timestamp>
        <buyerID>33</buyerID>
        <sellerID>92</sellerID>
        <price>173</price>
      </transaction>
      <transaction>
        <timestamp>1333594536817</timestamp>
        <buyerID>95</buyerID>
        <sellerID>31</sellerID>
        <price>166</price>
      </transaction>
      <transaction>
        <timestamp>1333594536883</timestamp>
        <buyerID>73</buyerID>
        <sellerID>92</sellerID>
        <price>173</price>
      </transaction>
      <transaction>
        <timestamp>1333594536915</timestamp>
        <buyerID>74</buyerID>
        <sellerID>93</sellerID>
        <price>174</price>
      </transaction>
      <transaction>
        <timestamp>1333594536955</timestamp>
        <buyerID>97</buyerID>
        <sellerID>72</sellerID>
        <price>168</price>
      </transaction>
      <transaction>
        <timestamp>1333594537537</timestamp>
        <buyerID>96</buyerID>
        <sellerID>71</sellerID>
        <price>167</price>
      </transaction>
      <transaction>
        <timestamp>1333594537578</timestamp>
        <buyerID>74</buyerID>
        <sellerID>94</sellerID>
        <price>172</price>
      </transaction>
      <transaction>
        <timestamp>1333594537647</timestamp>
        <buyerID>33</buyerID>
        <sellerID>31</sellerID>
        <price>167</price>
      </transaction>
      <transaction>
        <timestamp>1333594537691</timestamp>
        <buyerID>95</buyerID>
        <sellerID>92</sellerID>
        <price>170</price>
      </transaction>
      <transaction>
        <timestamp>1333594537700</timestamp>
        <buyerID>98</buyerID>
        <sellerID>72</sellerID>
        <price>169</price>
      </transaction>
      <transaction>
        <timestamp>1333594537707</timestamp>
        <buyerID>73</buyerID>
        <sellerID>91</sellerID>
        <price>171</price>
      </transaction>
      <transaction>
        <timestamp>1333594538335</timestamp>
        <buyerID>96</buyerID>
        <sellerID>72</sellerID>
        <price>168</price>
      </transaction>
      <transaction>
        <timestamp>1333594538352</timestamp>
        <buyerID>33</buyerID>
        <sellerID>92</sellerID>
        <price>170</price>
      </transaction>
      <transaction>
        <timestamp>1333594538386</timestamp>
        <buyerID>74</buyerID>
        <sellerID>91</sellerID>
        <price>169</price>
      </transaction>
      <transaction>
        <timestamp>1333594538421</timestamp>
        <buyerID>73</buyerID>
        <sellerID>93</sellerID>
        <price>170</price>
      </transaction>
      <transaction>
        <timestamp>1333594538442</timestamp>
        <buyerID>97</buyerID>
        <sellerID>71</sellerID>
        <price>168</price>
      </transaction>
      <transaction>
        <timestamp>1333594538456</timestamp>
        <buyerID>98</buyerID>
        <sellerID>31</sellerID>
        <price>168</price>
      </transaction>
      <transaction>
        <timestamp>1333594539070</timestamp>
        <buyerID>74</buyerID>
        <sellerID>94</sellerID>
        <price>173</price>
      </transaction>
      <transaction>
        <timestamp>1333594539196</timestamp>
        <buyerID>73</buyerID>
        <sellerID>92</sellerID>
        <price>172</price>
      </transaction>
      <transaction>
        <timestamp>1333594539816</timestamp>
        <buyerID>98</buyerID>
        <sellerID>71</sellerID>
        <price>166</price>
      </transaction>
      <transaction>
        <timestamp>1333594539844</timestamp>
        <buyerID>96</buyerID>
        <sellerID>72</sellerID>
        <price>165</price>
      </transaction>
      <transaction>
        <timestamp>1333594539858</timestamp>
        <buyerID>73</buyerID>
        <sellerID>93</sellerID>
        <price>170</price>
      </transaction>
      <transaction>
        <timestamp>1333594540524</timestamp>
        <buyerID>96</buyerID>
        <sellerID>71</sellerID>
        <price>166</price>
      </transaction>
      <transaction>
        <timestamp>1333594540565</timestamp>
        <buyerID>74</buyerID>
        <sellerID>94</sellerID>
        <price>168</price>
      </transaction>
      <transaction>
        <timestamp>1333594540686</timestamp>
        <buyerID>96</buyerID>
        <sellerID>72</sellerID>
        <price>166</price>
      </transaction>
      <transaction>
        <timestamp>1333594541272</timestamp>
        <buyerID>98</buyerID>
        <sellerID>94</sellerID>
        <price>166</price>
      </transaction>
      <transaction>
        <timestamp>1333594541277</timestamp>
        <buyerID>97</buyerID>
        <sellerID>91</sellerID>
        <price>165</price>
      </transaction>
      <transaction>
        <timestamp>1333594541315</timestamp>
        <buyerID>34</buyerID>
        <sellerID>72</sellerID>
        <price>164</price>
      </transaction>
      <transaction>
        <timestamp>1333594542036</timestamp>
        <buyerID>98</buyerID>
        <sellerID>93</sellerID>
        <price>163</price>
      </transaction>
      <transaction>
        <timestamp>1333594542087</timestamp>
        <buyerID>97</buyerID>
        <sellerID>93</sellerID>
        <price>163</price>
      </transaction>
      <transaction>
        <timestamp>1333594542127</timestamp>
        <buyerID>74</buyerID>
        <sellerID>91</sellerID>
        <price>163</price>
      </transaction>
      <transaction>
        <timestamp>1333594542921</timestamp>
        <buyerID>74</buyerID>
        <sellerID>91</sellerID>
        <price>164</price>
      </transaction>
      <transaction>
        <timestamp>1333594542970</timestamp>
        <buyerID>95</buyerID>
        <sellerID>71</sellerID>
        <price>163</price>
      </transaction>
      <transaction>
        <timestamp>1333594549607</timestamp>
        <buyerID>34</buyerID>
        <sellerID>93</sellerID>
        <price>157</price>
      </transaction>
    </repetition>
    <repetition>
      <id>3</id>
      <transaction>
        <timestamp>1333594662218</timestamp>
        <buyerID>95</buyerID>
        <sellerID>31</sellerID>
        <price>184</price>
      </transaction>
      <transaction>
        <timestamp>1333594662242</timestamp>
        <buyerID>97</buyerID>
        <sellerID>32</sellerID>
        <price>131</price>
      </transaction>
      <transaction>
        <timestamp>1333594662324</timestamp>
        <buyerID>33</buyerID>
        <sellerID>92</sellerID>
        <price>180</price>
      </transaction>
      <transaction>
        <timestamp>1333594662822</timestamp>
        <buyerID>98</buyerID>
        <sellerID>31</sellerID>
        <price>160</price>
      </transaction>
      <transaction>
        <timestamp>1333594662827</timestamp>
        <buyerID>34</buyerID>
        <sellerID>94</sellerID>
        <price>181</price>
      </transaction>
      <transaction>
        <timestamp>1333594662906</timestamp>
        <buyerID>33</buyerID>
        <sellerID>93</sellerID>
        <price>181</price>
      </transaction>
      <transaction>
        <timestamp>1333594663565</timestamp>
        <buyerID>74</buyerID>
        <sellerID>32</sellerID>
        <price>164</price>
      </transaction>
      <transaction>
        <timestamp>1333594663577</timestamp>
        <buyerID>98</buyerID>
        <sellerID>31</sellerID>
        <price>162</price>
      </transaction>
      <transaction>
        <timestamp>1333594663613</timestamp>
        <buyerID>33</buyerID>
        <sellerID>94</sellerID>
        <price>176</price>
      </transaction>
      <transaction>
        <timestamp>1333594663635</timestamp>
        <buyerID>73</buyerID>
        <sellerID>93</sellerID>
        <price>177</price>
      </transaction>
      <transaction>
        <timestamp>1333594663680</timestamp>
        <buyerID>34</buyerID>
        <sellerID>92</sellerID>
        <price>176</price>
      </transaction>
      <transaction>
        <timestamp>1333594664341</timestamp>
        <buyerID>33</buyerID>
        <sellerID>32</sellerID>
        <price>177</price>
      </transaction>
      <transaction>
        <timestamp>1333594664409</timestamp>
        <buyerID>74</buyerID>
        <sellerID>92</sellerID>
        <price>175</price>
      </transaction>
      <transaction>
        <timestamp>1333594664428</timestamp>
        <buyerID>97</buyerID>
        <sellerID>31</sellerID>
        <price>168</price>
      </transaction>
      <transaction>
        <timestamp>1333594664443</timestamp>
        <buyerID>73</buyerID>
        <sellerID>91</sellerID>
        <price>175</price>
      </transaction>
      <transaction>
        <timestamp>1333594665023</timestamp>
        <buyerID>95</buyerID>
        <sellerID>31</sellerID>
        <price>167</price>
      </transaction>
      <transaction>
        <timestamp>1333594665037</timestamp>
        <buyerID>73</buyerID>
        <sellerID>94</sellerID>
        <price>176</price>
      </transaction>
      <transaction>
        <timestamp>1333594665112</timestamp>
        <buyerID>33</buyerID>
        <sellerID>91</sellerID>
        <price>175</price>
      </transaction>
      <transaction>
        <timestamp>1333594665152</timestamp>
        <buyerID>95</buyerID>
        <sellerID>72</sellerID>
        <price>169</price>
      </transaction>
      <transaction>
        <timestamp>1333594665162</timestamp>
        <buyerID>74</buyerID>
        <sellerID>94</sellerID>
        <price>175</price>
      </transaction>
      <transaction>
        <timestamp>1333594665810</timestamp>
        <buyerID>33</buyerID>
        <sellerID>92</sellerID>
        <price>173</price>
      </transaction>
      <transaction>
        <timestamp>1333594665815</timestamp>
        <buyerID>73</buyerID>
        <sellerID>91</sellerID>
        <price>174</price>
      </transaction>
      <transaction>
        <timestamp>1333594665820</timestamp>
        <buyerID>96</buyerID>
        <sellerID>31</sellerID>
        <price>169</price>
      </transaction>
      <transaction>
        <timestamp>1333594665881</timestamp>
        <buyerID>98</buyerID>
        <sellerID>72</sellerID>
        <price>167</price>
      </transaction>
      <transaction>
        <timestamp>1333594665951</timestamp>
        <buyerID>74</buyerID>
        <sellerID>94</sellerID>
        <price>173</price>
      </transaction>
      <transaction>
        <timestamp>1333594666583</timestamp>
        <buyerID>73</buyerID>
        <sellerID>92</sellerID>
        <price>172</price>
      </transaction>
      <transaction>
        <timestamp>1333594666621</timestamp>
        <buyerID>96</buyerID>
        <sellerID>71</sellerID>
        <price>167</price>
      </transaction>
      <transaction>
        <timestamp>1333594667277</timestamp>
        <buyerID>97</buyerID>
        <sellerID>72</sellerID>
        <price>166</price>
      </transaction>
      <transaction>
        <timestamp>1333594667312</timestamp>
        <buyerID>34</buyerID>
        <sellerID>71</sellerID>
        <price>164</price>
      </transaction>
      <transaction>
        <timestamp>1333594667415</timestamp>
        <buyerID>98</buyerID>
        <sellerID>91</sellerID>
        <price>165</price>
      </transaction>
      <transaction>
        <timestamp>1333594668051</timestamp>
        <buyerID>96</buyerID>
        <sellerID>71</sellerID>
        <price>164</price>
      </transaction>
      <transaction>
        <timestamp>1333594668153</timestamp>
        <buyerID>95</buyerID>
        <sellerID>91</sellerID>
        <price>163</price>
      </transaction>
      <transaction>
        <timestamp>1333594668174</timestamp>
        <buyerID>98</buyerID>
        <sellerID>92</sellerID>
        <price>164</price>
      </transaction>
      <transaction>
        <timestamp>1333594668202</timestamp>
        <buyerID>74</buyerID>
        <sellerID>93</sellerID>
        <price>165</price>
      </transaction>
      <transaction>
        <timestamp>1333594668840</timestamp>
        <buyerID>96</buyerID>
        <sellerID>72</sellerID>
        <price>163</price>
      </transaction>
      <transaction>
        <timestamp>1333594668863</timestamp>
        <buyerID>96</buyerID>
        <sellerID>71</sellerID>
        <price>163</price>
      </transaction>
      <transaction>
        <timestamp>1333594668877</timestamp>
        <buyerID>74</buyerID>
        <sellerID>93</sellerID>
        <price>165</price>
      </transaction>
      <transaction>
        <timestamp>1333594669624</timestamp>
        <buyerID>96</buyerID>
        <sellerID>93</sellerID>
        <price>166</price>
      </transaction>
      <transaction>
        <timestamp>1333594669659</timestamp>
        <buyerID>98</buyerID>
        <sellerID>91</sellerID>
        <price>165</price>
      </transaction>
      <transaction>
        <timestamp>1333594670414</timestamp>
        <buyerID>74</buyerID>
        <sellerID>91</sellerID>
        <price>158</price>
      </transaction>
      <transaction>
        <timestamp>1333594671081</timestamp>
        <buyerID>98</buyerID>
        <sellerID>71</sellerID>
        <price>159</price>
      </transaction>
      <transaction>
        <timestamp>1333594671821</timestamp>
        <buyerID>97</buyerID>
        <sellerID>93</sellerID>
        <price>157</price>
      </transaction>
      <transaction>
        <timestamp>1333594770937</timestamp>
        <buyerID>34</buyerID>
        <sellerID>72</sellerID>
        <price>157</price>
      </transaction>
    </repetition>
    <repetition>
      <id>4</id>
      <transaction>
        <timestamp>1333594789728</timestamp>
        <buyerID>33</buyerID>
        <sellerID>92</sellerID>
        <price>130</price>
      </transaction>
      <transaction>
        <timestamp>1333594789763</timestamp>
        <buyerID>98</buyerID>
        <sellerID>31</sellerID>
        <price>122</price>
      </transaction>
      <transaction>
        <timestamp>1333594789767</timestamp>
        <buyerID>34</buyerID>
        <sellerID>91</sellerID>
        <price>130</price>
      </transaction>
      <transaction>
        <timestamp>1333594789779</timestamp>
        <buyerID>95</buyerID>
        <sellerID>94</sellerID>
        <price>130</price>
      </transaction>
      <transaction>
        <timestamp>1333594789800</timestamp>
        <buyerID>96</buyerID>
        <sellerID>93</sellerID>
        <price>130</price>
      </transaction>
      <transaction>
        <timestamp>1333594790292</timestamp>
        <buyerID>97</buyerID>
        <sellerID>32</sellerID>
        <price>131</price>
      </transaction>
      <transaction>
        <timestamp>1333594790422</timestamp>
        <buyerID>33</buyerID>
        <sellerID>94</sellerID>
        <price>182</price>
      </transaction>
      <transaction>
        <timestamp>1333594791037</timestamp>
        <buyerID>95</buyerID>
        <sellerID>31</sellerID>
        <price>170</price>
      </transaction>
      <transaction>
        <timestamp>1333594791105</timestamp>
        <buyerID>98</buyerID>
        <sellerID>32</sellerID>
        <price>171</price>
      </transaction>
      <transaction>
        <timestamp>1333594791119</timestamp>
        <buyerID>34</buyerID>
        <sellerID>93</sellerID>
        <price>180</price>
      </transaction>
      <transaction>
        <timestamp>1333594791185</timestamp>
        <buyerID>33</buyerID>
        <sellerID>94</sellerID>
        <price>179</price>
      </transaction>
      <transaction>
        <timestamp>1333594791203</timestamp>
        <buyerID>73</buyerID>
        <sellerID>92</sellerID>
        <price>180</price>
      </transaction>
      <transaction>
        <timestamp>1333594791793</timestamp>
        <buyerID>98</buyerID>
        <sellerID>71</sellerID>
        <price>173</price>
      </transaction>
      <transaction>
        <timestamp>1333594791804</timestamp>
        <buyerID>73</buyerID>
        <sellerID>91</sellerID>
        <price>181</price>
      </transaction>
      <transaction>
        <timestamp>1333594791855</timestamp>
        <buyerID>33</buyerID>
        <sellerID>92</sellerID>
        <price>184</price>
      </transaction>
      <transaction>
        <timestamp>1333594791902</timestamp>
        <buyerID>95</buyerID>
        <sellerID>93</sellerID>
        <price>182</price>
      </transaction>
      <transaction>
        <timestamp>1333594791914</timestamp>
        <buyerID>74</buyerID>
        <sellerID>72</sellerID>
        <price>181</price>
      </transaction>
      <transaction>
        <timestamp>1333594791964</timestamp>
        <buyerID>97</buyerID>
        <sellerID>31</sellerID>
        <price>174</price>
      </transaction>
      <transaction>
        <timestamp>1333594792548</timestamp>
        <buyerID>96</buyerID>
        <sellerID>72</sellerID>
        <price>173</price>
      </transaction>
      <transaction>
        <timestamp>1333594792603</timestamp>
        <buyerID>73</buyerID>
        <sellerID>93</sellerID>
        <price>173</price>
      </transaction>
      <transaction>
        <timestamp>1333594792631</timestamp>
        <buyerID>34</buyerID>
        <sellerID>31</sellerID>
        <price>164</price>
      </transaction>
      <transaction>
        <timestamp>1333594793413</timestamp>
        <buyerID>33</buyerID>
        <sellerID>94</sellerID>
        <price>168</price>
      </transaction>
      <transaction>
        <timestamp>1333594793424</timestamp>
        <buyerID>97</buyerID>
        <sellerID>31</sellerID>
        <price>147</price>
      </transaction>
      <transaction>
        <timestamp>1333594794104</timestamp>
        <buyerID>33</buyerID>
        <sellerID>31</sellerID>
        <price>157</price>
      </transaction>
      <transaction>
        <timestamp>1333594794776</timestamp>
        <buyerID>74</buyerID>
        <sellerID>91</sellerID>
        <price>166</price>
      </transaction>
      <transaction>
        <timestamp>1333594794832</timestamp>
        <buyerID>73</buyerID>
        <sellerID>92</sellerID>
        <price>165</price>
      </transaction>
      <transaction>
        <timestamp>1333594794928</timestamp>
        <buyerID>98</buyerID>
        <sellerID>71</sellerID>
        <price>161</price>
      </transaction>
      <transaction>
        <timestamp>1333594795590</timestamp>
        <buyerID>98</buyerID>
        <sellerID>72</sellerID>
        <price>161</price>
      </transaction>
      <transaction>
        <timestamp>1333594795597</timestamp>
        <buyerID>97</buyerID>
        <sellerID>71</sellerID>
        <price>161</price>
      </transaction>
      <transaction>
        <timestamp>1333594795647</timestamp>
        <buyerID>74</buyerID>
        <sellerID>92</sellerID>
        <price>162</price>
      </transaction>
      <transaction>
        <timestamp>1333594795684</timestamp>
        <buyerID>73</buyerID>
        <sellerID>93</sellerID>
        <price>162</price>
      </transaction>
      <transaction>
        <timestamp>1333594796309</timestamp>
        <buyerID>95</buyerID>
        <sellerID>91</sellerID>
        <price>161</price>
      </transaction>
      <transaction>
        <timestamp>1333594796314</timestamp>
        <buyerID>74</buyerID>
        <sellerID>93</sellerID>
        <price>162</price>
      </transaction>
      <transaction>
        <timestamp>1333594796319</timestamp>
        <buyerID>34</buyerID>
        <sellerID>71</sellerID>
        <price>157</price>
      </transaction>
      <transaction>
        <timestamp>1333594796342</timestamp>
        <buyerID>96</buyerID>
        <sellerID>72</sellerID>
        <price>157</price>
      </transaction>
      <transaction>
        <timestamp>1333594797078</timestamp>
        <buyerID>74</buyerID>
        <sellerID>92</sellerID>
        <price>160</price>
      </transaction>
      <transaction>
        <timestamp>1333594797142</timestamp>
        <buyerID>98</buyerID>
        <sellerID>72</sellerID>
        <price>157</price>
      </transaction>
      <transaction>
        <timestamp>1333594797784</timestamp>
        <buyerID>74</buyerID>
        <sellerID>91</sellerID>
        <price>160</price>
      </transaction>
      <transaction>
        <timestamp>1333594797882</timestamp>
        <buyerID>98</buyerID>
        <sellerID>71</sellerID>
        <price>157</price>
      </transaction>
      <transaction>
        <timestamp>1333594798639</timestamp>
        <buyerID>74</buyerID>
        <sellerID>91</sellerID>
        <price>160</price>
      </transaction>
      <transaction>
        <timestamp>1333594800061</timestamp>
        <buyerID>96</buyerID>
        <sellerID>93</sellerID>
        <price>160</price>
      </transaction>
      <transaction>
        <timestamp>1333594800944</timestamp>
        <buyerID>96</buyerID>
        <sellerID>91</sellerID>
        <price>160</price>
      </transaction>
      <transaction>
        <timestamp>1333594806109</timestamp>
        <buyerID>96</buyerID>
        <sellerID>94</sellerID>
        <price>165</price>
      </transaction>
    </repetition>
    <repetition>
      <id>5</id>
      <transaction>
        <timestamp>1333594917217</timestamp>
        <buyerID>97</buyerID>
        <sellerID>94</sellerID>
        <price>121</price>
      </transaction>
      <transaction>
        <timestamp>1333594917247</timestamp>
        <buyerID>98</buyerID>
        <sellerID>92</sellerID>
        <price>121</price>
      </transaction>
      <transaction>
        <timestamp>1333594917255</timestamp>
        <buyerID>96</buyerID>
        <sellerID>93</sellerID>
        <price>121</price>
      </transaction>
      <transaction>
        <timestamp>1333594917274</timestamp>
        <buyerID>33</buyerID>
        <sellerID>91</sellerID>
        <price>122</price>
      </transaction>
      <transaction>
        <timestamp>1333594917283</timestamp>
        <buyerID>34</buyerID>
        <sellerID>31</sellerID>
        <price>157</price>
      </transaction>
      <transaction>
        <timestamp>1333594917310</timestamp>
        <buyerID>95</buyerID>
        <sellerID>32</sellerID>
        <price>104</price>
      </transaction>
      <transaction>
        <timestamp>1333594917893</timestamp>
        <buyerID>33</buyerID>
        <sellerID>94</sellerID>
        <price>184</price>
      </transaction>
      <transaction>
        <timestamp>1333594917947</timestamp>
        <buyerID>98</buyerID>
        <sellerID>31</sellerID>
        <price>165</price>
      </transaction>
      <transaction>
        <timestamp>1333594917963</timestamp>
        <buyerID>34</buyerID>
        <sellerID>32</sellerID>
        <price>164</price>
      </transaction>
      <transaction>
        <timestamp>1333594918600</timestamp>
        <buyerID>33</buyerID>
        <sellerID>91</sellerID>
        <price>137</price>
      </transaction>
      <transaction>
        <timestamp>1333594919353</timestamp>
        <buyerID>74</buyerID>
        <sellerID>92</sellerID>
        <price>137</price>
      </transaction>
      <transaction>
        <timestamp>1333594919365</timestamp>
        <buyerID>33</buyerID>
        <sellerID>94</sellerID>
        <price>137</price>
      </transaction>
      <transaction>
        <timestamp>1333594919434</timestamp>
        <buyerID>98</buyerID>
        <sellerID>72</sellerID>
        <price>134</price>
      </transaction>
      <transaction>
        <timestamp>1333594919445</timestamp>
        <buyerID>73</buyerID>
        <sellerID>93</sellerID>
        <price>138</price>
      </transaction>
      <transaction>
        <timestamp>1333594919462</timestamp>
        <buyerID>95</buyerID>
        <sellerID>31</sellerID>
        <price>133</price>
      </transaction>
      <transaction>
        <timestamp>1333594919467</timestamp>
        <buyerID>34</buyerID>
        <sellerID>91</sellerID>
        <price>138</price>
      </transaction>
      <transaction>
        <timestamp>1333594920062</timestamp>
        <buyerID>74</buyerID>
        <sellerID>92</sellerID>
        <price>138</price>
      </transaction>
      <transaction>
        <timestamp>1333594920118</timestamp>
        <buyerID>33</buyerID>
        <sellerID>31</sellerID>
        <price>170</price>
      </transaction>
      <transaction>
        <timestamp>1333594920878</timestamp>
        <buyerID>34</buyerID>
        <sellerID>31</sellerID>
        <price>157</price>
      </transaction>
      <transaction>
        <timestamp>1333594920915</timestamp>
        <buyerID>33</buyerID>
        <sellerID>91</sellerID>
        <price>169</price>
      </transaction>
      <transaction>
        <timestamp>1333594921573</timestamp>
        <buyerID>98</buyerID>
        <sellerID>31</sellerID>
        <price>146</price>
      </transaction>
      <transaction>
        <timestamp>1333594923068</timestamp>
        <buyerID>74</buyerID>
        <sellerID>92</sellerID>
        <price>161</price>
      </transaction>
      <transaction>
        <timestamp>1333594923083</timestamp>
        <buyerID>97</buyerID>
        <sellerID>71</sellerID>
        <price>155</price>
      </transaction>
      <transaction>
        <timestamp>1333594923104</timestamp>
        <buyerID>73</buyerID>
        <sellerID>72</sellerID>
        <price>155</price>
      </transaction>
      <transaction>
        <timestamp>1333594923773</timestamp>
        <buyerID>73</buyerID>
        <sellerID>94</sellerID>
        <price>159</price>
      </transaction>
      <transaction>
        <timestamp>1333594923833</timestamp>
        <buyerID>74</buyerID>
        <sellerID>91</sellerID>
        <price>159</price>
      </transaction>
      <transaction>
        <timestamp>1333594923855</timestamp>
        <buyerID>97</buyerID>
        <sellerID>71</sellerID>
        <price>158</price>
      </transaction>
      <transaction>
        <timestamp>1333594923873</timestamp>
        <buyerID>96</buyerID>
        <sellerID>72</sellerID>
        <price>157</price>
      </transaction>
      <transaction>
        <timestamp>1333594924566</timestamp>
        <buyerID>98</buyerID>
        <sellerID>72</sellerID>
        <price>156</price>
      </transaction>
      <transaction>
        <timestamp>1333594924589</timestamp>
        <buyerID>95</buyerID>
        <sellerID>71</sellerID>
        <price>156</price>
      </transaction>
      <transaction>
        <timestamp>1333594924613</timestamp>
        <buyerID>98</buyerID>
        <sellerID>93</sellerID>
        <price>158</price>
      </transaction>
      <transaction>
        <timestamp>1333594924638</timestamp>
        <buyerID>73</buyerID>
        <sellerID>92</sellerID>
        <price>159</price>
      </transaction>
      <transaction>
        <timestamp>1333594925295</timestamp>
        <buyerID>96</buyerID>
        <sellerID>93</sellerID>
        <price>159</price>
      </transaction>
      <transaction>
        <timestamp>1333594925325</timestamp>
        <buyerID>98</buyerID>
        <sellerID>91</sellerID>
        <price>159</price>
      </transaction>
      <transaction>
        <timestamp>1333594925336</timestamp>
        <buyerID>97</buyerID>
        <sellerID>72</sellerID>
        <price>157</price>
      </transaction>
      <transaction>
        <timestamp>1333594925349</timestamp>
        <buyerID>74</buyerID>
        <sellerID>71</sellerID>
        <price>156</price>
      </transaction>
      <transaction>
        <timestamp>1333594926052</timestamp>
        <buyerID>96</buyerID>
        <sellerID>92</sellerID>
        <price>157</price>
      </transaction>
      <transaction>
        <timestamp>1333594926125</timestamp>
        <buyerID>95</buyerID>
        <sellerID>93</sellerID>
        <price>157</price>
      </transaction>
      <transaction>
        <timestamp>1333594926799</timestamp>
        <buyerID>74</buyerID>
        <sellerID>93</sellerID>
        <price>159</price>
      </transaction>
      <transaction>
        <timestamp>1333594927594</timestamp>
        <buyerID>96</buyerID>
        <sellerID>91</sellerID>
        <price>158</price>
      </transaction>
      <transaction>
        <timestamp>1333594929932</timestamp>
        <buyerID>73</buyerID>
        <sellerID>93</sellerID>
        <price>162</price>
      </transaction>
      <transaction>
        <timestamp>1333594938837</timestamp>
        <buyerID>96</buyerID>
        <sellerID>72</sellerID>
        <price>166</price>
      </transaction>
      <transaction>
        <timestamp>1333595029627</timestamp>
        <buyerID>74</buyerID>
        <sellerID>32</sellerID>
        <price>175</price>
      </transaction>
    </repetition>
  </transactions>
  <scores>
    <agent>
      <ID>34</ID>
      <userName>zibtq4</userName>
      <strategy>ZIBTQ</strategy>
      <values>
        <value>229</value>
        <value>210</value>
        <value>164</value>
        <value>157</value>
        <value>143</value>
        <value>130</value>
        <value>94</value>
        <value>89</value>
        <value>84</value>
        <value>82</value>
      </values>
      <score>119.4</score>
    </agent>
    <agent>
      <ID>32</ID>
      <userName>zibtq2</userName>
      <strategy>ZIBTQ</strategy>
      <values>
        <value>96</value>
        <value>133</value>
        <value>175</value>
        <value>181</value>
        <value>181</value>
        <value>206</value>
        <value>222</value>
        <value>243</value>
        <value>245</value>
        <value>255</value>
      </values>
      <score>71.6</score>
    </agent>
    <agent>
      <ID>33</ID>
      <userName>zibtq3</userName>
      <strategy>ZIBTQ</strategy>
      <values>
        <value>247</value>
        <value>238</value>
        <value>222</value>
        <value>199</value>
        <value>190</value>
        <value>183</value>
        <value>142</value>
        <value>138</value>
        <value>119</value>
        <value>91</value>
      </values>
      <score>290.4</score>
    </agent>
    <agent>
      <ID>71</ID>
      <userName>kaplan1</userName>
      <strategy>KAPLAN</strategy>
      <values>
        <value>66</value>
        <value>71</value>
        <value>102</value>
        <value>135</value>
        <value>146</value>
        <value>160</value>
        <value>192</value>
        <value>208</value>
        <value>216</value>
        <value>252</value>
      </values>
      <score>261.0</score>
    </agent>
    <agent>
      <ID>98</ID>
      <userName>gd8</userName>
      <strategy>GD</strategy>
      <values>
        <value>240</value>
        <value>220</value>
        <value>208</value>
        <value>194</value>
        <value>185</value>
        <value>167</value>
        <value>164</value>
        <value>151</value>
        <value>99</value>
        <value>95</value>
      </values>
      <score>277.8</score>
    </agent>
    <agent>
      <ID>96</ID>
      <userName>gd6</userName>
      <strategy>GD</strategy>
      <values>
        <value>224</value>
        <value>223</value>
        <value>215</value>
        <value>193</value>
        <value>188</value>
        <value>174</value>
        <value>140</value>
        <value>104</value>
        <value>97</value>
        <value>90</value>
      </values>
      <score>266.4</score>
    </agent>
    <agent>
      <ID>97</ID>
      <userName>gd7</userName>
      <strategy>GD</strategy>
      <values>
        <value>257</value>
        <value>215</value>
        <value>168</value>
        <value>164</value>
        <value>156</value>
        <value>137</value>
        <value>129</value>
        <value>106</value>
        <value>90</value>
        <value>65</value>
      </values>
      <score>177.4</score>
    </agent>
    <agent>
      <ID>72</ID>
      <userName>kaplan2</userName>
      <strategy>KAPLAN</strategy>
      <values>
        <value>81</value>
        <value>111</value>
        <value>119</value>
        <value>125</value>
        <value>126</value>
        <value>146</value>
        <value>149</value>
        <value>168</value>
        <value>171</value>
        <value>175</value>
      </values>
      <score>236.4</score>
    </agent>
    <agent>
      <ID>73</ID>
      <userName>kaplan3</userName>
      <strategy>KAPLAN</strategy>
      <values>
        <value>254</value>
        <value>225</value>
        <value>219</value>
        <value>210</value>
        <value>202</value>
        <value>155</value>
        <value>111</value>
        <value>108</value>
        <value>101</value>
        <value>77</value>
      </values>
      <score>251.4</score>
    </agent>
    <agent>
      <ID>74</ID>
      <userName>kaplan4</userName>
      <strategy>KAPLAN</strategy>
      <values>
        <value>240</value>
        <value>237</value>
        <value>205</value>
        <value>203</value>
        <value>187</value>
        <value>186</value>
        <value>182</value>
        <value>141</value>
        <value>123</value>
        <value>114</value>
      </values>
      <score>270.4</score>
    </agent>
    <agent>
      <ID>93</ID>
      <userName>gd3</userName>
      <strategy>GD</strategy>
      <values>
        <value>67</value>
        <value>88</value>
        <value>95</value>
        <value>113</value>
        <value>116</value>
        <value>121</value>
        <value>159</value>
        <value>172</value>
        <value>211</value>
        <value>212</value>
      </values>
      <score>366.4</score>
    </agent>
    <agent>
      <ID>92</ID>
      <userName>gd2</userName>
      <strategy>GD</strategy>
      <values>
        <value>91</value>
        <value>103</value>
        <value>135</value>
        <value>135</value>
        <value>143</value>
        <value>143</value>
        <value>187</value>
        <value>203</value>
        <value>237</value>
        <value>260</value>
      </values>
      <score>218.4</score>
    </agent>
    <agent>
      <ID>95</ID>
      <userName>gd5</userName>
      <strategy>GD</strategy>
      <values>
        <value>252</value>
        <value>244</value>
        <value>202</value>
        <value>164</value>
        <value>132</value>
        <value>129</value>
        <value>116</value>
        <value>114</value>
        <value>111</value>
        <value>63</value>
      </values>
      <score>238.6</score>
    </agent>
    <agent>
      <ID>94</ID>
      <userName>gd4</userName>
      <strategy>GD</strategy>
      <values>
        <value>108</value>
        <value>109</value>
        <value>136</value>
        <value>151</value>
        <value>164</value>
        <value>172</value>
        <value>200</value>
        <value>201</value>
        <value>205</value>
        <value>242</value>
      </values>
      <score>154.2</score>
    </agent>
    <agent>
      <ID>91</ID>
      <userName>gd1</userName>
      <strategy>GD</strategy>
      <values>
        <value>66</value>
        <value>68</value>
        <value>109</value>
        <value>127</value>
        <value>132</value>
        <value>140</value>
        <value>157</value>
        <value>175</value>
        <value>179</value>
        <value>256</value>
      </values>
      <score>324.2</score>
    </agent>
    <agent>
      <ID>31</ID>
      <userName>zibtq1</userName>
      <strategy>ZIBTQ</strategy>
      <values>
        <value>72</value>
        <value>78</value>
        <value>79</value>
        <value>84</value>
        <value>91</value>
        <value>108</value>
        <value>177</value>
        <value>201</value>
        <value>239</value>
        <value>255</value>
      </values>
      <score>438.0</score>
    </agent>
  </scores>
</results>

