<results>
  <transactions>
    <repetition>
      <id>1</id>
      <transaction>
        <timestamp>1333597402025</timestamp>
        <buyerID>13</buyerID>
        <sellerID>112</sellerID>
        <price>248</price>
      </transaction>
      <transaction>
        <timestamp>1333597402259</timestamp>
        <buyerID>115</buyerID>
        <sellerID>114</sellerID>
        <price>247</price>
      </transaction>
      <transaction>
        <timestamp>1333597402381</timestamp>
        <buyerID>94</buyerID>
        <sellerID>11</sellerID>
        <price>107</price>
      </transaction>
      <transaction>
        <timestamp>1333597404721</timestamp>
        <buyerID>94</buyerID>
        <sellerID>92</sellerID>
        <price>213</price>
      </transaction>
      <transaction>
        <timestamp>1333597404827</timestamp>
        <buyerID>117</buyerID>
        <sellerID>91</sellerID>
        <price>212</price>
      </transaction>
      <transaction>
        <timestamp>1333597404829</timestamp>
        <buyerID>14</buyerID>
        <sellerID>11</sellerID>
        <price>211</price>
      </transaction>
      <transaction>
        <timestamp>1333597405355</timestamp>
        <buyerID>14</buyerID>
        <sellerID>114</sellerID>
        <price>213</price>
      </transaction>
      <transaction>
        <timestamp>1333597406561</timestamp>
        <buyerID>116</buyerID>
        <sellerID>91</sellerID>
        <price>204</price>
      </transaction>
      <transaction>
        <timestamp>1333597406762</timestamp>
        <buyerID>93</buyerID>
        <sellerID>114</sellerID>
        <price>205</price>
      </transaction>
      <transaction>
        <timestamp>1333597406862</timestamp>
        <buyerID>116</buyerID>
        <sellerID>11</sellerID>
        <price>204</price>
      </transaction>
      <transaction>
        <timestamp>1333597406973</timestamp>
        <buyerID>118</buyerID>
        <sellerID>111</sellerID>
        <price>204</price>
      </transaction>
      <transaction>
        <timestamp>1333597407045</timestamp>
        <buyerID>117</buyerID>
        <sellerID>114</sellerID>
        <price>204</price>
      </transaction>
      <transaction>
        <timestamp>1333597407532</timestamp>
        <buyerID>14</buyerID>
        <sellerID>11</sellerID>
        <price>177</price>
      </transaction>
      <transaction>
        <timestamp>1333597407536</timestamp>
        <buyerID>115</buyerID>
        <sellerID>91</sellerID>
        <price>170</price>
      </transaction>
      <transaction>
        <timestamp>1333597407902</timestamp>
        <buyerID>14</buyerID>
        <sellerID>12</sellerID>
        <price>175</price>
      </transaction>
      <transaction>
        <timestamp>1333597408776</timestamp>
        <buyerID>116</buyerID>
        <sellerID>12</sellerID>
        <price>178</price>
      </transaction>
      <transaction>
        <timestamp>1333597410117</timestamp>
        <buyerID>93</buyerID>
        <sellerID>91</sellerID>
        <price>183</price>
      </transaction>
      <transaction>
        <timestamp>1333597410175</timestamp>
        <buyerID>94</buyerID>
        <sellerID>111</sellerID>
        <price>183</price>
      </transaction>
      <transaction>
        <timestamp>1333597410184</timestamp>
        <buyerID>116</buyerID>
        <sellerID>92</sellerID>
        <price>182</price>
      </transaction>
      <transaction>
        <timestamp>1333597410296</timestamp>
        <buyerID>118</buyerID>
        <sellerID>114</sellerID>
        <price>182</price>
      </transaction>
      <transaction>
        <timestamp>1333597410402</timestamp>
        <buyerID>13</buyerID>
        <sellerID>112</sellerID>
        <price>181</price>
      </transaction>
      <transaction>
        <timestamp>1333597410760</timestamp>
        <buyerID>93</buyerID>
        <sellerID>91</sellerID>
        <price>181</price>
      </transaction>
      <transaction>
        <timestamp>1333597410805</timestamp>
        <buyerID>117</buyerID>
        <sellerID>12</sellerID>
        <price>180</price>
      </transaction>
      <transaction>
        <timestamp>1333597410879</timestamp>
        <buyerID>93</buyerID>
        <sellerID>91</sellerID>
        <price>181</price>
      </transaction>
      <transaction>
        <timestamp>1333597411237</timestamp>
        <buyerID>116</buyerID>
        <sellerID>113</sellerID>
        <price>180</price>
      </transaction>
      <transaction>
        <timestamp>1333597413179</timestamp>
        <buyerID>116</buyerID>
        <sellerID>113</sellerID>
        <price>172</price>
      </transaction>
      <transaction>
        <timestamp>1333597413186</timestamp>
        <buyerID>94</buyerID>
        <sellerID>91</sellerID>
        <price>171</price>
      </transaction>
      <transaction>
        <timestamp>1333597413469</timestamp>
        <buyerID>116</buyerID>
        <sellerID>112</sellerID>
        <price>171</price>
      </transaction>
      <transaction>
        <timestamp>1333597413610</timestamp>
        <buyerID>117</buyerID>
        <sellerID>92</sellerID>
        <price>170</price>
      </transaction>
      <transaction>
        <timestamp>1333597414004</timestamp>
        <buyerID>13</buyerID>
        <sellerID>112</sellerID>
        <price>171</price>
      </transaction>
      <transaction>
        <timestamp>1333597414199</timestamp>
        <buyerID>93</buyerID>
        <sellerID>91</sellerID>
        <price>171</price>
      </transaction>
      <transaction>
        <timestamp>1333597414626</timestamp>
        <buyerID>13</buyerID>
        <sellerID>114</sellerID>
        <price>171</price>
      </transaction>
      <transaction>
        <timestamp>1333597415286</timestamp>
        <buyerID>115</buyerID>
        <sellerID>92</sellerID>
        <price>170</price>
      </transaction>
      <transaction>
        <timestamp>1333597417192</timestamp>
        <buyerID>117</buyerID>
        <sellerID>92</sellerID>
        <price>169</price>
      </transaction>
      <transaction>
        <timestamp>1333597425315</timestamp>
        <buyerID>13</buyerID>
        <sellerID>112</sellerID>
        <price>170</price>
      </transaction>
      <transaction>
        <timestamp>1333597427950</timestamp>
        <buyerID>13</buyerID>
        <sellerID>92</sellerID>
        <price>170</price>
      </transaction>
      <transaction>
        <timestamp>1333597521396</timestamp>
        <buyerID>116</buyerID>
        <sellerID>113</sellerID>
        <price>168</price>
      </transaction>
    </repetition>
    <repetition>
      <id>2</id>
      <transaction>
        <timestamp>1333597528248</timestamp>
        <buyerID>94</buyerID>
        <sellerID>12</sellerID>
        <price>136</price>
      </transaction>
      <transaction>
        <timestamp>1333597528549</timestamp>
        <buyerID>118</buyerID>
        <sellerID>111</sellerID>
        <price>136</price>
      </transaction>
      <transaction>
        <timestamp>1333597528795</timestamp>
        <buyerID>115</buyerID>
        <sellerID>112</sellerID>
        <price>136</price>
      </transaction>
      <transaction>
        <timestamp>1333597528922</timestamp>
        <buyerID>13</buyerID>
        <sellerID>114</sellerID>
        <price>136</price>
      </transaction>
      <transaction>
        <timestamp>1333597529743</timestamp>
        <buyerID>117</buyerID>
        <sellerID>12</sellerID>
        <price>140</price>
      </transaction>
      <transaction>
        <timestamp>1333597529754</timestamp>
        <buyerID>93</buyerID>
        <sellerID>11</sellerID>
        <price>139</price>
      </transaction>
      <transaction>
        <timestamp>1333597530242</timestamp>
        <buyerID>14</buyerID>
        <sellerID>114</sellerID>
        <price>197</price>
      </transaction>
      <transaction>
        <timestamp>1333597530651</timestamp>
        <buyerID>116</buyerID>
        <sellerID>112</sellerID>
        <price>194</price>
      </transaction>
      <transaction>
        <timestamp>1333597530798</timestamp>
        <buyerID>93</buyerID>
        <sellerID>91</sellerID>
        <price>193</price>
      </transaction>
      <transaction>
        <timestamp>1333597531070</timestamp>
        <buyerID>93</buyerID>
        <sellerID>112</sellerID>
        <price>193</price>
      </transaction>
      <transaction>
        <timestamp>1333597531224</timestamp>
        <buyerID>117</buyerID>
        <sellerID>114</sellerID>
        <price>192</price>
      </transaction>
      <transaction>
        <timestamp>1333597531398</timestamp>
        <buyerID>118</buyerID>
        <sellerID>12</sellerID>
        <price>192</price>
      </transaction>
      <transaction>
        <timestamp>1333597531468</timestamp>
        <buyerID>94</buyerID>
        <sellerID>11</sellerID>
        <price>166</price>
      </transaction>
      <transaction>
        <timestamp>1333597532836</timestamp>
        <buyerID>14</buyerID>
        <sellerID>92</sellerID>
        <price>185</price>
      </transaction>
      <transaction>
        <timestamp>1333597533617</timestamp>
        <buyerID>117</buyerID>
        <sellerID>11</sellerID>
        <price>147</price>
      </transaction>
      <transaction>
        <timestamp>1333597535214</timestamp>
        <buyerID>94</buyerID>
        <sellerID>91</sellerID>
        <price>164</price>
      </transaction>
      <transaction>
        <timestamp>1333597535503</timestamp>
        <buyerID>116</buyerID>
        <sellerID>113</sellerID>
        <price>164</price>
      </transaction>
      <transaction>
        <timestamp>1333597535579</timestamp>
        <buyerID>115</buyerID>
        <sellerID>92</sellerID>
        <price>163</price>
      </transaction>
      <transaction>
        <timestamp>1333597535738</timestamp>
        <buyerID>117</buyerID>
        <sellerID>113</sellerID>
        <price>163</price>
      </transaction>
      <transaction>
        <timestamp>1333597535789</timestamp>
        <buyerID>94</buyerID>
        <sellerID>91</sellerID>
        <price>162</price>
      </transaction>
      <transaction>
        <timestamp>1333597535918</timestamp>
        <buyerID>94</buyerID>
        <sellerID>91</sellerID>
        <price>163</price>
      </transaction>
      <transaction>
        <timestamp>1333597536000</timestamp>
        <buyerID>93</buyerID>
        <sellerID>113</sellerID>
        <price>163</price>
      </transaction>
      <transaction>
        <timestamp>1333597536156</timestamp>
        <buyerID>14</buyerID>
        <sellerID>112</sellerID>
        <price>164</price>
      </transaction>
      <transaction>
        <timestamp>1333597536579</timestamp>
        <buyerID>116</buyerID>
        <sellerID>111</sellerID>
        <price>164</price>
      </transaction>
      <transaction>
        <timestamp>1333597536608</timestamp>
        <buyerID>13</buyerID>
        <sellerID>114</sellerID>
        <price>164</price>
      </transaction>
      <transaction>
        <timestamp>1333597538658</timestamp>
        <buyerID>13</buyerID>
        <sellerID>114</sellerID>
        <price>169</price>
      </transaction>
      <transaction>
        <timestamp>1333597538724</timestamp>
        <buyerID>116</buyerID>
        <sellerID>91</sellerID>
        <price>169</price>
      </transaction>
      <transaction>
        <timestamp>1333597538790</timestamp>
        <buyerID>93</buyerID>
        <sellerID>92</sellerID>
        <price>169</price>
      </transaction>
      <transaction>
        <timestamp>1333597539354</timestamp>
        <buyerID>116</buyerID>
        <sellerID>112</sellerID>
        <price>169</price>
      </transaction>
      <transaction>
        <timestamp>1333597539461</timestamp>
        <buyerID>117</buyerID>
        <sellerID>91</sellerID>
        <price>168</price>
      </transaction>
      <transaction>
        <timestamp>1333597541205</timestamp>
        <buyerID>116</buyerID>
        <sellerID>92</sellerID>
        <price>166</price>
      </transaction>
      <transaction>
        <timestamp>1333597541714</timestamp>
        <buyerID>14</buyerID>
        <sellerID>91</sellerID>
        <price>166</price>
      </transaction>
      <transaction>
        <timestamp>1333597542618</timestamp>
        <buyerID>13</buyerID>
        <sellerID>114</sellerID>
        <price>167</price>
      </transaction>
      <transaction>
        <timestamp>1333597543418</timestamp>
        <buyerID>13</buyerID>
        <sellerID>92</sellerID>
        <price>167</price>
      </transaction>
      <transaction>
        <timestamp>1333597556703</timestamp>
        <buyerID>13</buyerID>
        <sellerID>91</sellerID>
        <price>169</price>
      </transaction>
      <transaction>
        <timestamp>1333597640728</timestamp>
        <buyerID>116</buyerID>
        <sellerID>11</sellerID>
        <price>168</price>
      </transaction>
      <transaction>
        <timestamp>1333597648861</timestamp>
        <buyerID>115</buyerID>
        <sellerID>113</sellerID>
        <price>167</price>
      </transaction>
    </repetition>
    <repetition>
      <id>3</id>
      <transaction>
        <timestamp>1333597656042</timestamp>
        <buyerID>115</buyerID>
        <sellerID>112</sellerID>
        <price>135</price>
      </transaction>
      <transaction>
        <timestamp>1333597656147</timestamp>
        <buyerID>116</buyerID>
        <sellerID>12</sellerID>
        <price>136</price>
      </transaction>
      <transaction>
        <timestamp>1333597656410</timestamp>
        <buyerID>14</buyerID>
        <sellerID>113</sellerID>
        <price>135</price>
      </transaction>
      <transaction>
        <timestamp>1333597656522</timestamp>
        <buyerID>118</buyerID>
        <sellerID>111</sellerID>
        <price>136</price>
      </transaction>
      <transaction>
        <timestamp>1333597656538</timestamp>
        <buyerID>93</buyerID>
        <sellerID>91</sellerID>
        <price>136</price>
      </transaction>
      <transaction>
        <timestamp>1333597656790</timestamp>
        <buyerID>94</buyerID>
        <sellerID>114</sellerID>
        <price>137</price>
      </transaction>
      <transaction>
        <timestamp>1333597656891</timestamp>
        <buyerID>117</buyerID>
        <sellerID>114</sellerID>
        <price>136</price>
      </transaction>
      <transaction>
        <timestamp>1333597656990</timestamp>
        <buyerID>117</buyerID>
        <sellerID>92</sellerID>
        <price>137</price>
      </transaction>
      <transaction>
        <timestamp>1333597657177</timestamp>
        <buyerID>13</buyerID>
        <sellerID>111</sellerID>
        <price>176</price>
      </transaction>
      <transaction>
        <timestamp>1333597657672</timestamp>
        <buyerID>117</buyerID>
        <sellerID>12</sellerID>
        <price>139</price>
      </transaction>
      <transaction>
        <timestamp>1333597657770</timestamp>
        <buyerID>14</buyerID>
        <sellerID>113</sellerID>
        <price>185</price>
      </transaction>
      <transaction>
        <timestamp>1333597657774</timestamp>
        <buyerID>116</buyerID>
        <sellerID>11</sellerID>
        <price>138</price>
      </transaction>
      <transaction>
        <timestamp>1333597658150</timestamp>
        <buyerID>93</buyerID>
        <sellerID>11</sellerID>
        <price>159</price>
      </transaction>
      <transaction>
        <timestamp>1333597658490</timestamp>
        <buyerID>14</buyerID>
        <sellerID>12</sellerID>
        <price>161</price>
      </transaction>
      <transaction>
        <timestamp>1333597659354</timestamp>
        <buyerID>93</buyerID>
        <sellerID>113</sellerID>
        <price>173</price>
      </transaction>
      <transaction>
        <timestamp>1333597659562</timestamp>
        <buyerID>116</buyerID>
        <sellerID>114</sellerID>
        <price>173</price>
      </transaction>
      <transaction>
        <timestamp>1333597659965</timestamp>
        <buyerID>116</buyerID>
        <sellerID>111</sellerID>
        <price>173</price>
      </transaction>
      <transaction>
        <timestamp>1333597660038</timestamp>
        <buyerID>118</buyerID>
        <sellerID>91</sellerID>
        <price>172</price>
      </transaction>
      <transaction>
        <timestamp>1333597660124</timestamp>
        <buyerID>115</buyerID>
        <sellerID>91</sellerID>
        <price>172</price>
      </transaction>
      <transaction>
        <timestamp>1333597660134</timestamp>
        <buyerID>93</buyerID>
        <sellerID>112</sellerID>
        <price>173</price>
      </transaction>
      <transaction>
        <timestamp>1333597660255</timestamp>
        <buyerID>117</buyerID>
        <sellerID>92</sellerID>
        <price>172</price>
      </transaction>
      <transaction>
        <timestamp>1333597660372</timestamp>
        <buyerID>116</buyerID>
        <sellerID>113</sellerID>
        <price>173</price>
      </transaction>
      <transaction>
        <timestamp>1333597660700</timestamp>
        <buyerID>94</buyerID>
        <sellerID>112</sellerID>
        <price>172</price>
      </transaction>
      <transaction>
        <timestamp>1333597660800</timestamp>
        <buyerID>117</buyerID>
        <sellerID>112</sellerID>
        <price>172</price>
      </transaction>
      <transaction>
        <timestamp>1333597661164</timestamp>
        <buyerID>94</buyerID>
        <sellerID>92</sellerID>
        <price>169</price>
      </transaction>
      <transaction>
        <timestamp>1333597661383</timestamp>
        <buyerID>93</buyerID>
        <sellerID>112</sellerID>
        <price>169</price>
      </transaction>
      <transaction>
        <timestamp>1333597661624</timestamp>
        <buyerID>115</buyerID>
        <sellerID>114</sellerID>
        <price>169</price>
      </transaction>
      <transaction>
        <timestamp>1333597661761</timestamp>
        <buyerID>94</buyerID>
        <sellerID>92</sellerID>
        <price>168</price>
      </transaction>
      <transaction>
        <timestamp>1333597661862</timestamp>
        <buyerID>116</buyerID>
        <sellerID>91</sellerID>
        <price>168</price>
      </transaction>
      <transaction>
        <timestamp>1333597662373</timestamp>
        <buyerID>94</buyerID>
        <sellerID>91</sellerID>
        <price>167</price>
      </transaction>
      <transaction>
        <timestamp>1333597662649</timestamp>
        <buyerID>13</buyerID>
        <sellerID>114</sellerID>
        <price>167</price>
      </transaction>
      <transaction>
        <timestamp>1333597663235</timestamp>
        <buyerID>13</buyerID>
        <sellerID>91</sellerID>
        <price>166</price>
      </transaction>
      <transaction>
        <timestamp>1333597664150</timestamp>
        <buyerID>116</buyerID>
        <sellerID>91</sellerID>
        <price>165</price>
      </transaction>
      <transaction>
        <timestamp>1333597664160</timestamp>
        <buyerID>14</buyerID>
        <sellerID>112</sellerID>
        <price>165</price>
      </transaction>
      <transaction>
        <timestamp>1333597668579</timestamp>
        <buyerID>14</buyerID>
        <sellerID>92</sellerID>
        <price>166</price>
      </transaction>
      <transaction>
        <timestamp>1333597669154</timestamp>
        <buyerID>13</buyerID>
        <sellerID>112</sellerID>
        <price>166</price>
      </transaction>
      <transaction>
        <timestamp>1333597669881</timestamp>
        <buyerID>116</buyerID>
        <sellerID>11</sellerID>
        <price>165</price>
      </transaction>
      <transaction>
        <timestamp>1333597678334</timestamp>
        <buyerID>13</buyerID>
        <sellerID>114</sellerID>
        <price>166</price>
      </transaction>
      <transaction>
        <timestamp>1333597696298</timestamp>
        <buyerID>13</buyerID>
        <sellerID>92</sellerID>
        <price>167</price>
      </transaction>
    </repetition>
    <repetition>
      <id>4</id>
      <transaction>
        <timestamp>1333597783486</timestamp>
        <buyerID>116</buyerID>
        <sellerID>113</sellerID>
        <price>134</price>
      </transaction>
      <transaction>
        <timestamp>1333597783489</timestamp>
        <buyerID>14</buyerID>
        <sellerID>92</sellerID>
        <price>134</price>
      </transaction>
      <transaction>
        <timestamp>1333597784359</timestamp>
        <buyerID>13</buyerID>
        <sellerID>12</sellerID>
        <price>152</price>
      </transaction>
      <transaction>
        <timestamp>1333597785194</timestamp>
        <buyerID>93</buyerID>
        <sellerID>11</sellerID>
        <price>144</price>
      </transaction>
      <transaction>
        <timestamp>1333597785202</timestamp>
        <buyerID>116</buyerID>
        <sellerID>11</sellerID>
        <price>143</price>
      </transaction>
      <transaction>
        <timestamp>1333597785308</timestamp>
        <buyerID>14</buyerID>
        <sellerID>113</sellerID>
        <price>176</price>
      </transaction>
      <transaction>
        <timestamp>1333597786063</timestamp>
        <buyerID>118</buyerID>
        <sellerID>12</sellerID>
        <price>147</price>
      </transaction>
      <transaction>
        <timestamp>1333597786071</timestamp>
        <buyerID>13</buyerID>
        <sellerID>111</sellerID>
        <price>174</price>
      </transaction>
      <transaction>
        <timestamp>1333597786656</timestamp>
        <buyerID>14</buyerID>
        <sellerID>112</sellerID>
        <price>172</price>
      </transaction>
      <transaction>
        <timestamp>1333597787420</timestamp>
        <buyerID>13</buyerID>
        <sellerID>92</sellerID>
        <price>162</price>
      </transaction>
      <transaction>
        <timestamp>1333597788096</timestamp>
        <buyerID>115</buyerID>
        <sellerID>112</sellerID>
        <price>160</price>
      </transaction>
      <transaction>
        <timestamp>1333597788193</timestamp>
        <buyerID>93</buyerID>
        <sellerID>91</sellerID>
        <price>160</price>
      </transaction>
      <transaction>
        <timestamp>1333597788278</timestamp>
        <buyerID>116</buyerID>
        <sellerID>11</sellerID>
        <price>160</price>
      </transaction>
      <transaction>
        <timestamp>1333597788364</timestamp>
        <buyerID>115</buyerID>
        <sellerID>92</sellerID>
        <price>160</price>
      </transaction>
      <transaction>
        <timestamp>1333597788731</timestamp>
        <buyerID>117</buyerID>
        <sellerID>113</sellerID>
        <price>161</price>
      </transaction>
      <transaction>
        <timestamp>1333597789075</timestamp>
        <buyerID>94</buyerID>
        <sellerID>114</sellerID>
        <price>160</price>
      </transaction>
      <transaction>
        <timestamp>1333597789291</timestamp>
        <buyerID>117</buyerID>
        <sellerID>92</sellerID>
        <price>161</price>
      </transaction>
      <transaction>
        <timestamp>1333597789372</timestamp>
        <buyerID>94</buyerID>
        <sellerID>112</sellerID>
        <price>161</price>
      </transaction>
      <transaction>
        <timestamp>1333597789460</timestamp>
        <buyerID>14</buyerID>
        <sellerID>91</sellerID>
        <price>176</price>
      </transaction>
      <transaction>
        <timestamp>1333597790590</timestamp>
        <buyerID>94</buyerID>
        <sellerID>12</sellerID>
        <price>167</price>
      </transaction>
      <transaction>
        <timestamp>1333597790783</timestamp>
        <buyerID>116</buyerID>
        <sellerID>114</sellerID>
        <price>166</price>
      </transaction>
      <transaction>
        <timestamp>1333597790794</timestamp>
        <buyerID>115</buyerID>
        <sellerID>92</sellerID>
        <price>166</price>
      </transaction>
      <transaction>
        <timestamp>1333597790930</timestamp>
        <buyerID>117</buyerID>
        <sellerID>111</sellerID>
        <price>166</price>
      </transaction>
      <transaction>
        <timestamp>1333597791043</timestamp>
        <buyerID>94</buyerID>
        <sellerID>112</sellerID>
        <price>166</price>
      </transaction>
      <transaction>
        <timestamp>1333597791124</timestamp>
        <buyerID>93</buyerID>
        <sellerID>91</sellerID>
        <price>166</price>
      </transaction>
      <transaction>
        <timestamp>1333597791232</timestamp>
        <buyerID>116</buyerID>
        <sellerID>113</sellerID>
        <price>166</price>
      </transaction>
      <transaction>
        <timestamp>1333597791425</timestamp>
        <buyerID>117</buyerID>
        <sellerID>112</sellerID>
        <price>166</price>
      </transaction>
      <transaction>
        <timestamp>1333597791697</timestamp>
        <buyerID>118</buyerID>
        <sellerID>114</sellerID>
        <price>165</price>
      </transaction>
      <transaction>
        <timestamp>1333597791971</timestamp>
        <buyerID>116</buyerID>
        <sellerID>112</sellerID>
        <price>166</price>
      </transaction>
      <transaction>
        <timestamp>1333597792200</timestamp>
        <buyerID>93</buyerID>
        <sellerID>114</sellerID>
        <price>165</price>
      </transaction>
      <transaction>
        <timestamp>1333597792417</timestamp>
        <buyerID>94</buyerID>
        <sellerID>91</sellerID>
        <price>165</price>
      </transaction>
      <transaction>
        <timestamp>1333597792516</timestamp>
        <buyerID>117</buyerID>
        <sellerID>112</sellerID>
        <price>165</price>
      </transaction>
      <transaction>
        <timestamp>1333597792750</timestamp>
        <buyerID>116</buyerID>
        <sellerID>91</sellerID>
        <price>165</price>
      </transaction>
      <transaction>
        <timestamp>1333597792778</timestamp>
        <buyerID>13</buyerID>
        <sellerID>91</sellerID>
        <price>164</price>
      </transaction>
      <transaction>
        <timestamp>1333597792792</timestamp>
        <buyerID>13</buyerID>
        <sellerID>114</sellerID>
        <price>166</price>
      </transaction>
      <transaction>
        <timestamp>1333597795141</timestamp>
        <buyerID>93</buyerID>
        <sellerID>91</sellerID>
        <price>170</price>
      </transaction>
      <transaction>
        <timestamp>1333597797640</timestamp>
        <buyerID>93</buyerID>
        <sellerID>114</sellerID>
        <price>163</price>
      </transaction>
      <transaction>
        <timestamp>1333597802197</timestamp>
        <buyerID>13</buyerID>
        <sellerID>91</sellerID>
        <price>172</price>
      </transaction>
      <transaction>
        <timestamp>1333597821561</timestamp>
        <buyerID>14</buyerID>
        <sellerID>11</sellerID>
        <price>166</price>
      </transaction>
    </repetition>
    <repetition>
      <id>5</id>
      <transaction>
        <timestamp>1333597910866</timestamp>
        <buyerID>13</buyerID>
        <sellerID>92</sellerID>
        <price>213</price>
      </transaction>
      <transaction>
        <timestamp>1333597911194</timestamp>
        <buyerID>115</buyerID>
        <sellerID>113</sellerID>
        <price>177</price>
      </transaction>
      <transaction>
        <timestamp>1333597911318</timestamp>
        <buyerID>116</buyerID>
        <sellerID>11</sellerID>
        <price>177</price>
      </transaction>
      <transaction>
        <timestamp>1333597911433</timestamp>
        <buyerID>93</buyerID>
        <sellerID>12</sellerID>
        <price>177</price>
      </transaction>
      <transaction>
        <timestamp>1333597911447</timestamp>
        <buyerID>117</buyerID>
        <sellerID>91</sellerID>
        <price>177</price>
      </transaction>
      <transaction>
        <timestamp>1333597911569</timestamp>
        <buyerID>118</buyerID>
        <sellerID>114</sellerID>
        <price>177</price>
      </transaction>
      <transaction>
        <timestamp>1333597911686</timestamp>
        <buyerID>94</buyerID>
        <sellerID>111</sellerID>
        <price>176</price>
      </transaction>
      <transaction>
        <timestamp>1333597912068</timestamp>
        <buyerID>117</buyerID>
        <sellerID>11</sellerID>
        <price>167</price>
      </transaction>
      <transaction>
        <timestamp>1333597912088</timestamp>
        <buyerID>14</buyerID>
        <sellerID>91</sellerID>
        <price>172</price>
      </transaction>
      <transaction>
        <timestamp>1333597912368</timestamp>
        <buyerID>116</buyerID>
        <sellerID>92</sellerID>
        <price>172</price>
      </transaction>
      <transaction>
        <timestamp>1333597912475</timestamp>
        <buyerID>94</buyerID>
        <sellerID>113</sellerID>
        <price>172</price>
      </transaction>
      <transaction>
        <timestamp>1333597912562</timestamp>
        <buyerID>93</buyerID>
        <sellerID>113</sellerID>
        <price>172</price>
      </transaction>
      <transaction>
        <timestamp>1333597912814</timestamp>
        <buyerID>116</buyerID>
        <sellerID>114</sellerID>
        <price>173</price>
      </transaction>
      <transaction>
        <timestamp>1333597912905</timestamp>
        <buyerID>13</buyerID>
        <sellerID>91</sellerID>
        <price>173</price>
      </transaction>
      <transaction>
        <timestamp>1333597913065</timestamp>
        <buyerID>94</buyerID>
        <sellerID>12</sellerID>
        <price>172</price>
      </transaction>
      <transaction>
        <timestamp>1333597913146</timestamp>
        <buyerID>115</buyerID>
        <sellerID>114</sellerID>
        <price>172</price>
      </transaction>
      <transaction>
        <timestamp>1333597913208</timestamp>
        <buyerID>118</buyerID>
        <sellerID>111</sellerID>
        <price>172</price>
      </transaction>
      <transaction>
        <timestamp>1333597913225</timestamp>
        <buyerID>14</buyerID>
        <sellerID>92</sellerID>
        <price>173</price>
      </transaction>
      <transaction>
        <timestamp>1333597913345</timestamp>
        <buyerID>117</buyerID>
        <sellerID>114</sellerID>
        <price>172</price>
      </transaction>
      <transaction>
        <timestamp>1333597915352</timestamp>
        <buyerID>14</buyerID>
        <sellerID>112</sellerID>
        <price>159</price>
      </transaction>
      <transaction>
        <timestamp>1333597915815</timestamp>
        <buyerID>13</buyerID>
        <sellerID>92</sellerID>
        <price>158</price>
      </transaction>
      <transaction>
        <timestamp>1333597916125</timestamp>
        <buyerID>93</buyerID>
        <sellerID>112</sellerID>
        <price>158</price>
      </transaction>
      <transaction>
        <timestamp>1333597916223</timestamp>
        <buyerID>115</buyerID>
        <sellerID>114</sellerID>
        <price>158</price>
      </transaction>
      <transaction>
        <timestamp>1333597916809</timestamp>
        <buyerID>116</buyerID>
        <sellerID>91</sellerID>
        <price>158</price>
      </transaction>
      <transaction>
        <timestamp>1333597916936</timestamp>
        <buyerID>94</buyerID>
        <sellerID>11</sellerID>
        <price>158</price>
      </transaction>
      <transaction>
        <timestamp>1333597916979</timestamp>
        <buyerID>93</buyerID>
        <sellerID>113</sellerID>
        <price>158</price>
      </transaction>
      <transaction>
        <timestamp>1333597917033</timestamp>
        <buyerID>117</buyerID>
        <sellerID>91</sellerID>
        <price>158</price>
      </transaction>
      <transaction>
        <timestamp>1333597917374</timestamp>
        <buyerID>117</buyerID>
        <sellerID>112</sellerID>
        <price>158</price>
      </transaction>
      <transaction>
        <timestamp>1333597917451</timestamp>
        <buyerID>116</buyerID>
        <sellerID>12</sellerID>
        <price>159</price>
      </transaction>
      <transaction>
        <timestamp>1333597919074</timestamp>
        <buyerID>14</buyerID>
        <sellerID>112</sellerID>
        <price>167</price>
      </transaction>
      <transaction>
        <timestamp>1333597919567</timestamp>
        <buyerID>13</buyerID>
        <sellerID>92</sellerID>
        <price>167</price>
      </transaction>
      <transaction>
        <timestamp>1333597921473</timestamp>
        <buyerID>93</buyerID>
        <sellerID>91</sellerID>
        <price>163</price>
      </transaction>
      <transaction>
        <timestamp>1333597921905</timestamp>
        <buyerID>116</buyerID>
        <sellerID>91</sellerID>
        <price>163</price>
      </transaction>
      <transaction>
        <timestamp>1333597927554</timestamp>
        <buyerID>13</buyerID>
        <sellerID>114</sellerID>
        <price>164</price>
      </transaction>
      <transaction>
        <timestamp>1333597928019</timestamp>
        <buyerID>13</buyerID>
        <sellerID>112</sellerID>
        <price>165</price>
      </transaction>
      <transaction>
        <timestamp>1333597962399</timestamp>
        <buyerID>116</buyerID>
        <sellerID>11</sellerID>
        <price>165</price>
      </transaction>
      <transaction>
        <timestamp>1333597991696</timestamp>
        <buyerID>14</buyerID>
        <sellerID>112</sellerID>
        <price>166</price>
      </transaction>
    </repetition>
  </transactions>
  <scores>
    <agent>
      <ID>111</ID>
      <userName>gdx1</userName>
      <strategy>GDX</strategy>
      <values>
        <value>88</value>
        <value>161</value>
        <value>172</value>
        <value>196</value>
        <value>216</value>
        <value>217</value>
        <value>229</value>
        <value>232</value>
        <value>256</value>
        <value>259</value>
      </values>
      <score>88.6</score>
    </agent>
    <agent>
      <ID>11</ID>
      <userName>zi1</userName>
      <strategy>ZI</strategy>
      <values>
        <value>93</value>
        <value>104</value>
        <value>142</value>
        <value>164</value>
        <value>197</value>
        <value>199</value>
        <value>204</value>
        <value>215</value>
        <value>221</value>
        <value>222</value>
      </values>
      <score>142.0</score>
    </agent>
    <agent>
      <ID>12</ID>
      <userName>zi2</userName>
      <strategy>ZI</strategy>
      <values>
        <value>63</value>
        <value>66</value>
        <value>101</value>
        <value>181</value>
        <value>197</value>
        <value>226</value>
        <value>236</value>
        <value>248</value>
        <value>255</value>
        <value>258</value>
      </values>
      <score>252.2</score>
    </agent>
    <agent>
      <ID>13</ID>
      <userName>zi3</userName>
      <strategy>ZI</strategy>
      <values>
        <value>252</value>
        <value>233</value>
        <value>207</value>
        <value>183</value>
        <value>179</value>
        <value>174</value>
        <value>130</value>
        <value>127</value>
        <value>76</value>
        <value>62</value>
      </values>
      <score>203.8</score>
    </agent>
    <agent>
      <ID>14</ID>
      <userName>zi4</userName>
      <strategy>ZI</strategy>
      <values>
        <value>256</value>
        <value>241</value>
        <value>219</value>
        <value>182</value>
        <value>167</value>
        <value>138</value>
        <value>132</value>
        <value>112</value>
        <value>95</value>
        <value>66</value>
      </values>
      <score>206.0</score>
    </agent>
    <agent>
      <ID>118</ID>
      <userName>gdx8</userName>
      <strategy>GDX</strategy>
      <values>
        <value>238</value>
        <value>202</value>
        <value>143</value>
        <value>116</value>
        <value>110</value>
        <value>97</value>
        <value>89</value>
        <value>84</value>
        <value>72</value>
        <value>61</value>
      </values>
      <score>103.4</score>
    </agent>
    <agent>
      <ID>117</ID>
      <userName>gdx7</userName>
      <strategy>GDX</strategy>
      <values>
        <value>257</value>
        <value>231</value>
        <value>194</value>
        <value>190</value>
        <value>170</value>
        <value>149</value>
        <value>123</value>
        <value>96</value>
        <value>84</value>
        <value>69</value>
      </values>
      <score>211.6</score>
    </agent>
    <agent>
      <ID>116</ID>
      <userName>gdx6</userName>
      <strategy>GDX</strategy>
      <values>
        <value>241</value>
        <value>236</value>
        <value>229</value>
        <value>224</value>
        <value>216</value>
        <value>201</value>
        <value>184</value>
        <value>169</value>
        <value>160</value>
        <value>81</value>
      </values>
      <score>356.4</score>
    </agent>
    <agent>
      <ID>115</ID>
      <userName>gdx5</userName>
      <strategy>GDX</strategy>
      <values>
        <value>253</value>
        <value>196</value>
        <value>171</value>
        <value>144</value>
        <value>143</value>
        <value>113</value>
        <value>81</value>
        <value>65</value>
        <value>62</value>
        <value>62</value>
      </values>
      <score>115.6</score>
    </agent>
    <agent>
      <ID>114</ID>
      <userName>gdx4</userName>
      <strategy>GDX</strategy>
      <values>
        <value>81</value>
        <value>116</value>
        <value>121</value>
        <value>126</value>
        <value>151</value>
        <value>161</value>
        <value>183</value>
        <value>185</value>
        <value>215</value>
        <value>250</value>
      </values>
      <score>283.2</score>
    </agent>
    <agent>
      <ID>113</ID>
      <userName>gdx3</userName>
      <strategy>GDX</strategy>
      <values>
        <value>61</value>
        <value>102</value>
        <value>119</value>
        <value>147</value>
        <value>169</value>
        <value>176</value>
        <value>208</value>
        <value>212</value>
        <value>213</value>
        <value>229</value>
      </values>
      <score>232.2</score>
    </agent>
    <agent>
      <ID>112</ID>
      <userName>gdx2</userName>
      <strategy>GDX</strategy>
      <values>
        <value>83</value>
        <value>87</value>
        <value>106</value>
        <value>134</value>
        <value>138</value>
        <value>157</value>
        <value>159</value>
        <value>171</value>
        <value>236</value>
        <value>260</value>
      </values>
      <score>309.8</score>
    </agent>
    <agent>
      <ID>93</ID>
      <userName>gd3</userName>
      <strategy>GD</strategy>
      <values>
        <value>253</value>
        <value>250</value>
        <value>233</value>
        <value>222</value>
        <value>200</value>
        <value>164</value>
        <value>146</value>
        <value>132</value>
        <value>109</value>
        <value>74</value>
      </values>
      <score>314.0</score>
    </agent>
    <agent>
      <ID>92</ID>
      <userName>gd2</userName>
      <strategy>GD</strategy>
      <values>
        <value>75</value>
        <value>92</value>
        <value>131</value>
        <value>145</value>
        <value>161</value>
        <value>166</value>
        <value>169</value>
        <value>185</value>
        <value>195</value>
        <value>227</value>
      </values>
      <score>243.4</score>
    </agent>
    <agent>
      <ID>94</ID>
      <userName>gd4</userName>
      <strategy>GD</strategy>
      <values>
        <value>251</value>
        <value>219</value>
        <value>186</value>
        <value>173</value>
        <value>168</value>
        <value>129</value>
        <value>120</value>
        <value>65</value>
        <value>64</value>
        <value>61</value>
      </values>
      <score>174.8</score>
    </agent>
    <agent>
      <ID>91</ID>
      <userName>gd1</userName>
      <strategy>GD</strategy>
      <values>
        <value>89</value>
        <value>123</value>
        <value>133</value>
        <value>143</value>
        <value>145</value>
        <value>154</value>
        <value>157</value>
        <value>166</value>
        <value>225</value>
        <value>255</value>
      </values>
      <score>251.4</score>
    </agent>
  </scores>
</results>

