<results>
  <transactions>
    <repetition>
      <id>1</id>
      <transaction>
        <timestamp>1333597866003</timestamp>
        <buyerID>134</buyerID>
        <sellerID>131</sellerID>
        <price>173</price>
      </transaction>
      <transaction>
        <timestamp>1333597866044</timestamp>
        <buyerID>94</buyerID>
        <sellerID>132</sellerID>
        <price>179</price>
      </transaction>
      <transaction>
        <timestamp>1333597866049</timestamp>
        <buyerID>14</buyerID>
        <sellerID>12</sellerID>
        <price>178</price>
      </transaction>
      <transaction>
        <timestamp>1333597866088</timestamp>
        <buyerID>93</buyerID>
        <sellerID>92</sellerID>
        <price>177</price>
      </transaction>
      <transaction>
        <timestamp>1333597866112</timestamp>
        <buyerID>134</buyerID>
        <sellerID>92</sellerID>
        <price>176</price>
      </transaction>
      <transaction>
        <timestamp>1333597866319</timestamp>
        <buyerID>133</buyerID>
        <sellerID>131</sellerID>
        <price>171</price>
      </transaction>
      <transaction>
        <timestamp>1333597866405</timestamp>
        <buyerID>13</buyerID>
        <sellerID>92</sellerID>
        <price>174</price>
      </transaction>
      <transaction>
        <timestamp>1333597866417</timestamp>
        <buyerID>134</buyerID>
        <sellerID>12</sellerID>
        <price>163</price>
      </transaction>
      <transaction>
        <timestamp>1333597867215</timestamp>
        <buyerID>134</buyerID>
        <sellerID>91</sellerID>
        <price>166</price>
      </transaction>
      <transaction>
        <timestamp>1333597867782</timestamp>
        <buyerID>133</buyerID>
        <sellerID>11</sellerID>
        <price>167</price>
      </transaction>
      <transaction>
        <timestamp>1333597867842</timestamp>
        <buyerID>14</buyerID>
        <sellerID>132</sellerID>
        <price>167</price>
      </transaction>
      <transaction>
        <timestamp>1333597867925</timestamp>
        <buyerID>94</buyerID>
        <sellerID>132</sellerID>
        <price>166</price>
      </transaction>
      <transaction>
        <timestamp>1333597868570</timestamp>
        <buyerID>133</buyerID>
        <sellerID>131</sellerID>
        <price>167</price>
      </transaction>
      <transaction>
        <timestamp>1333597869367</timestamp>
        <buyerID>94</buyerID>
        <sellerID>12</sellerID>
        <price>166</price>
      </transaction>
      <transaction>
        <timestamp>1333597869433</timestamp>
        <buyerID>94</buyerID>
        <sellerID>91</sellerID>
        <price>165</price>
      </transaction>
      <transaction>
        <timestamp>1333597870131</timestamp>
        <buyerID>134</buyerID>
        <sellerID>12</sellerID>
        <price>158</price>
      </transaction>
      <transaction>
        <timestamp>1333597870965</timestamp>
        <buyerID>14</buyerID>
        <sellerID>92</sellerID>
        <price>160</price>
      </transaction>
      <transaction>
        <timestamp>1333597871620</timestamp>
        <buyerID>13</buyerID>
        <sellerID>92</sellerID>
        <price>160</price>
      </transaction>
      <transaction>
        <timestamp>1333597872441</timestamp>
        <buyerID>14</buyerID>
        <sellerID>91</sellerID>
        <price>158</price>
      </transaction>
      <transaction>
        <timestamp>1333597873831</timestamp>
        <buyerID>13</buyerID>
        <sellerID>91</sellerID>
        <price>157</price>
      </transaction>
      <transaction>
        <timestamp>1333597874679</timestamp>
        <buyerID>13</buyerID>
        <sellerID>91</sellerID>
        <price>155</price>
      </transaction>
      <transaction>
        <timestamp>1333597875345</timestamp>
        <buyerID>14</buyerID>
        <sellerID>132</sellerID>
        <price>154</price>
      </transaction>
      <transaction>
        <timestamp>1333597888214</timestamp>
        <buyerID>94</buyerID>
        <sellerID>92</sellerID>
        <price>165</price>
      </transaction>
      <transaction>
        <timestamp>1333597913647</timestamp>
        <buyerID>94</buyerID>
        <sellerID>12</sellerID>
        <price>167</price>
      </transaction>
      <transaction>
        <timestamp>1333597975062</timestamp>
        <buyerID>74</buyerID>
        <sellerID>131</sellerID>
        <price>173</price>
      </transaction>
      <transaction>
        <timestamp>1333597975076</timestamp>
        <buyerID>94</buyerID>
        <sellerID>72</sellerID>
        <price>166</price>
      </transaction>
      <transaction>
        <timestamp>1333597975835</timestamp>
        <buyerID>13</buyerID>
        <sellerID>72</sellerID>
        <price>157</price>
      </transaction>
      <transaction>
        <timestamp>1333597975917</timestamp>
        <buyerID>73</buyerID>
        <sellerID>132</sellerID>
        <price>174</price>
      </transaction>
      <transaction>
        <timestamp>1333597975959</timestamp>
        <buyerID>74</buyerID>
        <sellerID>92</sellerID>
        <price>202</price>
      </transaction>
      <transaction>
        <timestamp>1333597976541</timestamp>
        <buyerID>73</buyerID>
        <sellerID>92</sellerID>
        <price>219</price>
      </transaction>
      <transaction>
        <timestamp>1333597976649</timestamp>
        <buyerID>74</buyerID>
        <sellerID>91</sellerID>
        <price>211</price>
      </transaction>
      <transaction>
        <timestamp>1333597977435</timestamp>
        <buyerID>73</buyerID>
        <sellerID>131</sellerID>
        <price>193</price>
      </transaction>
      <transaction>
        <timestamp>1333597977447</timestamp>
        <buyerID>94</buyerID>
        <sellerID>72</sellerID>
        <price>144</price>
      </transaction>
      <transaction>
        <timestamp>1333597978170</timestamp>
        <buyerID>73</buyerID>
        <sellerID>91</sellerID>
        <price>186</price>
      </transaction>
      <transaction>
        <timestamp>1333597978784</timestamp>
        <buyerID>73</buyerID>
        <sellerID>11</sellerID>
        <price>194</price>
      </transaction>
      <transaction>
        <timestamp>1333597978804</timestamp>
        <buyerID>74</buyerID>
        <sellerID>12</sellerID>
        <price>203</price>
      </transaction>
      <transaction>
        <timestamp>1333597979570</timestamp>
        <buyerID>74</buyerID>
        <sellerID>131</sellerID>
        <price>199</price>
      </transaction>
      <transaction>
        <timestamp>1333597979644</timestamp>
        <buyerID>14</buyerID>
        <sellerID>72</sellerID>
        <price>162</price>
      </transaction>
      <transaction>
        <timestamp>1333597979694</timestamp>
        <buyerID>94</buyerID>
        <sellerID>71</sellerID>
        <price>91</price>
      </transaction>
      <transaction>
        <timestamp>1333597980361</timestamp>
        <buyerID>13</buyerID>
        <sellerID>71</sellerID>
        <price>132</price>
      </transaction>
      <transaction>
        <timestamp>1333597981126</timestamp>
        <buyerID>14</buyerID>
        <sellerID>71</sellerID>
        <price>153</price>
      </transaction>
      <transaction>
        <timestamp>1333597981913</timestamp>
        <buyerID>73</buyerID>
        <sellerID>12</sellerID>
        <price>194</price>
      </transaction>
      <transaction>
        <timestamp>1333597982661</timestamp>
        <buyerID>14</buyerID>
        <sellerID>71</sellerID>
        <price>153</price>
      </transaction>
    </repetition>
    <repetition>
      <id>2</id>
      <transaction>
        <timestamp>1333597992471</timestamp>
        <buyerID>94</buyerID>
        <sellerID>131</sellerID>
        <price>220</price>
      </transaction>
      <transaction>
        <timestamp>1333597992506</timestamp>
        <buyerID>93</buyerID>
        <sellerID>12</sellerID>
        <price>187</price>
      </transaction>
      <transaction>
        <timestamp>1333597992566</timestamp>
        <buyerID>13</buyerID>
        <sellerID>132</sellerID>
        <price>196</price>
      </transaction>
      <transaction>
        <timestamp>1333597993259</timestamp>
        <buyerID>14</buyerID>
        <sellerID>132</sellerID>
        <price>173</price>
      </transaction>
      <transaction>
        <timestamp>1333597993277</timestamp>
        <buyerID>133</buyerID>
        <sellerID>131</sellerID>
        <price>163</price>
      </transaction>
      <transaction>
        <timestamp>1333597993352</timestamp>
        <buyerID>14</buyerID>
        <sellerID>92</sellerID>
        <price>172</price>
      </transaction>
      <transaction>
        <timestamp>1333597993789</timestamp>
        <buyerID>13</buyerID>
        <sellerID>131</sellerID>
        <price>141</price>
      </transaction>
      <transaction>
        <timestamp>1333597994157</timestamp>
        <buyerID>73</buyerID>
        <sellerID>132</sellerID>
        <price>149</price>
      </transaction>
      <transaction>
        <timestamp>1333597994568</timestamp>
        <buyerID>13</buyerID>
        <sellerID>91</sellerID>
        <price>150</price>
      </transaction>
      <transaction>
        <timestamp>1333597994593</timestamp>
        <buyerID>14</buyerID>
        <sellerID>92</sellerID>
        <price>152</price>
      </transaction>
      <transaction>
        <timestamp>1333597994941</timestamp>
        <buyerID>133</buyerID>
        <sellerID>71</sellerID>
        <price>145</price>
      </transaction>
      <transaction>
        <timestamp>1333597995290</timestamp>
        <buyerID>73</buyerID>
        <sellerID>132</sellerID>
        <price>149</price>
      </transaction>
      <transaction>
        <timestamp>1333597995346</timestamp>
        <buyerID>74</buyerID>
        <sellerID>92</sellerID>
        <price>150</price>
      </transaction>
      <transaction>
        <timestamp>1333597995396</timestamp>
        <buyerID>134</buyerID>
        <sellerID>91</sellerID>
        <price>150</price>
      </transaction>
      <transaction>
        <timestamp>1333597995455</timestamp>
        <buyerID>133</buyerID>
        <sellerID>12</sellerID>
        <price>147</price>
      </transaction>
      <transaction>
        <timestamp>1333597996083</timestamp>
        <buyerID>73</buyerID>
        <sellerID>92</sellerID>
        <price>150</price>
      </transaction>
      <transaction>
        <timestamp>1333597996209</timestamp>
        <buyerID>134</buyerID>
        <sellerID>91</sellerID>
        <price>150</price>
      </transaction>
      <transaction>
        <timestamp>1333597996862</timestamp>
        <buyerID>13</buyerID>
        <sellerID>131</sellerID>
        <price>173</price>
      </transaction>
      <transaction>
        <timestamp>1333597996960</timestamp>
        <buyerID>134</buyerID>
        <sellerID>12</sellerID>
        <price>149</price>
      </transaction>
      <transaction>
        <timestamp>1333597998480</timestamp>
        <buyerID>134</buyerID>
        <sellerID>12</sellerID>
        <price>152</price>
      </transaction>
      <transaction>
        <timestamp>1333597999118</timestamp>
        <buyerID>14</buyerID>
        <sellerID>92</sellerID>
        <price>165</price>
      </transaction>
      <transaction>
        <timestamp>1333597999945</timestamp>
        <buyerID>94</buyerID>
        <sellerID>71</sellerID>
        <price>155</price>
      </transaction>
      <transaction>
        <timestamp>1333598000708</timestamp>
        <buyerID>14</buyerID>
        <sellerID>91</sellerID>
        <price>164</price>
      </transaction>
      <transaction>
        <timestamp>1333598000733</timestamp>
        <buyerID>73</buyerID>
        <sellerID>92</sellerID>
        <price>165</price>
      </transaction>
      <transaction>
        <timestamp>1333598001519</timestamp>
        <buyerID>94</buyerID>
        <sellerID>71</sellerID>
        <price>156</price>
      </transaction>
      <transaction>
        <timestamp>1333598001525</timestamp>
        <buyerID>73</buyerID>
        <sellerID>91</sellerID>
        <price>165</price>
      </transaction>
      <transaction>
        <timestamp>1333598003625</timestamp>
        <buyerID>94</buyerID>
        <sellerID>72</sellerID>
        <price>161</price>
      </transaction>
      <transaction>
        <timestamp>1333598005153</timestamp>
        <buyerID>73</buyerID>
        <sellerID>11</sellerID>
        <price>164</price>
      </transaction>
      <transaction>
        <timestamp>1333598005221</timestamp>
        <buyerID>94</buyerID>
        <sellerID>71</sellerID>
        <price>162</price>
      </transaction>
      <transaction>
        <timestamp>1333598005981</timestamp>
        <buyerID>94</buyerID>
        <sellerID>71</sellerID>
        <price>162</price>
      </transaction>
      <transaction>
        <timestamp>1333598007383</timestamp>
        <buyerID>94</buyerID>
        <sellerID>71</sellerID>
        <price>162</price>
      </transaction>
      <transaction>
        <timestamp>1333598011835</timestamp>
        <buyerID>134</buyerID>
        <sellerID>72</sellerID>
        <price>158</price>
      </transaction>
      <transaction>
        <timestamp>1333598026962</timestamp>
        <buyerID>74</buyerID>
        <sellerID>132</sellerID>
        <price>174</price>
      </transaction>
      <transaction>
        <timestamp>1333598031373</timestamp>
        <buyerID>13</buyerID>
        <sellerID>72</sellerID>
        <price>163</price>
      </transaction>
      <transaction>
        <timestamp>1333598102659</timestamp>
        <buyerID>74</buyerID>
        <sellerID>12</sellerID>
        <price>171</price>
      </transaction>
      <transaction>
        <timestamp>1333598103332</timestamp>
        <buyerID>74</buyerID>
        <sellerID>131</sellerID>
        <price>187</price>
      </transaction>
      <transaction>
        <timestamp>1333598104121</timestamp>
        <buyerID>74</buyerID>
        <sellerID>92</sellerID>
        <price>171</price>
      </transaction>
      <transaction>
        <timestamp>1333598104956</timestamp>
        <buyerID>14</buyerID>
        <sellerID>72</sellerID>
        <price>163</price>
      </transaction>
      <transaction>
        <timestamp>1333598109463</timestamp>
        <buyerID>74</buyerID>
        <sellerID>91</sellerID>
        <price>180</price>
      </transaction>
    </repetition>
    <repetition>
      <id>3</id>
      <transaction>
        <timestamp>1333598119990</timestamp>
        <buyerID>134</buyerID>
        <sellerID>12</sellerID>
        <price>147</price>
      </transaction>
      <transaction>
        <timestamp>1333598120009</timestamp>
        <buyerID>13</buyerID>
        <sellerID>131</sellerID>
        <price>186</price>
      </transaction>
      <transaction>
        <timestamp>1333598120653</timestamp>
        <buyerID>133</buyerID>
        <sellerID>131</sellerID>
        <price>156</price>
      </transaction>
      <transaction>
        <timestamp>1333598121317</timestamp>
        <buyerID>94</buyerID>
        <sellerID>71</sellerID>
        <price>153</price>
      </transaction>
      <transaction>
        <timestamp>1333598121329</timestamp>
        <buyerID>13</buyerID>
        <sellerID>91</sellerID>
        <price>161</price>
      </transaction>
      <transaction>
        <timestamp>1333598121347</timestamp>
        <buyerID>73</buyerID>
        <sellerID>132</sellerID>
        <price>160</price>
      </transaction>
      <transaction>
        <timestamp>1333598121362</timestamp>
        <buyerID>133</buyerID>
        <sellerID>11</sellerID>
        <price>162</price>
      </transaction>
      <transaction>
        <timestamp>1333598121367</timestamp>
        <buyerID>134</buyerID>
        <sellerID>12</sellerID>
        <price>153</price>
      </transaction>
      <transaction>
        <timestamp>1333598122172</timestamp>
        <buyerID>93</buyerID>
        <sellerID>71</sellerID>
        <price>158</price>
      </transaction>
      <transaction>
        <timestamp>1333598122196</timestamp>
        <buyerID>73</buyerID>
        <sellerID>91</sellerID>
        <price>166</price>
      </transaction>
      <transaction>
        <timestamp>1333598122202</timestamp>
        <buyerID>134</buyerID>
        <sellerID>12</sellerID>
        <price>157</price>
      </transaction>
      <transaction>
        <timestamp>1333598122831</timestamp>
        <buyerID>73</buyerID>
        <sellerID>131</sellerID>
        <price>164</price>
      </transaction>
      <transaction>
        <timestamp>1333598122867</timestamp>
        <buyerID>94</buyerID>
        <sellerID>71</sellerID>
        <price>157</price>
      </transaction>
      <transaction>
        <timestamp>1333598122909</timestamp>
        <buyerID>134</buyerID>
        <sellerID>12</sellerID>
        <price>157</price>
      </transaction>
      <transaction>
        <timestamp>1333598122926</timestamp>
        <buyerID>14</buyerID>
        <sellerID>92</sellerID>
        <price>163</price>
      </transaction>
      <transaction>
        <timestamp>1333598122969</timestamp>
        <buyerID>133</buyerID>
        <sellerID>72</sellerID>
        <price>158</price>
      </transaction>
      <transaction>
        <timestamp>1333598125077</timestamp>
        <buyerID>73</buyerID>
        <sellerID>92</sellerID>
        <price>159</price>
      </transaction>
      <transaction>
        <timestamp>1333598125112</timestamp>
        <buyerID>134</buyerID>
        <sellerID>92</sellerID>
        <price>158</price>
      </transaction>
      <transaction>
        <timestamp>1333598125116</timestamp>
        <buyerID>14</buyerID>
        <sellerID>71</sellerID>
        <price>158</price>
      </transaction>
      <transaction>
        <timestamp>1333598125921</timestamp>
        <buyerID>13</buyerID>
        <sellerID>91</sellerID>
        <price>157</price>
      </transaction>
      <transaction>
        <timestamp>1333598127350</timestamp>
        <buyerID>94</buyerID>
        <sellerID>72</sellerID>
        <price>149</price>
      </transaction>
      <transaction>
        <timestamp>1333598127360</timestamp>
        <buyerID>14</buyerID>
        <sellerID>91</sellerID>
        <price>153</price>
      </transaction>
      <transaction>
        <timestamp>1333598127410</timestamp>
        <buyerID>73</buyerID>
        <sellerID>92</sellerID>
        <price>153</price>
      </transaction>
      <transaction>
        <timestamp>1333598127469</timestamp>
        <buyerID>74</buyerID>
        <sellerID>132</sellerID>
        <price>154</price>
      </transaction>
      <transaction>
        <timestamp>1333598128056</timestamp>
        <buyerID>13</buyerID>
        <sellerID>91</sellerID>
        <price>154</price>
      </transaction>
      <transaction>
        <timestamp>1333598128122</timestamp>
        <buyerID>73</buyerID>
        <sellerID>92</sellerID>
        <price>154</price>
      </transaction>
      <transaction>
        <timestamp>1333598128971</timestamp>
        <buyerID>13</buyerID>
        <sellerID>71</sellerID>
        <price>156</price>
      </transaction>
      <transaction>
        <timestamp>1333598129577</timestamp>
        <buyerID>14</buyerID>
        <sellerID>132</sellerID>
        <price>167</price>
      </transaction>
      <transaction>
        <timestamp>1333598131185</timestamp>
        <buyerID>94</buyerID>
        <sellerID>132</sellerID>
        <price>154</price>
      </transaction>
      <transaction>
        <timestamp>1333598131811</timestamp>
        <buyerID>74</buyerID>
        <sellerID>92</sellerID>
        <price>164</price>
      </transaction>
      <transaction>
        <timestamp>1333598132538</timestamp>
        <buyerID>94</buyerID>
        <sellerID>72</sellerID>
        <price>161</price>
      </transaction>
      <transaction>
        <timestamp>1333598133318</timestamp>
        <buyerID>94</buyerID>
        <sellerID>71</sellerID>
        <price>161</price>
      </transaction>
      <transaction>
        <timestamp>1333598137133</timestamp>
        <buyerID>74</buyerID>
        <sellerID>12</sellerID>
        <price>165</price>
      </transaction>
      <transaction>
        <timestamp>1333598146122</timestamp>
        <buyerID>74</buyerID>
        <sellerID>131</sellerID>
        <price>173</price>
      </transaction>
      <transaction>
        <timestamp>1333598146962</timestamp>
        <buyerID>74</buyerID>
        <sellerID>92</sellerID>
        <price>171</price>
      </transaction>
      <transaction>
        <timestamp>1333598160329</timestamp>
        <buyerID>74</buyerID>
        <sellerID>72</sellerID>
        <price>171</price>
      </transaction>
    </repetition>
    <repetition>
      <id>4</id>
      <transaction>
        <timestamp>1333598247500</timestamp>
        <buyerID>93</buyerID>
        <sellerID>132</sellerID>
        <price>187</price>
      </transaction>
      <transaction>
        <timestamp>1333598247514</timestamp>
        <buyerID>134</buyerID>
        <sellerID>131</sellerID>
        <price>157</price>
      </transaction>
      <transaction>
        <timestamp>1333598247536</timestamp>
        <buyerID>133</buyerID>
        <sellerID>12</sellerID>
        <price>70</price>
      </transaction>
      <transaction>
        <timestamp>1333598247545</timestamp>
        <buyerID>13</buyerID>
        <sellerID>91</sellerID>
        <price>186</price>
      </transaction>
      <transaction>
        <timestamp>1333598248061</timestamp>
        <buyerID>94</buyerID>
        <sellerID>132</sellerID>
        <price>147</price>
      </transaction>
      <transaction>
        <timestamp>1333598248081</timestamp>
        <buyerID>13</buyerID>
        <sellerID>92</sellerID>
        <price>185</price>
      </transaction>
      <transaction>
        <timestamp>1333598248086</timestamp>
        <buyerID>134</buyerID>
        <sellerID>12</sellerID>
        <price>145</price>
      </transaction>
      <transaction>
        <timestamp>1333598248211</timestamp>
        <buyerID>94</buyerID>
        <sellerID>91</sellerID>
        <price>185</price>
      </transaction>
      <transaction>
        <timestamp>1333598248229</timestamp>
        <buyerID>14</buyerID>
        <sellerID>11</sellerID>
        <price>184</price>
      </transaction>
      <transaction>
        <timestamp>1333598248890</timestamp>
        <buyerID>14</buyerID>
        <sellerID>12</sellerID>
        <price>158</price>
      </transaction>
      <transaction>
        <timestamp>1333598248965</timestamp>
        <buyerID>133</buyerID>
        <sellerID>131</sellerID>
        <price>158</price>
      </transaction>
      <transaction>
        <timestamp>1333598249596</timestamp>
        <buyerID>13</buyerID>
        <sellerID>131</sellerID>
        <price>168</price>
      </transaction>
      <transaction>
        <timestamp>1333598249643</timestamp>
        <buyerID>134</buyerID>
        <sellerID>71</sellerID>
        <price>159</price>
      </transaction>
      <transaction>
        <timestamp>1333598250408</timestamp>
        <buyerID>13</buyerID>
        <sellerID>92</sellerID>
        <price>166</price>
      </transaction>
      <transaction>
        <timestamp>1333598250433</timestamp>
        <buyerID>74</buyerID>
        <sellerID>132</sellerID>
        <price>167</price>
      </transaction>
      <transaction>
        <timestamp>1333598250450</timestamp>
        <buyerID>94</buyerID>
        <sellerID>71</sellerID>
        <price>161</price>
      </transaction>
      <transaction>
        <timestamp>1333598250473</timestamp>
        <buyerID>73</buyerID>
        <sellerID>91</sellerID>
        <price>168</price>
      </transaction>
      <transaction>
        <timestamp>1333598251049</timestamp>
        <buyerID>14</buyerID>
        <sellerID>132</sellerID>
        <price>180</price>
      </transaction>
      <transaction>
        <timestamp>1333598251100</timestamp>
        <buyerID>133</buyerID>
        <sellerID>91</sellerID>
        <price>169</price>
      </transaction>
      <transaction>
        <timestamp>1333598251174</timestamp>
        <buyerID>73</buyerID>
        <sellerID>12</sellerID>
        <price>171</price>
      </transaction>
      <transaction>
        <timestamp>1333598251947</timestamp>
        <buyerID>74</buyerID>
        <sellerID>92</sellerID>
        <price>173</price>
      </transaction>
      <transaction>
        <timestamp>1333598252567</timestamp>
        <buyerID>94</buyerID>
        <sellerID>72</sellerID>
        <price>168</price>
      </transaction>
      <transaction>
        <timestamp>1333598252595</timestamp>
        <buyerID>74</buyerID>
        <sellerID>92</sellerID>
        <price>172</price>
      </transaction>
      <transaction>
        <timestamp>1333598252638</timestamp>
        <buyerID>73</buyerID>
        <sellerID>131</sellerID>
        <price>173</price>
      </transaction>
      <transaction>
        <timestamp>1333598252695</timestamp>
        <buyerID>134</buyerID>
        <sellerID>71</sellerID>
        <price>169</price>
      </transaction>
      <transaction>
        <timestamp>1333598253459</timestamp>
        <buyerID>73</buyerID>
        <sellerID>91</sellerID>
        <price>172</price>
      </transaction>
      <transaction>
        <timestamp>1333598253474</timestamp>
        <buyerID>94</buyerID>
        <sellerID>71</sellerID>
        <price>167</price>
      </transaction>
      <transaction>
        <timestamp>1333598254139</timestamp>
        <buyerID>94</buyerID>
        <sellerID>72</sellerID>
        <price>166</price>
      </transaction>
      <transaction>
        <timestamp>1333598254964</timestamp>
        <buyerID>73</buyerID>
        <sellerID>92</sellerID>
        <price>170</price>
      </transaction>
      <transaction>
        <timestamp>1333598255655</timestamp>
        <buyerID>14</buyerID>
        <sellerID>92</sellerID>
        <price>171</price>
      </transaction>
      <transaction>
        <timestamp>1333598256373</timestamp>
        <buyerID>74</buyerID>
        <sellerID>92</sellerID>
        <price>171</price>
      </transaction>
      <transaction>
        <timestamp>1333598257099</timestamp>
        <buyerID>94</buyerID>
        <sellerID>71</sellerID>
        <price>167</price>
      </transaction>
      <transaction>
        <timestamp>1333598260175</timestamp>
        <buyerID>73</buyerID>
        <sellerID>132</sellerID>
        <price>174</price>
      </transaction>
      <transaction>
        <timestamp>1333598273542</timestamp>
        <buyerID>134</buyerID>
        <sellerID>72</sellerID>
        <price>158</price>
      </transaction>
      <transaction>
        <timestamp>1333598286374</timestamp>
        <buyerID>14</buyerID>
        <sellerID>12</sellerID>
        <price>166</price>
      </transaction>
      <transaction>
        <timestamp>1333598357575</timestamp>
        <buyerID>74</buyerID>
        <sellerID>131</sellerID>
        <price>187</price>
      </transaction>
      <transaction>
        <timestamp>1333598362259</timestamp>
        <buyerID>74</buyerID>
        <sellerID>91</sellerID>
        <price>181</price>
      </transaction>
      <transaction>
        <timestamp>1333598362783</timestamp>
        <buyerID>13</buyerID>
        <sellerID>72</sellerID>
        <price>161</price>
      </transaction>
      <transaction>
        <timestamp>1333598363661</timestamp>
        <buyerID>14</buyerID>
        <sellerID>71</sellerID>
        <price>156</price>
      </transaction>
    </repetition>
    <repetition>
      <id>5</id>
      <transaction>
        <timestamp>1333598374972</timestamp>
        <buyerID>134</buyerID>
        <sellerID>12</sellerID>
        <price>169</price>
      </transaction>
      <transaction>
        <timestamp>1333598374984</timestamp>
        <buyerID>14</buyerID>
        <sellerID>132</sellerID>
        <price>158</price>
      </transaction>
      <transaction>
        <timestamp>1333598375024</timestamp>
        <buyerID>13</buyerID>
        <sellerID>92</sellerID>
        <price>182</price>
      </transaction>
      <transaction>
        <timestamp>1333598375547</timestamp>
        <buyerID>133</buyerID>
        <sellerID>71</sellerID>
        <price>157</price>
      </transaction>
      <transaction>
        <timestamp>1333598375607</timestamp>
        <buyerID>94</buyerID>
        <sellerID>72</sellerID>
        <price>155</price>
      </transaction>
      <transaction>
        <timestamp>1333598375642</timestamp>
        <buyerID>134</buyerID>
        <sellerID>131</sellerID>
        <price>156</price>
      </transaction>
      <transaction>
        <timestamp>1333598375671</timestamp>
        <buyerID>74</buyerID>
        <sellerID>91</sellerID>
        <price>157</price>
      </transaction>
      <transaction>
        <timestamp>1333598376280</timestamp>
        <buyerID>93</buyerID>
        <sellerID>92</sellerID>
        <price>156</price>
      </transaction>
      <transaction>
        <timestamp>1333598376290</timestamp>
        <buyerID>73</buyerID>
        <sellerID>132</sellerID>
        <price>157</price>
      </transaction>
      <transaction>
        <timestamp>1333598376318</timestamp>
        <buyerID>13</buyerID>
        <sellerID>11</sellerID>
        <price>169</price>
      </transaction>
      <transaction>
        <timestamp>1333598376427</timestamp>
        <buyerID>133</buyerID>
        <sellerID>12</sellerID>
        <price>157</price>
      </transaction>
      <transaction>
        <timestamp>1333598377162</timestamp>
        <buyerID>14</buyerID>
        <sellerID>132</sellerID>
        <price>164</price>
      </transaction>
      <transaction>
        <timestamp>1333598377182</timestamp>
        <buyerID>133</buyerID>
        <sellerID>71</sellerID>
        <price>158</price>
      </transaction>
      <transaction>
        <timestamp>1333598377811</timestamp>
        <buyerID>94</buyerID>
        <sellerID>71</sellerID>
        <price>160</price>
      </transaction>
      <transaction>
        <timestamp>1333598377836</timestamp>
        <buyerID>134</buyerID>
        <sellerID>72</sellerID>
        <price>159</price>
      </transaction>
      <transaction>
        <timestamp>1333598377950</timestamp>
        <buyerID>134</buyerID>
        <sellerID>12</sellerID>
        <price>133</price>
      </transaction>
      <transaction>
        <timestamp>1333598378618</timestamp>
        <buyerID>13</buyerID>
        <sellerID>131</sellerID>
        <price>161</price>
      </transaction>
      <transaction>
        <timestamp>1333598379349</timestamp>
        <buyerID>134</buyerID>
        <sellerID>71</sellerID>
        <price>158</price>
      </transaction>
      <transaction>
        <timestamp>1333598379432</timestamp>
        <buyerID>14</buyerID>
        <sellerID>12</sellerID>
        <price>135</price>
      </transaction>
      <transaction>
        <timestamp>1333598380163</timestamp>
        <buyerID>73</buyerID>
        <sellerID>131</sellerID>
        <price>140</price>
      </transaction>
      <transaction>
        <timestamp>1333598380218</timestamp>
        <buyerID>14</buyerID>
        <sellerID>92</sellerID>
        <price>142</price>
      </transaction>
      <transaction>
        <timestamp>1333598380839</timestamp>
        <buyerID>73</buyerID>
        <sellerID>91</sellerID>
        <price>143</price>
      </transaction>
      <transaction>
        <timestamp>1333598380955</timestamp>
        <buyerID>74</buyerID>
        <sellerID>92</sellerID>
        <price>143</price>
      </transaction>
      <transaction>
        <timestamp>1333598380980</timestamp>
        <buyerID>13</buyerID>
        <sellerID>91</sellerID>
        <price>143</price>
      </transaction>
      <transaction>
        <timestamp>1333598381626</timestamp>
        <buyerID>73</buyerID>
        <sellerID>132</sellerID>
        <price>144</price>
      </transaction>
      <transaction>
        <timestamp>1333598383149</timestamp>
        <buyerID>74</buyerID>
        <sellerID>91</sellerID>
        <price>152</price>
      </transaction>
      <transaction>
        <timestamp>1333598383170</timestamp>
        <buyerID>14</buyerID>
        <sellerID>92</sellerID>
        <price>154</price>
      </transaction>
      <transaction>
        <timestamp>1333598383902</timestamp>
        <buyerID>74</buyerID>
        <sellerID>91</sellerID>
        <price>153</price>
      </transaction>
      <transaction>
        <timestamp>1333598386800</timestamp>
        <buyerID>73</buyerID>
        <sellerID>92</sellerID>
        <price>163</price>
      </transaction>
      <transaction>
        <timestamp>1333598387596</timestamp>
        <buyerID>94</buyerID>
        <sellerID>71</sellerID>
        <price>156</price>
      </transaction>
      <transaction>
        <timestamp>1333598387715</timestamp>
        <buyerID>73</buyerID>
        <sellerID>12</sellerID>
        <price>165</price>
      </transaction>
      <transaction>
        <timestamp>1333598390708</timestamp>
        <buyerID>14</buyerID>
        <sellerID>71</sellerID>
        <price>161</price>
      </transaction>
      <transaction>
        <timestamp>1333598392939</timestamp>
        <buyerID>94</buyerID>
        <sellerID>72</sellerID>
        <price>163</price>
      </transaction>
      <transaction>
        <timestamp>1333598395140</timestamp>
        <buyerID>74</buyerID>
        <sellerID>92</sellerID>
        <price>170</price>
      </transaction>
      <transaction>
        <timestamp>1333598399640</timestamp>
        <buyerID>94</buyerID>
        <sellerID>72</sellerID>
        <price>171</price>
      </transaction>
      <transaction>
        <timestamp>1333598485177</timestamp>
        <buyerID>74</buyerID>
        <sellerID>131</sellerID>
        <price>173</price>
      </transaction>
    </repetition>
  </transactions>
  <scores>
    <agent>
      <ID>71</ID>
      <userName>kaplan1</userName>
      <strategy>KAPLAN</strategy>
      <values>
        <value>67</value>
        <value>90</value>
        <value>137</value>
        <value>139</value>
        <value>144</value>
        <value>153</value>
        <value>190</value>
        <value>220</value>
        <value>225</value>
        <value>248</value>
      </values>
      <score>198.0</score>
    </agent>
    <agent>
      <ID>131</ID>
      <userName>rb1</userName>
      <strategy>RB</strategy>
      <values>
        <value>63</value>
        <value>86</value>
        <value>106</value>
        <value>173</value>
        <value>187</value>
        <value>199</value>
        <value>201</value>
        <value>207</value>
        <value>212</value>
        <value>212</value>
      </values>
      <score>242.4</score>
    </agent>
    <agent>
      <ID>11</ID>
      <userName>zi1</userName>
      <strategy>ZI</strategy>
      <values>
        <value>159</value>
        <value>184</value>
        <value>194</value>
        <value>203</value>
        <value>218</value>
        <value>231</value>
        <value>235</value>
        <value>243</value>
        <value>248</value>
        <value>250</value>
      </values>
      <score>12.2</score>
    </agent>
    <agent>
      <ID>72</ID>
      <userName>kaplan2</userName>
      <strategy>KAPLAN</strategy>
      <values>
        <value>71</value>
        <value>120</value>
        <value>140</value>
        <value>157</value>
        <value>175</value>
        <value>206</value>
        <value>218</value>
        <value>235</value>
        <value>250</value>
        <value>259</value>
      </values>
      <score>154.8</score>
    </agent>
    <agent>
      <ID>12</ID>
      <userName>zi2</userName>
      <strategy>ZI</strategy>
      <values>
        <value>62</value>
        <value>64</value>
        <value>82</value>
        <value>87</value>
        <value>165</value>
        <value>186</value>
        <value>192</value>
        <value>199</value>
        <value>252</value>
        <value>260</value>
      </values>
      <score>321.0</score>
    </agent>
    <agent>
      <ID>133</ID>
      <userName>rb3</userName>
      <strategy>RB</strategy>
      <values>
        <value>225</value>
        <value>184</value>
        <value>176</value>
        <value>125</value>
        <value>125</value>
        <value>124</value>
        <value>115</value>
        <value>105</value>
        <value>101</value>
        <value>83</value>
      </values>
      <score>124.0</score>
    </agent>
    <agent>
      <ID>13</ID>
      <userName>zi3</userName>
      <strategy>ZI</strategy>
      <values>
        <value>252</value>
        <value>251</value>
        <value>195</value>
        <value>188</value>
        <value>167</value>
        <value>161</value>
        <value>154</value>
        <value>150</value>
        <value>106</value>
        <value>68</value>
      </values>
      <score>233.2</score>
    </agent>
    <agent>
      <ID>132</ID>
      <userName>rb2</userName>
      <strategy>RB</strategy>
      <values>
        <value>87</value>
        <value>87</value>
        <value>98</value>
        <value>115</value>
        <value>174</value>
        <value>202</value>
        <value>224</value>
        <value>225</value>
        <value>228</value>
        <value>235</value>
      </values>
      <score>267.4</score>
    </agent>
    <agent>
      <ID>73</ID>
      <userName>kaplan3</userName>
      <strategy>KAPLAN</strategy>
      <values>
        <value>238</value>
        <value>223</value>
        <value>208</value>
        <value>204</value>
        <value>197</value>
        <value>197</value>
        <value>163</value>
        <value>115</value>
        <value>104</value>
        <value>72</value>
      </values>
      <score>267.4</score>
    </agent>
    <agent>
      <ID>14</ID>
      <userName>zi4</userName>
      <strategy>ZI</strategy>
      <values>
        <value>217</value>
        <value>216</value>
        <value>206</value>
        <value>186</value>
        <value>171</value>
        <value>164</value>
        <value>161</value>
        <value>161</value>
        <value>111</value>
        <value>84</value>
      </values>
      <score>188.6</score>
    </agent>
    <agent>
      <ID>74</ID>
      <userName>kaplan4</userName>
      <strategy>KAPLAN</strategy>
      <values>
        <value>260</value>
        <value>258</value>
        <value>258</value>
        <value>216</value>
        <value>201</value>
        <value>181</value>
        <value>147</value>
        <value>123</value>
        <value>87</value>
        <value>86</value>
      </values>
      <score>334.2</score>
    </agent>
    <agent>
      <ID>134</ID>
      <userName>rb4</userName>
      <strategy>RB</strategy>
      <values>
        <value>248</value>
        <value>231</value>
        <value>229</value>
        <value>209</value>
        <value>158</value>
        <value>131</value>
        <value>122</value>
        <value>120</value>
        <value>112</value>
        <value>66</value>
      </values>
      <score>289.0</score>
    </agent>
    <agent>
      <ID>93</ID>
      <userName>gd3</userName>
      <strategy>GD</strategy>
      <values>
        <value>202</value>
        <value>142</value>
        <value>132</value>
        <value>97</value>
        <value>96</value>
        <value>93</value>
        <value>92</value>
        <value>79</value>
        <value>76</value>
        <value>61</value>
      </values>
      <score>29.0</score>
    </agent>
    <agent>
      <ID>92</ID>
      <userName>gd2</userName>
      <strategy>GD</strategy>
      <values>
        <value>61</value>
        <value>75</value>
        <value>113</value>
        <value>138</value>
        <value>150</value>
        <value>162</value>
        <value>169</value>
        <value>215</value>
        <value>238</value>
        <value>257</value>
      </values>
      <score>288.6</score>
    </agent>
    <agent>
      <ID>94</ID>
      <userName>gd4</userName>
      <strategy>GD</strategy>
      <values>
        <value>258</value>
        <value>257</value>
        <value>241</value>
        <value>194</value>
        <value>183</value>
        <value>177</value>
        <value>169</value>
        <value>147</value>
        <value>109</value>
        <value>101</value>
      </values>
      <score>329.6</score>
    </agent>
    <agent>
      <ID>91</ID>
      <userName>gd1</userName>
      <strategy>GD</strategy>
      <values>
        <value>75</value>
        <value>81</value>
        <value>101</value>
        <value>128</value>
        <value>133</value>
        <value>174</value>
        <value>182</value>
        <value>203</value>
        <value>241</value>
        <value>254</value>
      </values>
      <score>292.6</score>
    </agent>
  </scores>
</results>

