<results>
  <transactions>
    <repetition>
      <id>1</id>
      <transaction>
        <timestamp>1333596106611</timestamp>
        <buyerID>14</buyerID>
        <sellerID>114</sellerID>
        <price>175</price>
      </transaction>
      <transaction>
        <timestamp>1333596106722</timestamp>
        <buyerID>118</buyerID>
        <sellerID>91</sellerID>
        <price>175</price>
      </transaction>
      <transaction>
        <timestamp>1333596106979</timestamp>
        <buyerID>117</buyerID>
        <sellerID>12</sellerID>
        <price>109</price>
      </transaction>
      <transaction>
        <timestamp>1333596107132</timestamp>
        <buyerID>13</buyerID>
        <sellerID>113</sellerID>
        <price>138</price>
      </transaction>
      <transaction>
        <timestamp>1333596107145</timestamp>
        <buyerID>14</buyerID>
        <sellerID>11</sellerID>
        <price>139</price>
      </transaction>
      <transaction>
        <timestamp>1333596108030</timestamp>
        <buyerID>14</buyerID>
        <sellerID>111</sellerID>
        <price>138</price>
      </transaction>
      <transaction>
        <timestamp>1333596108563</timestamp>
        <buyerID>13</buyerID>
        <sellerID>92</sellerID>
        <price>136</price>
      </transaction>
      <transaction>
        <timestamp>1333596108691</timestamp>
        <buyerID>14</buyerID>
        <sellerID>113</sellerID>
        <price>136</price>
      </transaction>
      <transaction>
        <timestamp>1333596109417</timestamp>
        <buyerID>14</buyerID>
        <sellerID>114</sellerID>
        <price>137</price>
      </transaction>
      <transaction>
        <timestamp>1333596109607</timestamp>
        <buyerID>118</buyerID>
        <sellerID>11</sellerID>
        <price>124</price>
      </transaction>
      <transaction>
        <timestamp>1333596109912</timestamp>
        <buyerID>13</buyerID>
        <sellerID>112</sellerID>
        <price>138</price>
      </transaction>
      <transaction>
        <timestamp>1333596111633</timestamp>
        <buyerID>116</buyerID>
        <sellerID>92</sellerID>
        <price>136</price>
      </transaction>
      <transaction>
        <timestamp>1333596111641</timestamp>
        <buyerID>14</buyerID>
        <sellerID>111</sellerID>
        <price>136</price>
      </transaction>
      <transaction>
        <timestamp>1333596111831</timestamp>
        <buyerID>115</buyerID>
        <sellerID>113</sellerID>
        <price>136</price>
      </transaction>
      <transaction>
        <timestamp>1333596111927</timestamp>
        <buyerID>94</buyerID>
        <sellerID>92</sellerID>
        <price>137</price>
      </transaction>
      <transaction>
        <timestamp>1333596112031</timestamp>
        <buyerID>117</buyerID>
        <sellerID>92</sellerID>
        <price>137</price>
      </transaction>
      <transaction>
        <timestamp>1333596112115</timestamp>
        <buyerID>94</buyerID>
        <sellerID>112</sellerID>
        <price>138</price>
      </transaction>
      <transaction>
        <timestamp>1333596112155</timestamp>
        <buyerID>94</buyerID>
        <sellerID>114</sellerID>
        <price>138</price>
      </transaction>
      <transaction>
        <timestamp>1333596112676</timestamp>
        <buyerID>14</buyerID>
        <sellerID>11</sellerID>
        <price>159</price>
      </transaction>
      <transaction>
        <timestamp>1333596112928</timestamp>
        <buyerID>117</buyerID>
        <sellerID>11</sellerID>
        <price>209</price>
      </transaction>
      <transaction>
        <timestamp>1333596113098</timestamp>
        <buyerID>14</buyerID>
        <sellerID>12</sellerID>
        <price>160</price>
      </transaction>
      <transaction>
        <timestamp>1333596114980</timestamp>
        <buyerID>13</buyerID>
        <sellerID>112</sellerID>
        <price>174</price>
      </transaction>
      <transaction>
        <timestamp>1333596115448</timestamp>
        <buyerID>118</buyerID>
        <sellerID>11</sellerID>
        <price>162</price>
      </transaction>
      <transaction>
        <timestamp>1333596115519</timestamp>
        <buyerID>117</buyerID>
        <sellerID>11</sellerID>
        <price>162</price>
      </transaction>
      <transaction>
        <timestamp>1333596115922</timestamp>
        <buyerID>94</buyerID>
        <sellerID>12</sellerID>
        <price>162</price>
      </transaction>
      <transaction>
        <timestamp>1333596116325</timestamp>
        <buyerID>118</buyerID>
        <sellerID>91</sellerID>
        <price>161</price>
      </transaction>
      <transaction>
        <timestamp>1333596116558</timestamp>
        <buyerID>14</buyerID>
        <sellerID>111</sellerID>
        <price>160</price>
      </transaction>
      <transaction>
        <timestamp>1333596117391</timestamp>
        <buyerID>115</buyerID>
        <sellerID>91</sellerID>
        <price>159</price>
      </transaction>
      <transaction>
        <timestamp>1333596117567</timestamp>
        <buyerID>117</buyerID>
        <sellerID>113</sellerID>
        <price>159</price>
      </transaction>
      <transaction>
        <timestamp>1333596117708</timestamp>
        <buyerID>94</buyerID>
        <sellerID>112</sellerID>
        <price>159</price>
      </transaction>
      <transaction>
        <timestamp>1333596117805</timestamp>
        <buyerID>93</buyerID>
        <sellerID>114</sellerID>
        <price>160</price>
      </transaction>
      <transaction>
        <timestamp>1333596117891</timestamp>
        <buyerID>116</buyerID>
        <sellerID>92</sellerID>
        <price>160</price>
      </transaction>
      <transaction>
        <timestamp>1333596118015</timestamp>
        <buyerID>117</buyerID>
        <sellerID>112</sellerID>
        <price>160</price>
      </transaction>
      <transaction>
        <timestamp>1333596118101</timestamp>
        <buyerID>116</buyerID>
        <sellerID>91</sellerID>
        <price>161</price>
      </transaction>
      <transaction>
        <timestamp>1333596118578</timestamp>
        <buyerID>93</buyerID>
        <sellerID>92</sellerID>
        <price>165</price>
      </transaction>
      <transaction>
        <timestamp>1333596118865</timestamp>
        <buyerID>94</buyerID>
        <sellerID>91</sellerID>
        <price>167</price>
      </transaction>
      <transaction>
        <timestamp>1333596120529</timestamp>
        <buyerID>93</buyerID>
        <sellerID>114</sellerID>
        <price>177</price>
      </transaction>
      <transaction>
        <timestamp>1333596120598</timestamp>
        <buyerID>116</buyerID>
        <sellerID>12</sellerID>
        <price>177</price>
      </transaction>
      <transaction>
        <timestamp>1333596122543</timestamp>
        <buyerID>13</buyerID>
        <sellerID>114</sellerID>
        <price>176</price>
      </transaction>
      <transaction>
        <timestamp>1333596126286</timestamp>
        <buyerID>93</buyerID>
        <sellerID>12</sellerID>
        <price>173</price>
      </transaction>
      <transaction>
        <timestamp>1333596128818</timestamp>
        <buyerID>13</buyerID>
        <sellerID>12</sellerID>
        <price>179</price>
      </transaction>
    </repetition>
    <repetition>
      <id>2</id>
      <transaction>
        <timestamp>1333596233310</timestamp>
        <buyerID>115</buyerID>
        <sellerID>112</sellerID>
        <price>108</price>
      </transaction>
      <transaction>
        <timestamp>1333596233740</timestamp>
        <buyerID>13</buyerID>
        <sellerID>111</sellerID>
        <price>108</price>
      </transaction>
      <transaction>
        <timestamp>1333596233750</timestamp>
        <buyerID>14</buyerID>
        <sellerID>92</sellerID>
        <price>108</price>
      </transaction>
      <transaction>
        <timestamp>1333596233871</timestamp>
        <buyerID>116</buyerID>
        <sellerID>114</sellerID>
        <price>108</price>
      </transaction>
      <transaction>
        <timestamp>1333596233874</timestamp>
        <buyerID>94</buyerID>
        <sellerID>113</sellerID>
        <price>109</price>
      </transaction>
      <transaction>
        <timestamp>1333596234716</timestamp>
        <buyerID>115</buyerID>
        <sellerID>11</sellerID>
        <price>118</price>
      </transaction>
      <transaction>
        <timestamp>1333596234810</timestamp>
        <buyerID>13</buyerID>
        <sellerID>113</sellerID>
        <price>137</price>
      </transaction>
      <transaction>
        <timestamp>1333596235863</timestamp>
        <buyerID>14</buyerID>
        <sellerID>92</sellerID>
        <price>124</price>
      </transaction>
      <transaction>
        <timestamp>1333596236051</timestamp>
        <buyerID>115</buyerID>
        <sellerID>114</sellerID>
        <price>124</price>
      </transaction>
      <transaction>
        <timestamp>1333596236347</timestamp>
        <buyerID>93</buyerID>
        <sellerID>111</sellerID>
        <price>125</price>
      </transaction>
      <transaction>
        <timestamp>1333596236361</timestamp>
        <buyerID>13</buyerID>
        <sellerID>112</sellerID>
        <price>125</price>
      </transaction>
      <transaction>
        <timestamp>1333596236453</timestamp>
        <buyerID>116</buyerID>
        <sellerID>91</sellerID>
        <price>125</price>
      </transaction>
      <transaction>
        <timestamp>1333596236456</timestamp>
        <buyerID>94</buyerID>
        <sellerID>114</sellerID>
        <price>125</price>
      </transaction>
      <transaction>
        <timestamp>1333596236762</timestamp>
        <buyerID>14</buyerID>
        <sellerID>92</sellerID>
        <price>135</price>
      </transaction>
      <transaction>
        <timestamp>1333596236869</timestamp>
        <buyerID>13</buyerID>
        <sellerID>11</sellerID>
        <price>133</price>
      </transaction>
      <transaction>
        <timestamp>1333596237816</timestamp>
        <buyerID>118</buyerID>
        <sellerID>92</sellerID>
        <price>135</price>
      </transaction>
      <transaction>
        <timestamp>1333596237819</timestamp>
        <buyerID>94</buyerID>
        <sellerID>111</sellerID>
        <price>135</price>
      </transaction>
      <transaction>
        <timestamp>1333596237880</timestamp>
        <buyerID>117</buyerID>
        <sellerID>11</sellerID>
        <price>134</price>
      </transaction>
      <transaction>
        <timestamp>1333596237894</timestamp>
        <buyerID>14</buyerID>
        <sellerID>113</sellerID>
        <price>135</price>
      </transaction>
      <transaction>
        <timestamp>1333596238817</timestamp>
        <buyerID>14</buyerID>
        <sellerID>11</sellerID>
        <price>156</price>
      </transaction>
      <transaction>
        <timestamp>1333596238846</timestamp>
        <buyerID>93</buyerID>
        <sellerID>12</sellerID>
        <price>153</price>
      </transaction>
      <transaction>
        <timestamp>1333596238917</timestamp>
        <buyerID>93</buyerID>
        <sellerID>11</sellerID>
        <price>153</price>
      </transaction>
      <transaction>
        <timestamp>1333596239352</timestamp>
        <buyerID>14</buyerID>
        <sellerID>114</sellerID>
        <price>172</price>
      </transaction>
      <transaction>
        <timestamp>1333596239607</timestamp>
        <buyerID>117</buyerID>
        <sellerID>12</sellerID>
        <price>157</price>
      </transaction>
      <transaction>
        <timestamp>1333596240016</timestamp>
        <buyerID>14</buyerID>
        <sellerID>92</sellerID>
        <price>168</price>
      </transaction>
      <transaction>
        <timestamp>1333596240925</timestamp>
        <buyerID>118</buyerID>
        <sellerID>112</sellerID>
        <price>166</price>
      </transaction>
      <transaction>
        <timestamp>1333596241007</timestamp>
        <buyerID>117</buyerID>
        <sellerID>114</sellerID>
        <price>166</price>
      </transaction>
      <transaction>
        <timestamp>1333596241093</timestamp>
        <buyerID>118</buyerID>
        <sellerID>113</sellerID>
        <price>166</price>
      </transaction>
      <transaction>
        <timestamp>1333596241179</timestamp>
        <buyerID>116</buyerID>
        <sellerID>92</sellerID>
        <price>167</price>
      </transaction>
      <transaction>
        <timestamp>1333596241251</timestamp>
        <buyerID>116</buyerID>
        <sellerID>91</sellerID>
        <price>167</price>
      </transaction>
      <transaction>
        <timestamp>1333596241290</timestamp>
        <buyerID>94</buyerID>
        <sellerID>114</sellerID>
        <price>168</price>
      </transaction>
      <transaction>
        <timestamp>1333596241501</timestamp>
        <buyerID>14</buyerID>
        <sellerID>112</sellerID>
        <price>168</price>
      </transaction>
      <transaction>
        <timestamp>1333596241506</timestamp>
        <buyerID>13</buyerID>
        <sellerID>11</sellerID>
        <price>166</price>
      </transaction>
      <transaction>
        <timestamp>1333596243333</timestamp>
        <buyerID>94</buyerID>
        <sellerID>12</sellerID>
        <price>176</price>
      </transaction>
      <transaction>
        <timestamp>1333596243417</timestamp>
        <buyerID>14</buyerID>
        <sellerID>91</sellerID>
        <price>185</price>
      </transaction>
      <transaction>
        <timestamp>1333596244519</timestamp>
        <buyerID>117</buyerID>
        <sellerID>12</sellerID>
        <price>178</price>
      </transaction>
      <transaction>
        <timestamp>1333596245084</timestamp>
        <buyerID>117</buyerID>
        <sellerID>91</sellerID>
        <price>178</price>
      </transaction>
      <transaction>
        <timestamp>1333596245561</timestamp>
        <buyerID>94</buyerID>
        <sellerID>112</sellerID>
        <price>178</price>
      </transaction>
      <transaction>
        <timestamp>1333596246472</timestamp>
        <buyerID>93</buyerID>
        <sellerID>12</sellerID>
        <price>178</price>
      </transaction>
      <transaction>
        <timestamp>1333596247135</timestamp>
        <buyerID>117</buyerID>
        <sellerID>12</sellerID>
        <price>178</price>
      </transaction>
      <transaction>
        <timestamp>1333596247238</timestamp>
        <buyerID>118</buyerID>
        <sellerID>91</sellerID>
        <price>166</price>
      </transaction>
      <transaction>
        <timestamp>1333596353632</timestamp>
        <buyerID>117</buyerID>
        <sellerID>111</sellerID>
        <price>181</price>
      </transaction>
    </repetition>
    <repetition>
      <id>3</id>
      <transaction>
        <timestamp>1333596360571</timestamp>
        <buyerID>117</buyerID>
        <sellerID>12</sellerID>
        <price>186</price>
      </transaction>
      <transaction>
        <timestamp>1333596360826</timestamp>
        <buyerID>116</buyerID>
        <sellerID>11</sellerID>
        <price>131</price>
      </transaction>
      <transaction>
        <timestamp>1333596361434</timestamp>
        <buyerID>13</buyerID>
        <sellerID>91</sellerID>
        <price>180</price>
      </transaction>
      <transaction>
        <timestamp>1333596365040</timestamp>
        <buyerID>115</buyerID>
        <sellerID>113</sellerID>
        <price>165</price>
      </transaction>
      <transaction>
        <timestamp>1333596365046</timestamp>
        <buyerID>117</buyerID>
        <sellerID>12</sellerID>
        <price>164</price>
      </transaction>
      <transaction>
        <timestamp>1333596365188</timestamp>
        <buyerID>94</buyerID>
        <sellerID>11</sellerID>
        <price>163</price>
      </transaction>
      <transaction>
        <timestamp>1333596365529</timestamp>
        <buyerID>116</buyerID>
        <sellerID>113</sellerID>
        <price>163</price>
      </transaction>
      <transaction>
        <timestamp>1333596365815</timestamp>
        <buyerID>118</buyerID>
        <sellerID>114</sellerID>
        <price>164</price>
      </transaction>
      <transaction>
        <timestamp>1333596366089</timestamp>
        <buyerID>117</buyerID>
        <sellerID>91</sellerID>
        <price>163</price>
      </transaction>
      <transaction>
        <timestamp>1333596366275</timestamp>
        <buyerID>93</buyerID>
        <sellerID>112</sellerID>
        <price>163</price>
      </transaction>
      <transaction>
        <timestamp>1333596366286</timestamp>
        <buyerID>93</buyerID>
        <sellerID>91</sellerID>
        <price>163</price>
      </transaction>
      <transaction>
        <timestamp>1333596366304</timestamp>
        <buyerID>14</buyerID>
        <sellerID>92</sellerID>
        <price>163</price>
      </transaction>
      <transaction>
        <timestamp>1333596367728</timestamp>
        <buyerID>14</buyerID>
        <sellerID>111</sellerID>
        <price>160</price>
      </transaction>
      <transaction>
        <timestamp>1333596367777</timestamp>
        <buyerID>13</buyerID>
        <sellerID>92</sellerID>
        <price>160</price>
      </transaction>
      <transaction>
        <timestamp>1333596367987</timestamp>
        <buyerID>94</buyerID>
        <sellerID>92</sellerID>
        <price>160</price>
      </transaction>
      <transaction>
        <timestamp>1333596367998</timestamp>
        <buyerID>94</buyerID>
        <sellerID>111</sellerID>
        <price>160</price>
      </transaction>
      <transaction>
        <timestamp>1333596368073</timestamp>
        <buyerID>117</buyerID>
        <sellerID>114</sellerID>
        <price>161</price>
      </transaction>
      <transaction>
        <timestamp>1333596368224</timestamp>
        <buyerID>115</buyerID>
        <sellerID>12</sellerID>
        <price>160</price>
      </transaction>
      <transaction>
        <timestamp>1333596368320</timestamp>
        <buyerID>93</buyerID>
        <sellerID>11</sellerID>
        <price>159</price>
      </transaction>
      <transaction>
        <timestamp>1333596368404</timestamp>
        <buyerID>116</buyerID>
        <sellerID>11</sellerID>
        <price>151</price>
      </transaction>
      <transaction>
        <timestamp>1333596368892</timestamp>
        <buyerID>14</buyerID>
        <sellerID>92</sellerID>
        <price>159</price>
      </transaction>
      <transaction>
        <timestamp>1333596369445</timestamp>
        <buyerID>14</buyerID>
        <sellerID>112</sellerID>
        <price>159</price>
      </transaction>
      <transaction>
        <timestamp>1333596369640</timestamp>
        <buyerID>94</buyerID>
        <sellerID>91</sellerID>
        <price>159</price>
      </transaction>
      <transaction>
        <timestamp>1333596369726</timestamp>
        <buyerID>118</buyerID>
        <sellerID>111</sellerID>
        <price>160</price>
      </transaction>
      <transaction>
        <timestamp>1333596369777</timestamp>
        <buyerID>93</buyerID>
        <sellerID>113</sellerID>
        <price>160</price>
      </transaction>
      <transaction>
        <timestamp>1333596369935</timestamp>
        <buyerID>118</buyerID>
        <sellerID>114</sellerID>
        <price>160</price>
      </transaction>
      <transaction>
        <timestamp>1333596370223</timestamp>
        <buyerID>14</buyerID>
        <sellerID>113</sellerID>
        <price>168</price>
      </transaction>
      <transaction>
        <timestamp>1333596370779</timestamp>
        <buyerID>94</buyerID>
        <sellerID>92</sellerID>
        <price>165</price>
      </transaction>
      <transaction>
        <timestamp>1333596370925</timestamp>
        <buyerID>117</buyerID>
        <sellerID>11</sellerID>
        <price>165</price>
      </transaction>
      <transaction>
        <timestamp>1333596371100</timestamp>
        <buyerID>94</buyerID>
        <sellerID>91</sellerID>
        <price>166</price>
      </transaction>
      <transaction>
        <timestamp>1333596371145</timestamp>
        <buyerID>14</buyerID>
        <sellerID>114</sellerID>
        <price>166</price>
      </transaction>
      <transaction>
        <timestamp>1333596371349</timestamp>
        <buyerID>13</buyerID>
        <sellerID>112</sellerID>
        <price>167</price>
      </transaction>
      <transaction>
        <timestamp>1333596371493</timestamp>
        <buyerID>117</buyerID>
        <sellerID>11</sellerID>
        <price>166</price>
      </transaction>
      <transaction>
        <timestamp>1333596371701</timestamp>
        <buyerID>94</buyerID>
        <sellerID>92</sellerID>
        <price>167</price>
      </transaction>
      <transaction>
        <timestamp>1333596372373</timestamp>
        <buyerID>13</buyerID>
        <sellerID>114</sellerID>
        <price>182</price>
      </transaction>
      <transaction>
        <timestamp>1333596372541</timestamp>
        <buyerID>14</buyerID>
        <sellerID>111</sellerID>
        <price>182</price>
      </transaction>
      <transaction>
        <timestamp>1333596373760</timestamp>
        <buyerID>13</buyerID>
        <sellerID>112</sellerID>
        <price>179</price>
      </transaction>
      <transaction>
        <timestamp>1333596376298</timestamp>
        <buyerID>116</buyerID>
        <sellerID>12</sellerID>
        <price>178</price>
      </transaction>
      <transaction>
        <timestamp>1333596376304</timestamp>
        <buyerID>14</buyerID>
        <sellerID>112</sellerID>
        <price>179</price>
      </transaction>
      <transaction>
        <timestamp>1333596378648</timestamp>
        <buyerID>14</buyerID>
        <sellerID>114</sellerID>
        <price>182</price>
      </transaction>
      <transaction>
        <timestamp>1333596381611</timestamp>
        <buyerID>117</buyerID>
        <sellerID>12</sellerID>
        <price>180</price>
      </transaction>
      <transaction>
        <timestamp>1333596382213</timestamp>
        <buyerID>118</buyerID>
        <sellerID>12</sellerID>
        <price>156</price>
      </transaction>
    </repetition>
    <repetition>
      <id>4</id>
      <transaction>
        <timestamp>1333596488098</timestamp>
        <buyerID>94</buyerID>
        <sellerID>114</sellerID>
        <price>187</price>
      </transaction>
      <transaction>
        <timestamp>1333596488362</timestamp>
        <buyerID>117</buyerID>
        <sellerID>112</sellerID>
        <price>186</price>
      </transaction>
      <transaction>
        <timestamp>1333596488374</timestamp>
        <buyerID>93</buyerID>
        <sellerID>91</sellerID>
        <price>186</price>
      </transaction>
      <transaction>
        <timestamp>1333596488605</timestamp>
        <buyerID>118</buyerID>
        <sellerID>11</sellerID>
        <price>185</price>
      </transaction>
      <transaction>
        <timestamp>1333596489455</timestamp>
        <buyerID>93</buyerID>
        <sellerID>91</sellerID>
        <price>181</price>
      </transaction>
      <transaction>
        <timestamp>1333596489549</timestamp>
        <buyerID>118</buyerID>
        <sellerID>92</sellerID>
        <price>181</price>
      </transaction>
      <transaction>
        <timestamp>1333596489653</timestamp>
        <buyerID>94</buyerID>
        <sellerID>112</sellerID>
        <price>181</price>
      </transaction>
      <transaction>
        <timestamp>1333596489873</timestamp>
        <buyerID>115</buyerID>
        <sellerID>114</sellerID>
        <price>181</price>
      </transaction>
      <transaction>
        <timestamp>1333596490042</timestamp>
        <buyerID>94</buyerID>
        <sellerID>114</sellerID>
        <price>181</price>
      </transaction>
      <transaction>
        <timestamp>1333596490060</timestamp>
        <buyerID>116</buyerID>
        <sellerID>91</sellerID>
        <price>180</price>
      </transaction>
      <transaction>
        <timestamp>1333596490065</timestamp>
        <buyerID>13</buyerID>
        <sellerID>112</sellerID>
        <price>181</price>
      </transaction>
      <transaction>
        <timestamp>1333596490293</timestamp>
        <buyerID>116</buyerID>
        <sellerID>92</sellerID>
        <price>181</price>
      </transaction>
      <transaction>
        <timestamp>1333596490620</timestamp>
        <buyerID>94</buyerID>
        <sellerID>113</sellerID>
        <price>182</price>
      </transaction>
      <transaction>
        <timestamp>1333596490839</timestamp>
        <buyerID>118</buyerID>
        <sellerID>11</sellerID>
        <price>182</price>
      </transaction>
      <transaction>
        <timestamp>1333596491084</timestamp>
        <buyerID>94</buyerID>
        <sellerID>114</sellerID>
        <price>183</price>
      </transaction>
      <transaction>
        <timestamp>1333596491306</timestamp>
        <buyerID>117</buyerID>
        <sellerID>111</sellerID>
        <price>182</price>
      </transaction>
      <transaction>
        <timestamp>1333596491309</timestamp>
        <buyerID>93</buyerID>
        <sellerID>91</sellerID>
        <price>182</price>
      </transaction>
      <transaction>
        <timestamp>1333596491311</timestamp>
        <buyerID>115</buyerID>
        <sellerID>92</sellerID>
        <price>181</price>
      </transaction>
      <transaction>
        <timestamp>1333596491507</timestamp>
        <buyerID>116</buyerID>
        <sellerID>113</sellerID>
        <price>181</price>
      </transaction>
      <transaction>
        <timestamp>1333596491729</timestamp>
        <buyerID>13</buyerID>
        <sellerID>112</sellerID>
        <price>183</price>
      </transaction>
      <transaction>
        <timestamp>1333596491893</timestamp>
        <buyerID>117</buyerID>
        <sellerID>111</sellerID>
        <price>181</price>
      </transaction>
      <transaction>
        <timestamp>1333596492092</timestamp>
        <buyerID>14</buyerID>
        <sellerID>92</sellerID>
        <price>182</price>
      </transaction>
      <transaction>
        <timestamp>1333596492629</timestamp>
        <buyerID>94</buyerID>
        <sellerID>11</sellerID>
        <price>178</price>
      </transaction>
      <transaction>
        <timestamp>1333596492817</timestamp>
        <buyerID>116</buyerID>
        <sellerID>12</sellerID>
        <price>167</price>
      </transaction>
      <transaction>
        <timestamp>1333596493054</timestamp>
        <buyerID>14</buyerID>
        <sellerID>113</sellerID>
        <price>178</price>
      </transaction>
      <transaction>
        <timestamp>1333596493360</timestamp>
        <buyerID>94</buyerID>
        <sellerID>12</sellerID>
        <price>158</price>
      </transaction>
      <transaction>
        <timestamp>1333596493655</timestamp>
        <buyerID>93</buyerID>
        <sellerID>11</sellerID>
        <price>159</price>
      </transaction>
      <transaction>
        <timestamp>1333596493831</timestamp>
        <buyerID>94</buyerID>
        <sellerID>12</sellerID>
        <price>160</price>
      </transaction>
      <transaction>
        <timestamp>1333596494427</timestamp>
        <buyerID>13</buyerID>
        <sellerID>111</sellerID>
        <price>172</price>
      </transaction>
      <transaction>
        <timestamp>1333596494767</timestamp>
        <buyerID>117</buyerID>
        <sellerID>12</sellerID>
        <price>161</price>
      </transaction>
      <transaction>
        <timestamp>1333596494866</timestamp>
        <buyerID>13</buyerID>
        <sellerID>92</sellerID>
        <price>170</price>
      </transaction>
      <transaction>
        <timestamp>1333596495294</timestamp>
        <buyerID>14</buyerID>
        <sellerID>112</sellerID>
        <price>170</price>
      </transaction>
      <transaction>
        <timestamp>1333596495746</timestamp>
        <buyerID>117</buyerID>
        <sellerID>11</sellerID>
        <price>162</price>
      </transaction>
      <transaction>
        <timestamp>1333596496116</timestamp>
        <buyerID>14</buyerID>
        <sellerID>11</sellerID>
        <price>168</price>
      </transaction>
      <transaction>
        <timestamp>1333596496228</timestamp>
        <buyerID>116</buyerID>
        <sellerID>12</sellerID>
        <price>161</price>
      </transaction>
      <transaction>
        <timestamp>1333596498368</timestamp>
        <buyerID>14</buyerID>
        <sellerID>113</sellerID>
        <price>163</price>
      </transaction>
      <transaction>
        <timestamp>1333596498485</timestamp>
        <buyerID>117</buyerID>
        <sellerID>91</sellerID>
        <price>162</price>
      </transaction>
      <transaction>
        <timestamp>1333596499107</timestamp>
        <buyerID>13</buyerID>
        <sellerID>92</sellerID>
        <price>163</price>
      </transaction>
      <transaction>
        <timestamp>1333596499187</timestamp>
        <buyerID>14</buyerID>
        <sellerID>12</sellerID>
        <price>168</price>
      </transaction>
      <transaction>
        <timestamp>1333596500629</timestamp>
        <buyerID>14</buyerID>
        <sellerID>114</sellerID>
        <price>184</price>
      </transaction>
      <transaction>
        <timestamp>1333596504369</timestamp>
        <buyerID>14</buyerID>
        <sellerID>114</sellerID>
        <price>184</price>
      </transaction>
      <transaction>
        <timestamp>1333596597290</timestamp>
        <buyerID>14</buyerID>
        <sellerID>111</sellerID>
        <price>183</price>
      </transaction>
      <transaction>
        <timestamp>1333596602631</timestamp>
        <buyerID>117</buyerID>
        <sellerID>11</sellerID>
        <price>182</price>
      </transaction>
    </repetition>
    <repetition>
      <id>5</id>
      <transaction>
        <timestamp>1333596615584</timestamp>
        <buyerID>14</buyerID>
        <sellerID>112</sellerID>
        <price>188</price>
      </transaction>
      <transaction>
        <timestamp>1333596615732</timestamp>
        <buyerID>94</buyerID>
        <sellerID>114</sellerID>
        <price>187</price>
      </transaction>
      <transaction>
        <timestamp>1333596616210</timestamp>
        <buyerID>117</buyerID>
        <sellerID>92</sellerID>
        <price>185</price>
      </transaction>
      <transaction>
        <timestamp>1333596616451</timestamp>
        <buyerID>93</buyerID>
        <sellerID>113</sellerID>
        <price>185</price>
      </transaction>
      <transaction>
        <timestamp>1333596616659</timestamp>
        <buyerID>117</buyerID>
        <sellerID>111</sellerID>
        <price>186</price>
      </transaction>
      <transaction>
        <timestamp>1333596616783</timestamp>
        <buyerID>14</buyerID>
        <sellerID>91</sellerID>
        <price>187</price>
      </transaction>
      <transaction>
        <timestamp>1333596617183</timestamp>
        <buyerID>118</buyerID>
        <sellerID>91</sellerID>
        <price>186</price>
      </transaction>
      <transaction>
        <timestamp>1333596617291</timestamp>
        <buyerID>93</buyerID>
        <sellerID>112</sellerID>
        <price>185</price>
      </transaction>
      <transaction>
        <timestamp>1333596617411</timestamp>
        <buyerID>115</buyerID>
        <sellerID>111</sellerID>
        <price>185</price>
      </transaction>
      <transaction>
        <timestamp>1333596617548</timestamp>
        <buyerID>94</buyerID>
        <sellerID>92</sellerID>
        <price>186</price>
      </transaction>
      <transaction>
        <timestamp>1333596617617</timestamp>
        <buyerID>116</buyerID>
        <sellerID>11</sellerID>
        <price>185</price>
      </transaction>
      <transaction>
        <timestamp>1333596618431</timestamp>
        <buyerID>93</buyerID>
        <sellerID>12</sellerID>
        <price>164</price>
      </transaction>
      <transaction>
        <timestamp>1333596618555</timestamp>
        <buyerID>13</buyerID>
        <sellerID>11</sellerID>
        <price>177</price>
      </transaction>
      <transaction>
        <timestamp>1333596618705</timestamp>
        <buyerID>116</buyerID>
        <sellerID>11</sellerID>
        <price>165</price>
      </transaction>
      <transaction>
        <timestamp>1333596619619</timestamp>
        <buyerID>93</buyerID>
        <sellerID>114</sellerID>
        <price>172</price>
      </transaction>
      <transaction>
        <timestamp>1333596619634</timestamp>
        <buyerID>94</buyerID>
        <sellerID>11</sellerID>
        <price>171</price>
      </transaction>
      <transaction>
        <timestamp>1333596619743</timestamp>
        <buyerID>116</buyerID>
        <sellerID>92</sellerID>
        <price>171</price>
      </transaction>
      <transaction>
        <timestamp>1333596619751</timestamp>
        <buyerID>13</buyerID>
        <sellerID>91</sellerID>
        <price>172</price>
      </transaction>
      <transaction>
        <timestamp>1333596619982</timestamp>
        <buyerID>14</buyerID>
        <sellerID>112</sellerID>
        <price>171</price>
      </transaction>
      <transaction>
        <timestamp>1333596620342</timestamp>
        <buyerID>118</buyerID>
        <sellerID>114</sellerID>
        <price>170</price>
      </transaction>
      <transaction>
        <timestamp>1333596620774</timestamp>
        <buyerID>116</buyerID>
        <sellerID>11</sellerID>
        <price>162</price>
      </transaction>
      <transaction>
        <timestamp>1333596620935</timestamp>
        <buyerID>94</buyerID>
        <sellerID>91</sellerID>
        <price>166</price>
      </transaction>
      <transaction>
        <timestamp>1333596621004</timestamp>
        <buyerID>115</buyerID>
        <sellerID>112</sellerID>
        <price>166</price>
      </transaction>
      <transaction>
        <timestamp>1333596621086</timestamp>
        <buyerID>118</buyerID>
        <sellerID>92</sellerID>
        <price>167</price>
      </transaction>
      <transaction>
        <timestamp>1333596621181</timestamp>
        <buyerID>117</buyerID>
        <sellerID>111</sellerID>
        <price>167</price>
      </transaction>
      <transaction>
        <timestamp>1333596621560</timestamp>
        <buyerID>117</buyerID>
        <sellerID>113</sellerID>
        <price>167</price>
      </transaction>
      <transaction>
        <timestamp>1333596621707</timestamp>
        <buyerID>116</buyerID>
        <sellerID>113</sellerID>
        <price>166</price>
      </transaction>
      <transaction>
        <timestamp>1333596622490</timestamp>
        <buyerID>14</buyerID>
        <sellerID>91</sellerID>
        <price>164</price>
      </transaction>
      <transaction>
        <timestamp>1333596622494</timestamp>
        <buyerID>94</buyerID>
        <sellerID>114</sellerID>
        <price>164</price>
      </transaction>
      <transaction>
        <timestamp>1333596622731</timestamp>
        <buyerID>13</buyerID>
        <sellerID>92</sellerID>
        <price>165</price>
      </transaction>
      <transaction>
        <timestamp>1333596622807</timestamp>
        <buyerID>94</buyerID>
        <sellerID>113</sellerID>
        <price>165</price>
      </transaction>
      <transaction>
        <timestamp>1333596623071</timestamp>
        <buyerID>14</buyerID>
        <sellerID>114</sellerID>
        <price>181</price>
      </transaction>
      <transaction>
        <timestamp>1333596624298</timestamp>
        <buyerID>117</buyerID>
        <sellerID>12</sellerID>
        <price>168</price>
      </transaction>
      <transaction>
        <timestamp>1333596625145</timestamp>
        <buyerID>14</buyerID>
        <sellerID>112</sellerID>
        <price>175</price>
      </transaction>
      <transaction>
        <timestamp>1333596625310</timestamp>
        <buyerID>117</buyerID>
        <sellerID>12</sellerID>
        <price>171</price>
      </transaction>
      <transaction>
        <timestamp>1333596625867</timestamp>
        <buyerID>94</buyerID>
        <sellerID>11</sellerID>
        <price>170</price>
      </transaction>
      <transaction>
        <timestamp>1333596626933</timestamp>
        <buyerID>118</buyerID>
        <sellerID>92</sellerID>
        <price>171</price>
      </transaction>
      <transaction>
        <timestamp>1333596626938</timestamp>
        <buyerID>14</buyerID>
        <sellerID>114</sellerID>
        <price>172</price>
      </transaction>
      <transaction>
        <timestamp>1333596629597</timestamp>
        <buyerID>14</buyerID>
        <sellerID>111</sellerID>
        <price>181</price>
      </transaction>
      <transaction>
        <timestamp>1333596630325</timestamp>
        <buyerID>117</buyerID>
        <sellerID>12</sellerID>
        <price>180</price>
      </transaction>
      <transaction>
        <timestamp>1333596632054</timestamp>
        <buyerID>94</buyerID>
        <sellerID>12</sellerID>
        <price>169</price>
      </transaction>
      <transaction>
        <timestamp>1333596635672</timestamp>
        <buyerID>13</buyerID>
        <sellerID>12</sellerID>
        <price>174</price>
      </transaction>
      <transaction>
        <timestamp>1333596642513</timestamp>
        <buyerID>14</buyerID>
        <sellerID>112</sellerID>
        <price>184</price>
      </transaction>
    </repetition>
  </transactions>
  <scores>
    <agent>
      <ID>111</ID>
      <userName>gdx1</userName>
      <strategy>GDX</strategy>
      <values>
        <value>90</value>
        <value>99</value>
        <value>111</value>
        <value>180</value>
        <value>183</value>
        <value>185</value>
        <value>219</value>
        <value>223</value>
        <value>241</value>
        <value>242</value>
      </values>
      <score>172.4</score>
    </agent>
    <agent>
      <ID>11</ID>
      <userName>zi1</userName>
      <strategy>ZI</strategy>
      <values>
        <value>78</value>
        <value>89</value>
        <value>91</value>
        <value>96</value>
        <value>112</value>
        <value>143</value>
        <value>181</value>
        <value>185</value>
        <value>188</value>
        <value>232</value>
      </values>
      <score>354.0</score>
    </agent>
    <agent>
      <ID>12</ID>
      <userName>zi2</userName>
      <strategy>ZI</strategy>
      <values>
        <value>106</value>
        <value>106</value>
        <value>126</value>
        <value>142</value>
        <value>149</value>
        <value>153</value>
        <value>184</value>
        <value>194</value>
        <value>219</value>
        <value>239</value>
      </values>
      <score>219.0</score>
    </agent>
    <agent>
      <ID>13</ID>
      <userName>zi3</userName>
      <strategy>ZI</strategy>
      <values>
        <value>244</value>
        <value>210</value>
        <value>189</value>
        <value>185</value>
        <value>182</value>
        <value>180</value>
        <value>161</value>
        <value>116</value>
        <value>116</value>
        <value>69</value>
      </values>
      <score>202.6</score>
    </agent>
    <agent>
      <ID>14</ID>
      <userName>zi4</userName>
      <strategy>ZI</strategy>
      <values>
        <value>256</value>
        <value>253</value>
        <value>248</value>
        <value>244</value>
        <value>238</value>
        <value>227</value>
        <value>218</value>
        <value>201</value>
        <value>185</value>
        <value>105</value>
      </values>
      <score>591.6</score>
    </agent>
    <agent>
      <ID>118</ID>
      <userName>gdx8</userName>
      <strategy>GDX</strategy>
      <values>
        <value>245</value>
        <value>228</value>
        <value>221</value>
        <value>178</value>
        <value>154</value>
        <value>153</value>
        <value>152</value>
        <value>121</value>
        <value>120</value>
        <value>99</value>
      </values>
      <score>209.0</score>
    </agent>
    <agent>
      <ID>117</ID>
      <userName>gdx7</userName>
      <strategy>GDX</strategy>
      <values>
        <value>251</value>
        <value>247</value>
        <value>247</value>
        <value>238</value>
        <value>223</value>
        <value>208</value>
        <value>195</value>
        <value>159</value>
        <value>102</value>
        <value>90</value>
      </values>
      <score>423.4</score>
    </agent>
    <agent>
      <ID>116</ID>
      <userName>gdx6</userName>
      <strategy>GDX</strategy>
      <values>
        <value>255</value>
        <value>238</value>
        <value>235</value>
        <value>208</value>
        <value>175</value>
        <value>156</value>
        <value>115</value>
        <value>94</value>
        <value>92</value>
        <value>80</value>
      </values>
      <score>297.4</score>
    </agent>
    <agent>
      <ID>115</ID>
      <userName>gdx5</userName>
      <strategy>GDX</strategy>
      <values>
        <value>213</value>
        <value>187</value>
        <value>158</value>
        <value>157</value>
        <value>140</value>
        <value>137</value>
        <value>135</value>
        <value>126</value>
        <value>102</value>
        <value>79</value>
      </values>
      <score>95.0</score>
    </agent>
    <agent>
      <ID>114</ID>
      <userName>gdx4</userName>
      <strategy>GDX</strategy>
      <values>
        <value>64</value>
        <value>68</value>
        <value>102</value>
        <value>156</value>
        <value>161</value>
        <value>162</value>
        <value>188</value>
        <value>216</value>
        <value>229</value>
        <value>244</value>
      </values>
      <score>284.4</score>
    </agent>
    <agent>
      <ID>113</ID>
      <userName>gdx3</userName>
      <strategy>GDX</strategy>
      <values>
        <value>67</value>
        <value>116</value>
        <value>128</value>
        <value>141</value>
        <value>189</value>
        <value>206</value>
        <value>216</value>
        <value>220</value>
        <value>229</value>
        <value>247</value>
      </values>
      <score>179.8</score>
    </agent>
    <agent>
      <ID>112</ID>
      <userName>gdx2</userName>
      <strategy>GDX</strategy>
      <values>
        <value>84</value>
        <value>117</value>
        <value>147</value>
        <value>154</value>
        <value>154</value>
        <value>181</value>
        <value>188</value>
        <value>202</value>
        <value>221</value>
        <value>223</value>
      </values>
      <score>174.0</score>
    </agent>
    <agent>
      <ID>93</ID>
      <userName>gd3</userName>
      <strategy>GD</strategy>
      <values>
        <value>233</value>
        <value>192</value>
        <value>185</value>
        <value>179</value>
        <value>145</value>
        <value>140</value>
        <value>134</value>
        <value>102</value>
        <value>99</value>
        <value>82</value>
      </values>
      <score>120.4</score>
    </agent>
    <agent>
      <ID>92</ID>
      <userName>gd2</userName>
      <strategy>GD</strategy>
      <values>
        <value>83</value>
        <value>95</value>
        <value>104</value>
        <value>123</value>
        <value>158</value>
        <value>160</value>
        <value>185</value>
        <value>202</value>
        <value>229</value>
        <value>249</value>
      </values>
      <score>234.0</score>
    </agent>
    <agent>
      <ID>94</ID>
      <userName>gd4</userName>
      <strategy>GD</strategy>
      <values>
        <value>251</value>
        <value>236</value>
        <value>226</value>
        <value>212</value>
        <value>204</value>
        <value>192</value>
        <value>175</value>
        <value>173</value>
        <value>155</value>
        <value>110</value>
      </values>
      <score>351.2</score>
    </agent>
    <agent>
      <ID>91</ID>
      <userName>gd1</userName>
      <strategy>GD</strategy>
      <values>
        <value>120</value>
        <value>139</value>
        <value>143</value>
        <value>153</value>
        <value>154</value>
        <value>200</value>
        <value>231</value>
        <value>250</value>
        <value>253</value>
        <value>260</value>
      </values>
      <score>139.2</score>
    </agent>
  </scores>
</results>

