<results>
  <transactions>
    <repetition>
      <id>1</id>
      <transaction>
        <timestamp>1333595702637</timestamp>
        <buyerID>33</buyerID>
        <sellerID>91</sellerID>
        <price>177</price>
      </transaction>
      <transaction>
        <timestamp>1333595702772</timestamp>
        <buyerID>113</buyerID>
        <sellerID>94</sellerID>
        <price>176</price>
      </transaction>
      <transaction>
        <timestamp>1333595702785</timestamp>
        <buyerID>95</buyerID>
        <sellerID>91</sellerID>
        <price>173</price>
      </transaction>
      <transaction>
        <timestamp>1333595702789</timestamp>
        <buyerID>34</buyerID>
        <sellerID>92</sellerID>
        <price>174</price>
      </transaction>
      <transaction>
        <timestamp>1333595702792</timestamp>
        <buyerID>33</buyerID>
        <sellerID>94</sellerID>
        <price>175</price>
      </transaction>
      <transaction>
        <timestamp>1333595702920</timestamp>
        <buyerID>96</buyerID>
        <sellerID>31</sellerID>
        <price>174</price>
      </transaction>
      <transaction>
        <timestamp>1333595703034</timestamp>
        <buyerID>97</buyerID>
        <sellerID>111</sellerID>
        <price>174</price>
      </transaction>
      <transaction>
        <timestamp>1333595703038</timestamp>
        <buyerID>98</buyerID>
        <sellerID>32</sellerID>
        <price>173</price>
      </transaction>
      <transaction>
        <timestamp>1333595703283</timestamp>
        <buyerID>33</buyerID>
        <sellerID>112</sellerID>
        <price>158</price>
      </transaction>
      <transaction>
        <timestamp>1333595703690</timestamp>
        <buyerID>34</buyerID>
        <sellerID>92</sellerID>
        <price>158</price>
      </transaction>
      <transaction>
        <timestamp>1333595703950</timestamp>
        <buyerID>98</buyerID>
        <sellerID>31</sellerID>
        <price>149</price>
      </transaction>
      <transaction>
        <timestamp>1333595703957</timestamp>
        <buyerID>114</buyerID>
        <sellerID>32</sellerID>
        <price>148</price>
      </transaction>
      <transaction>
        <timestamp>1333595704260</timestamp>
        <buyerID>114</buyerID>
        <sellerID>91</sellerID>
        <price>149</price>
      </transaction>
      <transaction>
        <timestamp>1333595704380</timestamp>
        <buyerID>113</buyerID>
        <sellerID>93</sellerID>
        <price>149</price>
      </transaction>
      <transaction>
        <timestamp>1333595704390</timestamp>
        <buyerID>34</buyerID>
        <sellerID>92</sellerID>
        <price>149</price>
      </transaction>
      <transaction>
        <timestamp>1333595704477</timestamp>
        <buyerID>98</buyerID>
        <sellerID>112</sellerID>
        <price>148</price>
      </transaction>
      <transaction>
        <timestamp>1333595704583</timestamp>
        <buyerID>95</buyerID>
        <sellerID>111</sellerID>
        <price>147</price>
      </transaction>
      <transaction>
        <timestamp>1333595704589</timestamp>
        <buyerID>33</buyerID>
        <sellerID>32</sellerID>
        <price>146</price>
      </transaction>
      <transaction>
        <timestamp>1333595704918</timestamp>
        <buyerID>33</buyerID>
        <sellerID>31</sellerID>
        <price>134</price>
      </transaction>
      <transaction>
        <timestamp>1333595705031</timestamp>
        <buyerID>113</buyerID>
        <sellerID>32</sellerID>
        <price>135</price>
      </transaction>
      <transaction>
        <timestamp>1333595705416</timestamp>
        <buyerID>96</buyerID>
        <sellerID>32</sellerID>
        <price>139</price>
      </transaction>
      <transaction>
        <timestamp>1333595705514</timestamp>
        <buyerID>113</buyerID>
        <sellerID>112</sellerID>
        <price>141</price>
      </transaction>
      <transaction>
        <timestamp>1333595705519</timestamp>
        <buyerID>34</buyerID>
        <sellerID>111</sellerID>
        <price>141</price>
      </transaction>
      <transaction>
        <timestamp>1333595705530</timestamp>
        <buyerID>98</buyerID>
        <sellerID>32</sellerID>
        <price>140</price>
      </transaction>
      <transaction>
        <timestamp>1333595705813</timestamp>
        <buyerID>34</buyerID>
        <sellerID>93</sellerID>
        <price>140</price>
      </transaction>
      <transaction>
        <timestamp>1333595705896</timestamp>
        <buyerID>96</buyerID>
        <sellerID>112</sellerID>
        <price>141</price>
      </transaction>
      <transaction>
        <timestamp>1333595705902</timestamp>
        <buyerID>97</buyerID>
        <sellerID>93</sellerID>
        <price>140</price>
      </transaction>
      <transaction>
        <timestamp>1333595706095</timestamp>
        <buyerID>113</buyerID>
        <sellerID>94</sellerID>
        <price>140</price>
      </transaction>
      <transaction>
        <timestamp>1333595706181</timestamp>
        <buyerID>95</buyerID>
        <sellerID>91</sellerID>
        <price>140</price>
      </transaction>
      <transaction>
        <timestamp>1333595706857</timestamp>
        <buyerID>95</buyerID>
        <sellerID>93</sellerID>
        <price>144</price>
      </transaction>
      <transaction>
        <timestamp>1333595707447</timestamp>
        <buyerID>97</buyerID>
        <sellerID>111</sellerID>
        <price>145</price>
      </transaction>
      <transaction>
        <timestamp>1333595707459</timestamp>
        <buyerID>96</buyerID>
        <sellerID>91</sellerID>
        <price>146</price>
      </transaction>
      <transaction>
        <timestamp>1333595707673</timestamp>
        <buyerID>113</buyerID>
        <sellerID>93</sellerID>
        <price>148</price>
      </transaction>
      <transaction>
        <timestamp>1333595708049</timestamp>
        <buyerID>96</buyerID>
        <sellerID>92</sellerID>
        <price>148</price>
      </transaction>
      <transaction>
        <timestamp>1333595708105</timestamp>
        <buyerID>114</buyerID>
        <sellerID>91</sellerID>
        <price>147</price>
      </transaction>
      <transaction>
        <timestamp>1333595708857</timestamp>
        <buyerID>97</buyerID>
        <sellerID>93</sellerID>
        <price>146</price>
      </transaction>
      <transaction>
        <timestamp>1333595709021</timestamp>
        <buyerID>95</buyerID>
        <sellerID>112</sellerID>
        <price>147</price>
      </transaction>
      <transaction>
        <timestamp>1333595709115</timestamp>
        <buyerID>98</buyerID>
        <sellerID>111</sellerID>
        <price>147</price>
      </transaction>
      <transaction>
        <timestamp>1333595709697</timestamp>
        <buyerID>113</buyerID>
        <sellerID>91</sellerID>
        <price>147</price>
      </transaction>
      <transaction>
        <timestamp>1333595711047</timestamp>
        <buyerID>95</buyerID>
        <sellerID>91</sellerID>
        <price>152</price>
      </transaction>
      <transaction>
        <timestamp>1333595711181</timestamp>
        <buyerID>114</buyerID>
        <sellerID>112</sellerID>
        <price>152</price>
      </transaction>
      <transaction>
        <timestamp>1333595712832</timestamp>
        <buyerID>98</buyerID>
        <sellerID>94</sellerID>
        <price>156</price>
      </transaction>
      <transaction>
        <timestamp>1333595714947</timestamp>
        <buyerID>95</buyerID>
        <sellerID>31</sellerID>
        <price>160</price>
      </transaction>
      <transaction>
        <timestamp>1333595714987</timestamp>
        <buyerID>97</buyerID>
        <sellerID>111</sellerID>
        <price>160</price>
      </transaction>
      <transaction>
        <timestamp>1333595720148</timestamp>
        <buyerID>97</buyerID>
        <sellerID>91</sellerID>
        <price>165</price>
      </transaction>
      <transaction>
        <timestamp>1333595723897</timestamp>
        <buyerID>97</buyerID>
        <sellerID>94</sellerID>
        <price>165</price>
      </transaction>
      <transaction>
        <timestamp>1333595728357</timestamp>
        <buyerID>95</buyerID>
        <sellerID>112</sellerID>
        <price>170</price>
      </transaction>
      <transaction>
        <timestamp>1333595822040</timestamp>
        <buyerID>113</buyerID>
        <sellerID>111</sellerID>
        <price>170</price>
      </transaction>
    </repetition>
    <repetition>
      <id>2</id>
      <transaction>
        <timestamp>1333595828982</timestamp>
        <buyerID>96</buyerID>
        <sellerID>31</sellerID>
        <price>124</price>
      </transaction>
      <transaction>
        <timestamp>1333595828999</timestamp>
        <buyerID>97</buyerID>
        <sellerID>32</sellerID>
        <price>77</price>
      </transaction>
      <transaction>
        <timestamp>1333595829269</timestamp>
        <buyerID>113</buyerID>
        <sellerID>93</sellerID>
        <price>135</price>
      </transaction>
      <transaction>
        <timestamp>1333595829282</timestamp>
        <buyerID>34</buyerID>
        <sellerID>91</sellerID>
        <price>135</price>
      </transaction>
      <transaction>
        <timestamp>1333595829417</timestamp>
        <buyerID>33</buyerID>
        <sellerID>112</sellerID>
        <price>175</price>
      </transaction>
      <transaction>
        <timestamp>1333595829568</timestamp>
        <buyerID>98</buyerID>
        <sellerID>31</sellerID>
        <price>136</price>
      </transaction>
      <transaction>
        <timestamp>1333595829907</timestamp>
        <buyerID>33</buyerID>
        <sellerID>32</sellerID>
        <price>157</price>
      </transaction>
      <transaction>
        <timestamp>1333595831091</timestamp>
        <buyerID>113</buyerID>
        <sellerID>94</sellerID>
        <price>152</price>
      </transaction>
      <transaction>
        <timestamp>1333595831112</timestamp>
        <buyerID>97</buyerID>
        <sellerID>91</sellerID>
        <price>152</price>
      </transaction>
      <transaction>
        <timestamp>1333595831307</timestamp>
        <buyerID>34</buyerID>
        <sellerID>112</sellerID>
        <price>151</price>
      </transaction>
      <transaction>
        <timestamp>1333595831322</timestamp>
        <buyerID>98</buyerID>
        <sellerID>92</sellerID>
        <price>141</price>
      </transaction>
      <transaction>
        <timestamp>1333595831449</timestamp>
        <buyerID>114</buyerID>
        <sellerID>31</sellerID>
        <price>142</price>
      </transaction>
      <transaction>
        <timestamp>1333595831453</timestamp>
        <buyerID>34</buyerID>
        <sellerID>111</sellerID>
        <price>152</price>
      </transaction>
      <transaction>
        <timestamp>1333595831475</timestamp>
        <buyerID>33</buyerID>
        <sellerID>93</sellerID>
        <price>152</price>
      </transaction>
      <transaction>
        <timestamp>1333595831502</timestamp>
        <buyerID>34</buyerID>
        <sellerID>93</sellerID>
        <price>152</price>
      </transaction>
      <transaction>
        <timestamp>1333595831753</timestamp>
        <buyerID>97</buyerID>
        <sellerID>32</sellerID>
        <price>147</price>
      </transaction>
      <transaction>
        <timestamp>1333595832081</timestamp>
        <buyerID>97</buyerID>
        <sellerID>32</sellerID>
        <price>150</price>
      </transaction>
      <transaction>
        <timestamp>1333595832405</timestamp>
        <buyerID>98</buyerID>
        <sellerID>112</sellerID>
        <price>150</price>
      </transaction>
      <transaction>
        <timestamp>1333595832513</timestamp>
        <buyerID>95</buyerID>
        <sellerID>92</sellerID>
        <price>151</price>
      </transaction>
      <transaction>
        <timestamp>1333595832524</timestamp>
        <buyerID>34</buyerID>
        <sellerID>111</sellerID>
        <price>152</price>
      </transaction>
      <transaction>
        <timestamp>1333595832532</timestamp>
        <buyerID>33</buyerID>
        <sellerID>94</sellerID>
        <price>154</price>
      </transaction>
      <transaction>
        <timestamp>1333595832547</timestamp>
        <buyerID>33</buyerID>
        <sellerID>91</sellerID>
        <price>155</price>
      </transaction>
      <transaction>
        <timestamp>1333595832702</timestamp>
        <buyerID>95</buyerID>
        <sellerID>32</sellerID>
        <price>153</price>
      </transaction>
      <transaction>
        <timestamp>1333595832903</timestamp>
        <buyerID>98</buyerID>
        <sellerID>94</sellerID>
        <price>154</price>
      </transaction>
      <transaction>
        <timestamp>1333595832972</timestamp>
        <buyerID>96</buyerID>
        <sellerID>112</sellerID>
        <price>154</price>
      </transaction>
      <transaction>
        <timestamp>1333595832993</timestamp>
        <buyerID>97</buyerID>
        <sellerID>93</sellerID>
        <price>154</price>
      </transaction>
      <transaction>
        <timestamp>1333595833008</timestamp>
        <buyerID>113</buyerID>
        <sellerID>91</sellerID>
        <price>153</price>
      </transaction>
      <transaction>
        <timestamp>1333595833297</timestamp>
        <buyerID>97</buyerID>
        <sellerID>32</sellerID>
        <price>153</price>
      </transaction>
      <transaction>
        <timestamp>1333595833303</timestamp>
        <buyerID>114</buyerID>
        <sellerID>93</sellerID>
        <price>152</price>
      </transaction>
      <transaction>
        <timestamp>1333595833402</timestamp>
        <buyerID>98</buyerID>
        <sellerID>91</sellerID>
        <price>146</price>
      </transaction>
      <transaction>
        <timestamp>1333595833417</timestamp>
        <buyerID>96</buyerID>
        <sellerID>92</sellerID>
        <price>146</price>
      </transaction>
      <transaction>
        <timestamp>1333595833587</timestamp>
        <buyerID>114</buyerID>
        <sellerID>111</sellerID>
        <price>147</price>
      </transaction>
      <transaction>
        <timestamp>1333595834204</timestamp>
        <buyerID>96</buyerID>
        <sellerID>93</sellerID>
        <price>149</price>
      </transaction>
      <transaction>
        <timestamp>1333595834359</timestamp>
        <buyerID>114</buyerID>
        <sellerID>92</sellerID>
        <price>148</price>
      </transaction>
      <transaction>
        <timestamp>1333595835097</timestamp>
        <buyerID>114</buyerID>
        <sellerID>112</sellerID>
        <price>148</price>
      </transaction>
      <transaction>
        <timestamp>1333595835129</timestamp>
        <buyerID>98</buyerID>
        <sellerID>91</sellerID>
        <price>148</price>
      </transaction>
      <transaction>
        <timestamp>1333595836521</timestamp>
        <buyerID>95</buyerID>
        <sellerID>111</sellerID>
        <price>152</price>
      </transaction>
      <transaction>
        <timestamp>1333595837305</timestamp>
        <buyerID>113</buyerID>
        <sellerID>91</sellerID>
        <price>152</price>
      </transaction>
      <transaction>
        <timestamp>1333595837311</timestamp>
        <buyerID>97</buyerID>
        <sellerID>112</sellerID>
        <price>152</price>
      </transaction>
      <transaction>
        <timestamp>1333595838555</timestamp>
        <buyerID>97</buyerID>
        <sellerID>91</sellerID>
        <price>153</price>
      </transaction>
      <transaction>
        <timestamp>1333595838708</timestamp>
        <buyerID>113</buyerID>
        <sellerID>111</sellerID>
        <price>154</price>
      </transaction>
      <transaction>
        <timestamp>1333595840126</timestamp>
        <buyerID>96</buyerID>
        <sellerID>94</sellerID>
        <price>155</price>
      </transaction>
      <transaction>
        <timestamp>1333595842475</timestamp>
        <buyerID>95</buyerID>
        <sellerID>31</sellerID>
        <price>160</price>
      </transaction>
      <transaction>
        <timestamp>1333595843922</timestamp>
        <buyerID>113</buyerID>
        <sellerID>111</sellerID>
        <price>163</price>
      </transaction>
      <transaction>
        <timestamp>1333595844578</timestamp>
        <buyerID>113</buyerID>
        <sellerID>91</sellerID>
        <price>163</price>
      </transaction>
      <transaction>
        <timestamp>1333595854397</timestamp>
        <buyerID>95</buyerID>
        <sellerID>94</sellerID>
        <price>165</price>
      </transaction>
      <transaction>
        <timestamp>1333595864977</timestamp>
        <buyerID>95</buyerID>
        <sellerID>111</sellerID>
        <price>170</price>
      </transaction>
      <transaction>
        <timestamp>1333595865721</timestamp>
        <buyerID>95</buyerID>
        <sellerID>112</sellerID>
        <price>170</price>
      </transaction>
      <transaction>
        <timestamp>1333595876179</timestamp>
        <buyerID>95</buyerID>
        <sellerID>92</sellerID>
        <price>174</price>
      </transaction>
    </repetition>
    <repetition>
      <id>3</id>
      <transaction>
        <timestamp>1333595956477</timestamp>
        <buyerID>95</buyerID>
        <sellerID>94</sellerID>
        <price>176</price>
      </transaction>
      <transaction>
        <timestamp>1333595956488</timestamp>
        <buyerID>98</buyerID>
        <sellerID>91</sellerID>
        <price>175</price>
      </transaction>
      <transaction>
        <timestamp>1333595956633</timestamp>
        <buyerID>113</buyerID>
        <sellerID>32</sellerID>
        <price>166</price>
      </transaction>
      <transaction>
        <timestamp>1333595956992</timestamp>
        <buyerID>33</buyerID>
        <sellerID>111</sellerID>
        <price>174</price>
      </transaction>
      <transaction>
        <timestamp>1333595957019</timestamp>
        <buyerID>34</buyerID>
        <sellerID>92</sellerID>
        <price>174</price>
      </transaction>
      <transaction>
        <timestamp>1333595957034</timestamp>
        <buyerID>96</buyerID>
        <sellerID>31</sellerID>
        <price>168</price>
      </transaction>
      <transaction>
        <timestamp>1333595957061</timestamp>
        <buyerID>33</buyerID>
        <sellerID>93</sellerID>
        <price>174</price>
      </transaction>
      <transaction>
        <timestamp>1333595957448</timestamp>
        <buyerID>95</buyerID>
        <sellerID>93</sellerID>
        <price>170</price>
      </transaction>
      <transaction>
        <timestamp>1333595957454</timestamp>
        <buyerID>97</buyerID>
        <sellerID>31</sellerID>
        <price>169</price>
      </transaction>
      <transaction>
        <timestamp>1333595957470</timestamp>
        <buyerID>34</buyerID>
        <sellerID>94</sellerID>
        <price>170</price>
      </transaction>
      <transaction>
        <timestamp>1333595957606</timestamp>
        <buyerID>114</buyerID>
        <sellerID>32</sellerID>
        <price>169</price>
      </transaction>
      <transaction>
        <timestamp>1333595957797</timestamp>
        <buyerID>113</buyerID>
        <sellerID>93</sellerID>
        <price>170</price>
      </transaction>
      <transaction>
        <timestamp>1333595957917</timestamp>
        <buyerID>96</buyerID>
        <sellerID>91</sellerID>
        <price>171</price>
      </transaction>
      <transaction>
        <timestamp>1333595957923</timestamp>
        <buyerID>114</buyerID>
        <sellerID>32</sellerID>
        <price>170</price>
      </transaction>
      <transaction>
        <timestamp>1333595957934</timestamp>
        <buyerID>33</buyerID>
        <sellerID>94</sellerID>
        <price>171</price>
      </transaction>
      <transaction>
        <timestamp>1333595957952</timestamp>
        <buyerID>95</buyerID>
        <sellerID>31</sellerID>
        <price>170</price>
      </transaction>
      <transaction>
        <timestamp>1333595958070</timestamp>
        <buyerID>34</buyerID>
        <sellerID>112</sellerID>
        <price>172</price>
      </transaction>
      <transaction>
        <timestamp>1333595958559</timestamp>
        <buyerID>98</buyerID>
        <sellerID>31</sellerID>
        <price>172</price>
      </transaction>
      <transaction>
        <timestamp>1333595958672</timestamp>
        <buyerID>34</buyerID>
        <sellerID>92</sellerID>
        <price>173</price>
      </transaction>
      <transaction>
        <timestamp>1333595958916</timestamp>
        <buyerID>113</buyerID>
        <sellerID>94</sellerID>
        <price>173</price>
      </transaction>
      <transaction>
        <timestamp>1333595958926</timestamp>
        <buyerID>96</buyerID>
        <sellerID>32</sellerID>
        <price>172</price>
      </transaction>
      <transaction>
        <timestamp>1333595959120</timestamp>
        <buyerID>97</buyerID>
        <sellerID>112</sellerID>
        <price>171</price>
      </transaction>
      <transaction>
        <timestamp>1333595959143</timestamp>
        <buyerID>98</buyerID>
        <sellerID>111</sellerID>
        <price>172</price>
      </transaction>
      <transaction>
        <timestamp>1333595959295</timestamp>
        <buyerID>97</buyerID>
        <sellerID>32</sellerID>
        <price>172</price>
      </transaction>
      <transaction>
        <timestamp>1333595959378</timestamp>
        <buyerID>113</buyerID>
        <sellerID>91</sellerID>
        <price>172</price>
      </transaction>
      <transaction>
        <timestamp>1333595959403</timestamp>
        <buyerID>98</buyerID>
        <sellerID>93</sellerID>
        <price>173</price>
      </transaction>
      <transaction>
        <timestamp>1333595959489</timestamp>
        <buyerID>95</buyerID>
        <sellerID>111</sellerID>
        <price>173</price>
      </transaction>
      <transaction>
        <timestamp>1333595959571</timestamp>
        <buyerID>96</buyerID>
        <sellerID>94</sellerID>
        <price>172</price>
      </transaction>
      <transaction>
        <timestamp>1333595959588</timestamp>
        <buyerID>114</buyerID>
        <sellerID>93</sellerID>
        <price>171</price>
      </transaction>
      <transaction>
        <timestamp>1333595960121</timestamp>
        <buyerID>95</buyerID>
        <sellerID>112</sellerID>
        <price>171</price>
      </transaction>
      <transaction>
        <timestamp>1333595960200</timestamp>
        <buyerID>114</buyerID>
        <sellerID>32</sellerID>
        <price>170</price>
      </transaction>
      <transaction>
        <timestamp>1333595960363</timestamp>
        <buyerID>113</buyerID>
        <sellerID>92</sellerID>
        <price>170</price>
      </transaction>
      <transaction>
        <timestamp>1333595960373</timestamp>
        <buyerID>96</buyerID>
        <sellerID>111</sellerID>
        <price>170</price>
      </transaction>
      <transaction>
        <timestamp>1333595960855</timestamp>
        <buyerID>113</buyerID>
        <sellerID>93</sellerID>
        <price>170</price>
      </transaction>
      <transaction>
        <timestamp>1333595960979</timestamp>
        <buyerID>97</buyerID>
        <sellerID>91</sellerID>
        <price>171</price>
      </transaction>
      <transaction>
        <timestamp>1333595961125</timestamp>
        <buyerID>95</buyerID>
        <sellerID>92</sellerID>
        <price>172</price>
      </transaction>
      <transaction>
        <timestamp>1333595961192</timestamp>
        <buyerID>98</buyerID>
        <sellerID>91</sellerID>
        <price>171</price>
      </transaction>
      <transaction>
        <timestamp>1333595961657</timestamp>
        <buyerID>97</buyerID>
        <sellerID>111</sellerID>
        <price>171</price>
      </transaction>
      <transaction>
        <timestamp>1333595961808</timestamp>
        <buyerID>95</buyerID>
        <sellerID>112</sellerID>
        <price>171</price>
      </transaction>
      <transaction>
        <timestamp>1333595961815</timestamp>
        <buyerID>114</buyerID>
        <sellerID>91</sellerID>
        <price>171</price>
      </transaction>
      <transaction>
        <timestamp>1333595962478</timestamp>
        <buyerID>97</buyerID>
        <sellerID>111</sellerID>
        <price>171</price>
      </transaction>
      <transaction>
        <timestamp>1333595962575</timestamp>
        <buyerID>98</buyerID>
        <sellerID>112</sellerID>
        <price>171</price>
      </transaction>
      <transaction>
        <timestamp>1333595963213</timestamp>
        <buyerID>95</buyerID>
        <sellerID>91</sellerID>
        <price>171</price>
      </transaction>
      <transaction>
        <timestamp>1333595963248</timestamp>
        <buyerID>97</buyerID>
        <sellerID>112</sellerID>
        <price>171</price>
      </transaction>
      <transaction>
        <timestamp>1333595963274</timestamp>
        <buyerID>113</buyerID>
        <sellerID>111</sellerID>
        <price>171</price>
      </transaction>
      <transaction>
        <timestamp>1333595963950</timestamp>
        <buyerID>95</buyerID>
        <sellerID>91</sellerID>
        <price>170</price>
      </transaction>
      <transaction>
        <timestamp>1333595964729</timestamp>
        <buyerID>113</buyerID>
        <sellerID>91</sellerID>
        <price>170</price>
      </transaction>
    </repetition>
    <repetition>
      <id>4</id>
      <transaction>
        <timestamp>1333596083982</timestamp>
        <buyerID>97</buyerID>
        <sellerID>92</sellerID>
        <price>165</price>
      </transaction>
      <transaction>
        <timestamp>1333596084201</timestamp>
        <buyerID>96</buyerID>
        <sellerID>112</sellerID>
        <price>165</price>
      </transaction>
      <transaction>
        <timestamp>1333596084221</timestamp>
        <buyerID>33</buyerID>
        <sellerID>94</sellerID>
        <price>165</price>
      </transaction>
      <transaction>
        <timestamp>1333596084242</timestamp>
        <buyerID>34</buyerID>
        <sellerID>93</sellerID>
        <price>165</price>
      </transaction>
      <transaction>
        <timestamp>1333596084251</timestamp>
        <buyerID>98</buyerID>
        <sellerID>111</sellerID>
        <price>166</price>
      </transaction>
      <transaction>
        <timestamp>1333596084526</timestamp>
        <buyerID>95</buyerID>
        <sellerID>32</sellerID>
        <price>168</price>
      </transaction>
      <transaction>
        <timestamp>1333596084538</timestamp>
        <buyerID>113</buyerID>
        <sellerID>31</sellerID>
        <price>167</price>
      </transaction>
      <transaction>
        <timestamp>1333596084674</timestamp>
        <buyerID>33</buyerID>
        <sellerID>92</sellerID>
        <price>173</price>
      </transaction>
      <transaction>
        <timestamp>1333596084923</timestamp>
        <buyerID>34</buyerID>
        <sellerID>111</sellerID>
        <price>173</price>
      </transaction>
      <transaction>
        <timestamp>1333596084937</timestamp>
        <buyerID>98</buyerID>
        <sellerID>32</sellerID>
        <price>169</price>
      </transaction>
      <transaction>
        <timestamp>1333596084957</timestamp>
        <buyerID>96</buyerID>
        <sellerID>31</sellerID>
        <price>168</price>
      </transaction>
      <transaction>
        <timestamp>1333596085420</timestamp>
        <buyerID>114</buyerID>
        <sellerID>93</sellerID>
        <price>171</price>
      </transaction>
      <transaction>
        <timestamp>1333596085509</timestamp>
        <buyerID>98</buyerID>
        <sellerID>112</sellerID>
        <price>171</price>
      </transaction>
      <transaction>
        <timestamp>1333596085591</timestamp>
        <buyerID>95</buyerID>
        <sellerID>111</sellerID>
        <price>171</price>
      </transaction>
      <transaction>
        <timestamp>1333596085716</timestamp>
        <buyerID>113</buyerID>
        <sellerID>94</sellerID>
        <price>172</price>
      </transaction>
      <transaction>
        <timestamp>1333596085722</timestamp>
        <buyerID>34</buyerID>
        <sellerID>91</sellerID>
        <price>173</price>
      </transaction>
      <transaction>
        <timestamp>1333596085759</timestamp>
        <buyerID>33</buyerID>
        <sellerID>31</sellerID>
        <price>178</price>
      </transaction>
      <transaction>
        <timestamp>1333596086079</timestamp>
        <buyerID>97</buyerID>
        <sellerID>91</sellerID>
        <price>173</price>
      </transaction>
      <transaction>
        <timestamp>1333596086191</timestamp>
        <buyerID>113</buyerID>
        <sellerID>92</sellerID>
        <price>173</price>
      </transaction>
      <transaction>
        <timestamp>1333596086204</timestamp>
        <buyerID>96</buyerID>
        <sellerID>31</sellerID>
        <price>172</price>
      </transaction>
      <transaction>
        <timestamp>1333596086337</timestamp>
        <buyerID>95</buyerID>
        <sellerID>32</sellerID>
        <price>172</price>
      </transaction>
      <transaction>
        <timestamp>1333596086518</timestamp>
        <buyerID>114</buyerID>
        <sellerID>112</sellerID>
        <price>172</price>
      </transaction>
      <transaction>
        <timestamp>1333596086957</timestamp>
        <buyerID>113</buyerID>
        <sellerID>93</sellerID>
        <price>171</price>
      </transaction>
      <transaction>
        <timestamp>1333596087024</timestamp>
        <buyerID>95</buyerID>
        <sellerID>111</sellerID>
        <price>171</price>
      </transaction>
      <transaction>
        <timestamp>1333596087043</timestamp>
        <buyerID>96</buyerID>
        <sellerID>91</sellerID>
        <price>171</price>
      </transaction>
      <transaction>
        <timestamp>1333596087058</timestamp>
        <buyerID>97</buyerID>
        <sellerID>94</sellerID>
        <price>171</price>
      </transaction>
      <transaction>
        <timestamp>1333596087140</timestamp>
        <buyerID>114</buyerID>
        <sellerID>32</sellerID>
        <price>170</price>
      </transaction>
      <transaction>
        <timestamp>1333596087146</timestamp>
        <buyerID>34</buyerID>
        <sellerID>92</sellerID>
        <price>171</price>
      </transaction>
      <transaction>
        <timestamp>1333596087664</timestamp>
        <buyerID>98</buyerID>
        <sellerID>32</sellerID>
        <price>169</price>
      </transaction>
      <transaction>
        <timestamp>1333596087867</timestamp>
        <buyerID>96</buyerID>
        <sellerID>93</sellerID>
        <price>169</price>
      </transaction>
      <transaction>
        <timestamp>1333596088418</timestamp>
        <buyerID>114</buyerID>
        <sellerID>93</sellerID>
        <price>168</price>
      </transaction>
      <transaction>
        <timestamp>1333596088492</timestamp>
        <buyerID>97</buyerID>
        <sellerID>112</sellerID>
        <price>168</price>
      </transaction>
      <transaction>
        <timestamp>1333596088501</timestamp>
        <buyerID>98</buyerID>
        <sellerID>32</sellerID>
        <price>167</price>
      </transaction>
      <transaction>
        <timestamp>1333596088655</timestamp>
        <buyerID>95</buyerID>
        <sellerID>94</sellerID>
        <price>168</price>
      </transaction>
      <transaction>
        <timestamp>1333596089247</timestamp>
        <buyerID>97</buyerID>
        <sellerID>111</sellerID>
        <price>169</price>
      </transaction>
      <transaction>
        <timestamp>1333596089313</timestamp>
        <buyerID>113</buyerID>
        <sellerID>112</sellerID>
        <price>168</price>
      </transaction>
      <transaction>
        <timestamp>1333596089326</timestamp>
        <buyerID>95</buyerID>
        <sellerID>94</sellerID>
        <price>168</price>
      </transaction>
      <transaction>
        <timestamp>1333596089903</timestamp>
        <buyerID>98</buyerID>
        <sellerID>93</sellerID>
        <price>168</price>
      </transaction>
      <transaction>
        <timestamp>1333596089940</timestamp>
        <buyerID>113</buyerID>
        <sellerID>112</sellerID>
        <price>168</price>
      </transaction>
      <transaction>
        <timestamp>1333596090061</timestamp>
        <buyerID>114</buyerID>
        <sellerID>111</sellerID>
        <price>168</price>
      </transaction>
      <transaction>
        <timestamp>1333596090548</timestamp>
        <buyerID>95</buyerID>
        <sellerID>91</sellerID>
        <price>168</price>
      </transaction>
      <transaction>
        <timestamp>1333596090606</timestamp>
        <buyerID>113</buyerID>
        <sellerID>91</sellerID>
        <price>168</price>
      </transaction>
      <transaction>
        <timestamp>1333596091453</timestamp>
        <buyerID>95</buyerID>
        <sellerID>112</sellerID>
        <price>170</price>
      </transaction>
      <transaction>
        <timestamp>1333596092128</timestamp>
        <buyerID>97</buyerID>
        <sellerID>91</sellerID>
        <price>170</price>
      </transaction>
      <transaction>
        <timestamp>1333596092821</timestamp>
        <buyerID>97</buyerID>
        <sellerID>111</sellerID>
        <price>170</price>
      </transaction>
      <transaction>
        <timestamp>1333596093632</timestamp>
        <buyerID>95</buyerID>
        <sellerID>91</sellerID>
        <price>169</price>
      </transaction>
      <transaction>
        <timestamp>1333596094454</timestamp>
        <buyerID>113</buyerID>
        <sellerID>91</sellerID>
        <price>169</price>
      </transaction>
      <transaction>
        <timestamp>1333596095160</timestamp>
        <buyerID>97</buyerID>
        <sellerID>91</sellerID>
        <price>168</price>
      </transaction>
    </repetition>
    <repetition>
      <id>5</id>
      <transaction>
        <timestamp>1333596211513</timestamp>
        <buyerID>33</buyerID>
        <sellerID>91</sellerID>
        <price>164</price>
      </transaction>
      <transaction>
        <timestamp>1333596211529</timestamp>
        <buyerID>95</buyerID>
        <sellerID>94</sellerID>
        <price>164</price>
      </transaction>
      <transaction>
        <timestamp>1333596211751</timestamp>
        <buyerID>34</buyerID>
        <sellerID>92</sellerID>
        <price>164</price>
      </transaction>
      <transaction>
        <timestamp>1333596211767</timestamp>
        <buyerID>96</buyerID>
        <sellerID>31</sellerID>
        <price>165</price>
      </transaction>
      <transaction>
        <timestamp>1333596212794</timestamp>
        <buyerID>114</buyerID>
        <sellerID>112</sellerID>
        <price>171</price>
      </transaction>
      <transaction>
        <timestamp>1333596212808</timestamp>
        <buyerID>97</buyerID>
        <sellerID>92</sellerID>
        <price>171</price>
      </transaction>
      <transaction>
        <timestamp>1333596212814</timestamp>
        <buyerID>98</buyerID>
        <sellerID>32</sellerID>
        <price>170</price>
      </transaction>
      <transaction>
        <timestamp>1333596212937</timestamp>
        <buyerID>34</buyerID>
        <sellerID>111</sellerID>
        <price>171</price>
      </transaction>
      <transaction>
        <timestamp>1333596212954</timestamp>
        <buyerID>113</buyerID>
        <sellerID>31</sellerID>
        <price>167</price>
      </transaction>
      <transaction>
        <timestamp>1333596212964</timestamp>
        <buyerID>33</buyerID>
        <sellerID>94</sellerID>
        <price>171</price>
      </transaction>
      <transaction>
        <timestamp>1333596213101</timestamp>
        <buyerID>113</buyerID>
        <sellerID>93</sellerID>
        <price>170</price>
      </transaction>
      <transaction>
        <timestamp>1333596213212</timestamp>
        <buyerID>113</buyerID>
        <sellerID>93</sellerID>
        <price>170</price>
      </transaction>
      <transaction>
        <timestamp>1333596213224</timestamp>
        <buyerID>95</buyerID>
        <sellerID>91</sellerID>
        <price>170</price>
      </transaction>
      <transaction>
        <timestamp>1333596213353</timestamp>
        <buyerID>33</buyerID>
        <sellerID>94</sellerID>
        <price>178</price>
      </transaction>
      <transaction>
        <timestamp>1333596213359</timestamp>
        <buyerID>34</buyerID>
        <sellerID>31</sellerID>
        <price>206</price>
      </transaction>
      <transaction>
        <timestamp>1333596213368</timestamp>
        <buyerID>114</buyerID>
        <sellerID>32</sellerID>
        <price>170</price>
      </transaction>
      <transaction>
        <timestamp>1333596213805</timestamp>
        <buyerID>95</buyerID>
        <sellerID>31</sellerID>
        <price>173</price>
      </transaction>
      <transaction>
        <timestamp>1333596213820</timestamp>
        <buyerID>97</buyerID>
        <sellerID>93</sellerID>
        <price>172</price>
      </transaction>
      <transaction>
        <timestamp>1333596213988</timestamp>
        <buyerID>114</buyerID>
        <sellerID>92</sellerID>
        <price>173</price>
      </transaction>
      <transaction>
        <timestamp>1333596213995</timestamp>
        <buyerID>113</buyerID>
        <sellerID>32</sellerID>
        <price>172</price>
      </transaction>
      <transaction>
        <timestamp>1333596214010</timestamp>
        <buyerID>34</buyerID>
        <sellerID>91</sellerID>
        <price>173</price>
      </transaction>
      <transaction>
        <timestamp>1333596214130</timestamp>
        <buyerID>98</buyerID>
        <sellerID>111</sellerID>
        <price>173</price>
      </transaction>
      <transaction>
        <timestamp>1333596214161</timestamp>
        <buyerID>98</buyerID>
        <sellerID>112</sellerID>
        <price>174</price>
      </transaction>
      <transaction>
        <timestamp>1333596214290</timestamp>
        <buyerID>98</buyerID>
        <sellerID>94</sellerID>
        <price>175</price>
      </transaction>
      <transaction>
        <timestamp>1333596214501</timestamp>
        <buyerID>113</buyerID>
        <sellerID>93</sellerID>
        <price>175</price>
      </transaction>
      <transaction>
        <timestamp>1333596214592</timestamp>
        <buyerID>96</buyerID>
        <sellerID>91</sellerID>
        <price>176</price>
      </transaction>
      <transaction>
        <timestamp>1333596214684</timestamp>
        <buyerID>97</buyerID>
        <sellerID>111</sellerID>
        <price>175</price>
      </transaction>
      <transaction>
        <timestamp>1333596214690</timestamp>
        <buyerID>114</buyerID>
        <sellerID>32</sellerID>
        <price>174</price>
      </transaction>
      <transaction>
        <timestamp>1333596215069</timestamp>
        <buyerID>95</buyerID>
        <sellerID>93</sellerID>
        <price>174</price>
      </transaction>
      <transaction>
        <timestamp>1333596215228</timestamp>
        <buyerID>98</buyerID>
        <sellerID>32</sellerID>
        <price>174</price>
      </transaction>
      <transaction>
        <timestamp>1333596215839</timestamp>
        <buyerID>113</buyerID>
        <sellerID>91</sellerID>
        <price>169</price>
      </transaction>
      <transaction>
        <timestamp>1333596215903</timestamp>
        <buyerID>96</buyerID>
        <sellerID>93</sellerID>
        <price>170</price>
      </transaction>
      <transaction>
        <timestamp>1333596215986</timestamp>
        <buyerID>95</buyerID>
        <sellerID>32</sellerID>
        <price>169</price>
      </transaction>
      <transaction>
        <timestamp>1333596216061</timestamp>
        <buyerID>98</buyerID>
        <sellerID>112</sellerID>
        <price>169</price>
      </transaction>
      <transaction>
        <timestamp>1333596216113</timestamp>
        <buyerID>114</buyerID>
        <sellerID>111</sellerID>
        <price>169</price>
      </transaction>
      <transaction>
        <timestamp>1333596216176</timestamp>
        <buyerID>97</buyerID>
        <sellerID>92</sellerID>
        <price>169</price>
      </transaction>
      <transaction>
        <timestamp>1333596216540</timestamp>
        <buyerID>113</buyerID>
        <sellerID>94</sellerID>
        <price>168</price>
      </transaction>
      <transaction>
        <timestamp>1333596216684</timestamp>
        <buyerID>97</buyerID>
        <sellerID>111</sellerID>
        <price>169</price>
      </transaction>
      <transaction>
        <timestamp>1333596216767</timestamp>
        <buyerID>96</buyerID>
        <sellerID>91</sellerID>
        <price>168</price>
      </transaction>
      <transaction>
        <timestamp>1333596217299</timestamp>
        <buyerID>95</buyerID>
        <sellerID>112</sellerID>
        <price>169</price>
      </transaction>
      <transaction>
        <timestamp>1333596217545</timestamp>
        <buyerID>97</buyerID>
        <sellerID>112</sellerID>
        <price>169</price>
      </transaction>
      <transaction>
        <timestamp>1333596218130</timestamp>
        <buyerID>97</buyerID>
        <sellerID>91</sellerID>
        <price>169</price>
      </transaction>
      <transaction>
        <timestamp>1333596218216</timestamp>
        <buyerID>96</buyerID>
        <sellerID>91</sellerID>
        <price>169</price>
      </transaction>
      <transaction>
        <timestamp>1333596218979</timestamp>
        <buyerID>95</buyerID>
        <sellerID>91</sellerID>
        <price>169</price>
      </transaction>
      <transaction>
        <timestamp>1333596219546</timestamp>
        <buyerID>97</buyerID>
        <sellerID>112</sellerID>
        <price>169</price>
      </transaction>
      <transaction>
        <timestamp>1333596219677</timestamp>
        <buyerID>113</buyerID>
        <sellerID>111</sellerID>
        <price>169</price>
      </transaction>
      <transaction>
        <timestamp>1333596220309</timestamp>
        <buyerID>95</buyerID>
        <sellerID>111</sellerID>
        <price>171</price>
      </transaction>
    </repetition>
  </transactions>
  <scores>
    <agent>
      <ID>34</ID>
      <userName>zibtq4</userName>
      <strategy>ZIBTQ</strategy>
      <values>
        <value>254</value>
        <value>240</value>
        <value>218</value>
        <value>184</value>
        <value>162</value>
        <value>121</value>
        <value>107</value>
        <value>96</value>
        <value>91</value>
        <value>86</value>
      </values>
      <score>243.0</score>
    </agent>
    <agent>
      <ID>32</ID>
      <userName>zibtq2</userName>
      <strategy>ZIBTQ</strategy>
      <values>
        <value>64</value>
        <value>70</value>
        <value>99</value>
        <value>102</value>
        <value>110</value>
        <value>137</value>
        <value>187</value>
        <value>189</value>
        <value>208</value>
        <value>234</value>
      </values>
      <score>374.2</score>
    </agent>
    <agent>
      <ID>33</ID>
      <userName>zibtq3</userName>
      <strategy>ZIBTQ</strategy>
      <values>
        <value>220</value>
        <value>219</value>
        <value>195</value>
        <value>164</value>
        <value>156</value>
        <value>139</value>
        <value>137</value>
        <value>133</value>
        <value>125</value>
        <value>114</value>
      </values>
      <score>135.8</score>
    </agent>
    <agent>
      <ID>98</ID>
      <userName>gd8</userName>
      <strategy>GD</strategy>
      <values>
        <value>207</value>
        <value>199</value>
        <value>194</value>
        <value>193</value>
        <value>178</value>
        <value>173</value>
        <value>98</value>
        <value>97</value>
        <value>94</value>
        <value>84</value>
      </values>
      <score>170.6</score>
    </agent>
    <agent>
      <ID>96</ID>
      <userName>gd6</userName>
      <strategy>GD</strategy>
      <values>
        <value>235</value>
        <value>235</value>
        <value>219</value>
        <value>199</value>
        <value>188</value>
        <value>130</value>
        <value>100</value>
        <value>93</value>
        <value>84</value>
        <value>77</value>
      </values>
      <score>271.6</score>
    </agent>
    <agent>
      <ID>97</ID>
      <userName>gd7</userName>
      <strategy>GD</strategy>
      <values>
        <value>248</value>
        <value>231</value>
        <value>217</value>
        <value>190</value>
        <value>184</value>
        <value>181</value>
        <value>180</value>
        <value>170</value>
        <value>141</value>
        <value>73</value>
      </values>
      <score>303.8</score>
    </agent>
    <agent>
      <ID>111</ID>
      <userName>gdx1</userName>
      <strategy>GDX</strategy>
      <values>
        <value>72</value>
        <value>74</value>
        <value>99</value>
        <value>144</value>
        <value>145</value>
        <value>159</value>
        <value>169</value>
        <value>186</value>
        <value>214</value>
        <value>247</value>
      </values>
      <score>290.2</score>
    </agent>
    <agent>
      <ID>114</ID>
      <userName>gdx4</userName>
      <strategy>GDX</strategy>
      <values>
        <value>248</value>
        <value>236</value>
        <value>221</value>
        <value>200</value>
        <value>194</value>
        <value>153</value>
        <value>145</value>
        <value>112</value>
        <value>90</value>
        <value>72</value>
      </values>
      <score>282.2</score>
    </agent>
    <agent>
      <ID>113</ID>
      <userName>gdx3</userName>
      <strategy>GDX</strategy>
      <values>
        <value>256</value>
        <value>250</value>
        <value>236</value>
        <value>213</value>
        <value>213</value>
        <value>209</value>
        <value>206</value>
        <value>189</value>
        <value>153</value>
        <value>65</value>
      </values>
      <score>463.0</score>
    </agent>
    <agent>
      <ID>112</ID>
      <userName>gdx2</userName>
      <strategy>GDX</strategy>
      <values>
        <value>88</value>
        <value>109</value>
        <value>112</value>
        <value>122</value>
        <value>136</value>
        <value>148</value>
        <value>169</value>
        <value>182</value>
        <value>185</value>
        <value>221</value>
      </values>
      <score>261.0</score>
    </agent>
    <agent>
      <ID>93</ID>
      <userName>gd3</userName>
      <strategy>GD</strategy>
      <values>
        <value>67</value>
        <value>80</value>
        <value>98</value>
        <value>103</value>
        <value>123</value>
        <value>126</value>
        <value>197</value>
        <value>228</value>
        <value>236</value>
        <value>258</value>
      </values>
      <score>369.4</score>
    </agent>
    <agent>
      <ID>92</ID>
      <userName>gd2</userName>
      <strategy>GD</strategy>
      <values>
        <value>78</value>
        <value>90</value>
        <value>95</value>
        <value>145</value>
        <value>171</value>
        <value>187</value>
        <value>211</value>
        <value>221</value>
        <value>226</value>
        <value>243</value>
      </values>
      <score>245.2</score>
    </agent>
    <agent>
      <ID>95</ID>
      <userName>gd5</userName>
      <strategy>GD</strategy>
      <values>
        <value>258</value>
        <value>245</value>
        <value>242</value>
        <value>240</value>
        <value>201</value>
        <value>198</value>
        <value>197</value>
        <value>184</value>
        <value>173</value>
        <value>135</value>
      </values>
      <score>443.0</score>
    </agent>
    <agent>
      <ID>94</ID>
      <userName>gd4</userName>
      <strategy>GD</strategy>
      <values>
        <value>61</value>
        <value>93</value>
        <value>123</value>
        <value>154</value>
        <value>164</value>
        <value>201</value>
        <value>206</value>
        <value>224</value>
        <value>234</value>
        <value>249</value>
      </values>
      <score>235.8</score>
    </agent>
    <agent>
      <ID>91</ID>
      <userName>gd1</userName>
      <strategy>GD</strategy>
      <values>
        <value>73</value>
        <value>90</value>
        <value>135</value>
        <value>135</value>
        <value>140</value>
        <value>143</value>
        <value>146</value>
        <value>151</value>
        <value>162</value>
        <value>207</value>
      </values>
      <score>295.2</score>
    </agent>
    <agent>
      <ID>31</ID>
      <userName>zibtq1</userName>
      <strategy>ZIBTQ</strategy>
      <values>
        <value>121</value>
        <value>125</value>
        <value>132</value>
        <value>160</value>
        <value>177</value>
        <value>195</value>
        <value>209</value>
        <value>216</value>
        <value>223</value>
        <value>227</value>
      </values>
      <score>112.8</score>
    </agent>
  </scores>
</results>

