<results>
  <transactions>
    <repetition>
      <id>1</id>
      <transaction>
        <timestamp>1333599602740</timestamp>
        <buyerID>17</buyerID>
        <sellerID>14</sellerID>
        <price>122</price>
      </transaction>
      <transaction>
        <timestamp>1333599602760</timestamp>
        <buyerID>33</buyerID>
        <sellerID>31</sellerID>
        <price>116</price>
      </transaction>
      <transaction>
        <timestamp>1333599602765</timestamp>
        <buyerID>18</buyerID>
        <sellerID>32</sellerID>
        <price>127</price>
      </transaction>
      <transaction>
        <timestamp>1333599602795</timestamp>
        <buyerID>18</buyerID>
        <sellerID>92</sellerID>
        <price>130</price>
      </transaction>
      <transaction>
        <timestamp>1333599602815</timestamp>
        <buyerID>33</buyerID>
        <sellerID>31</sellerID>
        <price>149</price>
      </transaction>
      <transaction>
        <timestamp>1333599602819</timestamp>
        <buyerID>34</buyerID>
        <sellerID>13</sellerID>
        <price>163</price>
      </transaction>
      <transaction>
        <timestamp>1333599602875</timestamp>
        <buyerID>17</buyerID>
        <sellerID>11</sellerID>
        <price>125</price>
      </transaction>
      <transaction>
        <timestamp>1333599602908</timestamp>
        <buyerID>15</buyerID>
        <sellerID>13</sellerID>
        <price>136</price>
      </transaction>
      <transaction>
        <timestamp>1333599602913</timestamp>
        <buyerID>94</buyerID>
        <sellerID>14</sellerID>
        <price>167</price>
      </transaction>
      <transaction>
        <timestamp>1333599603017</timestamp>
        <buyerID>94</buyerID>
        <sellerID>13</sellerID>
        <price>181</price>
      </transaction>
      <transaction>
        <timestamp>1333599603064</timestamp>
        <buyerID>93</buyerID>
        <sellerID>12</sellerID>
        <price>180</price>
      </transaction>
      <transaction>
        <timestamp>1333599603090</timestamp>
        <buyerID>93</buyerID>
        <sellerID>14</sellerID>
        <price>197</price>
      </transaction>
      <transaction>
        <timestamp>1333599603165</timestamp>
        <buyerID>33</buyerID>
        <sellerID>11</sellerID>
        <price>196</price>
      </transaction>
      <transaction>
        <timestamp>1333599603788</timestamp>
        <buyerID>94</buyerID>
        <sellerID>31</sellerID>
        <price>195</price>
      </transaction>
      <transaction>
        <timestamp>1333599603793</timestamp>
        <buyerID>34</buyerID>
        <sellerID>14</sellerID>
        <price>194</price>
      </transaction>
      <transaction>
        <timestamp>1333599603886</timestamp>
        <buyerID>15</buyerID>
        <sellerID>31</sellerID>
        <price>194</price>
      </transaction>
      <transaction>
        <timestamp>1333599603896</timestamp>
        <buyerID>34</buyerID>
        <sellerID>13</sellerID>
        <price>189</price>
      </transaction>
      <transaction>
        <timestamp>1333599603935</timestamp>
        <buyerID>16</buyerID>
        <sellerID>32</sellerID>
        <price>184</price>
      </transaction>
      <transaction>
        <timestamp>1333599604568</timestamp>
        <buyerID>33</buyerID>
        <sellerID>32</sellerID>
        <price>166</price>
      </transaction>
      <transaction>
        <timestamp>1333599604573</timestamp>
        <buyerID>18</buyerID>
        <sellerID>13</sellerID>
        <price>156</price>
      </transaction>
      <transaction>
        <timestamp>1333599605316</timestamp>
        <buyerID>34</buyerID>
        <sellerID>12</sellerID>
        <price>167</price>
      </transaction>
      <transaction>
        <timestamp>1333599605338</timestamp>
        <buyerID>33</buyerID>
        <sellerID>32</sellerID>
        <price>157</price>
      </transaction>
      <transaction>
        <timestamp>1333599605369</timestamp>
        <buyerID>34</buyerID>
        <sellerID>13</sellerID>
        <price>169</price>
      </transaction>
      <transaction>
        <timestamp>1333599606069</timestamp>
        <buyerID>17</buyerID>
        <sellerID>91</sellerID>
        <price>158</price>
      </transaction>
      <transaction>
        <timestamp>1333599606080</timestamp>
        <buyerID>16</buyerID>
        <sellerID>92</sellerID>
        <price>159</price>
      </transaction>
      <transaction>
        <timestamp>1333599606170</timestamp>
        <buyerID>93</buyerID>
        <sellerID>32</sellerID>
        <price>144</price>
      </transaction>
      <transaction>
        <timestamp>1333599606875</timestamp>
        <buyerID>34</buyerID>
        <sellerID>91</sellerID>
        <price>146</price>
      </transaction>
      <transaction>
        <timestamp>1333599606885</timestamp>
        <buyerID>94</buyerID>
        <sellerID>14</sellerID>
        <price>145</price>
      </transaction>
      <transaction>
        <timestamp>1333599606927</timestamp>
        <buyerID>16</buyerID>
        <sellerID>32</sellerID>
        <price>156</price>
      </transaction>
      <transaction>
        <timestamp>1333599607521</timestamp>
        <buyerID>18</buyerID>
        <sellerID>91</sellerID>
        <price>156</price>
      </transaction>
      <transaction>
        <timestamp>1333599607713</timestamp>
        <buyerID>16</buyerID>
        <sellerID>32</sellerID>
        <price>150</price>
      </transaction>
      <transaction>
        <timestamp>1333599608356</timestamp>
        <buyerID>16</buyerID>
        <sellerID>32</sellerID>
        <price>151</price>
      </transaction>
      <transaction>
        <timestamp>1333599608406</timestamp>
        <buyerID>18</buyerID>
        <sellerID>12</sellerID>
        <price>143</price>
      </transaction>
      <transaction>
        <timestamp>1333599608449</timestamp>
        <buyerID>34</buyerID>
        <sellerID>13</sellerID>
        <price>142</price>
      </transaction>
      <transaction>
        <timestamp>1333599609068</timestamp>
        <buyerID>93</buyerID>
        <sellerID>14</sellerID>
        <price>141</price>
      </transaction>
      <transaction>
        <timestamp>1333599609136</timestamp>
        <buyerID>17</buyerID>
        <sellerID>91</sellerID>
        <price>151</price>
      </transaction>
      <transaction>
        <timestamp>1333599609933</timestamp>
        <buyerID>17</buyerID>
        <sellerID>32</sellerID>
        <price>141</price>
      </transaction>
      <transaction>
        <timestamp>1333599612195</timestamp>
        <buyerID>15</buyerID>
        <sellerID>92</sellerID>
        <price>145</price>
      </transaction>
      <transaction>
        <timestamp>1333599612889</timestamp>
        <buyerID>93</buyerID>
        <sellerID>13</sellerID>
        <price>140</price>
      </transaction>
      <transaction>
        <timestamp>1333599615783</timestamp>
        <buyerID>18</buyerID>
        <sellerID>12</sellerID>
        <price>152</price>
      </transaction>
      <transaction>
        <timestamp>1333599635271</timestamp>
        <buyerID>94</buyerID>
        <sellerID>13</sellerID>
        <price>141</price>
      </transaction>
      <transaction>
        <timestamp>1333599672078</timestamp>
        <buyerID>15</buyerID>
        <sellerID>92</sellerID>
        <price>150</price>
      </transaction>
    </repetition>
    <repetition>
      <id>2</id>
      <transaction>
        <timestamp>1333599729204</timestamp>
        <buyerID>94</buyerID>
        <sellerID>92</sellerID>
        <price>115</price>
      </transaction>
      <transaction>
        <timestamp>1333599729243</timestamp>
        <buyerID>15</buyerID>
        <sellerID>32</sellerID>
        <price>214</price>
      </transaction>
      <transaction>
        <timestamp>1333599729248</timestamp>
        <buyerID>34</buyerID>
        <sellerID>12</sellerID>
        <price>203</price>
      </transaction>
      <transaction>
        <timestamp>1333599729267</timestamp>
        <buyerID>16</buyerID>
        <sellerID>11</sellerID>
        <price>240</price>
      </transaction>
      <transaction>
        <timestamp>1333599729298</timestamp>
        <buyerID>17</buyerID>
        <sellerID>31</sellerID>
        <price>221</price>
      </transaction>
      <transaction>
        <timestamp>1333599729316</timestamp>
        <buyerID>18</buyerID>
        <sellerID>14</sellerID>
        <price>221</price>
      </transaction>
      <transaction>
        <timestamp>1333599729321</timestamp>
        <buyerID>93</buyerID>
        <sellerID>91</sellerID>
        <price>198</price>
      </transaction>
      <transaction>
        <timestamp>1333599729827</timestamp>
        <buyerID>33</buyerID>
        <sellerID>12</sellerID>
        <price>162</price>
      </transaction>
      <transaction>
        <timestamp>1333599729899</timestamp>
        <buyerID>18</buyerID>
        <sellerID>32</sellerID>
        <price>193</price>
      </transaction>
      <transaction>
        <timestamp>1333599729937</timestamp>
        <buyerID>33</buyerID>
        <sellerID>14</sellerID>
        <price>164</price>
      </transaction>
      <transaction>
        <timestamp>1333599729976</timestamp>
        <buyerID>34</buyerID>
        <sellerID>31</sellerID>
        <price>156</price>
      </transaction>
      <transaction>
        <timestamp>1333599730605</timestamp>
        <buyerID>33</buyerID>
        <sellerID>31</sellerID>
        <price>160</price>
      </transaction>
      <transaction>
        <timestamp>1333599730637</timestamp>
        <buyerID>34</buyerID>
        <sellerID>32</sellerID>
        <price>159</price>
      </transaction>
      <transaction>
        <timestamp>1333599730664</timestamp>
        <buyerID>93</buyerID>
        <sellerID>14</sellerID>
        <price>146</price>
      </transaction>
      <transaction>
        <timestamp>1333599731347</timestamp>
        <buyerID>34</buyerID>
        <sellerID>91</sellerID>
        <price>164</price>
      </transaction>
      <transaction>
        <timestamp>1333599731408</timestamp>
        <buyerID>33</buyerID>
        <sellerID>32</sellerID>
        <price>155</price>
      </transaction>
      <transaction>
        <timestamp>1333599731420</timestamp>
        <buyerID>17</buyerID>
        <sellerID>91</sellerID>
        <price>164</price>
      </transaction>
      <transaction>
        <timestamp>1333599732019</timestamp>
        <buyerID>93</buyerID>
        <sellerID>13</sellerID>
        <price>148</price>
      </transaction>
      <transaction>
        <timestamp>1333599732109</timestamp>
        <buyerID>16</buyerID>
        <sellerID>92</sellerID>
        <price>159</price>
      </transaction>
      <transaction>
        <timestamp>1333599732120</timestamp>
        <buyerID>34</buyerID>
        <sellerID>91</sellerID>
        <price>160</price>
      </transaction>
      <transaction>
        <timestamp>1333599732134</timestamp>
        <buyerID>94</buyerID>
        <sellerID>14</sellerID>
        <price>148</price>
      </transaction>
      <transaction>
        <timestamp>1333599732166</timestamp>
        <buyerID>93</buyerID>
        <sellerID>32</sellerID>
        <price>147</price>
      </transaction>
      <transaction>
        <timestamp>1333599732207</timestamp>
        <buyerID>17</buyerID>
        <sellerID>31</sellerID>
        <price>179</price>
      </transaction>
      <transaction>
        <timestamp>1333599732223</timestamp>
        <buyerID>18</buyerID>
        <sellerID>12</sellerID>
        <price>193</price>
      </transaction>
      <transaction>
        <timestamp>1333599732948</timestamp>
        <buyerID>34</buyerID>
        <sellerID>13</sellerID>
        <price>162</price>
      </transaction>
      <transaction>
        <timestamp>1333599732967</timestamp>
        <buyerID>94</buyerID>
        <sellerID>32</sellerID>
        <price>161</price>
      </transaction>
      <transaction>
        <timestamp>1333599733569</timestamp>
        <buyerID>15</buyerID>
        <sellerID>92</sellerID>
        <price>164</price>
      </transaction>
      <transaction>
        <timestamp>1333599733647</timestamp>
        <buyerID>17</buyerID>
        <sellerID>32</sellerID>
        <price>160</price>
      </transaction>
      <transaction>
        <timestamp>1333599734266</timestamp>
        <buyerID>18</buyerID>
        <sellerID>91</sellerID>
        <price>164</price>
      </transaction>
      <transaction>
        <timestamp>1333599734371</timestamp>
        <buyerID>94</buyerID>
        <sellerID>14</sellerID>
        <price>160</price>
      </transaction>
      <transaction>
        <timestamp>1333599735091</timestamp>
        <buyerID>33</buyerID>
        <sellerID>13</sellerID>
        <price>157</price>
      </transaction>
      <transaction>
        <timestamp>1333599735122</timestamp>
        <buyerID>16</buyerID>
        <sellerID>32</sellerID>
        <price>153</price>
      </transaction>
      <transaction>
        <timestamp>1333599735797</timestamp>
        <buyerID>34</buyerID>
        <sellerID>14</sellerID>
        <price>142</price>
      </transaction>
      <transaction>
        <timestamp>1333599735843</timestamp>
        <buyerID>15</buyerID>
        <sellerID>32</sellerID>
        <price>146</price>
      </transaction>
      <transaction>
        <timestamp>1333599736646</timestamp>
        <buyerID>18</buyerID>
        <sellerID>92</sellerID>
        <price>152</price>
      </transaction>
      <transaction>
        <timestamp>1333599737302</timestamp>
        <buyerID>93</buyerID>
        <sellerID>13</sellerID>
        <price>141</price>
      </transaction>
      <transaction>
        <timestamp>1333599737368</timestamp>
        <buyerID>16</buyerID>
        <sellerID>12</sellerID>
        <price>156</price>
      </transaction>
      <transaction>
        <timestamp>1333599737440</timestamp>
        <buyerID>17</buyerID>
        <sellerID>11</sellerID>
        <price>138</price>
      </transaction>
      <transaction>
        <timestamp>1333599738866</timestamp>
        <buyerID>15</buyerID>
        <sellerID>13</sellerID>
        <price>152</price>
      </transaction>
      <transaction>
        <timestamp>1333599741122</timestamp>
        <buyerID>18</buyerID>
        <sellerID>13</sellerID>
        <price>143</price>
      </transaction>
      <transaction>
        <timestamp>1333599745675</timestamp>
        <buyerID>16</buyerID>
        <sellerID>13</sellerID>
        <price>148</price>
      </transaction>
      <transaction>
        <timestamp>1333599747085</timestamp>
        <buyerID>94</buyerID>
        <sellerID>13</sellerID>
        <price>141</price>
      </transaction>
      <transaction>
        <timestamp>1333599795095</timestamp>
        <buyerID>16</buyerID>
        <sellerID>13</sellerID>
        <price>144</price>
      </transaction>
    </repetition>
    <repetition>
      <id>3</id>
      <transaction>
        <timestamp>1333599856707</timestamp>
        <buyerID>15</buyerID>
        <sellerID>32</sellerID>
        <price>94</price>
      </transaction>
      <transaction>
        <timestamp>1333599856739</timestamp>
        <buyerID>34</buyerID>
        <sellerID>31</sellerID>
        <price>89</price>
      </transaction>
      <transaction>
        <timestamp>1333599856747</timestamp>
        <buyerID>93</buyerID>
        <sellerID>91</sellerID>
        <price>114</price>
      </transaction>
      <transaction>
        <timestamp>1333599856762</timestamp>
        <buyerID>33</buyerID>
        <sellerID>13</sellerID>
        <price>116</price>
      </transaction>
      <transaction>
        <timestamp>1333599856807</timestamp>
        <buyerID>94</buyerID>
        <sellerID>12</sellerID>
        <price>200</price>
      </transaction>
      <transaction>
        <timestamp>1333599856829</timestamp>
        <buyerID>17</buyerID>
        <sellerID>11</sellerID>
        <price>160</price>
      </transaction>
      <transaction>
        <timestamp>1333599857312</timestamp>
        <buyerID>17</buyerID>
        <sellerID>12</sellerID>
        <price>190</price>
      </transaction>
      <transaction>
        <timestamp>1333599857323</timestamp>
        <buyerID>18</buyerID>
        <sellerID>14</sellerID>
        <price>141</price>
      </transaction>
      <transaction>
        <timestamp>1333599857430</timestamp>
        <buyerID>34</buyerID>
        <sellerID>32</sellerID>
        <price>134</price>
      </transaction>
      <transaction>
        <timestamp>1333599857437</timestamp>
        <buyerID>16</buyerID>
        <sellerID>92</sellerID>
        <price>138</price>
      </transaction>
      <transaction>
        <timestamp>1333599858024</timestamp>
        <buyerID>33</buyerID>
        <sellerID>13</sellerID>
        <price>140</price>
      </transaction>
      <transaction>
        <timestamp>1333599858048</timestamp>
        <buyerID>93</buyerID>
        <sellerID>14</sellerID>
        <price>129</price>
      </transaction>
      <transaction>
        <timestamp>1333599858064</timestamp>
        <buyerID>17</buyerID>
        <sellerID>31</sellerID>
        <price>163</price>
      </transaction>
      <transaction>
        <timestamp>1333599858175</timestamp>
        <buyerID>94</buyerID>
        <sellerID>32</sellerID>
        <price>170</price>
      </transaction>
      <transaction>
        <timestamp>1333599858197</timestamp>
        <buyerID>34</buyerID>
        <sellerID>13</sellerID>
        <price>169</price>
      </transaction>
      <transaction>
        <timestamp>1333599858802</timestamp>
        <buyerID>16</buyerID>
        <sellerID>13</sellerID>
        <price>132</price>
      </transaction>
      <transaction>
        <timestamp>1333599858845</timestamp>
        <buyerID>17</buyerID>
        <sellerID>12</sellerID>
        <price>154</price>
      </transaction>
      <transaction>
        <timestamp>1333599858873</timestamp>
        <buyerID>93</buyerID>
        <sellerID>31</sellerID>
        <price>116</price>
      </transaction>
      <transaction>
        <timestamp>1333599858879</timestamp>
        <buyerID>34</buyerID>
        <sellerID>92</sellerID>
        <price>154</price>
      </transaction>
      <transaction>
        <timestamp>1333599858901</timestamp>
        <buyerID>15</buyerID>
        <sellerID>11</sellerID>
        <price>146</price>
      </transaction>
      <transaction>
        <timestamp>1333599858935</timestamp>
        <buyerID>16</buyerID>
        <sellerID>32</sellerID>
        <price>165</price>
      </transaction>
      <transaction>
        <timestamp>1333599859552</timestamp>
        <buyerID>18</buyerID>
        <sellerID>12</sellerID>
        <price>183</price>
      </transaction>
      <transaction>
        <timestamp>1333599859578</timestamp>
        <buyerID>33</buyerID>
        <sellerID>14</sellerID>
        <price>116</price>
      </transaction>
      <transaction>
        <timestamp>1333599859636</timestamp>
        <buyerID>17</buyerID>
        <sellerID>13</sellerID>
        <price>151</price>
      </transaction>
      <transaction>
        <timestamp>1333599860312</timestamp>
        <buyerID>33</buyerID>
        <sellerID>32</sellerID>
        <price>160</price>
      </transaction>
      <transaction>
        <timestamp>1333599860431</timestamp>
        <buyerID>33</buyerID>
        <sellerID>13</sellerID>
        <price>146</price>
      </transaction>
      <transaction>
        <timestamp>1333599861084</timestamp>
        <buyerID>34</buyerID>
        <sellerID>91</sellerID>
        <price>142</price>
      </transaction>
      <transaction>
        <timestamp>1333599861816</timestamp>
        <buyerID>18</buyerID>
        <sellerID>32</sellerID>
        <price>143</price>
      </transaction>
      <transaction>
        <timestamp>1333599861914</timestamp>
        <buyerID>34</buyerID>
        <sellerID>32</sellerID>
        <price>160</price>
      </transaction>
      <transaction>
        <timestamp>1333599862631</timestamp>
        <buyerID>34</buyerID>
        <sellerID>91</sellerID>
        <price>142</price>
      </transaction>
      <transaction>
        <timestamp>1333599863291</timestamp>
        <buyerID>94</buyerID>
        <sellerID>13</sellerID>
        <price>141</price>
      </transaction>
      <transaction>
        <timestamp>1333599863295</timestamp>
        <buyerID>15</buyerID>
        <sellerID>32</sellerID>
        <price>139</price>
      </transaction>
      <transaction>
        <timestamp>1333599863302</timestamp>
        <buyerID>18</buyerID>
        <sellerID>11</sellerID>
        <price>171</price>
      </transaction>
      <transaction>
        <timestamp>1333599863421</timestamp>
        <buyerID>33</buyerID>
        <sellerID>14</sellerID>
        <price>136</price>
      </transaction>
      <transaction>
        <timestamp>1333599864132</timestamp>
        <buyerID>16</buyerID>
        <sellerID>14</sellerID>
        <price>168</price>
      </transaction>
      <transaction>
        <timestamp>1333599864178</timestamp>
        <buyerID>94</buyerID>
        <sellerID>32</sellerID>
        <price>158</price>
      </transaction>
      <transaction>
        <timestamp>1333599865750</timestamp>
        <buyerID>94</buyerID>
        <sellerID>91</sellerID>
        <price>138</price>
      </transaction>
      <transaction>
        <timestamp>1333599868529</timestamp>
        <buyerID>18</buyerID>
        <sellerID>92</sellerID>
        <price>153</price>
      </transaction>
      <transaction>
        <timestamp>1333599870187</timestamp>
        <buyerID>18</buyerID>
        <sellerID>13</sellerID>
        <price>140</price>
      </transaction>
      <transaction>
        <timestamp>1333599873111</timestamp>
        <buyerID>15</buyerID>
        <sellerID>14</sellerID>
        <price>149</price>
      </transaction>
      <transaction>
        <timestamp>1333599877607</timestamp>
        <buyerID>93</buyerID>
        <sellerID>13</sellerID>
        <price>142</price>
      </transaction>
      <transaction>
        <timestamp>1333599885139</timestamp>
        <buyerID>16</buyerID>
        <sellerID>92</sellerID>
        <price>150</price>
      </transaction>
    </repetition>
    <repetition>
      <id>4</id>
      <transaction>
        <timestamp>1333599984231</timestamp>
        <buyerID>94</buyerID>
        <sellerID>12</sellerID>
        <price>146</price>
      </transaction>
      <transaction>
        <timestamp>1333599984253</timestamp>
        <buyerID>33</buyerID>
        <sellerID>31</sellerID>
        <price>153</price>
      </transaction>
      <transaction>
        <timestamp>1333599984263</timestamp>
        <buyerID>18</buyerID>
        <sellerID>32</sellerID>
        <price>139</price>
      </transaction>
      <transaction>
        <timestamp>1333599984301</timestamp>
        <buyerID>34</buyerID>
        <sellerID>13</sellerID>
        <price>195</price>
      </transaction>
      <transaction>
        <timestamp>1333599984313</timestamp>
        <buyerID>16</buyerID>
        <sellerID>92</sellerID>
        <price>200</price>
      </transaction>
      <transaction>
        <timestamp>1333599984802</timestamp>
        <buyerID>16</buyerID>
        <sellerID>14</sellerID>
        <price>195</price>
      </transaction>
      <transaction>
        <timestamp>1333599984862</timestamp>
        <buyerID>33</buyerID>
        <sellerID>91</sellerID>
        <price>176</price>
      </transaction>
      <transaction>
        <timestamp>1333599984873</timestamp>
        <buyerID>34</buyerID>
        <sellerID>32</sellerID>
        <price>177</price>
      </transaction>
      <transaction>
        <timestamp>1333599984879</timestamp>
        <buyerID>94</buyerID>
        <sellerID>13</sellerID>
        <price>175</price>
      </transaction>
      <transaction>
        <timestamp>1333599984944</timestamp>
        <buyerID>93</buyerID>
        <sellerID>31</sellerID>
        <price>175</price>
      </transaction>
      <transaction>
        <timestamp>1333599985565</timestamp>
        <buyerID>33</buyerID>
        <sellerID>31</sellerID>
        <price>172</price>
      </transaction>
      <transaction>
        <timestamp>1333599985579</timestamp>
        <buyerID>18</buyerID>
        <sellerID>13</sellerID>
        <price>128</price>
      </transaction>
      <transaction>
        <timestamp>1333599985592</timestamp>
        <buyerID>15</buyerID>
        <sellerID>32</sellerID>
        <price>119</price>
      </transaction>
      <transaction>
        <timestamp>1333599985648</timestamp>
        <buyerID>16</buyerID>
        <sellerID>12</sellerID>
        <price>161</price>
      </transaction>
      <transaction>
        <timestamp>1333599985674</timestamp>
        <buyerID>17</buyerID>
        <sellerID>14</sellerID>
        <price>177</price>
      </transaction>
      <transaction>
        <timestamp>1333599986324</timestamp>
        <buyerID>93</buyerID>
        <sellerID>32</sellerID>
        <price>180</price>
      </transaction>
      <transaction>
        <timestamp>1333599987036</timestamp>
        <buyerID>34</buyerID>
        <sellerID>32</sellerID>
        <price>183</price>
      </transaction>
      <transaction>
        <timestamp>1333599987040</timestamp>
        <buyerID>34</buyerID>
        <sellerID>92</sellerID>
        <price>184</price>
      </transaction>
      <transaction>
        <timestamp>1333599987776</timestamp>
        <buyerID>94</buyerID>
        <sellerID>31</sellerID>
        <price>181</price>
      </transaction>
      <transaction>
        <timestamp>1333599987791</timestamp>
        <buyerID>33</buyerID>
        <sellerID>32</sellerID>
        <price>166</price>
      </transaction>
      <transaction>
        <timestamp>1333599987795</timestamp>
        <buyerID>17</buyerID>
        <sellerID>91</sellerID>
        <price>183</price>
      </transaction>
      <transaction>
        <timestamp>1333599987897</timestamp>
        <buyerID>33</buyerID>
        <sellerID>14</sellerID>
        <price>153</price>
      </transaction>
      <transaction>
        <timestamp>1333599987926</timestamp>
        <buyerID>18</buyerID>
        <sellerID>13</sellerID>
        <price>180</price>
      </transaction>
      <transaction>
        <timestamp>1333599988520</timestamp>
        <buyerID>17</buyerID>
        <sellerID>91</sellerID>
        <price>182</price>
      </transaction>
      <transaction>
        <timestamp>1333599988562</timestamp>
        <buyerID>15</buyerID>
        <sellerID>13</sellerID>
        <price>132</price>
      </transaction>
      <transaction>
        <timestamp>1333599988612</timestamp>
        <buyerID>34</buyerID>
        <sellerID>91</sellerID>
        <price>129</price>
      </transaction>
      <transaction>
        <timestamp>1333599988686</timestamp>
        <buyerID>18</buyerID>
        <sellerID>14</sellerID>
        <price>134</price>
      </transaction>
      <transaction>
        <timestamp>1333599989331</timestamp>
        <buyerID>34</buyerID>
        <sellerID>11</sellerID>
        <price>138</price>
      </transaction>
      <transaction>
        <timestamp>1333599989351</timestamp>
        <buyerID>17</buyerID>
        <sellerID>32</sellerID>
        <price>140</price>
      </transaction>
      <transaction>
        <timestamp>1333599990064</timestamp>
        <buyerID>18</buyerID>
        <sellerID>32</sellerID>
        <price>170</price>
      </transaction>
      <transaction>
        <timestamp>1333599990883</timestamp>
        <buyerID>94</buyerID>
        <sellerID>12</sellerID>
        <price>144</price>
      </transaction>
      <transaction>
        <timestamp>1333599990940</timestamp>
        <buyerID>93</buyerID>
        <sellerID>32</sellerID>
        <price>143</price>
      </transaction>
      <transaction>
        <timestamp>1333599991645</timestamp>
        <buyerID>15</buyerID>
        <sellerID>11</sellerID>
        <price>149</price>
      </transaction>
      <transaction>
        <timestamp>1333599993088</timestamp>
        <buyerID>93</buyerID>
        <sellerID>14</sellerID>
        <price>143</price>
      </transaction>
      <transaction>
        <timestamp>1333599994674</timestamp>
        <buyerID>18</buyerID>
        <sellerID>13</sellerID>
        <price>153</price>
      </transaction>
      <transaction>
        <timestamp>1333599994689</timestamp>
        <buyerID>16</buyerID>
        <sellerID>12</sellerID>
        <price>149</price>
      </transaction>
      <transaction>
        <timestamp>1333599998368</timestamp>
        <buyerID>16</buyerID>
        <sellerID>92</sellerID>
        <price>146</price>
      </transaction>
      <transaction>
        <timestamp>1333600000624</timestamp>
        <buyerID>34</buyerID>
        <sellerID>13</sellerID>
        <price>142</price>
      </transaction>
      <transaction>
        <timestamp>1333600001421</timestamp>
        <buyerID>15</buyerID>
        <sellerID>14</sellerID>
        <price>152</price>
      </transaction>
      <transaction>
        <timestamp>1333600006540</timestamp>
        <buyerID>17</buyerID>
        <sellerID>92</sellerID>
        <price>151</price>
      </transaction>
      <transaction>
        <timestamp>1333600012697</timestamp>
        <buyerID>93</buyerID>
        <sellerID>13</sellerID>
        <price>142</price>
      </transaction>
      <transaction>
        <timestamp>1333600019362</timestamp>
        <buyerID>16</buyerID>
        <sellerID>13</sellerID>
        <price>143</price>
      </transaction>
    </repetition>
    <repetition>
      <id>5</id>
      <transaction>
        <timestamp>1333600111706</timestamp>
        <buyerID>16</buyerID>
        <sellerID>32</sellerID>
        <price>162</price>
      </transaction>
      <transaction>
        <timestamp>1333600111725</timestamp>
        <buyerID>15</buyerID>
        <sellerID>92</sellerID>
        <price>162</price>
      </transaction>
      <transaction>
        <timestamp>1333600111756</timestamp>
        <buyerID>93</buyerID>
        <sellerID>14</sellerID>
        <price>161</price>
      </transaction>
      <transaction>
        <timestamp>1333600111763</timestamp>
        <buyerID>18</buyerID>
        <sellerID>91</sellerID>
        <price>180</price>
      </transaction>
      <transaction>
        <timestamp>1333600111770</timestamp>
        <buyerID>33</buyerID>
        <sellerID>31</sellerID>
        <price>145</price>
      </transaction>
      <transaction>
        <timestamp>1333600111797</timestamp>
        <buyerID>17</buyerID>
        <sellerID>12</sellerID>
        <price>133</price>
      </transaction>
      <transaction>
        <timestamp>1333600111804</timestamp>
        <buyerID>34</buyerID>
        <sellerID>13</sellerID>
        <price>181</price>
      </transaction>
      <transaction>
        <timestamp>1333600112294</timestamp>
        <buyerID>34</buyerID>
        <sellerID>91</sellerID>
        <price>129</price>
      </transaction>
      <transaction>
        <timestamp>1333600112315</timestamp>
        <buyerID>94</buyerID>
        <sellerID>31</sellerID>
        <price>119</price>
      </transaction>
      <transaction>
        <timestamp>1333600112361</timestamp>
        <buyerID>18</buyerID>
        <sellerID>32</sellerID>
        <price>75</price>
      </transaction>
      <transaction>
        <timestamp>1333600112390</timestamp>
        <buyerID>94</buyerID>
        <sellerID>13</sellerID>
        <price>101</price>
      </transaction>
      <transaction>
        <timestamp>1333600112401</timestamp>
        <buyerID>33</buyerID>
        <sellerID>92</sellerID>
        <price>118</price>
      </transaction>
      <transaction>
        <timestamp>1333600112408</timestamp>
        <buyerID>17</buyerID>
        <sellerID>11</sellerID>
        <price>130</price>
      </transaction>
      <transaction>
        <timestamp>1333600113018</timestamp>
        <buyerID>18</buyerID>
        <sellerID>12</sellerID>
        <price>135</price>
      </transaction>
      <transaction>
        <timestamp>1333600113114</timestamp>
        <buyerID>93</buyerID>
        <sellerID>31</sellerID>
        <price>121</price>
      </transaction>
      <transaction>
        <timestamp>1333600113136</timestamp>
        <buyerID>34</buyerID>
        <sellerID>32</sellerID>
        <price>123</price>
      </transaction>
      <transaction>
        <timestamp>1333600113142</timestamp>
        <buyerID>33</buyerID>
        <sellerID>11</sellerID>
        <price>158</price>
      </transaction>
      <transaction>
        <timestamp>1333600113776</timestamp>
        <buyerID>16</buyerID>
        <sellerID>14</sellerID>
        <price>175</price>
      </transaction>
      <transaction>
        <timestamp>1333600113794</timestamp>
        <buyerID>94</buyerID>
        <sellerID>32</sellerID>
        <price>120</price>
      </transaction>
      <transaction>
        <timestamp>1333600113838</timestamp>
        <buyerID>34</buyerID>
        <sellerID>12</sellerID>
        <price>130</price>
      </transaction>
      <transaction>
        <timestamp>1333600113962</timestamp>
        <buyerID>15</buyerID>
        <sellerID>13</sellerID>
        <price>150</price>
      </transaction>
      <transaction>
        <timestamp>1333600114553</timestamp>
        <buyerID>34</buyerID>
        <sellerID>14</sellerID>
        <price>168</price>
      </transaction>
      <transaction>
        <timestamp>1333600114592</timestamp>
        <buyerID>33</buyerID>
        <sellerID>13</sellerID>
        <price>155</price>
      </transaction>
      <transaction>
        <timestamp>1333600114606</timestamp>
        <buyerID>93</buyerID>
        <sellerID>32</sellerID>
        <price>139</price>
      </transaction>
      <transaction>
        <timestamp>1333600114675</timestamp>
        <buyerID>16</buyerID>
        <sellerID>92</sellerID>
        <price>168</price>
      </transaction>
      <transaction>
        <timestamp>1333600115413</timestamp>
        <buyerID>18</buyerID>
        <sellerID>31</sellerID>
        <price>179</price>
      </transaction>
      <transaction>
        <timestamp>1333600116185</timestamp>
        <buyerID>17</buyerID>
        <sellerID>92</sellerID>
        <price>179</price>
      </transaction>
      <transaction>
        <timestamp>1333600116203</timestamp>
        <buyerID>15</buyerID>
        <sellerID>32</sellerID>
        <price>169</price>
      </transaction>
      <transaction>
        <timestamp>1333600116209</timestamp>
        <buyerID>34</buyerID>
        <sellerID>91</sellerID>
        <price>164</price>
      </transaction>
      <transaction>
        <timestamp>1333600116809</timestamp>
        <buyerID>33</buyerID>
        <sellerID>14</sellerID>
        <price>157</price>
      </transaction>
      <transaction>
        <timestamp>1333600116952</timestamp>
        <buyerID>16</buyerID>
        <sellerID>32</sellerID>
        <price>174</price>
      </transaction>
      <transaction>
        <timestamp>1333600117530</timestamp>
        <buyerID>15</buyerID>
        <sellerID>13</sellerID>
        <price>150</price>
      </transaction>
      <transaction>
        <timestamp>1333600118296</timestamp>
        <buyerID>17</buyerID>
        <sellerID>32</sellerID>
        <price>150</price>
      </transaction>
      <transaction>
        <timestamp>1333600118376</timestamp>
        <buyerID>93</buyerID>
        <sellerID>91</sellerID>
        <price>138</price>
      </transaction>
      <transaction>
        <timestamp>1333600118417</timestamp>
        <buyerID>94</buyerID>
        <sellerID>32</sellerID>
        <price>139</price>
      </transaction>
      <transaction>
        <timestamp>1333600119799</timestamp>
        <buyerID>18</buyerID>
        <sellerID>92</sellerID>
        <price>157</price>
      </transaction>
      <transaction>
        <timestamp>1333600120590</timestamp>
        <buyerID>93</buyerID>
        <sellerID>13</sellerID>
        <price>142</price>
      </transaction>
      <transaction>
        <timestamp>1333600121455</timestamp>
        <buyerID>34</buyerID>
        <sellerID>13</sellerID>
        <price>142</price>
      </transaction>
      <transaction>
        <timestamp>1333600122079</timestamp>
        <buyerID>94</buyerID>
        <sellerID>14</sellerID>
        <price>138</price>
      </transaction>
      <transaction>
        <timestamp>1333600125028</timestamp>
        <buyerID>17</buyerID>
        <sellerID>14</sellerID>
        <price>152</price>
      </transaction>
      <transaction>
        <timestamp>1333600125899</timestamp>
        <buyerID>33</buyerID>
        <sellerID>13</sellerID>
        <price>136</price>
      </transaction>
      <transaction>
        <timestamp>1333600128890</timestamp>
        <buyerID>18</buyerID>
        <sellerID>13</sellerID>
        <price>145</price>
      </transaction>
      <transaction>
        <timestamp>1333600158943</timestamp>
        <buyerID>16</buyerID>
        <sellerID>12</sellerID>
        <price>145</price>
      </transaction>
    </repetition>
  </transactions>
  <scores>
    <agent>
      <ID>34</ID>
      <userName>zibtq4</userName>
      <strategy>ZIBTQ</strategy>
      <values>
        <value>258</value>
        <value>210</value>
        <value>189</value>
        <value>188</value>
        <value>172</value>
        <value>164</value>
        <value>142</value>
        <value>92</value>
        <value>91</value>
        <value>66</value>
      </values>
      <score>224.8</score>
    </agent>
    <agent>
      <ID>32</ID>
      <userName>zibtq2</userName>
      <strategy>ZIBTQ</strategy>
      <values>
        <value>62</value>
        <value>68</value>
        <value>80</value>
        <value>102</value>
        <value>111</value>
        <value>116</value>
        <value>117</value>
        <value>118</value>
        <value>131</value>
        <value>169</value>
      </values>
      <score>466.0</score>
    </agent>
    <agent>
      <ID>33</ID>
      <userName>zibtq3</userName>
      <strategy>ZIBTQ</strategy>
      <values>
        <value>228</value>
        <value>211</value>
        <value>202</value>
        <value>166</value>
        <value>157</value>
        <value>136</value>
        <value>134</value>
        <value>114</value>
        <value>103</value>
        <value>88</value>
      </values>
      <score>201.4</score>
    </agent>
    <agent>
      <ID>11</ID>
      <userName>zi1</userName>
      <strategy>ZI</strategy>
      <values>
        <value>88</value>
        <value>137</value>
        <value>159</value>
        <value>161</value>
        <value>167</value>
        <value>174</value>
        <value>176</value>
        <value>182</value>
        <value>185</value>
        <value>257</value>
      </values>
      <score>93.4</score>
    </agent>
    <agent>
      <ID>12</ID>
      <userName>zi2</userName>
      <strategy>ZI</strategy>
      <values>
        <value>82</value>
        <value>119</value>
        <value>128</value>
        <value>145</value>
        <value>175</value>
        <value>178</value>
        <value>180</value>
        <value>237</value>
        <value>238</value>
        <value>252</value>
      </values>
      <score>171.2</score>
    </agent>
    <agent>
      <ID>13</ID>
      <userName>zi3</userName>
      <strategy>ZI</strategy>
      <values>
        <value>69</value>
        <value>74</value>
        <value>83</value>
        <value>89</value>
        <value>114</value>
        <value>121</value>
        <value>123</value>
        <value>128</value>
        <value>141</value>
        <value>248</value>
      </values>
      <score>402.4</score>
    </agent>
    <agent>
      <ID>14</ID>
      <userName>zi4</userName>
      <strategy>ZI</strategy>
      <values>
        <value>70</value>
        <value>80</value>
        <value>83</value>
        <value>100</value>
        <value>112</value>
        <value>120</value>
        <value>147</value>
        <value>164</value>
        <value>204</value>
        <value>233</value>
      </values>
      <score>373.2</score>
    </agent>
    <agent>
      <ID>15</ID>
      <userName>zi5</userName>
      <strategy>ZI</strategy>
      <values>
        <value>237</value>
        <value>200</value>
        <value>172</value>
        <value>152</value>
        <value>132</value>
        <value>123</value>
        <value>123</value>
        <value>79</value>
        <value>76</value>
        <value>69</value>
      </values>
      <score>158.6</score>
    </agent>
    <agent>
      <ID>17</ID>
      <userName>zi7</userName>
      <strategy>ZI</strategy>
      <values>
        <value>233</value>
        <value>225</value>
        <value>206</value>
        <value>174</value>
        <value>159</value>
        <value>138</value>
        <value>77</value>
        <value>65</value>
        <value>62</value>
        <value>62</value>
      </values>
      <score>206.2</score>
    </agent>
    <agent>
      <ID>16</ID>
      <userName>zi6</userName>
      <strategy>ZI</strategy>
      <values>
        <value>243</value>
        <value>233</value>
        <value>232</value>
        <value>174</value>
        <value>157</value>
        <value>146</value>
        <value>136</value>
        <value>131</value>
        <value>120</value>
        <value>77</value>
      </values>
      <score>223.2</score>
    </agent>
    <agent>
      <ID>18</ID>
      <userName>zi8</userName>
      <strategy>ZI</strategy>
      <values>
        <value>257</value>
        <value>248</value>
        <value>239</value>
        <value>238</value>
        <value>186</value>
        <value>160</value>
        <value>140</value>
        <value>128</value>
        <value>116</value>
        <value>72</value>
      </values>
      <score>400.8</score>
    </agent>
    <agent>
      <ID>93</ID>
      <userName>gd3</userName>
      <strategy>GD</strategy>
      <values>
        <value>260</value>
        <value>259</value>
        <value>163</value>
        <value>149</value>
        <value>143</value>
        <value>133</value>
        <value>112</value>
        <value>111</value>
        <value>99</value>
        <value>91</value>
      </values>
      <score>232.0</score>
    </agent>
    <agent>
      <ID>92</ID>
      <userName>gd2</userName>
      <strategy>GD</strategy>
      <values>
        <value>83</value>
        <value>105</value>
        <value>143</value>
        <value>149</value>
        <value>150</value>
        <value>159</value>
        <value>186</value>
        <value>190</value>
        <value>237</value>
        <value>249</value>
      </values>
      <score>136.8</score>
    </agent>
    <agent>
      <ID>94</ID>
      <userName>gd4</userName>
      <strategy>GD</strategy>
      <values>
        <value>258</value>
        <value>224</value>
        <value>206</value>
        <value>164</value>
        <value>142</value>
        <value>131</value>
        <value>122</value>
        <value>121</value>
        <value>82</value>
        <value>76</value>
      </values>
      <score>240.8</score>
    </agent>
    <agent>
      <ID>91</ID>
      <userName>gd1</userName>
      <strategy>GD</strategy>
      <values>
        <value>105</value>
        <value>114</value>
        <value>117</value>
        <value>120</value>
        <value>159</value>
        <value>168</value>
        <value>196</value>
        <value>229</value>
        <value>245</value>
        <value>250</value>
      </values>
      <score>167.8</score>
    </agent>
    <agent>
      <ID>31</ID>
      <userName>zibtq1</userName>
      <strategy>ZIBTQ</strategy>
      <values>
        <value>68</value>
        <value>83</value>
        <value>90</value>
        <value>179</value>
        <value>203</value>
        <value>206</value>
        <value>209</value>
        <value>223</value>
        <value>238</value>
        <value>251</value>
      </values>
      <score>212.4</score>
    </agent>
  </scores>
</results>

