<results>
  <transactions>
    <repetition>
      <id>1</id>
      <transaction>
        <timestamp>1333599238600</timestamp>
        <buyerID>95</buyerID>
        <sellerID>92</sellerID>
        <price>113</price>
      </transaction>
      <transaction>
        <timestamp>1333599238610</timestamp>
        <buyerID>96</buyerID>
        <sellerID>91</sellerID>
        <price>113</price>
      </transaction>
      <transaction>
        <timestamp>1333599238735</timestamp>
        <buyerID>113</buyerID>
        <sellerID>94</sellerID>
        <price>113</price>
      </transaction>
      <transaction>
        <timestamp>1333599238738</timestamp>
        <buyerID>98</buyerID>
        <sellerID>11</sellerID>
        <price>110</price>
      </transaction>
      <transaction>
        <timestamp>1333599238754</timestamp>
        <buyerID>14</buyerID>
        <sellerID>111</sellerID>
        <price>117</price>
      </transaction>
      <transaction>
        <timestamp>1333599238777</timestamp>
        <buyerID>13</buyerID>
        <sellerID>94</sellerID>
        <price>125</price>
      </transaction>
      <transaction>
        <timestamp>1333599238803</timestamp>
        <buyerID>98</buyerID>
        <sellerID>12</sellerID>
        <price>95</price>
      </transaction>
      <transaction>
        <timestamp>1333599239376</timestamp>
        <buyerID>13</buyerID>
        <sellerID>91</sellerID>
        <price>120</price>
      </transaction>
      <transaction>
        <timestamp>1333599239393</timestamp>
        <buyerID>14</buyerID>
        <sellerID>94</sellerID>
        <price>120</price>
      </transaction>
      <transaction>
        <timestamp>1333599240111</timestamp>
        <buyerID>13</buyerID>
        <sellerID>92</sellerID>
        <price>115</price>
      </transaction>
      <transaction>
        <timestamp>1333599240275</timestamp>
        <buyerID>13</buyerID>
        <sellerID>94</sellerID>
        <price>115</price>
      </transaction>
      <transaction>
        <timestamp>1333599240606</timestamp>
        <buyerID>96</buyerID>
        <sellerID>93</sellerID>
        <price>115</price>
      </transaction>
      <transaction>
        <timestamp>1333599240619</timestamp>
        <buyerID>14</buyerID>
        <sellerID>111</sellerID>
        <price>115</price>
      </transaction>
      <transaction>
        <timestamp>1333599240838</timestamp>
        <buyerID>98</buyerID>
        <sellerID>91</sellerID>
        <price>115</price>
      </transaction>
      <transaction>
        <timestamp>1333599241037</timestamp>
        <buyerID>114</buyerID>
        <sellerID>112</sellerID>
        <price>117</price>
      </transaction>
      <transaction>
        <timestamp>1333599241045</timestamp>
        <buyerID>96</buyerID>
        <sellerID>111</sellerID>
        <price>117</price>
      </transaction>
      <transaction>
        <timestamp>1333599241206</timestamp>
        <buyerID>97</buyerID>
        <sellerID>94</sellerID>
        <price>118</price>
      </transaction>
      <transaction>
        <timestamp>1333599241627</timestamp>
        <buyerID>95</buyerID>
        <sellerID>12</sellerID>
        <price>131</price>
      </transaction>
      <transaction>
        <timestamp>1333599242423</timestamp>
        <buyerID>97</buyerID>
        <sellerID>111</sellerID>
        <price>138</price>
      </transaction>
      <transaction>
        <timestamp>1333599242427</timestamp>
        <buyerID>14</buyerID>
        <sellerID>93</sellerID>
        <price>139</price>
      </transaction>
      <transaction>
        <timestamp>1333599243423</timestamp>
        <buyerID>114</buyerID>
        <sellerID>92</sellerID>
        <price>149</price>
      </transaction>
      <transaction>
        <timestamp>1333599243452</timestamp>
        <buyerID>98</buyerID>
        <sellerID>93</sellerID>
        <price>149</price>
      </transaction>
      <transaction>
        <timestamp>1333599243468</timestamp>
        <buyerID>95</buyerID>
        <sellerID>12</sellerID>
        <price>148</price>
      </transaction>
      <transaction>
        <timestamp>1333599243963</timestamp>
        <buyerID>114</buyerID>
        <sellerID>94</sellerID>
        <price>149</price>
      </transaction>
      <transaction>
        <timestamp>1333599243980</timestamp>
        <buyerID>95</buyerID>
        <sellerID>111</sellerID>
        <price>149</price>
      </transaction>
      <transaction>
        <timestamp>1333599244070</timestamp>
        <buyerID>96</buyerID>
        <sellerID>93</sellerID>
        <price>149</price>
      </transaction>
      <transaction>
        <timestamp>1333599244082</timestamp>
        <buyerID>98</buyerID>
        <sellerID>111</sellerID>
        <price>149</price>
      </transaction>
      <transaction>
        <timestamp>1333599244107</timestamp>
        <buyerID>97</buyerID>
        <sellerID>112</sellerID>
        <price>150</price>
      </transaction>
      <transaction>
        <timestamp>1333599244559</timestamp>
        <buyerID>13</buyerID>
        <sellerID>11</sellerID>
        <price>171</price>
      </transaction>
      <transaction>
        <timestamp>1333599245723</timestamp>
        <buyerID>113</buyerID>
        <sellerID>11</sellerID>
        <price>164</price>
      </transaction>
      <transaction>
        <timestamp>1333599246806</timestamp>
        <buyerID>97</buyerID>
        <sellerID>91</sellerID>
        <price>166</price>
      </transaction>
      <transaction>
        <timestamp>1333599247105</timestamp>
        <buyerID>113</buyerID>
        <sellerID>91</sellerID>
        <price>166</price>
      </transaction>
      <transaction>
        <timestamp>1333599247136</timestamp>
        <buyerID>114</buyerID>
        <sellerID>111</sellerID>
        <price>166</price>
      </transaction>
      <transaction>
        <timestamp>1333599247567</timestamp>
        <buyerID>96</buyerID>
        <sellerID>12</sellerID>
        <price>166</price>
      </transaction>
      <transaction>
        <timestamp>1333599247788</timestamp>
        <buyerID>97</buyerID>
        <sellerID>112</sellerID>
        <price>166</price>
      </transaction>
      <transaction>
        <timestamp>1333599248315</timestamp>
        <buyerID>98</buyerID>
        <sellerID>12</sellerID>
        <price>165</price>
      </transaction>
      <transaction>
        <timestamp>1333599253564</timestamp>
        <buyerID>113</buyerID>
        <sellerID>12</sellerID>
        <price>166</price>
      </transaction>
      <transaction>
        <timestamp>1333599254402</timestamp>
        <buyerID>13</buyerID>
        <sellerID>11</sellerID>
        <price>165</price>
      </transaction>
      <transaction>
        <timestamp>1333599258304</timestamp>
        <buyerID>14</buyerID>
        <sellerID>93</sellerID>
        <price>179</price>
      </transaction>
      <transaction>
        <timestamp>1333599286609</timestamp>
        <buyerID>114</buyerID>
        <sellerID>12</sellerID>
        <price>162</price>
      </transaction>
      <transaction>
        <timestamp>1333599321994</timestamp>
        <buyerID>14</buyerID>
        <sellerID>12</sellerID>
        <price>164</price>
      </transaction>
    </repetition>
    <repetition>
      <id>2</id>
      <transaction>
        <timestamp>1333599364743</timestamp>
        <buyerID>95</buyerID>
        <sellerID>91</sellerID>
        <price>94</price>
      </transaction>
      <transaction>
        <timestamp>1333599364889</timestamp>
        <buyerID>13</buyerID>
        <sellerID>112</sellerID>
        <price>238</price>
      </transaction>
      <transaction>
        <timestamp>1333599365120</timestamp>
        <buyerID>97</buyerID>
        <sellerID>111</sellerID>
        <price>180</price>
      </transaction>
      <transaction>
        <timestamp>1333599365321</timestamp>
        <buyerID>13</buyerID>
        <sellerID>93</sellerID>
        <price>176</price>
      </transaction>
      <transaction>
        <timestamp>1333599366521</timestamp>
        <buyerID>98</buyerID>
        <sellerID>12</sellerID>
        <price>154</price>
      </transaction>
      <transaction>
        <timestamp>1333599366538</timestamp>
        <buyerID>14</buyerID>
        <sellerID>94</sellerID>
        <price>170</price>
      </transaction>
      <transaction>
        <timestamp>1333599367195</timestamp>
        <buyerID>95</buyerID>
        <sellerID>12</sellerID>
        <price>158</price>
      </transaction>
      <transaction>
        <timestamp>1333599367204</timestamp>
        <buyerID>14</buyerID>
        <sellerID>111</sellerID>
        <price>164</price>
      </transaction>
      <transaction>
        <timestamp>1333599367896</timestamp>
        <buyerID>96</buyerID>
        <sellerID>93</sellerID>
        <price>164</price>
      </transaction>
      <transaction>
        <timestamp>1333599367927</timestamp>
        <buyerID>97</buyerID>
        <sellerID>91</sellerID>
        <price>163</price>
      </transaction>
      <transaction>
        <timestamp>1333599367933</timestamp>
        <buyerID>95</buyerID>
        <sellerID>11</sellerID>
        <price>162</price>
      </transaction>
      <transaction>
        <timestamp>1333599368154</timestamp>
        <buyerID>113</buyerID>
        <sellerID>111</sellerID>
        <price>162</price>
      </transaction>
      <transaction>
        <timestamp>1333599368300</timestamp>
        <buyerID>98</buyerID>
        <sellerID>93</sellerID>
        <price>161</price>
      </transaction>
      <transaction>
        <timestamp>1333599368408</timestamp>
        <buyerID>113</buyerID>
        <sellerID>94</sellerID>
        <price>162</price>
      </transaction>
      <transaction>
        <timestamp>1333599368431</timestamp>
        <buyerID>96</buyerID>
        <sellerID>92</sellerID>
        <price>162</price>
      </transaction>
      <transaction>
        <timestamp>1333599368446</timestamp>
        <buyerID>97</buyerID>
        <sellerID>91</sellerID>
        <price>161</price>
      </transaction>
      <transaction>
        <timestamp>1333599368641</timestamp>
        <buyerID>13</buyerID>
        <sellerID>111</sellerID>
        <price>161</price>
      </transaction>
      <transaction>
        <timestamp>1333599369184</timestamp>
        <buyerID>114</buyerID>
        <sellerID>12</sellerID>
        <price>152</price>
      </transaction>
      <transaction>
        <timestamp>1333599369877</timestamp>
        <buyerID>96</buyerID>
        <sellerID>92</sellerID>
        <price>157</price>
      </transaction>
      <transaction>
        <timestamp>1333599369898</timestamp>
        <buyerID>98</buyerID>
        <sellerID>94</sellerID>
        <price>157</price>
      </transaction>
      <transaction>
        <timestamp>1333599369948</timestamp>
        <buyerID>97</buyerID>
        <sellerID>93</sellerID>
        <price>157</price>
      </transaction>
      <transaction>
        <timestamp>1333599370128</timestamp>
        <buyerID>114</buyerID>
        <sellerID>91</sellerID>
        <price>157</price>
      </transaction>
      <transaction>
        <timestamp>1333599370132</timestamp>
        <buyerID>95</buyerID>
        <sellerID>112</sellerID>
        <price>157</price>
      </transaction>
      <transaction>
        <timestamp>1333599370223</timestamp>
        <buyerID>113</buyerID>
        <sellerID>111</sellerID>
        <price>158</price>
      </transaction>
      <transaction>
        <timestamp>1333599370613</timestamp>
        <buyerID>96</buyerID>
        <sellerID>94</sellerID>
        <price>158</price>
      </transaction>
      <transaction>
        <timestamp>1333599370742</timestamp>
        <buyerID>97</buyerID>
        <sellerID>111</sellerID>
        <price>158</price>
      </transaction>
      <transaction>
        <timestamp>1333599371345</timestamp>
        <buyerID>98</buyerID>
        <sellerID>11</sellerID>
        <price>159</price>
      </transaction>
      <transaction>
        <timestamp>1333599371371</timestamp>
        <buyerID>96</buyerID>
        <sellerID>94</sellerID>
        <price>159</price>
      </transaction>
      <transaction>
        <timestamp>1333599371389</timestamp>
        <buyerID>14</buyerID>
        <sellerID>91</sellerID>
        <price>167</price>
      </transaction>
      <transaction>
        <timestamp>1333599371475</timestamp>
        <buyerID>114</buyerID>
        <sellerID>12</sellerID>
        <price>158</price>
      </transaction>
      <transaction>
        <timestamp>1333599372868</timestamp>
        <buyerID>96</buyerID>
        <sellerID>12</sellerID>
        <price>147</price>
      </transaction>
      <transaction>
        <timestamp>1333599374383</timestamp>
        <buyerID>14</buyerID>
        <sellerID>12</sellerID>
        <price>154</price>
      </transaction>
      <transaction>
        <timestamp>1333599374461</timestamp>
        <buyerID>98</buyerID>
        <sellerID>94</sellerID>
        <price>154</price>
      </transaction>
      <transaction>
        <timestamp>1333599374540</timestamp>
        <buyerID>113</buyerID>
        <sellerID>92</sellerID>
        <price>154</price>
      </transaction>
      <transaction>
        <timestamp>1333599375117</timestamp>
        <buyerID>114</buyerID>
        <sellerID>111</sellerID>
        <price>154</price>
      </transaction>
      <transaction>
        <timestamp>1333599375290</timestamp>
        <buyerID>97</buyerID>
        <sellerID>11</sellerID>
        <price>154</price>
      </transaction>
      <transaction>
        <timestamp>1333599375939</timestamp>
        <buyerID>14</buyerID>
        <sellerID>112</sellerID>
        <price>177</price>
      </transaction>
      <transaction>
        <timestamp>1333599378849</timestamp>
        <buyerID>13</buyerID>
        <sellerID>11</sellerID>
        <price>168</price>
      </transaction>
      <transaction>
        <timestamp>1333599384845</timestamp>
        <buyerID>13</buyerID>
        <sellerID>93</sellerID>
        <price>169</price>
      </transaction>
      <transaction>
        <timestamp>1333599385640</timestamp>
        <buyerID>98</buyerID>
        <sellerID>12</sellerID>
        <price>163</price>
      </transaction>
      <transaction>
        <timestamp>1333599474107</timestamp>
        <buyerID>14</buyerID>
        <sellerID>12</sellerID>
        <price>163</price>
      </transaction>
    </repetition>
    <repetition>
      <id>3</id>
      <transaction>
        <timestamp>1333599492239</timestamp>
        <buyerID>97</buyerID>
        <sellerID>11</sellerID>
        <price>145</price>
      </transaction>
      <transaction>
        <timestamp>1333599492611</timestamp>
        <buyerID>113</buyerID>
        <sellerID>12</sellerID>
        <price>98</price>
      </transaction>
      <transaction>
        <timestamp>1333599493056</timestamp>
        <buyerID>13</buyerID>
        <sellerID>92</sellerID>
        <price>139</price>
      </transaction>
      <transaction>
        <timestamp>1333599493096</timestamp>
        <buyerID>95</buyerID>
        <sellerID>12</sellerID>
        <price>118</price>
      </transaction>
      <transaction>
        <timestamp>1333599493695</timestamp>
        <buyerID>14</buyerID>
        <sellerID>92</sellerID>
        <price>133</price>
      </transaction>
      <transaction>
        <timestamp>1333599493710</timestamp>
        <buyerID>96</buyerID>
        <sellerID>12</sellerID>
        <price>123</price>
      </transaction>
      <transaction>
        <timestamp>1333599493837</timestamp>
        <buyerID>13</buyerID>
        <sellerID>112</sellerID>
        <price>133</price>
      </transaction>
      <transaction>
        <timestamp>1333599494309</timestamp>
        <buyerID>13</buyerID>
        <sellerID>93</sellerID>
        <price>131</price>
      </transaction>
      <transaction>
        <timestamp>1333599494662</timestamp>
        <buyerID>96</buyerID>
        <sellerID>111</sellerID>
        <price>128</price>
      </transaction>
      <transaction>
        <timestamp>1333599494756</timestamp>
        <buyerID>98</buyerID>
        <sellerID>93</sellerID>
        <price>129</price>
      </transaction>
      <transaction>
        <timestamp>1333599494768</timestamp>
        <buyerID>14</buyerID>
        <sellerID>94</sellerID>
        <price>130</price>
      </transaction>
      <transaction>
        <timestamp>1333599495156</timestamp>
        <buyerID>114</buyerID>
        <sellerID>111</sellerID>
        <price>130</price>
      </transaction>
      <transaction>
        <timestamp>1333599495267</timestamp>
        <buyerID>114</buyerID>
        <sellerID>94</sellerID>
        <price>130</price>
      </transaction>
      <transaction>
        <timestamp>1333599495306</timestamp>
        <buyerID>97</buyerID>
        <sellerID>93</sellerID>
        <price>129</price>
      </transaction>
      <transaction>
        <timestamp>1333599495341</timestamp>
        <buyerID>98</buyerID>
        <sellerID>91</sellerID>
        <price>130</price>
      </transaction>
      <transaction>
        <timestamp>1333599495902</timestamp>
        <buyerID>13</buyerID>
        <sellerID>92</sellerID>
        <price>147</price>
      </transaction>
      <transaction>
        <timestamp>1333599495995</timestamp>
        <buyerID>14</buyerID>
        <sellerID>111</sellerID>
        <price>165</price>
      </transaction>
      <transaction>
        <timestamp>1333599496559</timestamp>
        <buyerID>97</buyerID>
        <sellerID>93</sellerID>
        <price>138</price>
      </transaction>
      <transaction>
        <timestamp>1333599496677</timestamp>
        <buyerID>114</buyerID>
        <sellerID>91</sellerID>
        <price>138</price>
      </transaction>
      <transaction>
        <timestamp>1333599496757</timestamp>
        <buyerID>14</buyerID>
        <sellerID>111</sellerID>
        <price>138</price>
      </transaction>
      <transaction>
        <timestamp>1333599496941</timestamp>
        <buyerID>113</buyerID>
        <sellerID>94</sellerID>
        <price>139</price>
      </transaction>
      <transaction>
        <timestamp>1333599497632</timestamp>
        <buyerID>13</buyerID>
        <sellerID>94</sellerID>
        <price>145</price>
      </transaction>
      <transaction>
        <timestamp>1333599497660</timestamp>
        <buyerID>95</buyerID>
        <sellerID>111</sellerID>
        <price>146</price>
      </transaction>
      <transaction>
        <timestamp>1333599498057</timestamp>
        <buyerID>98</buyerID>
        <sellerID>112</sellerID>
        <price>146</price>
      </transaction>
      <transaction>
        <timestamp>1333599498063</timestamp>
        <buyerID>96</buyerID>
        <sellerID>91</sellerID>
        <price>147</price>
      </transaction>
      <transaction>
        <timestamp>1333599498211</timestamp>
        <buyerID>113</buyerID>
        <sellerID>11</sellerID>
        <price>148</price>
      </transaction>
      <transaction>
        <timestamp>1333599498903</timestamp>
        <buyerID>98</buyerID>
        <sellerID>12</sellerID>
        <price>153</price>
      </transaction>
      <transaction>
        <timestamp>1333599499626</timestamp>
        <buyerID>96</buyerID>
        <sellerID>111</sellerID>
        <price>152</price>
      </transaction>
      <transaction>
        <timestamp>1333599499701</timestamp>
        <buyerID>113</buyerID>
        <sellerID>94</sellerID>
        <price>151</price>
      </transaction>
      <transaction>
        <timestamp>1333599500589</timestamp>
        <buyerID>95</buyerID>
        <sellerID>12</sellerID>
        <price>156</price>
      </transaction>
      <transaction>
        <timestamp>1333599501939</timestamp>
        <buyerID>98</buyerID>
        <sellerID>94</sellerID>
        <price>145</price>
      </transaction>
      <transaction>
        <timestamp>1333599502659</timestamp>
        <buyerID>96</buyerID>
        <sellerID>111</sellerID>
        <price>147</price>
      </transaction>
      <transaction>
        <timestamp>1333599503311</timestamp>
        <buyerID>95</buyerID>
        <sellerID>91</sellerID>
        <price>160</price>
      </transaction>
      <transaction>
        <timestamp>1333599504934</timestamp>
        <buyerID>97</buyerID>
        <sellerID>11</sellerID>
        <price>162</price>
      </transaction>
      <transaction>
        <timestamp>1333599507952</timestamp>
        <buyerID>98</buyerID>
        <sellerID>12</sellerID>
        <price>156</price>
      </transaction>
      <transaction>
        <timestamp>1333599510060</timestamp>
        <buyerID>97</buyerID>
        <sellerID>112</sellerID>
        <price>165</price>
      </transaction>
      <transaction>
        <timestamp>1333599514776</timestamp>
        <buyerID>14</buyerID>
        <sellerID>91</sellerID>
        <price>165</price>
      </transaction>
      <transaction>
        <timestamp>1333599517748</timestamp>
        <buyerID>114</buyerID>
        <sellerID>93</sellerID>
        <price>167</price>
      </transaction>
      <transaction>
        <timestamp>1333599532550</timestamp>
        <buyerID>14</buyerID>
        <sellerID>11</sellerID>
        <price>168</price>
      </transaction>
      <transaction>
        <timestamp>1333599534142</timestamp>
        <buyerID>114</buyerID>
        <sellerID>12</sellerID>
        <price>159</price>
      </transaction>
    </repetition>
    <repetition>
      <id>4</id>
      <transaction>
        <timestamp>1333599619854</timestamp>
        <buyerID>113</buyerID>
        <sellerID>12</sellerID>
        <price>143</price>
      </transaction>
      <transaction>
        <timestamp>1333599619867</timestamp>
        <buyerID>14</buyerID>
        <sellerID>91</sellerID>
        <price>247</price>
      </transaction>
      <transaction>
        <timestamp>1333599619871</timestamp>
        <buyerID>95</buyerID>
        <sellerID>93</sellerID>
        <price>169</price>
      </transaction>
      <transaction>
        <timestamp>1333599620159</timestamp>
        <buyerID>96</buyerID>
        <sellerID>11</sellerID>
        <price>144</price>
      </transaction>
      <transaction>
        <timestamp>1333599620468</timestamp>
        <buyerID>113</buyerID>
        <sellerID>12</sellerID>
        <price>147</price>
      </transaction>
      <transaction>
        <timestamp>1333599621833</timestamp>
        <buyerID>95</buyerID>
        <sellerID>91</sellerID>
        <price>155</price>
      </transaction>
      <transaction>
        <timestamp>1333599621847</timestamp>
        <buyerID>95</buyerID>
        <sellerID>94</sellerID>
        <price>155</price>
      </transaction>
      <transaction>
        <timestamp>1333599621868</timestamp>
        <buyerID>97</buyerID>
        <sellerID>92</sellerID>
        <price>155</price>
      </transaction>
      <transaction>
        <timestamp>1333599621890</timestamp>
        <buyerID>13</buyerID>
        <sellerID>93</sellerID>
        <price>157</price>
      </transaction>
      <transaction>
        <timestamp>1333599622037</timestamp>
        <buyerID>96</buyerID>
        <sellerID>92</sellerID>
        <price>155</price>
      </transaction>
      <transaction>
        <timestamp>1333599622243</timestamp>
        <buyerID>114</buyerID>
        <sellerID>93</sellerID>
        <price>155</price>
      </transaction>
      <transaction>
        <timestamp>1333599622273</timestamp>
        <buyerID>98</buyerID>
        <sellerID>111</sellerID>
        <price>156</price>
      </transaction>
      <transaction>
        <timestamp>1333599622556</timestamp>
        <buyerID>113</buyerID>
        <sellerID>91</sellerID>
        <price>155</price>
      </transaction>
      <transaction>
        <timestamp>1333599622684</timestamp>
        <buyerID>96</buyerID>
        <sellerID>111</sellerID>
        <price>154</price>
      </transaction>
      <transaction>
        <timestamp>1333599622790</timestamp>
        <buyerID>114</buyerID>
        <sellerID>93</sellerID>
        <price>154</price>
      </transaction>
      <transaction>
        <timestamp>1333599622824</timestamp>
        <buyerID>98</buyerID>
        <sellerID>94</sellerID>
        <price>155</price>
      </transaction>
      <transaction>
        <timestamp>1333599622828</timestamp>
        <buyerID>95</buyerID>
        <sellerID>12</sellerID>
        <price>154</price>
      </transaction>
      <transaction>
        <timestamp>1333599623482</timestamp>
        <buyerID>13</buyerID>
        <sellerID>111</sellerID>
        <price>153</price>
      </transaction>
      <transaction>
        <timestamp>1333599623495</timestamp>
        <buyerID>14</buyerID>
        <sellerID>12</sellerID>
        <price>147</price>
      </transaction>
      <transaction>
        <timestamp>1333599623718</timestamp>
        <buyerID>114</buyerID>
        <sellerID>11</sellerID>
        <price>145</price>
      </transaction>
      <transaction>
        <timestamp>1333599624199</timestamp>
        <buyerID>98</buyerID>
        <sellerID>11</sellerID>
        <price>145</price>
      </transaction>
      <transaction>
        <timestamp>1333599624386</timestamp>
        <buyerID>14</buyerID>
        <sellerID>111</sellerID>
        <price>150</price>
      </transaction>
      <transaction>
        <timestamp>1333599625061</timestamp>
        <buyerID>96</buyerID>
        <sellerID>112</sellerID>
        <price>149</price>
      </transaction>
      <transaction>
        <timestamp>1333599625079</timestamp>
        <buyerID>13</buyerID>
        <sellerID>92</sellerID>
        <price>149</price>
      </transaction>
      <transaction>
        <timestamp>1333599625140</timestamp>
        <buyerID>114</buyerID>
        <sellerID>94</sellerID>
        <price>149</price>
      </transaction>
      <transaction>
        <timestamp>1333599625155</timestamp>
        <buyerID>14</buyerID>
        <sellerID>111</sellerID>
        <price>150</price>
      </transaction>
      <transaction>
        <timestamp>1333599626597</timestamp>
        <buyerID>98</buyerID>
        <sellerID>12</sellerID>
        <price>154</price>
      </transaction>
      <transaction>
        <timestamp>1333599626664</timestamp>
        <buyerID>13</buyerID>
        <sellerID>111</sellerID>
        <price>163</price>
      </transaction>
      <transaction>
        <timestamp>1333599628074</timestamp>
        <buyerID>98</buyerID>
        <sellerID>91</sellerID>
        <price>160</price>
      </transaction>
      <transaction>
        <timestamp>1333599628092</timestamp>
        <buyerID>97</buyerID>
        <sellerID>12</sellerID>
        <price>159</price>
      </transaction>
      <transaction>
        <timestamp>1333599628821</timestamp>
        <buyerID>97</buyerID>
        <sellerID>94</sellerID>
        <price>160</price>
      </transaction>
      <transaction>
        <timestamp>1333599628966</timestamp>
        <buyerID>96</buyerID>
        <sellerID>111</sellerID>
        <price>161</price>
      </transaction>
      <transaction>
        <timestamp>1333599629397</timestamp>
        <buyerID>97</buyerID>
        <sellerID>112</sellerID>
        <price>161</price>
      </transaction>
      <transaction>
        <timestamp>1333599629434</timestamp>
        <buyerID>13</buyerID>
        <sellerID>94</sellerID>
        <price>172</price>
      </transaction>
      <transaction>
        <timestamp>1333599631560</timestamp>
        <buyerID>14</buyerID>
        <sellerID>94</sellerID>
        <price>165</price>
      </transaction>
      <transaction>
        <timestamp>1333599631629</timestamp>
        <buyerID>97</buyerID>
        <sellerID>112</sellerID>
        <price>166</price>
      </transaction>
      <transaction>
        <timestamp>1333599634669</timestamp>
        <buyerID>113</buyerID>
        <sellerID>12</sellerID>
        <price>165</price>
      </transaction>
      <transaction>
        <timestamp>1333599639862</timestamp>
        <buyerID>98</buyerID>
        <sellerID>91</sellerID>
        <price>165</price>
      </transaction>
      <transaction>
        <timestamp>1333599651879</timestamp>
        <buyerID>14</buyerID>
        <sellerID>93</sellerID>
        <price>168</price>
      </transaction>
      <transaction>
        <timestamp>1333599660098</timestamp>
        <buyerID>114</buyerID>
        <sellerID>11</sellerID>
        <price>163</price>
      </transaction>
      <transaction>
        <timestamp>1333599683480</timestamp>
        <buyerID>13</buyerID>
        <sellerID>12</sellerID>
        <price>167</price>
      </transaction>
    </repetition>
    <repetition>
      <id>5</id>
      <transaction>
        <timestamp>1333599747237</timestamp>
        <buyerID>97</buyerID>
        <sellerID>93</sellerID>
        <price>142</price>
      </transaction>
      <transaction>
        <timestamp>1333599747369</timestamp>
        <buyerID>98</buyerID>
        <sellerID>111</sellerID>
        <price>142</price>
      </transaction>
      <transaction>
        <timestamp>1333599747545</timestamp>
        <buyerID>13</buyerID>
        <sellerID>112</sellerID>
        <price>142</price>
      </transaction>
      <transaction>
        <timestamp>1333599747549</timestamp>
        <buyerID>14</buyerID>
        <sellerID>92</sellerID>
        <price>143</price>
      </transaction>
      <transaction>
        <timestamp>1333599747813</timestamp>
        <buyerID>95</buyerID>
        <sellerID>12</sellerID>
        <price>146</price>
      </transaction>
      <transaction>
        <timestamp>1333599747820</timestamp>
        <buyerID>96</buyerID>
        <sellerID>11</sellerID>
        <price>145</price>
      </transaction>
      <transaction>
        <timestamp>1333599747928</timestamp>
        <buyerID>97</buyerID>
        <sellerID>12</sellerID>
        <price>146</price>
      </transaction>
      <transaction>
        <timestamp>1333599748670</timestamp>
        <buyerID>98</buyerID>
        <sellerID>111</sellerID>
        <price>189</price>
      </transaction>
      <transaction>
        <timestamp>1333599748688</timestamp>
        <buyerID>96</buyerID>
        <sellerID>12</sellerID>
        <price>188</price>
      </transaction>
      <transaction>
        <timestamp>1333599748932</timestamp>
        <buyerID>114</buyerID>
        <sellerID>94</sellerID>
        <price>188</price>
      </transaction>
      <transaction>
        <timestamp>1333599748939</timestamp>
        <buyerID>113</buyerID>
        <sellerID>91</sellerID>
        <price>188</price>
      </transaction>
      <transaction>
        <timestamp>1333599749035</timestamp>
        <buyerID>95</buyerID>
        <sellerID>111</sellerID>
        <price>187</price>
      </transaction>
      <transaction>
        <timestamp>1333599749040</timestamp>
        <buyerID>13</buyerID>
        <sellerID>93</sellerID>
        <price>189</price>
      </transaction>
      <transaction>
        <timestamp>1333599749061</timestamp>
        <buyerID>95</buyerID>
        <sellerID>92</sellerID>
        <price>188</price>
      </transaction>
      <transaction>
        <timestamp>1333599749310</timestamp>
        <buyerID>96</buyerID>
        <sellerID>93</sellerID>
        <price>187</price>
      </transaction>
      <transaction>
        <timestamp>1333599749340</timestamp>
        <buyerID>97</buyerID>
        <sellerID>11</sellerID>
        <price>187</price>
      </transaction>
      <transaction>
        <timestamp>1333599749485</timestamp>
        <buyerID>95</buyerID>
        <sellerID>12</sellerID>
        <price>160</price>
      </transaction>
      <transaction>
        <timestamp>1333599749600</timestamp>
        <buyerID>13</buyerID>
        <sellerID>92</sellerID>
        <price>185</price>
      </transaction>
      <transaction>
        <timestamp>1333599749766</timestamp>
        <buyerID>14</buyerID>
        <sellerID>111</sellerID>
        <price>185</price>
      </transaction>
      <transaction>
        <timestamp>1333599750072</timestamp>
        <buyerID>98</buyerID>
        <sellerID>12</sellerID>
        <price>162</price>
      </transaction>
      <transaction>
        <timestamp>1333599751185</timestamp>
        <buyerID>113</buyerID>
        <sellerID>11</sellerID>
        <price>174</price>
      </transaction>
      <transaction>
        <timestamp>1333599751799</timestamp>
        <buyerID>113</buyerID>
        <sellerID>111</sellerID>
        <price>174</price>
      </transaction>
      <transaction>
        <timestamp>1333599751807</timestamp>
        <buyerID>96</buyerID>
        <sellerID>112</sellerID>
        <price>174</price>
      </transaction>
      <transaction>
        <timestamp>1333599751820</timestamp>
        <buyerID>97</buyerID>
        <sellerID>91</sellerID>
        <price>173</price>
      </transaction>
      <transaction>
        <timestamp>1333599751929</timestamp>
        <buyerID>114</buyerID>
        <sellerID>12</sellerID>
        <price>173</price>
      </transaction>
      <transaction>
        <timestamp>1333599751934</timestamp>
        <buyerID>13</buyerID>
        <sellerID>92</sellerID>
        <price>174</price>
      </transaction>
      <transaction>
        <timestamp>1333599752646</timestamp>
        <buyerID>97</buyerID>
        <sellerID>11</sellerID>
        <price>166</price>
      </transaction>
      <transaction>
        <timestamp>1333599753065</timestamp>
        <buyerID>14</buyerID>
        <sellerID>94</sellerID>
        <price>174</price>
      </transaction>
      <transaction>
        <timestamp>1333599753944</timestamp>
        <buyerID>113</buyerID>
        <sellerID>93</sellerID>
        <price>171</price>
      </transaction>
      <transaction>
        <timestamp>1333599754023</timestamp>
        <buyerID>114</buyerID>
        <sellerID>91</sellerID>
        <price>172</price>
      </transaction>
      <transaction>
        <timestamp>1333599754131</timestamp>
        <buyerID>98</buyerID>
        <sellerID>94</sellerID>
        <price>171</price>
      </transaction>
      <transaction>
        <timestamp>1333599754792</timestamp>
        <buyerID>114</buyerID>
        <sellerID>91</sellerID>
        <price>170</price>
      </transaction>
      <transaction>
        <timestamp>1333599754802</timestamp>
        <buyerID>98</buyerID>
        <sellerID>111</sellerID>
        <price>171</price>
      </transaction>
      <transaction>
        <timestamp>1333599756271</timestamp>
        <buyerID>96</buyerID>
        <sellerID>94</sellerID>
        <price>168</price>
      </transaction>
      <transaction>
        <timestamp>1333599756981</timestamp>
        <buyerID>98</buyerID>
        <sellerID>94</sellerID>
        <price>167</price>
      </transaction>
      <transaction>
        <timestamp>1333599757785</timestamp>
        <buyerID>13</buyerID>
        <sellerID>94</sellerID>
        <price>167</price>
      </transaction>
      <transaction>
        <timestamp>1333599767408</timestamp>
        <buyerID>14</buyerID>
        <sellerID>93</sellerID>
        <price>167</price>
      </transaction>
      <transaction>
        <timestamp>1333599775616</timestamp>
        <buyerID>14</buyerID>
        <sellerID>91</sellerID>
        <price>167</price>
      </transaction>
      <transaction>
        <timestamp>1333599785348</timestamp>
        <buyerID>114</buyerID>
        <sellerID>12</sellerID>
        <price>159</price>
      </transaction>
      <transaction>
        <timestamp>1333599820635</timestamp>
        <buyerID>13</buyerID>
        <sellerID>111</sellerID>
        <price>164</price>
      </transaction>
      <transaction>
        <timestamp>1333599832730</timestamp>
        <buyerID>14</buyerID>
        <sellerID>112</sellerID>
        <price>165</price>
      </transaction>
    </repetition>
  </transactions>
  <scores>
    <agent>
      <ID>98</ID>
      <userName>gd8</userName>
      <strategy>GD</strategy>
      <values>
        <value>259</value>
        <value>249</value>
        <value>248</value>
        <value>245</value>
        <value>192</value>
        <value>169</value>
        <value>146</value>
        <value>110</value>
        <value>79</value>
        <value>73</value>
      </values>
      <score>456.6</score>
    </agent>
    <agent>
      <ID>96</ID>
      <userName>gd6</userName>
      <strategy>GD</strategy>
      <values>
        <value>217</value>
        <value>210</value>
        <value>190</value>
        <value>182</value>
        <value>170</value>
        <value>150</value>
        <value>126</value>
        <value>86</value>
        <value>72</value>
        <value>61</value>
      </values>
      <score>213.2</score>
    </agent>
    <agent>
      <ID>97</ID>
      <userName>gd7</userName>
      <strategy>GD</strategy>
      <values>
        <value>257</value>
        <value>223</value>
        <value>214</value>
        <value>212</value>
        <value>178</value>
        <value>155</value>
        <value>119</value>
        <value>101</value>
        <value>78</value>
        <value>77</value>
      </values>
      <score>302.0</score>
    </agent>
    <agent>
      <ID>111</ID>
      <userName>gdx1</userName>
      <strategy>GDX</strategy>
      <values>
        <value>84</value>
        <value>97</value>
        <value>98</value>
        <value>106</value>
        <value>124</value>
        <value>130</value>
        <value>143</value>
        <value>218</value>
        <value>224</value>
        <value>229</value>
      </values>
      <score>296.6</score>
    </agent>
    <agent>
      <ID>11</ID>
      <userName>zi1</userName>
      <strategy>ZI</strategy>
      <values>
        <value>62</value>
        <value>113</value>
        <value>127</value>
        <value>161</value>
        <value>169</value>
        <value>196</value>
        <value>200</value>
        <value>211</value>
        <value>248</value>
        <value>251</value>
      </values>
      <score>166.0</score>
    </agent>
    <agent>
      <ID>12</ID>
      <userName>zi2</userName>
      <strategy>ZI</strategy>
      <values>
        <value>64</value>
        <value>70</value>
        <value>99</value>
        <value>101</value>
        <value>107</value>
        <value>136</value>
        <value>157</value>
        <value>163</value>
        <value>215</value>
        <value>228</value>
      </values>
      <score>324.0</score>
    </agent>
    <agent>
      <ID>13</ID>
      <userName>zi3</userName>
      <strategy>ZI</strategy>
      <values>
        <value>257</value>
        <value>218</value>
        <value>201</value>
        <value>193</value>
        <value>179</value>
        <value>167</value>
        <value>158</value>
        <value>144</value>
        <value>90</value>
        <value>71</value>
      </values>
      <score>268.2</score>
    </agent>
    <agent>
      <ID>14</ID>
      <userName>zi4</userName>
      <strategy>ZI</strategy>
      <values>
        <value>260</value>
        <value>221</value>
        <value>204</value>
        <value>194</value>
        <value>188</value>
        <value>168</value>
        <value>160</value>
        <value>135</value>
        <value>128</value>
        <value>95</value>
      </values>
      <score>283.8</score>
    </agent>
    <agent>
      <ID>114</ID>
      <userName>gdx4</userName>
      <strategy>GDX</strategy>
      <values>
        <value>239</value>
        <value>238</value>
        <value>221</value>
        <value>197</value>
        <value>164</value>
        <value>151</value>
        <value>139</value>
        <value>113</value>
        <value>88</value>
        <value>68</value>
      </values>
      <score>283.0</score>
    </agent>
    <agent>
      <ID>113</ID>
      <userName>gdx3</userName>
      <strategy>GDX</strategy>
      <values>
        <value>259</value>
        <value>230</value>
        <value>224</value>
        <value>208</value>
        <value>136</value>
        <value>128</value>
        <value>119</value>
        <value>94</value>
        <value>90</value>
        <value>80</value>
      </values>
      <score>301.4</score>
    </agent>
    <agent>
      <ID>112</ID>
      <userName>gdx2</userName>
      <strategy>GDX</strategy>
      <values>
        <value>76</value>
        <value>145</value>
        <value>164</value>
        <value>180</value>
        <value>193</value>
        <value>202</value>
        <value>222</value>
        <value>225</value>
        <value>227</value>
        <value>234</value>
      </values>
      <score>96.2</score>
    </agent>
    <agent>
      <ID>93</ID>
      <userName>gd3</userName>
      <strategy>GD</strategy>
      <values>
        <value>70</value>
        <value>91</value>
        <value>105</value>
        <value>119</value>
        <value>166</value>
        <value>168</value>
        <value>194</value>
        <value>224</value>
        <value>238</value>
        <value>252</value>
      </values>
      <score>231.2</score>
    </agent>
    <agent>
      <ID>92</ID>
      <userName>gd2</userName>
      <strategy>GD</strategy>
      <values>
        <value>75</value>
        <value>94</value>
        <value>133</value>
        <value>168</value>
        <value>190</value>
        <value>225</value>
        <value>228</value>
        <value>238</value>
        <value>253</value>
        <value>253</value>
      </values>
      <score>148.0</score>
    </agent>
    <agent>
      <ID>95</ID>
      <userName>gd5</userName>
      <strategy>GD</strategy>
      <values>
        <value>254</value>
        <value>250</value>
        <value>232</value>
        <value>214</value>
        <value>151</value>
        <value>130</value>
        <value>122</value>
        <value>109</value>
        <value>107</value>
        <value>62</value>
      </values>
      <score>348.8</score>
    </agent>
    <agent>
      <ID>94</ID>
      <userName>gd4</userName>
      <strategy>GD</strategy>
      <values>
        <value>62</value>
        <value>78</value>
        <value>89</value>
        <value>99</value>
        <value>102</value>
        <value>144</value>
        <value>215</value>
        <value>228</value>
        <value>230</value>
        <value>234</value>
      </values>
      <score>332.2</score>
    </agent>
    <agent>
      <ID>91</ID>
      <userName>gd1</userName>
      <strategy>GD</strategy>
      <values>
        <value>72</value>
        <value>87</value>
        <value>108</value>
        <value>155</value>
        <value>164</value>
        <value>223</value>
        <value>238</value>
        <value>258</value>
        <value>258</value>
        <value>260</value>
      </values>
      <score>196.8</score>
    </agent>
  </scores>
</results>

