<results>
  <transactions>
    <repetition>
      <id>1</id>
      <transaction>
        <timestamp>1333596571272</timestamp>
        <buyerID>34</buyerID>
        <sellerID>31</sellerID>
        <price>68</price>
      </transaction>
      <transaction>
        <timestamp>1333596571307</timestamp>
        <buyerID>13</buyerID>
        <sellerID>11</sellerID>
        <price>197</price>
      </transaction>
      <transaction>
        <timestamp>1333596571330</timestamp>
        <buyerID>14</buyerID>
        <sellerID>32</sellerID>
        <price>108</price>
      </transaction>
      <transaction>
        <timestamp>1333596571415</timestamp>
        <buyerID>33</buyerID>
        <sellerID>91</sellerID>
        <price>131</price>
      </transaction>
      <transaction>
        <timestamp>1333596571443</timestamp>
        <buyerID>34</buyerID>
        <sellerID>12</sellerID>
        <price>105</price>
      </transaction>
      <transaction>
        <timestamp>1333596571590</timestamp>
        <buyerID>13</buyerID>
        <sellerID>11</sellerID>
        <price>127</price>
      </transaction>
      <transaction>
        <timestamp>1333596571617</timestamp>
        <buyerID>14</buyerID>
        <sellerID>91</sellerID>
        <price>131</price>
      </transaction>
      <transaction>
        <timestamp>1333596571644</timestamp>
        <buyerID>33</buyerID>
        <sellerID>32</sellerID>
        <price>132</price>
      </transaction>
      <transaction>
        <timestamp>1333596571669</timestamp>
        <buyerID>34</buyerID>
        <sellerID>11</sellerID>
        <price>144</price>
      </transaction>
      <transaction>
        <timestamp>1333596571726</timestamp>
        <buyerID>93</buyerID>
        <sellerID>31</sellerID>
        <price>129</price>
      </transaction>
      <transaction>
        <timestamp>1333596571741</timestamp>
        <buyerID>94</buyerID>
        <sellerID>12</sellerID>
        <price>128</price>
      </transaction>
      <transaction>
        <timestamp>1333596572323</timestamp>
        <buyerID>14</buyerID>
        <sellerID>32</sellerID>
        <price>144</price>
      </transaction>
      <transaction>
        <timestamp>1333596572458</timestamp>
        <buyerID>33</buyerID>
        <sellerID>92</sellerID>
        <price>144</price>
      </transaction>
      <transaction>
        <timestamp>1333596573044</timestamp>
        <buyerID>14</buyerID>
        <sellerID>91</sellerID>
        <price>145</price>
      </transaction>
      <transaction>
        <timestamp>1333596573135</timestamp>
        <buyerID>34</buyerID>
        <sellerID>31</sellerID>
        <price>149</price>
      </transaction>
      <transaction>
        <timestamp>1333596573160</timestamp>
        <buyerID>33</buyerID>
        <sellerID>92</sellerID>
        <price>156</price>
      </transaction>
      <transaction>
        <timestamp>1333596573860</timestamp>
        <buyerID>14</buyerID>
        <sellerID>11</sellerID>
        <price>156</price>
      </transaction>
      <transaction>
        <timestamp>1333596573945</timestamp>
        <buyerID>33</buyerID>
        <sellerID>91</sellerID>
        <price>155</price>
      </transaction>
      <transaction>
        <timestamp>1333596574626</timestamp>
        <buyerID>13</buyerID>
        <sellerID>92</sellerID>
        <price>154</price>
      </transaction>
      <transaction>
        <timestamp>1333596574649</timestamp>
        <buyerID>34</buyerID>
        <sellerID>91</sellerID>
        <price>155</price>
      </transaction>
      <transaction>
        <timestamp>1333596575351</timestamp>
        <buyerID>93</buyerID>
        <sellerID>92</sellerID>
        <price>155</price>
      </transaction>
      <transaction>
        <timestamp>1333596575383</timestamp>
        <buyerID>94</buyerID>
        <sellerID>12</sellerID>
        <price>155</price>
      </transaction>
      <transaction>
        <timestamp>1333596575456</timestamp>
        <buyerID>93</buyerID>
        <sellerID>91</sellerID>
        <price>155</price>
      </transaction>
      <transaction>
        <timestamp>1333596576209</timestamp>
        <buyerID>34</buyerID>
        <sellerID>31</sellerID>
        <price>157</price>
      </transaction>
      <transaction>
        <timestamp>1333596576213</timestamp>
        <buyerID>13</buyerID>
        <sellerID>32</sellerID>
        <price>157</price>
      </transaction>
      <transaction>
        <timestamp>1333596576899</timestamp>
        <buyerID>13</buyerID>
        <sellerID>31</sellerID>
        <price>172</price>
      </transaction>
      <transaction>
        <timestamp>1333596576971</timestamp>
        <buyerID>93</buyerID>
        <sellerID>12</sellerID>
        <price>157</price>
      </transaction>
      <transaction>
        <timestamp>1333596577698</timestamp>
        <buyerID>94</buyerID>
        <sellerID>12</sellerID>
        <price>156</price>
      </transaction>
      <transaction>
        <timestamp>1333596676725</timestamp>
        <buyerID>33</buyerID>
        <sellerID>72</sellerID>
        <price>116</price>
      </transaction>
      <transaction>
        <timestamp>1333596677357</timestamp>
        <buyerID>33</buyerID>
        <sellerID>72</sellerID>
        <price>116</price>
      </transaction>
      <transaction>
        <timestamp>1333596678969</timestamp>
        <buyerID>14</buyerID>
        <sellerID>72</sellerID>
        <price>125</price>
      </transaction>
      <transaction>
        <timestamp>1333596680305</timestamp>
        <buyerID>93</buyerID>
        <sellerID>72</sellerID>
        <price>154</price>
      </transaction>
      <transaction>
        <timestamp>1333596680474</timestamp>
        <buyerID>73</buyerID>
        <sellerID>31</sellerID>
        <price>165</price>
      </transaction>
      <transaction>
        <timestamp>1333596681188</timestamp>
        <buyerID>73</buyerID>
        <sellerID>92</sellerID>
        <price>174</price>
      </transaction>
      <transaction>
        <timestamp>1333596681894</timestamp>
        <buyerID>73</buyerID>
        <sellerID>31</sellerID>
        <price>173</price>
      </transaction>
      <transaction>
        <timestamp>1333596683391</timestamp>
        <buyerID>73</buyerID>
        <sellerID>12</sellerID>
        <price>159</price>
      </transaction>
      <transaction>
        <timestamp>1333596685612</timestamp>
        <buyerID>94</buyerID>
        <sellerID>71</sellerID>
        <price>152</price>
      </transaction>
      <transaction>
        <timestamp>1333596685629</timestamp>
        <buyerID>74</buyerID>
        <sellerID>11</sellerID>
        <price>186</price>
      </transaction>
      <transaction>
        <timestamp>1333596686401</timestamp>
        <buyerID>74</buyerID>
        <sellerID>91</sellerID>
        <price>194</price>
      </transaction>
      <transaction>
        <timestamp>1333596686458</timestamp>
        <buyerID>13</buyerID>
        <sellerID>71</sellerID>
        <price>144</price>
      </transaction>
      <transaction>
        <timestamp>1333596687087</timestamp>
        <buyerID>74</buyerID>
        <sellerID>31</sellerID>
        <price>197</price>
      </transaction>
      <transaction>
        <timestamp>1333596687108</timestamp>
        <buyerID>14</buyerID>
        <sellerID>71</sellerID>
        <price>116</price>
      </transaction>
      <transaction>
        <timestamp>1333596687858</timestamp>
        <buyerID>74</buyerID>
        <sellerID>11</sellerID>
        <price>172</price>
      </transaction>
      <transaction>
        <timestamp>1333596687944</timestamp>
        <buyerID>93</buyerID>
        <sellerID>71</sellerID>
        <price>116</price>
      </transaction>
      <transaction>
        <timestamp>1333596688582</timestamp>
        <buyerID>94</buyerID>
        <sellerID>71</sellerID>
        <price>116</price>
      </transaction>
      <transaction>
        <timestamp>1333596689439</timestamp>
        <buyerID>94</buyerID>
        <sellerID>71</sellerID>
        <price>115</price>
      </transaction>
      <transaction>
        <timestamp>1333596690802</timestamp>
        <buyerID>74</buyerID>
        <sellerID>12</sellerID>
        <price>177</price>
      </transaction>
      <transaction>
        <timestamp>1333596690958</timestamp>
        <buyerID>94</buyerID>
        <sellerID>71</sellerID>
        <price>123</price>
      </transaction>
    </repetition>
    <repetition>
      <id>2</id>
      <transaction>
        <timestamp>1333596697736</timestamp>
        <buyerID>94</buyerID>
        <sellerID>92</sellerID>
        <price>198</price>
      </transaction>
      <transaction>
        <timestamp>1333596697743</timestamp>
        <buyerID>33</buyerID>
        <sellerID>11</sellerID>
        <price>152</price>
      </transaction>
      <transaction>
        <timestamp>1333596697828</timestamp>
        <buyerID>34</buyerID>
        <sellerID>91</sellerID>
        <price>134</price>
      </transaction>
      <transaction>
        <timestamp>1333596697841</timestamp>
        <buyerID>13</buyerID>
        <sellerID>31</sellerID>
        <price>125</price>
      </transaction>
      <transaction>
        <timestamp>1333596697849</timestamp>
        <buyerID>14</buyerID>
        <sellerID>32</sellerID>
        <price>135</price>
      </transaction>
      <transaction>
        <timestamp>1333596698359</timestamp>
        <buyerID>14</buyerID>
        <sellerID>91</sellerID>
        <price>197</price>
      </transaction>
      <transaction>
        <timestamp>1333596698436</timestamp>
        <buyerID>34</buyerID>
        <sellerID>32</sellerID>
        <price>147</price>
      </transaction>
      <transaction>
        <timestamp>1333596699042</timestamp>
        <buyerID>93</buyerID>
        <sellerID>31</sellerID>
        <price>178</price>
      </transaction>
      <transaction>
        <timestamp>1333596699069</timestamp>
        <buyerID>33</buyerID>
        <sellerID>32</sellerID>
        <price>177</price>
      </transaction>
      <transaction>
        <timestamp>1333596699079</timestamp>
        <buyerID>34</buyerID>
        <sellerID>92</sellerID>
        <price>193</price>
      </transaction>
      <transaction>
        <timestamp>1333596699221</timestamp>
        <buyerID>93</buyerID>
        <sellerID>11</sellerID>
        <price>164</price>
      </transaction>
      <transaction>
        <timestamp>1333596699795</timestamp>
        <buyerID>94</buyerID>
        <sellerID>32</sellerID>
        <price>163</price>
      </transaction>
      <transaction>
        <timestamp>1333596699816</timestamp>
        <buyerID>14</buyerID>
        <sellerID>12</sellerID>
        <price>162</price>
      </transaction>
      <transaction>
        <timestamp>1333596699843</timestamp>
        <buyerID>93</buyerID>
        <sellerID>72</sellerID>
        <price>183</price>
      </transaction>
      <transaction>
        <timestamp>1333596699895</timestamp>
        <buyerID>73</buyerID>
        <sellerID>71</sellerID>
        <price>183</price>
      </transaction>
      <transaction>
        <timestamp>1333596699918</timestamp>
        <buyerID>33</buyerID>
        <sellerID>91</sellerID>
        <price>191</price>
      </transaction>
      <transaction>
        <timestamp>1333596699941</timestamp>
        <buyerID>34</buyerID>
        <sellerID>31</sellerID>
        <price>182</price>
      </transaction>
      <transaction>
        <timestamp>1333596700597</timestamp>
        <buyerID>14</buyerID>
        <sellerID>11</sellerID>
        <price>176</price>
      </transaction>
      <transaction>
        <timestamp>1333596700632</timestamp>
        <buyerID>14</buyerID>
        <sellerID>31</sellerID>
        <price>164</price>
      </transaction>
      <transaction>
        <timestamp>1333596700664</timestamp>
        <buyerID>34</buyerID>
        <sellerID>12</sellerID>
        <price>160</price>
      </transaction>
      <transaction>
        <timestamp>1333596701375</timestamp>
        <buyerID>93</buyerID>
        <sellerID>12</sellerID>
        <price>157</price>
      </transaction>
      <transaction>
        <timestamp>1333596701415</timestamp>
        <buyerID>33</buyerID>
        <sellerID>91</sellerID>
        <price>168</price>
      </transaction>
      <transaction>
        <timestamp>1333596701439</timestamp>
        <buyerID>94</buyerID>
        <sellerID>72</sellerID>
        <price>156</price>
      </transaction>
      <transaction>
        <timestamp>1333596702117</timestamp>
        <buyerID>34</buyerID>
        <sellerID>31</sellerID>
        <price>165</price>
      </transaction>
      <transaction>
        <timestamp>1333596702167</timestamp>
        <buyerID>93</buyerID>
        <sellerID>72</sellerID>
        <price>155</price>
      </transaction>
      <transaction>
        <timestamp>1333596702206</timestamp>
        <buyerID>33</buyerID>
        <sellerID>92</sellerID>
        <price>166</price>
      </transaction>
      <transaction>
        <timestamp>1333596702912</timestamp>
        <buyerID>13</buyerID>
        <sellerID>91</sellerID>
        <price>163</price>
      </transaction>
      <transaction>
        <timestamp>1333596705208</timestamp>
        <buyerID>13</buyerID>
        <sellerID>92</sellerID>
        <price>158</price>
      </transaction>
      <transaction>
        <timestamp>1333596706652</timestamp>
        <buyerID>14</buyerID>
        <sellerID>12</sellerID>
        <price>141</price>
      </transaction>
      <transaction>
        <timestamp>1333596707443</timestamp>
        <buyerID>74</buyerID>
        <sellerID>12</sellerID>
        <price>141</price>
      </transaction>
      <transaction>
        <timestamp>1333596710315</timestamp>
        <buyerID>13</buyerID>
        <sellerID>91</sellerID>
        <price>154</price>
      </transaction>
      <transaction>
        <timestamp>1333596711107</timestamp>
        <buyerID>13</buyerID>
        <sellerID>31</sellerID>
        <price>165</price>
      </transaction>
      <transaction>
        <timestamp>1333596722392</timestamp>
        <buyerID>74</buyerID>
        <sellerID>11</sellerID>
        <price>154</price>
      </transaction>
      <transaction>
        <timestamp>1333596723146</timestamp>
        <buyerID>73</buyerID>
        <sellerID>12</sellerID>
        <price>157</price>
      </transaction>
      <transaction>
        <timestamp>1333596762957</timestamp>
        <buyerID>74</buyerID>
        <sellerID>12</sellerID>
        <price>164</price>
      </transaction>
      <transaction>
        <timestamp>1333596807901</timestamp>
        <buyerID>73</buyerID>
        <sellerID>11</sellerID>
        <price>171</price>
      </transaction>
      <transaction>
        <timestamp>1333596808595</timestamp>
        <buyerID>73</buyerID>
        <sellerID>31</sellerID>
        <price>171</price>
      </transaction>
      <transaction>
        <timestamp>1333596810227</timestamp>
        <buyerID>94</buyerID>
        <sellerID>72</sellerID>
        <price>148</price>
      </transaction>
      <transaction>
        <timestamp>1333596813094</timestamp>
        <buyerID>94</buyerID>
        <sellerID>71</sellerID>
        <price>147</price>
      </transaction>
      <transaction>
        <timestamp>1333596813148</timestamp>
        <buyerID>74</buyerID>
        <sellerID>31</sellerID>
        <price>197</price>
      </transaction>
      <transaction>
        <timestamp>1333596813874</timestamp>
        <buyerID>74</buyerID>
        <sellerID>92</sellerID>
        <price>175</price>
      </transaction>
      <transaction>
        <timestamp>1333596813884</timestamp>
        <buyerID>94</buyerID>
        <sellerID>71</sellerID>
        <price>131</price>
      </transaction>
      <transaction>
        <timestamp>1333596814536</timestamp>
        <buyerID>93</buyerID>
        <sellerID>71</sellerID>
        <price>123</price>
      </transaction>
      <transaction>
        <timestamp>1333596815288</timestamp>
        <buyerID>94</buyerID>
        <sellerID>71</sellerID>
        <price>122</price>
      </transaction>
      <transaction>
        <timestamp>1333596816092</timestamp>
        <buyerID>33</buyerID>
        <sellerID>71</sellerID>
        <price>116</price>
      </transaction>
      <transaction>
        <timestamp>1333596817639</timestamp>
        <buyerID>14</buyerID>
        <sellerID>71</sellerID>
        <price>132</price>
      </transaction>
      <transaction>
        <timestamp>1333596818297</timestamp>
        <buyerID>13</buyerID>
        <sellerID>71</sellerID>
        <price>131</price>
      </transaction>
    </repetition>
    <repetition>
      <id>3</id>
      <transaction>
        <timestamp>1333596825252</timestamp>
        <buyerID>33</buyerID>
        <sellerID>12</sellerID>
        <price>197</price>
      </transaction>
      <transaction>
        <timestamp>1333596825263</timestamp>
        <buyerID>93</buyerID>
        <sellerID>32</sellerID>
        <price>196</price>
      </transaction>
      <transaction>
        <timestamp>1333596825284</timestamp>
        <buyerID>13</buyerID>
        <sellerID>31</sellerID>
        <price>177</price>
      </transaction>
      <transaction>
        <timestamp>1333596825827</timestamp>
        <buyerID>93</buyerID>
        <sellerID>11</sellerID>
        <price>153</price>
      </transaction>
      <transaction>
        <timestamp>1333596825868</timestamp>
        <buyerID>14</buyerID>
        <sellerID>31</sellerID>
        <price>167</price>
      </transaction>
      <transaction>
        <timestamp>1333596825881</timestamp>
        <buyerID>33</buyerID>
        <sellerID>92</sellerID>
        <price>176</price>
      </transaction>
      <transaction>
        <timestamp>1333596825965</timestamp>
        <buyerID>94</buyerID>
        <sellerID>32</sellerID>
        <price>152</price>
      </transaction>
      <transaction>
        <timestamp>1333596825974</timestamp>
        <buyerID>34</buyerID>
        <sellerID>91</sellerID>
        <price>175</price>
      </transaction>
      <transaction>
        <timestamp>1333596826559</timestamp>
        <buyerID>34</buyerID>
        <sellerID>92</sellerID>
        <price>176</price>
      </transaction>
      <transaction>
        <timestamp>1333596826633</timestamp>
        <buyerID>33</buyerID>
        <sellerID>32</sellerID>
        <price>147</price>
      </transaction>
      <transaction>
        <timestamp>1333596827327</timestamp>
        <buyerID>94</buyerID>
        <sellerID>12</sellerID>
        <price>140</price>
      </transaction>
      <transaction>
        <timestamp>1333596827345</timestamp>
        <buyerID>34</buyerID>
        <sellerID>92</sellerID>
        <price>174</price>
      </transaction>
      <transaction>
        <timestamp>1333596827373</timestamp>
        <buyerID>33</buyerID>
        <sellerID>32</sellerID>
        <price>157</price>
      </transaction>
      <transaction>
        <timestamp>1333596828094</timestamp>
        <buyerID>13</buyerID>
        <sellerID>72</sellerID>
        <price>144</price>
      </transaction>
      <transaction>
        <timestamp>1333596828144</timestamp>
        <buyerID>34</buyerID>
        <sellerID>91</sellerID>
        <price>151</price>
      </transaction>
      <transaction>
        <timestamp>1333596828194</timestamp>
        <buyerID>33</buyerID>
        <sellerID>11</sellerID>
        <price>151</price>
      </transaction>
      <transaction>
        <timestamp>1333596828798</timestamp>
        <buyerID>34</buyerID>
        <sellerID>92</sellerID>
        <price>152</price>
      </transaction>
      <transaction>
        <timestamp>1333596828834</timestamp>
        <buyerID>94</buyerID>
        <sellerID>72</sellerID>
        <price>142</price>
      </transaction>
      <transaction>
        <timestamp>1333596828931</timestamp>
        <buyerID>14</buyerID>
        <sellerID>31</sellerID>
        <price>150</price>
      </transaction>
      <transaction>
        <timestamp>1333596828972</timestamp>
        <buyerID>13</buyerID>
        <sellerID>11</sellerID>
        <price>153</price>
      </transaction>
      <transaction>
        <timestamp>1333596829552</timestamp>
        <buyerID>34</buyerID>
        <sellerID>11</sellerID>
        <price>155</price>
      </transaction>
      <transaction>
        <timestamp>1333596829612</timestamp>
        <buyerID>14</buyerID>
        <sellerID>12</sellerID>
        <price>156</price>
      </transaction>
      <transaction>
        <timestamp>1333596831111</timestamp>
        <buyerID>13</buyerID>
        <sellerID>31</sellerID>
        <price>158</price>
      </transaction>
      <transaction>
        <timestamp>1333596831828</timestamp>
        <buyerID>13</buyerID>
        <sellerID>91</sellerID>
        <price>160</price>
      </transaction>
      <transaction>
        <timestamp>1333596832541</timestamp>
        <buyerID>93</buyerID>
        <sellerID>72</sellerID>
        <price>151</price>
      </transaction>
      <transaction>
        <timestamp>1333596832560</timestamp>
        <buyerID>74</buyerID>
        <sellerID>91</sellerID>
        <price>159</price>
      </transaction>
      <transaction>
        <timestamp>1333596832569</timestamp>
        <buyerID>94</buyerID>
        <sellerID>12</sellerID>
        <price>150</price>
      </transaction>
      <transaction>
        <timestamp>1333596834153</timestamp>
        <buyerID>74</buyerID>
        <sellerID>12</sellerID>
        <price>139</price>
      </transaction>
      <transaction>
        <timestamp>1333596834218</timestamp>
        <buyerID>73</buyerID>
        <sellerID>91</sellerID>
        <price>139</price>
      </transaction>
      <transaction>
        <timestamp>1333596836381</timestamp>
        <buyerID>14</buyerID>
        <sellerID>91</sellerID>
        <price>157</price>
      </transaction>
      <transaction>
        <timestamp>1333596837843</timestamp>
        <buyerID>14</buyerID>
        <sellerID>31</sellerID>
        <price>161</price>
      </transaction>
      <transaction>
        <timestamp>1333596839400</timestamp>
        <buyerID>74</buyerID>
        <sellerID>31</sellerID>
        <price>165</price>
      </transaction>
      <transaction>
        <timestamp>1333596841536</timestamp>
        <buyerID>74</buyerID>
        <sellerID>12</sellerID>
        <price>165</price>
      </transaction>
      <transaction>
        <timestamp>1333596841676</timestamp>
        <buyerID>93</buyerID>
        <sellerID>72</sellerID>
        <price>161</price>
      </transaction>
      <transaction>
        <timestamp>1333596844704</timestamp>
        <buyerID>74</buyerID>
        <sellerID>31</sellerID>
        <price>171</price>
      </transaction>
      <transaction>
        <timestamp>1333596852074</timestamp>
        <buyerID>14</buyerID>
        <sellerID>71</sellerID>
        <price>159</price>
      </transaction>
      <transaction>
        <timestamp>1333596852083</timestamp>
        <buyerID>74</buyerID>
        <sellerID>12</sellerID>
        <price>165</price>
      </transaction>
      <transaction>
        <timestamp>1333596935289</timestamp>
        <buyerID>73</buyerID>
        <sellerID>12</sellerID>
        <price>170</price>
      </transaction>
      <transaction>
        <timestamp>1333596936056</timestamp>
        <buyerID>73</buyerID>
        <sellerID>92</sellerID>
        <price>179</price>
      </transaction>
      <transaction>
        <timestamp>1333596940695</timestamp>
        <buyerID>33</buyerID>
        <sellerID>71</sellerID>
        <price>116</price>
      </transaction>
      <transaction>
        <timestamp>1333596941312</timestamp>
        <buyerID>14</buyerID>
        <sellerID>71</sellerID>
        <price>111</price>
      </transaction>
      <transaction>
        <timestamp>1333596942197</timestamp>
        <buyerID>93</buyerID>
        <sellerID>71</sellerID>
        <price>116</price>
      </transaction>
      <transaction>
        <timestamp>1333596942910</timestamp>
        <buyerID>93</buyerID>
        <sellerID>71</sellerID>
        <price>118</price>
      </transaction>
      <transaction>
        <timestamp>1333596943686</timestamp>
        <buyerID>94</buyerID>
        <sellerID>71</sellerID>
        <price>125</price>
      </transaction>
      <transaction>
        <timestamp>1333596944319</timestamp>
        <buyerID>13</buyerID>
        <sellerID>71</sellerID>
        <price>123</price>
      </transaction>
      <transaction>
        <timestamp>1333596945112</timestamp>
        <buyerID>73</buyerID>
        <sellerID>12</sellerID>
        <price>184</price>
      </transaction>
    </repetition>
    <repetition>
      <id>4</id>
      <transaction>
        <timestamp>1333596952754</timestamp>
        <buyerID>94</buyerID>
        <sellerID>92</sellerID>
        <price>133</price>
      </transaction>
      <transaction>
        <timestamp>1333596952765</timestamp>
        <buyerID>34</buyerID>
        <sellerID>32</sellerID>
        <price>138</price>
      </transaction>
      <transaction>
        <timestamp>1333596952807</timestamp>
        <buyerID>14</buyerID>
        <sellerID>31</sellerID>
        <price>136</price>
      </transaction>
      <transaction>
        <timestamp>1333596952829</timestamp>
        <buyerID>33</buyerID>
        <sellerID>11</sellerID>
        <price>184</price>
      </transaction>
      <transaction>
        <timestamp>1333596953385</timestamp>
        <buyerID>33</buyerID>
        <sellerID>31</sellerID>
        <price>144</price>
      </transaction>
      <transaction>
        <timestamp>1333596953409</timestamp>
        <buyerID>34</buyerID>
        <sellerID>32</sellerID>
        <price>163</price>
      </transaction>
      <transaction>
        <timestamp>1333596953424</timestamp>
        <buyerID>93</buyerID>
        <sellerID>11</sellerID>
        <price>134</price>
      </transaction>
      <transaction>
        <timestamp>1333596953465</timestamp>
        <buyerID>13</buyerID>
        <sellerID>91</sellerID>
        <price>195</price>
      </transaction>
      <transaction>
        <timestamp>1333596954091</timestamp>
        <buyerID>34</buyerID>
        <sellerID>92</sellerID>
        <price>193</price>
      </transaction>
      <transaction>
        <timestamp>1333596954201</timestamp>
        <buyerID>94</buyerID>
        <sellerID>72</sellerID>
        <price>135</price>
      </transaction>
      <transaction>
        <timestamp>1333596954210</timestamp>
        <buyerID>14</buyerID>
        <sellerID>11</sellerID>
        <price>141</price>
      </transaction>
      <transaction>
        <timestamp>1333596954807</timestamp>
        <buyerID>13</buyerID>
        <sellerID>91</sellerID>
        <price>170</price>
      </transaction>
      <transaction>
        <timestamp>1333596954827</timestamp>
        <buyerID>33</buyerID>
        <sellerID>12</sellerID>
        <price>171</price>
      </transaction>
      <transaction>
        <timestamp>1333596954913</timestamp>
        <buyerID>34</buyerID>
        <sellerID>12</sellerID>
        <price>161</price>
      </transaction>
      <transaction>
        <timestamp>1333596955537</timestamp>
        <buyerID>74</buyerID>
        <sellerID>92</sellerID>
        <price>146</price>
      </transaction>
      <transaction>
        <timestamp>1333596955586</timestamp>
        <buyerID>34</buyerID>
        <sellerID>92</sellerID>
        <price>144</price>
      </transaction>
      <transaction>
        <timestamp>1333596955599</timestamp>
        <buyerID>94</buyerID>
        <sellerID>72</sellerID>
        <price>143</price>
      </transaction>
      <transaction>
        <timestamp>1333596955657</timestamp>
        <buyerID>33</buyerID>
        <sellerID>32</sellerID>
        <price>145</price>
      </transaction>
      <transaction>
        <timestamp>1333596956334</timestamp>
        <buyerID>34</buyerID>
        <sellerID>72</sellerID>
        <price>153</price>
      </transaction>
      <transaction>
        <timestamp>1333596956369</timestamp>
        <buyerID>33</buyerID>
        <sellerID>91</sellerID>
        <price>154</price>
      </transaction>
      <transaction>
        <timestamp>1333596956423</timestamp>
        <buyerID>94</buyerID>
        <sellerID>12</sellerID>
        <price>146</price>
      </transaction>
      <transaction>
        <timestamp>1333596957056</timestamp>
        <buyerID>74</buyerID>
        <sellerID>31</sellerID>
        <price>153</price>
      </transaction>
      <transaction>
        <timestamp>1333596957123</timestamp>
        <buyerID>13</buyerID>
        <sellerID>32</sellerID>
        <price>157</price>
      </transaction>
      <transaction>
        <timestamp>1333596957910</timestamp>
        <buyerID>14</buyerID>
        <sellerID>31</sellerID>
        <price>157</price>
      </transaction>
      <transaction>
        <timestamp>1333596957918</timestamp>
        <buyerID>13</buyerID>
        <sellerID>91</sellerID>
        <price>159</price>
      </transaction>
      <transaction>
        <timestamp>1333596958697</timestamp>
        <buyerID>14</buyerID>
        <sellerID>31</sellerID>
        <price>176</price>
      </transaction>
      <transaction>
        <timestamp>1333596959413</timestamp>
        <buyerID>13</buyerID>
        <sellerID>11</sellerID>
        <price>163</price>
      </transaction>
      <transaction>
        <timestamp>1333596960110</timestamp>
        <buyerID>14</buyerID>
        <sellerID>91</sellerID>
        <price>169</price>
      </transaction>
      <transaction>
        <timestamp>1333596961552</timestamp>
        <buyerID>74</buyerID>
        <sellerID>31</sellerID>
        <price>166</price>
      </transaction>
      <transaction>
        <timestamp>1333596961558</timestamp>
        <buyerID>14</buyerID>
        <sellerID>72</sellerID>
        <price>163</price>
      </transaction>
      <transaction>
        <timestamp>1333596961693</timestamp>
        <buyerID>93</buyerID>
        <sellerID>71</sellerID>
        <price>162</price>
      </transaction>
      <transaction>
        <timestamp>1333596962413</timestamp>
        <buyerID>93</buyerID>
        <sellerID>71</sellerID>
        <price>155</price>
      </transaction>
      <transaction>
        <timestamp>1333596963853</timestamp>
        <buyerID>93</buyerID>
        <sellerID>91</sellerID>
        <price>143</price>
      </transaction>
      <transaction>
        <timestamp>1333596963919</timestamp>
        <buyerID>14</buyerID>
        <sellerID>12</sellerID>
        <price>122</price>
      </transaction>
      <transaction>
        <timestamp>1333596968301</timestamp>
        <buyerID>93</buyerID>
        <sellerID>12</sellerID>
        <price>131</price>
      </transaction>
      <transaction>
        <timestamp>1333597062913</timestamp>
        <buyerID>73</buyerID>
        <sellerID>31</sellerID>
        <price>171</price>
      </transaction>
      <transaction>
        <timestamp>1333597063567</timestamp>
        <buyerID>73</buyerID>
        <sellerID>92</sellerID>
        <price>171</price>
      </transaction>
      <transaction>
        <timestamp>1333597064378</timestamp>
        <buyerID>73</buyerID>
        <sellerID>31</sellerID>
        <price>197</price>
      </transaction>
      <transaction>
        <timestamp>1333597065075</timestamp>
        <buyerID>73</buyerID>
        <sellerID>11</sellerID>
        <price>185</price>
      </transaction>
      <transaction>
        <timestamp>1333597068122</timestamp>
        <buyerID>74</buyerID>
        <sellerID>12</sellerID>
        <price>196</price>
      </transaction>
      <transaction>
        <timestamp>1333597068155</timestamp>
        <buyerID>94</buyerID>
        <sellerID>71</sellerID>
        <price>145</price>
      </transaction>
      <transaction>
        <timestamp>1333597068934</timestamp>
        <buyerID>94</buyerID>
        <sellerID>71</sellerID>
        <price>132</price>
      </transaction>
      <transaction>
        <timestamp>1333597069580</timestamp>
        <buyerID>33</buyerID>
        <sellerID>71</sellerID>
        <price>116</price>
      </transaction>
      <transaction>
        <timestamp>1333597069680</timestamp>
        <buyerID>74</buyerID>
        <sellerID>12</sellerID>
        <price>172</price>
      </transaction>
      <transaction>
        <timestamp>1333597070352</timestamp>
        <buyerID>33</buyerID>
        <sellerID>71</sellerID>
        <price>116</price>
      </transaction>
      <transaction>
        <timestamp>1333597071074</timestamp>
        <buyerID>13</buyerID>
        <sellerID>71</sellerID>
        <price>127</price>
      </transaction>
    </repetition>
    <repetition>
      <id>5</id>
      <transaction>
        <timestamp>1333597080245</timestamp>
        <buyerID>34</buyerID>
        <sellerID>32</sellerID>
        <price>232</price>
      </transaction>
      <transaction>
        <timestamp>1333597080260</timestamp>
        <buyerID>93</buyerID>
        <sellerID>11</sellerID>
        <price>198</price>
      </transaction>
      <transaction>
        <timestamp>1333597080296</timestamp>
        <buyerID>94</buyerID>
        <sellerID>31</sellerID>
        <price>176</price>
      </transaction>
      <transaction>
        <timestamp>1333597080311</timestamp>
        <buyerID>33</buyerID>
        <sellerID>91</sellerID>
        <price>180</price>
      </transaction>
      <transaction>
        <timestamp>1333597080330</timestamp>
        <buyerID>14</buyerID>
        <sellerID>12</sellerID>
        <price>164</price>
      </transaction>
      <transaction>
        <timestamp>1333597080799</timestamp>
        <buyerID>34</buyerID>
        <sellerID>92</sellerID>
        <price>181</price>
      </transaction>
      <transaction>
        <timestamp>1333597080888</timestamp>
        <buyerID>94</buyerID>
        <sellerID>12</sellerID>
        <price>154</price>
      </transaction>
      <transaction>
        <timestamp>1333597080922</timestamp>
        <buyerID>93</buyerID>
        <sellerID>32</sellerID>
        <price>154</price>
      </transaction>
      <transaction>
        <timestamp>1333597081554</timestamp>
        <buyerID>33</buyerID>
        <sellerID>91</sellerID>
        <price>153</price>
      </transaction>
      <transaction>
        <timestamp>1333597081596</timestamp>
        <buyerID>13</buyerID>
        <sellerID>71</sellerID>
        <price>154</price>
      </transaction>
      <transaction>
        <timestamp>1333597081683</timestamp>
        <buyerID>14</buyerID>
        <sellerID>72</sellerID>
        <price>147</price>
      </transaction>
      <transaction>
        <timestamp>1333597081694</timestamp>
        <buyerID>74</buyerID>
        <sellerID>32</sellerID>
        <price>151</price>
      </transaction>
      <transaction>
        <timestamp>1333597082339</timestamp>
        <buyerID>94</buyerID>
        <sellerID>72</sellerID>
        <price>127</price>
      </transaction>
      <transaction>
        <timestamp>1333597082420</timestamp>
        <buyerID>14</buyerID>
        <sellerID>31</sellerID>
        <price>128</price>
      </transaction>
      <transaction>
        <timestamp>1333597082444</timestamp>
        <buyerID>34</buyerID>
        <sellerID>91</sellerID>
        <price>136</price>
      </transaction>
      <transaction>
        <timestamp>1333597082452</timestamp>
        <buyerID>33</buyerID>
        <sellerID>92</sellerID>
        <price>137</price>
      </transaction>
      <transaction>
        <timestamp>1333597083069</timestamp>
        <buyerID>33</buyerID>
        <sellerID>91</sellerID>
        <price>138</price>
      </transaction>
      <transaction>
        <timestamp>1333597083101</timestamp>
        <buyerID>94</buyerID>
        <sellerID>11</sellerID>
        <price>128</price>
      </transaction>
      <transaction>
        <timestamp>1333597083126</timestamp>
        <buyerID>34</buyerID>
        <sellerID>92</sellerID>
        <price>138</price>
      </transaction>
      <transaction>
        <timestamp>1333597083149</timestamp>
        <buyerID>14</buyerID>
        <sellerID>31</sellerID>
        <price>149</price>
      </transaction>
      <transaction>
        <timestamp>1333597083793</timestamp>
        <buyerID>33</buyerID>
        <sellerID>32</sellerID>
        <price>157</price>
      </transaction>
      <transaction>
        <timestamp>1333597083871</timestamp>
        <buyerID>93</buyerID>
        <sellerID>12</sellerID>
        <price>127</price>
      </transaction>
      <transaction>
        <timestamp>1333597083973</timestamp>
        <buyerID>34</buyerID>
        <sellerID>72</sellerID>
        <price>157</price>
      </transaction>
      <transaction>
        <timestamp>1333597083980</timestamp>
        <buyerID>14</buyerID>
        <sellerID>91</sellerID>
        <price>167</price>
      </transaction>
      <transaction>
        <timestamp>1333597085423</timestamp>
        <buyerID>73</buyerID>
        <sellerID>91</sellerID>
        <price>156</price>
      </transaction>
      <transaction>
        <timestamp>1333597085436</timestamp>
        <buyerID>34</buyerID>
        <sellerID>71</sellerID>
        <price>153</price>
      </transaction>
      <transaction>
        <timestamp>1333597086090</timestamp>
        <buyerID>94</buyerID>
        <sellerID>92</sellerID>
        <price>147</price>
      </transaction>
      <transaction>
        <timestamp>1333597086216</timestamp>
        <buyerID>13</buyerID>
        <sellerID>31</sellerID>
        <price>157</price>
      </transaction>
      <transaction>
        <timestamp>1333597087558</timestamp>
        <buyerID>94</buyerID>
        <sellerID>12</sellerID>
        <price>130</price>
      </transaction>
      <transaction>
        <timestamp>1333597088416</timestamp>
        <buyerID>74</buyerID>
        <sellerID>31</sellerID>
        <price>161</price>
      </transaction>
      <transaction>
        <timestamp>1333597089202</timestamp>
        <buyerID>74</buyerID>
        <sellerID>12</sellerID>
        <price>161</price>
      </transaction>
      <transaction>
        <timestamp>1333597091423</timestamp>
        <buyerID>74</buyerID>
        <sellerID>31</sellerID>
        <price>165</price>
      </transaction>
      <transaction>
        <timestamp>1333597091467</timestamp>
        <buyerID>13</buyerID>
        <sellerID>71</sellerID>
        <price>169</price>
      </transaction>
      <transaction>
        <timestamp>1333597092110</timestamp>
        <buyerID>93</buyerID>
        <sellerID>11</sellerID>
        <price>156</price>
      </transaction>
      <transaction>
        <timestamp>1333597098187</timestamp>
        <buyerID>14</buyerID>
        <sellerID>72</sellerID>
        <price>162</price>
      </transaction>
      <transaction>
        <timestamp>1333597099579</timestamp>
        <buyerID>13</buyerID>
        <sellerID>31</sellerID>
        <price>171</price>
      </transaction>
      <transaction>
        <timestamp>1333597106285</timestamp>
        <buyerID>13</buyerID>
        <sellerID>12</sellerID>
        <price>171</price>
      </transaction>
      <transaction>
        <timestamp>1333597137888</timestamp>
        <buyerID>73</buyerID>
        <sellerID>11</sellerID>
        <price>158</price>
      </transaction>
      <transaction>
        <timestamp>1333597140190</timestamp>
        <buyerID>74</buyerID>
        <sellerID>12</sellerID>
        <price>163</price>
      </transaction>
      <transaction>
        <timestamp>1333597190402</timestamp>
        <buyerID>73</buyerID>
        <sellerID>31</sellerID>
        <price>197</price>
      </transaction>
      <transaction>
        <timestamp>1333597194051</timestamp>
        <buyerID>73</buyerID>
        <sellerID>11</sellerID>
        <price>169</price>
      </transaction>
      <transaction>
        <timestamp>1333597195644</timestamp>
        <buyerID>93</buyerID>
        <sellerID>71</sellerID>
        <price>153</price>
      </transaction>
      <transaction>
        <timestamp>1333597196408</timestamp>
        <buyerID>14</buyerID>
        <sellerID>71</sellerID>
        <price>129</price>
      </transaction>
      <transaction>
        <timestamp>1333597197074</timestamp>
        <buyerID>13</buyerID>
        <sellerID>71</sellerID>
        <price>135</price>
      </transaction>
      <transaction>
        <timestamp>1333597197891</timestamp>
        <buyerID>94</buyerID>
        <sellerID>71</sellerID>
        <price>126</price>
      </transaction>
      <transaction>
        <timestamp>1333597200155</timestamp>
        <buyerID>74</buyerID>
        <sellerID>92</sellerID>
        <price>172</price>
      </transaction>
    </repetition>
  </transactions>
  <scores>
    <agent>
      <ID>34</ID>
      <userName>zibtq4</userName>
      <strategy>ZIBTQ</strategy>
      <values>
        <value>255</value>
        <value>253</value>
        <value>247</value>
        <value>209</value>
        <value>180</value>
        <value>166</value>
        <value>107</value>
        <value>92</value>
        <value>89</value>
        <value>83</value>
      </values>
      <score>371.8</score>
    </agent>
    <agent>
      <ID>32</ID>
      <userName>zibtq2</userName>
      <strategy>ZIBTQ</strategy>
      <values>
        <value>82</value>
        <value>112</value>
        <value>142</value>
        <value>157</value>
        <value>205</value>
        <value>220</value>
        <value>220</value>
        <value>237</value>
        <value>238</value>
        <value>259</value>
      </values>
      <score>129.4</score>
    </agent>
    <agent>
      <ID>33</ID>
      <userName>zibtq3</userName>
      <strategy>ZIBTQ</strategy>
      <values>
        <value>250</value>
        <value>245</value>
        <value>245</value>
        <value>235</value>
        <value>234</value>
        <value>116</value>
        <value>110</value>
        <value>95</value>
        <value>90</value>
        <value>88</value>
      </values>
      <score>414.0</score>
    </agent>
    <agent>
      <ID>71</ID>
      <userName>kaplan1</userName>
      <strategy>KAPLAN</strategy>
      <values>
        <value>90</value>
        <value>93</value>
        <value>98</value>
        <value>98</value>
        <value>98</value>
        <value>102</value>
        <value>121</value>
        <value>127</value>
        <value>134</value>
        <value>241</value>
      </values>
      <score>236.0</score>
    </agent>
    <agent>
      <ID>11</ID>
      <userName>zi1</userName>
      <strategy>ZI</strategy>
      <values>
        <value>86</value>
        <value>93</value>
        <value>139</value>
        <value>153</value>
        <value>168</value>
        <value>171</value>
        <value>174</value>
        <value>205</value>
        <value>209</value>
        <value>258</value>
      </values>
      <score>165.8</score>
    </agent>
    <agent>
      <ID>72</ID>
      <userName>kaplan2</userName>
      <strategy>KAPLAN</strategy>
      <values>
        <value>81</value>
        <value>86</value>
        <value>121</value>
        <value>144</value>
        <value>164</value>
        <value>184</value>
        <value>213</value>
        <value>227</value>
        <value>229</value>
        <value>260</value>
      </values>
      <score>155.6</score>
    </agent>
    <agent>
      <ID>12</ID>
      <userName>zi2</userName>
      <strategy>ZI</strategy>
      <values>
        <value>69</value>
        <value>73</value>
        <value>81</value>
        <value>102</value>
        <value>117</value>
        <value>157</value>
        <value>163</value>
        <value>170</value>
        <value>183</value>
        <value>231</value>
      </values>
      <score>318.2</score>
    </agent>
    <agent>
      <ID>73</ID>
      <userName>kaplan3</userName>
      <strategy>KAPLAN</strategy>
      <values>
        <value>227</value>
        <value>222</value>
        <value>219</value>
        <value>186</value>
        <value>145</value>
        <value>127</value>
        <value>117</value>
        <value>100</value>
        <value>78</value>
        <value>73</value>
      </values>
      <score>168.2</score>
    </agent>
    <agent>
      <ID>13</ID>
      <userName>zi3</userName>
      <strategy>ZI</strategy>
      <values>
        <value>230</value>
        <value>203</value>
        <value>202</value>
        <value>192</value>
        <value>184</value>
        <value>144</value>
        <value>122</value>
        <value>119</value>
        <value>96</value>
        <value>81</value>
      </values>
      <score>217.0</score>
    </agent>
    <agent>
      <ID>14</ID>
      <userName>zi4</userName>
      <strategy>ZI</strategy>
      <values>
        <value>249</value>
        <value>215</value>
        <value>213</value>
        <value>202</value>
        <value>201</value>
        <value>164</value>
        <value>136</value>
        <value>103</value>
        <value>69</value>
        <value>61</value>
      </values>
      <score>339.4</score>
    </agent>
    <agent>
      <ID>74</ID>
      <userName>kaplan4</userName>
      <strategy>KAPLAN</strategy>
      <values>
        <value>248</value>
        <value>245</value>
        <value>229</value>
        <value>198</value>
        <value>192</value>
        <value>174</value>
        <value>165</value>
        <value>157</value>
        <value>123</value>
        <value>118</value>
      </values>
      <score>276.2</score>
    </agent>
    <agent>
      <ID>93</ID>
      <userName>gd3</userName>
      <strategy>GD</strategy>
      <values>
        <value>245</value>
        <value>231</value>
        <value>214</value>
        <value>172</value>
        <value>156</value>
        <value>125</value>
        <value>108</value>
        <value>94</value>
        <value>84</value>
        <value>65</value>
      </values>
      <score>246.2</score>
    </agent>
    <agent>
      <ID>92</ID>
      <userName>gd2</userName>
      <strategy>GD</strategy>
      <values>
        <value>65</value>
        <value>89</value>
        <value>118</value>
        <value>121</value>
        <value>168</value>
        <value>223</value>
        <value>224</value>
        <value>224</value>
        <value>228</value>
        <value>237</value>
      </values>
      <score>257.4</score>
    </agent>
    <agent>
      <ID>94</ID>
      <userName>gd4</userName>
      <strategy>GD</strategy>
      <values>
        <value>245</value>
        <value>227</value>
        <value>158</value>
        <value>153</value>
        <value>149</value>
        <value>135</value>
        <value>128</value>
        <value>91</value>
        <value>77</value>
        <value>62</value>
      </values>
      <score>208.6</score>
    </agent>
    <agent>
      <ID>91</ID>
      <userName>gd1</userName>
      <strategy>GD</strategy>
      <values>
        <value>68</value>
        <value>84</value>
        <value>85</value>
        <value>136</value>
        <value>138</value>
        <value>138</value>
        <value>192</value>
        <value>218</value>
        <value>227</value>
        <value>254</value>
      </values>
      <score>299.4</score>
    </agent>
    <agent>
      <ID>31</ID>
      <userName>zibtq1</userName>
      <strategy>ZIBTQ</strategy>
      <values>
        <value>66</value>
        <value>118</value>
        <value>149</value>
        <value>157</value>
        <value>161</value>
        <value>165</value>
        <value>171</value>
        <value>197</value>
        <value>199</value>
        <value>229</value>
      </values>
      <score>117.4</score>
    </agent>
  </scores>
</results>

