<results>
  <transactions>
    <repetition>
      <id>1</id>
      <transaction>
        <timestamp>1333599869268</timestamp>
        <buyerID>113</buyerID>
        <sellerID>112</sellerID>
        <price>131</price>
      </transaction>
      <transaction>
        <timestamp>1333599869484</timestamp>
        <buyerID>34</buyerID>
        <sellerID>132</sellerID>
        <price>142</price>
      </transaction>
      <transaction>
        <timestamp>1333599869485</timestamp>
        <buyerID>33</buyerID>
        <sellerID>31</sellerID>
        <price>147</price>
      </transaction>
      <transaction>
        <timestamp>1333599869490</timestamp>
        <buyerID>14</buyerID>
        <sellerID>11</sellerID>
        <price>236</price>
      </transaction>
      <transaction>
        <timestamp>1333599869641</timestamp>
        <buyerID>134</buyerID>
        <sellerID>31</sellerID>
        <price>147</price>
      </transaction>
      <transaction>
        <timestamp>1333599869650</timestamp>
        <buyerID>133</buyerID>
        <sellerID>32</sellerID>
        <price>131</price>
      </transaction>
      <transaction>
        <timestamp>1333599869657</timestamp>
        <buyerID>114</buyerID>
        <sellerID>31</sellerID>
        <price>130</price>
      </transaction>
      <transaction>
        <timestamp>1333599869820</timestamp>
        <buyerID>134</buyerID>
        <sellerID>11</sellerID>
        <price>128</price>
      </transaction>
      <transaction>
        <timestamp>1333599869829</timestamp>
        <buyerID>33</buyerID>
        <sellerID>111</sellerID>
        <price>163</price>
      </transaction>
      <transaction>
        <timestamp>1333599869853</timestamp>
        <buyerID>14</buyerID>
        <sellerID>132</sellerID>
        <price>162</price>
      </transaction>
      <transaction>
        <timestamp>1333599870687</timestamp>
        <buyerID>34</buyerID>
        <sellerID>31</sellerID>
        <price>148</price>
      </transaction>
      <transaction>
        <timestamp>1333599871079</timestamp>
        <buyerID>114</buyerID>
        <sellerID>132</sellerID>
        <price>145</price>
      </transaction>
      <transaction>
        <timestamp>1333599871252</timestamp>
        <buyerID>13</buyerID>
        <sellerID>111</sellerID>
        <price>146</price>
      </transaction>
      <transaction>
        <timestamp>1333599871260</timestamp>
        <buyerID>34</buyerID>
        <sellerID>131</sellerID>
        <price>147</price>
      </transaction>
      <transaction>
        <timestamp>1333599871277</timestamp>
        <buyerID>134</buyerID>
        <sellerID>32</sellerID>
        <price>148</price>
      </transaction>
      <transaction>
        <timestamp>1333599871407</timestamp>
        <buyerID>34</buyerID>
        <sellerID>32</sellerID>
        <price>151</price>
      </transaction>
      <transaction>
        <timestamp>1333599871829</timestamp>
        <buyerID>113</buyerID>
        <sellerID>111</sellerID>
        <price>150</price>
      </transaction>
      <transaction>
        <timestamp>1333599871899</timestamp>
        <buyerID>133</buyerID>
        <sellerID>131</sellerID>
        <price>151</price>
      </transaction>
      <transaction>
        <timestamp>1333599871906</timestamp>
        <buyerID>34</buyerID>
        <sellerID>112</sellerID>
        <price>151</price>
      </transaction>
      <transaction>
        <timestamp>1333599871935</timestamp>
        <buyerID>134</buyerID>
        <sellerID>32</sellerID>
        <price>150</price>
      </transaction>
      <transaction>
        <timestamp>1333599871946</timestamp>
        <buyerID>33</buyerID>
        <sellerID>11</sellerID>
        <price>149</price>
      </transaction>
      <transaction>
        <timestamp>1333599871959</timestamp>
        <buyerID>33</buyerID>
        <sellerID>132</sellerID>
        <price>151</price>
      </transaction>
      <transaction>
        <timestamp>1333599872136</timestamp>
        <buyerID>33</buyerID>
        <sellerID>11</sellerID>
        <price>167</price>
      </transaction>
      <transaction>
        <timestamp>1333599872169</timestamp>
        <buyerID>33</buyerID>
        <sellerID>31</sellerID>
        <price>180</price>
      </transaction>
      <transaction>
        <timestamp>1333599872271</timestamp>
        <buyerID>113</buyerID>
        <sellerID>132</sellerID>
        <price>156</price>
      </transaction>
      <transaction>
        <timestamp>1333599872795</timestamp>
        <buyerID>133</buyerID>
        <sellerID>112</sellerID>
        <price>159</price>
      </transaction>
      <transaction>
        <timestamp>1333599872834</timestamp>
        <buyerID>13</buyerID>
        <sellerID>111</sellerID>
        <price>161</price>
      </transaction>
      <transaction>
        <timestamp>1333599872917</timestamp>
        <buyerID>134</buyerID>
        <sellerID>131</sellerID>
        <price>161</price>
      </transaction>
      <transaction>
        <timestamp>1333599873069</timestamp>
        <buyerID>133</buyerID>
        <sellerID>12</sellerID>
        <price>162</price>
      </transaction>
      <transaction>
        <timestamp>1333599873317</timestamp>
        <buyerID>14</buyerID>
        <sellerID>112</sellerID>
        <price>174</price>
      </transaction>
      <transaction>
        <timestamp>1333599873675</timestamp>
        <buyerID>13</buyerID>
        <sellerID>111</sellerID>
        <price>175</price>
      </transaction>
      <transaction>
        <timestamp>1333599873748</timestamp>
        <buyerID>33</buyerID>
        <sellerID>12</sellerID>
        <price>167</price>
      </transaction>
      <transaction>
        <timestamp>1333599874557</timestamp>
        <buyerID>134</buyerID>
        <sellerID>112</sellerID>
        <price>167</price>
      </transaction>
      <transaction>
        <timestamp>1333599875262</timestamp>
        <buyerID>113</buyerID>
        <sellerID>112</sellerID>
        <price>166</price>
      </transaction>
      <transaction>
        <timestamp>1333599875952</timestamp>
        <buyerID>114</buyerID>
        <sellerID>11</sellerID>
        <price>162</price>
      </transaction>
      <transaction>
        <timestamp>1333599876766</timestamp>
        <buyerID>133</buyerID>
        <sellerID>112</sellerID>
        <price>163</price>
      </transaction>
      <transaction>
        <timestamp>1333599878324</timestamp>
        <buyerID>114</buyerID>
        <sellerID>131</sellerID>
        <price>162</price>
      </transaction>
      <transaction>
        <timestamp>1333599878968</timestamp>
        <buyerID>14</buyerID>
        <sellerID>11</sellerID>
        <price>158</price>
      </transaction>
      <transaction>
        <timestamp>1333599881982</timestamp>
        <buyerID>113</buyerID>
        <sellerID>112</sellerID>
        <price>158</price>
      </transaction>
      <transaction>
        <timestamp>1333599887105</timestamp>
        <buyerID>34</buyerID>
        <sellerID>112</sellerID>
        <price>158</price>
      </transaction>
    </repetition>
    <repetition>
      <id>2</id>
      <transaction>
        <timestamp>1333599995494</timestamp>
        <buyerID>34</buyerID>
        <sellerID>112</sellerID>
        <price>232</price>
      </transaction>
      <transaction>
        <timestamp>1333599995503</timestamp>
        <buyerID>133</buyerID>
        <sellerID>31</sellerID>
        <price>176</price>
      </transaction>
      <transaction>
        <timestamp>1333599995647</timestamp>
        <buyerID>13</buyerID>
        <sellerID>132</sellerID>
        <price>211</price>
      </transaction>
      <transaction>
        <timestamp>1333599995773</timestamp>
        <buyerID>113</buyerID>
        <sellerID>32</sellerID>
        <price>162</price>
      </transaction>
      <transaction>
        <timestamp>1333599995780</timestamp>
        <buyerID>134</buyerID>
        <sellerID>12</sellerID>
        <price>162</price>
      </transaction>
      <transaction>
        <timestamp>1333599995935</timestamp>
        <buyerID>33</buyerID>
        <sellerID>111</sellerID>
        <price>132</price>
      </transaction>
      <transaction>
        <timestamp>1333599996064</timestamp>
        <buyerID>34</buyerID>
        <sellerID>31</sellerID>
        <price>126</price>
      </transaction>
      <transaction>
        <timestamp>1333599996071</timestamp>
        <buyerID>13</buyerID>
        <sellerID>111</sellerID>
        <price>132</price>
      </transaction>
      <transaction>
        <timestamp>1333599996094</timestamp>
        <buyerID>14</buyerID>
        <sellerID>131</sellerID>
        <price>174</price>
      </transaction>
      <transaction>
        <timestamp>1333599996103</timestamp>
        <buyerID>33</buyerID>
        <sellerID>11</sellerID>
        <price>233</price>
      </transaction>
      <transaction>
        <timestamp>1333599996345</timestamp>
        <buyerID>113</buyerID>
        <sellerID>32</sellerID>
        <price>133</price>
      </transaction>
      <transaction>
        <timestamp>1333599996783</timestamp>
        <buyerID>34</buyerID>
        <sellerID>31</sellerID>
        <price>182</price>
      </transaction>
      <transaction>
        <timestamp>1333599996794</timestamp>
        <buyerID>114</buyerID>
        <sellerID>131</sellerID>
        <price>182</price>
      </transaction>
      <transaction>
        <timestamp>1333599996923</timestamp>
        <buyerID>33</buyerID>
        <sellerID>32</sellerID>
        <price>177</price>
      </transaction>
      <transaction>
        <timestamp>1333599996926</timestamp>
        <buyerID>113</buyerID>
        <sellerID>11</sellerID>
        <price>168</price>
      </transaction>
      <transaction>
        <timestamp>1333599997183</timestamp>
        <buyerID>14</buyerID>
        <sellerID>132</sellerID>
        <price>167</price>
      </transaction>
      <transaction>
        <timestamp>1333599997349</timestamp>
        <buyerID>133</buyerID>
        <sellerID>32</sellerID>
        <price>166</price>
      </transaction>
      <transaction>
        <timestamp>1333599997551</timestamp>
        <buyerID>34</buyerID>
        <sellerID>11</sellerID>
        <price>165</price>
      </transaction>
      <transaction>
        <timestamp>1333599997556</timestamp>
        <buyerID>114</buyerID>
        <sellerID>31</sellerID>
        <price>165</price>
      </transaction>
      <transaction>
        <timestamp>1333599997680</timestamp>
        <buyerID>134</buyerID>
        <sellerID>112</sellerID>
        <price>164</price>
      </transaction>
      <transaction>
        <timestamp>1333599997688</timestamp>
        <buyerID>33</buyerID>
        <sellerID>132</sellerID>
        <price>174</price>
      </transaction>
      <transaction>
        <timestamp>1333599997764</timestamp>
        <buyerID>13</buyerID>
        <sellerID>12</sellerID>
        <price>144</price>
      </transaction>
      <transaction>
        <timestamp>1333599998152</timestamp>
        <buyerID>34</buyerID>
        <sellerID>131</sellerID>
        <price>176</price>
      </transaction>
      <transaction>
        <timestamp>1333599998329</timestamp>
        <buyerID>33</buyerID>
        <sellerID>111</sellerID>
        <price>175</price>
      </transaction>
      <transaction>
        <timestamp>1333599998967</timestamp>
        <buyerID>34</buyerID>
        <sellerID>11</sellerID>
        <price>158</price>
      </transaction>
      <transaction>
        <timestamp>1333599999085</timestamp>
        <buyerID>33</buyerID>
        <sellerID>112</sellerID>
        <price>165</price>
      </transaction>
      <transaction>
        <timestamp>1333599999819</timestamp>
        <buyerID>33</buyerID>
        <sellerID>132</sellerID>
        <price>163</price>
      </transaction>
      <transaction>
        <timestamp>1333599999831</timestamp>
        <buyerID>114</buyerID>
        <sellerID>131</sellerID>
        <price>163</price>
      </transaction>
      <transaction>
        <timestamp>1333599999855</timestamp>
        <buyerID>134</buyerID>
        <sellerID>12</sellerID>
        <price>163</price>
      </transaction>
      <transaction>
        <timestamp>1333599999941</timestamp>
        <buyerID>133</buyerID>
        <sellerID>111</sellerID>
        <price>162</price>
      </transaction>
      <transaction>
        <timestamp>1333600000494</timestamp>
        <buyerID>134</buyerID>
        <sellerID>111</sellerID>
        <price>162</price>
      </transaction>
      <transaction>
        <timestamp>1333600000604</timestamp>
        <buyerID>133</buyerID>
        <sellerID>112</sellerID>
        <price>162</price>
      </transaction>
      <transaction>
        <timestamp>1333600001369</timestamp>
        <buyerID>133</buyerID>
        <sellerID>112</sellerID>
        <price>162</price>
      </transaction>
      <transaction>
        <timestamp>1333600001934</timestamp>
        <buyerID>134</buyerID>
        <sellerID>11</sellerID>
        <price>164</price>
      </transaction>
      <transaction>
        <timestamp>1333600002600</timestamp>
        <buyerID>134</buyerID>
        <sellerID>132</sellerID>
        <price>164</price>
      </transaction>
      <transaction>
        <timestamp>1333600003416</timestamp>
        <buyerID>114</buyerID>
        <sellerID>112</sellerID>
        <price>163</price>
      </transaction>
      <transaction>
        <timestamp>1333600004295</timestamp>
        <buyerID>14</buyerID>
        <sellerID>112</sellerID>
        <price>163</price>
      </transaction>
      <transaction>
        <timestamp>1333600004970</timestamp>
        <buyerID>113</buyerID>
        <sellerID>11</sellerID>
        <price>158</price>
      </transaction>
      <transaction>
        <timestamp>1333600008077</timestamp>
        <buyerID>14</buyerID>
        <sellerID>112</sellerID>
        <price>163</price>
      </transaction>
      <transaction>
        <timestamp>1333600022081</timestamp>
        <buyerID>13</buyerID>
        <sellerID>112</sellerID>
        <price>164</price>
      </transaction>
    </repetition>
    <repetition>
      <id>3</id>
      <transaction>
        <timestamp>1333600122770</timestamp>
        <buyerID>14</buyerID>
        <sellerID>31</sellerID>
        <price>164</price>
      </transaction>
      <transaction>
        <timestamp>1333600123012</timestamp>
        <buyerID>114</buyerID>
        <sellerID>32</sellerID>
        <price>118</price>
      </transaction>
      <transaction>
        <timestamp>1333600123160</timestamp>
        <buyerID>134</buyerID>
        <sellerID>12</sellerID>
        <price>153</price>
      </transaction>
      <transaction>
        <timestamp>1333600123294</timestamp>
        <buyerID>33</buyerID>
        <sellerID>112</sellerID>
        <price>156</price>
      </transaction>
      <transaction>
        <timestamp>1333600123297</timestamp>
        <buyerID>133</buyerID>
        <sellerID>131</sellerID>
        <price>157</price>
      </transaction>
      <transaction>
        <timestamp>1333600123305</timestamp>
        <buyerID>34</buyerID>
        <sellerID>132</sellerID>
        <price>157</price>
      </transaction>
      <transaction>
        <timestamp>1333600123359</timestamp>
        <buyerID>34</buyerID>
        <sellerID>132</sellerID>
        <price>168</price>
      </transaction>
      <transaction>
        <timestamp>1333600123419</timestamp>
        <buyerID>13</buyerID>
        <sellerID>131</sellerID>
        <price>153</price>
      </transaction>
      <transaction>
        <timestamp>1333600123591</timestamp>
        <buyerID>33</buyerID>
        <sellerID>32</sellerID>
        <price>138</price>
      </transaction>
      <transaction>
        <timestamp>1333600124545</timestamp>
        <buyerID>114</buyerID>
        <sellerID>11</sellerID>
        <price>137</price>
      </transaction>
      <transaction>
        <timestamp>1333600124561</timestamp>
        <buyerID>33</buyerID>
        <sellerID>131</sellerID>
        <price>164</price>
      </transaction>
      <transaction>
        <timestamp>1333600124593</timestamp>
        <buyerID>34</buyerID>
        <sellerID>32</sellerID>
        <price>151</price>
      </transaction>
      <transaction>
        <timestamp>1333600124751</timestamp>
        <buyerID>134</buyerID>
        <sellerID>31</sellerID>
        <price>159</price>
      </transaction>
      <transaction>
        <timestamp>1333600124879</timestamp>
        <buyerID>33</buyerID>
        <sellerID>112</sellerID>
        <price>160</price>
      </transaction>
      <transaction>
        <timestamp>1333600124883</timestamp>
        <buyerID>113</buyerID>
        <sellerID>132</sellerID>
        <price>158</price>
      </transaction>
      <transaction>
        <timestamp>1333600125110</timestamp>
        <buyerID>13</buyerID>
        <sellerID>11</sellerID>
        <price>158</price>
      </transaction>
      <transaction>
        <timestamp>1333600125127</timestamp>
        <buyerID>133</buyerID>
        <sellerID>32</sellerID>
        <price>159</price>
      </transaction>
      <transaction>
        <timestamp>1333600125236</timestamp>
        <buyerID>34</buyerID>
        <sellerID>112</sellerID>
        <price>159</price>
      </transaction>
      <transaction>
        <timestamp>1333600125601</timestamp>
        <buyerID>133</buyerID>
        <sellerID>111</sellerID>
        <price>159</price>
      </transaction>
      <transaction>
        <timestamp>1333600125706</timestamp>
        <buyerID>33</buyerID>
        <sellerID>131</sellerID>
        <price>160</price>
      </transaction>
      <transaction>
        <timestamp>1333600125829</timestamp>
        <buyerID>113</buyerID>
        <sellerID>31</sellerID>
        <price>159</price>
      </transaction>
      <transaction>
        <timestamp>1333600125836</timestamp>
        <buyerID>134</buyerID>
        <sellerID>12</sellerID>
        <price>158</price>
      </transaction>
      <transaction>
        <timestamp>1333600126037</timestamp>
        <buyerID>13</buyerID>
        <sellerID>112</sellerID>
        <price>175</price>
      </transaction>
      <transaction>
        <timestamp>1333600126483</timestamp>
        <buyerID>133</buyerID>
        <sellerID>11</sellerID>
        <price>162</price>
      </transaction>
      <transaction>
        <timestamp>1333600126727</timestamp>
        <buyerID>34</buyerID>
        <sellerID>112</sellerID>
        <price>165</price>
      </transaction>
      <transaction>
        <timestamp>1333600127088</timestamp>
        <buyerID>33</buyerID>
        <sellerID>132</sellerID>
        <price>166</price>
      </transaction>
      <transaction>
        <timestamp>1333600127191</timestamp>
        <buyerID>113</buyerID>
        <sellerID>31</sellerID>
        <price>163</price>
      </transaction>
      <transaction>
        <timestamp>1333600127348</timestamp>
        <buyerID>134</buyerID>
        <sellerID>11</sellerID>
        <price>164</price>
      </transaction>
      <transaction>
        <timestamp>1333600127885</timestamp>
        <buyerID>33</buyerID>
        <sellerID>112</sellerID>
        <price>164</price>
      </transaction>
      <transaction>
        <timestamp>1333600128115</timestamp>
        <buyerID>134</buyerID>
        <sellerID>111</sellerID>
        <price>163</price>
      </transaction>
      <transaction>
        <timestamp>1333600128625</timestamp>
        <buyerID>14</buyerID>
        <sellerID>132</sellerID>
        <price>164</price>
      </transaction>
      <transaction>
        <timestamp>1333600128795</timestamp>
        <buyerID>134</buyerID>
        <sellerID>111</sellerID>
        <price>164</price>
      </transaction>
      <transaction>
        <timestamp>1333600128859</timestamp>
        <buyerID>113</buyerID>
        <sellerID>112</sellerID>
        <price>164</price>
      </transaction>
      <transaction>
        <timestamp>1333600129593</timestamp>
        <buyerID>114</buyerID>
        <sellerID>111</sellerID>
        <price>163</price>
      </transaction>
      <transaction>
        <timestamp>1333600130838</timestamp>
        <buyerID>133</buyerID>
        <sellerID>11</sellerID>
        <price>163</price>
      </transaction>
      <transaction>
        <timestamp>1333600130865</timestamp>
        <buyerID>13</buyerID>
        <sellerID>112</sellerID>
        <price>164</price>
      </transaction>
      <transaction>
        <timestamp>1333600137061</timestamp>
        <buyerID>113</buyerID>
        <sellerID>11</sellerID>
        <price>161</price>
      </transaction>
      <transaction>
        <timestamp>1333600137819</timestamp>
        <buyerID>14</buyerID>
        <sellerID>111</sellerID>
        <price>163</price>
      </transaction>
      <transaction>
        <timestamp>1333600142986</timestamp>
        <buyerID>13</buyerID>
        <sellerID>112</sellerID>
        <price>164</price>
      </transaction>
      <transaction>
        <timestamp>1333600183379</timestamp>
        <buyerID>114</buyerID>
        <sellerID>12</sellerID>
        <price>164</price>
      </transaction>
    </repetition>
    <repetition>
      <id>4</id>
      <transaction>
        <timestamp>1333600250367</timestamp>
        <buyerID>114</buyerID>
        <sellerID>132</sellerID>
        <price>176</price>
      </transaction>
      <transaction>
        <timestamp>1333600250381</timestamp>
        <buyerID>33</buyerID>
        <sellerID>131</sellerID>
        <price>190</price>
      </transaction>
      <transaction>
        <timestamp>1333600250597</timestamp>
        <buyerID>34</buyerID>
        <sellerID>31</sellerID>
        <price>193</price>
      </transaction>
      <transaction>
        <timestamp>1333600250726</timestamp>
        <buyerID>113</buyerID>
        <sellerID>112</sellerID>
        <price>176</price>
      </transaction>
      <transaction>
        <timestamp>1333600250860</timestamp>
        <buyerID>14</buyerID>
        <sellerID>111</sellerID>
        <price>174</price>
      </transaction>
      <transaction>
        <timestamp>1333600250867</timestamp>
        <buyerID>133</buyerID>
        <sellerID>32</sellerID>
        <price>163</price>
      </transaction>
      <transaction>
        <timestamp>1333600250874</timestamp>
        <buyerID>13</buyerID>
        <sellerID>11</sellerID>
        <price>222</price>
      </transaction>
      <transaction>
        <timestamp>1333600251023</timestamp>
        <buyerID>134</buyerID>
        <sellerID>11</sellerID>
        <price>162</price>
      </transaction>
      <transaction>
        <timestamp>1333600251028</timestamp>
        <buyerID>113</buyerID>
        <sellerID>31</sellerID>
        <price>138</price>
      </transaction>
      <transaction>
        <timestamp>1333600251203</timestamp>
        <buyerID>134</buyerID>
        <sellerID>112</sellerID>
        <price>117</price>
      </transaction>
      <transaction>
        <timestamp>1333600251225</timestamp>
        <buyerID>34</buyerID>
        <sellerID>131</sellerID>
        <price>128</price>
      </transaction>
      <transaction>
        <timestamp>1333600251231</timestamp>
        <buyerID>14</buyerID>
        <sellerID>32</sellerID>
        <price>104</price>
      </transaction>
      <transaction>
        <timestamp>1333600251578</timestamp>
        <buyerID>114</buyerID>
        <sellerID>31</sellerID>
        <price>118</price>
      </transaction>
      <transaction>
        <timestamp>1333600251609</timestamp>
        <buyerID>33</buyerID>
        <sellerID>32</sellerID>
        <price>150</price>
      </transaction>
      <transaction>
        <timestamp>1333600251729</timestamp>
        <buyerID>134</buyerID>
        <sellerID>131</sellerID>
        <price>148</price>
      </transaction>
      <transaction>
        <timestamp>1333600251781</timestamp>
        <buyerID>34</buyerID>
        <sellerID>132</sellerID>
        <price>165</price>
      </transaction>
      <transaction>
        <timestamp>1333600252618</timestamp>
        <buyerID>34</buyerID>
        <sellerID>131</sellerID>
        <price>160</price>
      </transaction>
      <transaction>
        <timestamp>1333600252742</timestamp>
        <buyerID>13</buyerID>
        <sellerID>111</sellerID>
        <price>171</price>
      </transaction>
      <transaction>
        <timestamp>1333600252756</timestamp>
        <buyerID>33</buyerID>
        <sellerID>112</sellerID>
        <price>172</price>
      </transaction>
      <transaction>
        <timestamp>1333600252766</timestamp>
        <buyerID>14</buyerID>
        <sellerID>12</sellerID>
        <price>174</price>
      </transaction>
      <transaction>
        <timestamp>1333600252804</timestamp>
        <buyerID>113</buyerID>
        <sellerID>31</sellerID>
        <price>151</price>
      </transaction>
      <transaction>
        <timestamp>1333600252821</timestamp>
        <buyerID>134</buyerID>
        <sellerID>12</sellerID>
        <price>150</price>
      </transaction>
      <transaction>
        <timestamp>1333600253284</timestamp>
        <buyerID>33</buyerID>
        <sellerID>112</sellerID>
        <price>155</price>
      </transaction>
      <transaction>
        <timestamp>1333600253293</timestamp>
        <buyerID>13</buyerID>
        <sellerID>32</sellerID>
        <price>156</price>
      </transaction>
      <transaction>
        <timestamp>1333600253344</timestamp>
        <buyerID>34</buyerID>
        <sellerID>132</sellerID>
        <price>170</price>
      </transaction>
      <transaction>
        <timestamp>1333600254157</timestamp>
        <buyerID>134</buyerID>
        <sellerID>11</sellerID>
        <price>164</price>
      </transaction>
      <transaction>
        <timestamp>1333600254240</timestamp>
        <buyerID>33</buyerID>
        <sellerID>112</sellerID>
        <price>168</price>
      </transaction>
      <transaction>
        <timestamp>1333600254637</timestamp>
        <buyerID>134</buyerID>
        <sellerID>132</sellerID>
        <price>167</price>
      </transaction>
      <transaction>
        <timestamp>1333600254828</timestamp>
        <buyerID>133</buyerID>
        <sellerID>111</sellerID>
        <price>167</price>
      </transaction>
      <transaction>
        <timestamp>1333600255356</timestamp>
        <buyerID>33</buyerID>
        <sellerID>112</sellerID>
        <price>168</price>
      </transaction>
      <transaction>
        <timestamp>1333600256221</timestamp>
        <buyerID>133</buyerID>
        <sellerID>11</sellerID>
        <price>168</price>
      </transaction>
      <transaction>
        <timestamp>1333600256239</timestamp>
        <buyerID>33</buyerID>
        <sellerID>111</sellerID>
        <price>170</price>
      </transaction>
      <transaction>
        <timestamp>1333600257178</timestamp>
        <buyerID>113</buyerID>
        <sellerID>111</sellerID>
        <price>167</price>
      </transaction>
      <transaction>
        <timestamp>1333600257627</timestamp>
        <buyerID>114</buyerID>
        <sellerID>132</sellerID>
        <price>167</price>
      </transaction>
      <transaction>
        <timestamp>1333600257874</timestamp>
        <buyerID>133</buyerID>
        <sellerID>11</sellerID>
        <price>165</price>
      </transaction>
      <transaction>
        <timestamp>1333600259891</timestamp>
        <buyerID>114</buyerID>
        <sellerID>112</sellerID>
        <price>163</price>
      </transaction>
      <transaction>
        <timestamp>1333600260655</timestamp>
        <buyerID>133</buyerID>
        <sellerID>112</sellerID>
        <price>163</price>
      </transaction>
      <transaction>
        <timestamp>1333600263821</timestamp>
        <buyerID>34</buyerID>
        <sellerID>11</sellerID>
        <price>158</price>
      </transaction>
      <transaction>
        <timestamp>1333600269746</timestamp>
        <buyerID>14</buyerID>
        <sellerID>112</sellerID>
        <price>161</price>
      </transaction>
      <transaction>
        <timestamp>1333600305726</timestamp>
        <buyerID>113</buyerID>
        <sellerID>12</sellerID>
        <price>161</price>
      </transaction>
    </repetition>
    <repetition>
      <id>5</id>
      <transaction>
        <timestamp>1333600377766</timestamp>
        <buyerID>134</buyerID>
        <sellerID>11</sellerID>
        <price>90</price>
      </transaction>
      <transaction>
        <timestamp>1333600377778</timestamp>
        <buyerID>133</buyerID>
        <sellerID>32</sellerID>
        <price>142</price>
      </transaction>
      <transaction>
        <timestamp>1333600377916</timestamp>
        <buyerID>33</buyerID>
        <sellerID>112</sellerID>
        <price>250</price>
      </transaction>
      <transaction>
        <timestamp>1333600378029</timestamp>
        <buyerID>34</buyerID>
        <sellerID>31</sellerID>
        <price>188</price>
      </transaction>
      <transaction>
        <timestamp>1333600379027</timestamp>
        <buyerID>114</buyerID>
        <sellerID>31</sellerID>
        <price>138</price>
      </transaction>
      <transaction>
        <timestamp>1333600379177</timestamp>
        <buyerID>113</buyerID>
        <sellerID>32</sellerID>
        <price>138</price>
      </transaction>
      <transaction>
        <timestamp>1333600379317</timestamp>
        <buyerID>14</buyerID>
        <sellerID>111</sellerID>
        <price>152</price>
      </transaction>
      <transaction>
        <timestamp>1333600379322</timestamp>
        <buyerID>33</buyerID>
        <sellerID>132</sellerID>
        <price>153</price>
      </transaction>
      <transaction>
        <timestamp>1333600379455</timestamp>
        <buyerID>34</buyerID>
        <sellerID>11</sellerID>
        <price>151</price>
      </transaction>
      <transaction>
        <timestamp>1333600379512</timestamp>
        <buyerID>13</buyerID>
        <sellerID>112</sellerID>
        <price>155</price>
      </transaction>
      <transaction>
        <timestamp>1333600379521</timestamp>
        <buyerID>34</buyerID>
        <sellerID>131</sellerID>
        <price>155</price>
      </transaction>
      <transaction>
        <timestamp>1333600379539</timestamp>
        <buyerID>33</buyerID>
        <sellerID>11</sellerID>
        <price>188</price>
      </transaction>
      <transaction>
        <timestamp>1333600379862</timestamp>
        <buyerID>113</buyerID>
        <sellerID>32</sellerID>
        <price>152</price>
      </transaction>
      <transaction>
        <timestamp>1333600380197</timestamp>
        <buyerID>33</buyerID>
        <sellerID>112</sellerID>
        <price>154</price>
      </transaction>
      <transaction>
        <timestamp>1333600380470</timestamp>
        <buyerID>114</buyerID>
        <sellerID>111</sellerID>
        <price>154</price>
      </transaction>
      <transaction>
        <timestamp>1333600380474</timestamp>
        <buyerID>34</buyerID>
        <sellerID>131</sellerID>
        <price>155</price>
      </transaction>
      <transaction>
        <timestamp>1333600380487</timestamp>
        <buyerID>113</buyerID>
        <sellerID>31</sellerID>
        <price>153</price>
      </transaction>
      <transaction>
        <timestamp>1333600380494</timestamp>
        <buyerID>133</buyerID>
        <sellerID>132</sellerID>
        <price>156</price>
      </transaction>
      <transaction>
        <timestamp>1333600380510</timestamp>
        <buyerID>134</buyerID>
        <sellerID>32</sellerID>
        <price>152</price>
      </transaction>
      <transaction>
        <timestamp>1333600380652</timestamp>
        <buyerID>133</buyerID>
        <sellerID>31</sellerID>
        <price>142</price>
      </transaction>
      <transaction>
        <timestamp>1333600380945</timestamp>
        <buyerID>34</buyerID>
        <sellerID>132</sellerID>
        <price>144</price>
      </transaction>
      <transaction>
        <timestamp>1333600380959</timestamp>
        <buyerID>33</buyerID>
        <sellerID>131</sellerID>
        <price>158</price>
      </transaction>
      <transaction>
        <timestamp>1333600381616</timestamp>
        <buyerID>33</buyerID>
        <sellerID>132</sellerID>
        <price>158</price>
      </transaction>
      <transaction>
        <timestamp>1333600382174</timestamp>
        <buyerID>133</buyerID>
        <sellerID>111</sellerID>
        <price>158</price>
      </transaction>
      <transaction>
        <timestamp>1333600382253</timestamp>
        <buyerID>34</buyerID>
        <sellerID>11</sellerID>
        <price>158</price>
      </transaction>
      <transaction>
        <timestamp>1333600382341</timestamp>
        <buyerID>14</buyerID>
        <sellerID>112</sellerID>
        <price>160</price>
      </transaction>
      <transaction>
        <timestamp>1333600382349</timestamp>
        <buyerID>134</buyerID>
        <sellerID>132</sellerID>
        <price>159</price>
      </transaction>
      <transaction>
        <timestamp>1333600382422</timestamp>
        <buyerID>113</buyerID>
        <sellerID>112</sellerID>
        <price>158</price>
      </transaction>
      <transaction>
        <timestamp>1333600383012</timestamp>
        <buyerID>33</buyerID>
        <sellerID>131</sellerID>
        <price>171</price>
      </transaction>
      <transaction>
        <timestamp>1333600383932</timestamp>
        <buyerID>13</buyerID>
        <sellerID>111</sellerID>
        <price>174</price>
      </transaction>
      <transaction>
        <timestamp>1333600384451</timestamp>
        <buyerID>13</buyerID>
        <sellerID>111</sellerID>
        <price>174</price>
      </transaction>
      <transaction>
        <timestamp>1333600385973</timestamp>
        <buyerID>134</buyerID>
        <sellerID>11</sellerID>
        <price>169</price>
      </transaction>
      <transaction>
        <timestamp>1333600386783</timestamp>
        <buyerID>134</buyerID>
        <sellerID>12</sellerID>
        <price>166</price>
      </transaction>
      <transaction>
        <timestamp>1333600387583</timestamp>
        <buyerID>134</buyerID>
        <sellerID>112</sellerID>
        <price>169</price>
      </transaction>
      <transaction>
        <timestamp>1333600389066</timestamp>
        <buyerID>114</buyerID>
        <sellerID>12</sellerID>
        <price>163</price>
      </transaction>
      <transaction>
        <timestamp>1333600389747</timestamp>
        <buyerID>14</buyerID>
        <sellerID>112</sellerID>
        <price>167</price>
      </transaction>
      <transaction>
        <timestamp>1333600403197</timestamp>
        <buyerID>13</buyerID>
        <sellerID>112</sellerID>
        <price>164</price>
      </transaction>
      <transaction>
        <timestamp>1333600408478</timestamp>
        <buyerID>114</buyerID>
        <sellerID>11</sellerID>
        <price>164</price>
      </transaction>
      <transaction>
        <timestamp>1333600410015</timestamp>
        <buyerID>13</buyerID>
        <sellerID>112</sellerID>
        <price>164</price>
      </transaction>
      <transaction>
        <timestamp>1333600412202</timestamp>
        <buyerID>133</buyerID>
        <sellerID>12</sellerID>
        <price>163</price>
      </transaction>
    </repetition>
  </transactions>
  <scores>
    <agent>
      <ID>34</ID>
      <userName>zibtq4</userName>
      <strategy>ZIBTQ</strategy>
      <values>
        <value>238</value>
        <value>222</value>
        <value>205</value>
        <value>204</value>
        <value>202</value>
        <value>158</value>
        <value>134</value>
        <value>132</value>
        <value>113</value>
        <value>100</value>
      </values>
      <score>265.2</score>
    </agent>
    <agent>
      <ID>32</ID>
      <userName>zibtq2</userName>
      <strategy>ZIBTQ</strategy>
      <values>
        <value>73</value>
        <value>98</value>
        <value>119</value>
        <value>141</value>
        <value>182</value>
        <value>186</value>
        <value>189</value>
        <value>203</value>
        <value>227</value>
        <value>250</value>
      </values>
      <score>157.2</score>
    </agent>
    <agent>
      <ID>33</ID>
      <userName>zibtq3</userName>
      <strategy>ZIBTQ</strategy>
      <values>
        <value>257</value>
        <value>248</value>
        <value>221</value>
        <value>215</value>
        <value>205</value>
        <value>205</value>
        <value>182</value>
        <value>137</value>
        <value>132</value>
        <value>64</value>
      </values>
      <score>361.8</score>
    </agent>
    <agent>
      <ID>111</ID>
      <userName>gdx1</userName>
      <strategy>GDX</strategy>
      <values>
        <value>75</value>
        <value>77</value>
        <value>107</value>
        <value>109</value>
        <value>117</value>
        <value>179</value>
        <value>183</value>
        <value>227</value>
        <value>240</value>
        <value>243</value>
      </values>
      <score>321.2</score>
    </agent>
    <agent>
      <ID>131</ID>
      <userName>rb1</userName>
      <strategy>RB</strategy>
      <values>
        <value>73</value>
        <value>101</value>
        <value>122</value>
        <value>160</value>
        <value>184</value>
        <value>185</value>
        <value>214</value>
        <value>242</value>
        <value>242</value>
        <value>260</value>
      </values>
      <score>187.0</score>
    </agent>
    <agent>
      <ID>11</ID>
      <userName>zi1</userName>
      <strategy>ZI</strategy>
      <values>
        <value>62</value>
        <value>66</value>
        <value>84</value>
        <value>100</value>
        <value>142</value>
        <value>148</value>
        <value>173</value>
        <value>193</value>
        <value>219</value>
        <value>239</value>
      </values>
      <score>388.0</score>
    </agent>
    <agent>
      <ID>12</ID>
      <userName>zi2</userName>
      <strategy>ZI</strategy>
      <values>
        <value>119</value>
        <value>120</value>
        <value>161</value>
        <value>165</value>
        <value>187</value>
        <value>190</value>
        <value>194</value>
        <value>206</value>
        <value>217</value>
        <value>236</value>
      </values>
      <score>82.2</score>
    </agent>
    <agent>
      <ID>133</ID>
      <userName>rb3</userName>
      <strategy>RB</strategy>
      <values>
        <value>237</value>
        <value>201</value>
        <value>178</value>
        <value>165</value>
        <value>163</value>
        <value>157</value>
        <value>132</value>
        <value>115</value>
        <value>89</value>
        <value>70</value>
      </values>
      <score>147.8</score>
    </agent>
    <agent>
      <ID>132</ID>
      <userName>rb2</userName>
      <strategy>RB</strategy>
      <values>
        <value>71</value>
        <value>82</value>
        <value>99</value>
        <value>151</value>
        <value>155</value>
        <value>176</value>
        <value>177</value>
        <value>224</value>
        <value>227</value>
        <value>236</value>
      </values>
      <score>254.6</score>
    </agent>
    <agent>
      <ID>13</ID>
      <userName>zi3</userName>
      <strategy>ZI</strategy>
      <values>
        <value>233</value>
        <value>231</value>
        <value>197</value>
        <value>167</value>
        <value>166</value>
        <value>164</value>
        <value>161</value>
        <value>115</value>
        <value>98</value>
        <value>68</value>
      </values>
      <score>162.2</score>
    </agent>
    <agent>
      <ID>14</ID>
      <userName>zi4</userName>
      <strategy>ZI</strategy>
      <values>
        <value>236</value>
        <value>200</value>
        <value>177</value>
        <value>165</value>
        <value>160</value>
        <value>158</value>
        <value>155</value>
        <value>115</value>
        <value>102</value>
        <value>94</value>
      </values>
      <score>116.0</score>
    </agent>
    <agent>
      <ID>134</ID>
      <userName>rb4</userName>
      <strategy>RB</strategy>
      <values>
        <value>222</value>
        <value>203</value>
        <value>195</value>
        <value>182</value>
        <value>176</value>
        <value>170</value>
        <value>84</value>
        <value>80</value>
        <value>64</value>
        <value>62</value>
      </values>
      <score>217.2</score>
    </agent>
    <agent>
      <ID>114</ID>
      <userName>gdx4</userName>
      <strategy>GDX</strategy>
      <values>
        <value>229</value>
        <value>173</value>
        <value>168</value>
        <value>166</value>
        <value>158</value>
        <value>156</value>
        <value>135</value>
        <value>122</value>
        <value>119</value>
        <value>117</value>
      </values>
      <score>116.6</score>
    </agent>
    <agent>
      <ID>113</ID>
      <userName>gdx3</userName>
      <strategy>GDX</strategy>
      <values>
        <value>256</value>
        <value>249</value>
        <value>232</value>
        <value>198</value>
        <value>162</value>
        <value>161</value>
        <value>97</value>
        <value>90</value>
        <value>77</value>
        <value>68</value>
      </values>
      <score>316.0</score>
    </agent>
    <agent>
      <ID>112</ID>
      <userName>gdx2</userName>
      <strategy>GDX</strategy>
      <values>
        <value>74</value>
        <value>76</value>
        <value>81</value>
        <value>105</value>
        <value>119</value>
        <value>135</value>
        <value>140</value>
        <value>142</value>
        <value>153</value>
        <value>227</value>
      </values>
      <score>459.0</score>
    </agent>
    <agent>
      <ID>31</ID>
      <userName>zibtq1</userName>
      <strategy>ZIBTQ</strategy>
      <values>
        <value>80</value>
        <value>93</value>
        <value>105</value>
        <value>123</value>
        <value>180</value>
        <value>189</value>
        <value>233</value>
        <value>234</value>
        <value>240</value>
        <value>243</value>
      </values>
      <score>216.4</score>
    </agent>
  </scores>
</results>

