<results>
  <transactions>
    <repetition>
      <id>1</id>
      <transaction>
        <timestamp>1333595055894</timestamp>
        <buyerID>95</buyerID>
        <sellerID>91</sellerID>
        <price>136</price>
      </transaction>
      <transaction>
        <timestamp>1333595055937</timestamp>
        <buyerID>96</buyerID>
        <sellerID>93</sellerID>
        <price>137</price>
      </transaction>
      <transaction>
        <timestamp>1333595055946</timestamp>
        <buyerID>96</buyerID>
        <sellerID>93</sellerID>
        <price>138</price>
      </transaction>
      <transaction>
        <timestamp>1333595055972</timestamp>
        <buyerID>98</buyerID>
        <sellerID>32</sellerID>
        <price>137</price>
      </transaction>
      <transaction>
        <timestamp>1333595055978</timestamp>
        <buyerID>33</buyerID>
        <sellerID>92</sellerID>
        <price>139</price>
      </transaction>
      <transaction>
        <timestamp>1333595055992</timestamp>
        <buyerID>34</buyerID>
        <sellerID>94</sellerID>
        <price>148</price>
      </transaction>
      <transaction>
        <timestamp>1333595055997</timestamp>
        <buyerID>97</buyerID>
        <sellerID>31</sellerID>
        <price>136</price>
      </transaction>
      <transaction>
        <timestamp>1333595056021</timestamp>
        <buyerID>33</buyerID>
        <sellerID>32</sellerID>
        <price>204</price>
      </transaction>
      <transaction>
        <timestamp>1333595056045</timestamp>
        <buyerID>34</buyerID>
        <sellerID>31</sellerID>
        <price>202</price>
      </transaction>
      <transaction>
        <timestamp>1333595056985</timestamp>
        <buyerID>98</buyerID>
        <sellerID>31</sellerID>
        <price>115</price>
      </transaction>
      <transaction>
        <timestamp>1333595057016</timestamp>
        <buyerID>33</buyerID>
        <sellerID>92</sellerID>
        <price>124</price>
      </transaction>
      <transaction>
        <timestamp>1333595057055</timestamp>
        <buyerID>34</buyerID>
        <sellerID>94</sellerID>
        <price>138</price>
      </transaction>
      <transaction>
        <timestamp>1333595057704</timestamp>
        <buyerID>34</buyerID>
        <sellerID>32</sellerID>
        <price>132</price>
      </transaction>
      <transaction>
        <timestamp>1333595057733</timestamp>
        <buyerID>97</buyerID>
        <sellerID>31</sellerID>
        <price>118</price>
      </transaction>
      <transaction>
        <timestamp>1333595057767</timestamp>
        <buyerID>33</buyerID>
        <sellerID>91</sellerID>
        <price>132</price>
      </transaction>
      <transaction>
        <timestamp>1333595058626</timestamp>
        <buyerID>34</buyerID>
        <sellerID>91</sellerID>
        <price>129</price>
      </transaction>
      <transaction>
        <timestamp>1333595059198</timestamp>
        <buyerID>96</buyerID>
        <sellerID>31</sellerID>
        <price>125</price>
      </transaction>
      <transaction>
        <timestamp>1333595059273</timestamp>
        <buyerID>34</buyerID>
        <sellerID>93</sellerID>
        <price>130</price>
      </transaction>
      <transaction>
        <timestamp>1333595059357</timestamp>
        <buyerID>33</buyerID>
        <sellerID>94</sellerID>
        <price>129</price>
      </transaction>
      <transaction>
        <timestamp>1333595060034</timestamp>
        <buyerID>95</buyerID>
        <sellerID>91</sellerID>
        <price>129</price>
      </transaction>
      <transaction>
        <timestamp>1333595060115</timestamp>
        <buyerID>34</buyerID>
        <sellerID>31</sellerID>
        <price>133</price>
      </transaction>
      <transaction>
        <timestamp>1333595060863</timestamp>
        <buyerID>34</buyerID>
        <sellerID>32</sellerID>
        <price>134</price>
      </transaction>
      <transaction>
        <timestamp>1333595061552</timestamp>
        <buyerID>34</buyerID>
        <sellerID>94</sellerID>
        <price>134</price>
      </transaction>
      <transaction>
        <timestamp>1333595061572</timestamp>
        <buyerID>95</buyerID>
        <sellerID>31</sellerID>
        <price>135</price>
      </transaction>
      <transaction>
        <timestamp>1333595062300</timestamp>
        <buyerID>97</buyerID>
        <sellerID>92</sellerID>
        <price>137</price>
      </transaction>
      <transaction>
        <timestamp>1333595062335</timestamp>
        <buyerID>95</buyerID>
        <sellerID>94</sellerID>
        <price>137</price>
      </transaction>
      <transaction>
        <timestamp>1333595063119</timestamp>
        <buyerID>97</buyerID>
        <sellerID>32</sellerID>
        <price>139</price>
      </transaction>
      <transaction>
        <timestamp>1333595064551</timestamp>
        <buyerID>95</buyerID>
        <sellerID>93</sellerID>
        <price>144</price>
      </transaction>
      <transaction>
        <timestamp>1333595065344</timestamp>
        <buyerID>98</buyerID>
        <sellerID>32</sellerID>
        <price>145</price>
      </transaction>
      <transaction>
        <timestamp>1333595069871</timestamp>
        <buyerID>98</buyerID>
        <sellerID>91</sellerID>
        <price>151</price>
      </transaction>
      <transaction>
        <timestamp>1333595072031</timestamp>
        <buyerID>98</buyerID>
        <sellerID>31</sellerID>
        <price>153</price>
      </transaction>
      <transaction>
        <timestamp>1333595073553</timestamp>
        <buyerID>98</buyerID>
        <sellerID>91</sellerID>
        <price>153</price>
      </transaction>
      <transaction>
        <timestamp>1333595159854</timestamp>
        <buyerID>74</buyerID>
        <sellerID>32</sellerID>
        <price>165</price>
      </transaction>
      <transaction>
        <timestamp>1333595160443</timestamp>
        <buyerID>74</buyerID>
        <sellerID>93</sellerID>
        <price>165</price>
      </transaction>
      <transaction>
        <timestamp>1333595161283</timestamp>
        <buyerID>74</buyerID>
        <sellerID>91</sellerID>
        <price>165</price>
      </transaction>
      <transaction>
        <timestamp>1333595162132</timestamp>
        <buyerID>74</buyerID>
        <sellerID>94</sellerID>
        <price>171</price>
      </transaction>
      <transaction>
        <timestamp>1333595162711</timestamp>
        <buyerID>74</buyerID>
        <sellerID>92</sellerID>
        <price>171</price>
      </transaction>
      <transaction>
        <timestamp>1333595164212</timestamp>
        <buyerID>97</buyerID>
        <sellerID>71</sellerID>
        <price>155</price>
      </transaction>
      <transaction>
        <timestamp>1333595165059</timestamp>
        <buyerID>97</buyerID>
        <sellerID>71</sellerID>
        <price>141</price>
      </transaction>
      <transaction>
        <timestamp>1333595165716</timestamp>
        <buyerID>96</buyerID>
        <sellerID>71</sellerID>
        <price>136</price>
      </transaction>
      <transaction>
        <timestamp>1333595166556</timestamp>
        <buyerID>97</buyerID>
        <sellerID>71</sellerID>
        <price>136</price>
      </transaction>
      <transaction>
        <timestamp>1333595167289</timestamp>
        <buyerID>97</buyerID>
        <sellerID>71</sellerID>
        <price>136</price>
      </transaction>
      <transaction>
        <timestamp>1333595168779</timestamp>
        <buyerID>73</buyerID>
        <sellerID>32</sellerID>
        <price>202</price>
      </transaction>
      <transaction>
        <timestamp>1333595169465</timestamp>
        <buyerID>73</buyerID>
        <sellerID>93</sellerID>
        <price>205</price>
      </transaction>
      <transaction>
        <timestamp>1333595170967</timestamp>
        <buyerID>95</buyerID>
        <sellerID>72</sellerID>
        <price>125</price>
      </transaction>
      <transaction>
        <timestamp>1333595171739</timestamp>
        <buyerID>98</buyerID>
        <sellerID>72</sellerID>
        <price>119</price>
      </transaction>
      <transaction>
        <timestamp>1333595172480</timestamp>
        <buyerID>95</buyerID>
        <sellerID>72</sellerID>
        <price>118</price>
      </transaction>
      <transaction>
        <timestamp>1333595173236</timestamp>
        <buyerID>73</buyerID>
        <sellerID>93</sellerID>
        <price>190</price>
      </transaction>
      <transaction>
        <timestamp>1333595174743</timestamp>
        <buyerID>73</buyerID>
        <sellerID>94</sellerID>
        <price>187</price>
      </transaction>
    </repetition>
    <repetition>
      <id>2</id>
      <transaction>
        <timestamp>1333595182394</timestamp>
        <buyerID>96</buyerID>
        <sellerID>31</sellerID>
        <price>149</price>
      </transaction>
      <transaction>
        <timestamp>1333595182405</timestamp>
        <buyerID>33</buyerID>
        <sellerID>91</sellerID>
        <price>149</price>
      </transaction>
      <transaction>
        <timestamp>1333595183001</timestamp>
        <buyerID>96</buyerID>
        <sellerID>31</sellerID>
        <price>152</price>
      </transaction>
      <transaction>
        <timestamp>1333595183015</timestamp>
        <buyerID>33</buyerID>
        <sellerID>93</sellerID>
        <price>162</price>
      </transaction>
      <transaction>
        <timestamp>1333595183070</timestamp>
        <buyerID>98</buyerID>
        <sellerID>71</sellerID>
        <price>156</price>
      </transaction>
      <transaction>
        <timestamp>1333595183076</timestamp>
        <buyerID>74</buyerID>
        <sellerID>91</sellerID>
        <price>157</price>
      </transaction>
      <transaction>
        <timestamp>1333595183096</timestamp>
        <buyerID>73</buyerID>
        <sellerID>92</sellerID>
        <price>157</price>
      </transaction>
      <transaction>
        <timestamp>1333595183688</timestamp>
        <buyerID>33</buyerID>
        <sellerID>32</sellerID>
        <price>158</price>
      </transaction>
      <transaction>
        <timestamp>1333595183725</timestamp>
        <buyerID>95</buyerID>
        <sellerID>71</sellerID>
        <price>157</price>
      </transaction>
      <transaction>
        <timestamp>1333595183730</timestamp>
        <buyerID>73</buyerID>
        <sellerID>94</sellerID>
        <price>161</price>
      </transaction>
      <transaction>
        <timestamp>1333595183743</timestamp>
        <buyerID>97</buyerID>
        <sellerID>72</sellerID>
        <price>155</price>
      </transaction>
      <transaction>
        <timestamp>1333595183761</timestamp>
        <buyerID>96</buyerID>
        <sellerID>32</sellerID>
        <price>156</price>
      </transaction>
      <transaction>
        <timestamp>1333595183790</timestamp>
        <buyerID>34</buyerID>
        <sellerID>31</sellerID>
        <price>154</price>
      </transaction>
      <transaction>
        <timestamp>1333595184487</timestamp>
        <buyerID>96</buyerID>
        <sellerID>71</sellerID>
        <price>122</price>
      </transaction>
      <transaction>
        <timestamp>1333595184548</timestamp>
        <buyerID>98</buyerID>
        <sellerID>72</sellerID>
        <price>123</price>
      </transaction>
      <transaction>
        <timestamp>1333595184567</timestamp>
        <buyerID>34</buyerID>
        <sellerID>93</sellerID>
        <price>124</price>
      </transaction>
      <transaction>
        <timestamp>1333595184578</timestamp>
        <buyerID>74</buyerID>
        <sellerID>31</sellerID>
        <price>125</price>
      </transaction>
      <transaction>
        <timestamp>1333595184588</timestamp>
        <buyerID>73</buyerID>
        <sellerID>94</sellerID>
        <price>130</price>
      </transaction>
      <transaction>
        <timestamp>1333595184594</timestamp>
        <buyerID>33</buyerID>
        <sellerID>92</sellerID>
        <price>131</price>
      </transaction>
      <transaction>
        <timestamp>1333595185299</timestamp>
        <buyerID>97</buyerID>
        <sellerID>93</sellerID>
        <price>131</price>
      </transaction>
      <transaction>
        <timestamp>1333595185309</timestamp>
        <buyerID>34</buyerID>
        <sellerID>32</sellerID>
        <price>132</price>
      </transaction>
      <transaction>
        <timestamp>1333595186031</timestamp>
        <buyerID>74</buyerID>
        <sellerID>32</sellerID>
        <price>136</price>
      </transaction>
      <transaction>
        <timestamp>1333595186073</timestamp>
        <buyerID>34</buyerID>
        <sellerID>94</sellerID>
        <price>150</price>
      </transaction>
      <transaction>
        <timestamp>1333595186746</timestamp>
        <buyerID>95</buyerID>
        <sellerID>31</sellerID>
        <price>147</price>
      </transaction>
      <transaction>
        <timestamp>1333595186825</timestamp>
        <buyerID>33</buyerID>
        <sellerID>91</sellerID>
        <price>146</price>
      </transaction>
      <transaction>
        <timestamp>1333595186844</timestamp>
        <buyerID>34</buyerID>
        <sellerID>93</sellerID>
        <price>146</price>
      </transaction>
      <transaction>
        <timestamp>1333595187467</timestamp>
        <buyerID>34</buyerID>
        <sellerID>94</sellerID>
        <price>145</price>
      </transaction>
      <transaction>
        <timestamp>1333595187611</timestamp>
        <buyerID>98</buyerID>
        <sellerID>72</sellerID>
        <price>134</price>
      </transaction>
      <transaction>
        <timestamp>1333595188230</timestamp>
        <buyerID>34</buyerID>
        <sellerID>92</sellerID>
        <price>140</price>
      </transaction>
      <transaction>
        <timestamp>1333595188268</timestamp>
        <buyerID>73</buyerID>
        <sellerID>31</sellerID>
        <price>136</price>
      </transaction>
      <transaction>
        <timestamp>1333595188329</timestamp>
        <buyerID>98</buyerID>
        <sellerID>71</sellerID>
        <price>135</price>
      </transaction>
      <transaction>
        <timestamp>1333595188335</timestamp>
        <buyerID>97</buyerID>
        <sellerID>91</sellerID>
        <price>134</price>
      </transaction>
      <transaction>
        <timestamp>1333595188940</timestamp>
        <buyerID>34</buyerID>
        <sellerID>94</sellerID>
        <price>136</price>
      </transaction>
      <transaction>
        <timestamp>1333595189003</timestamp>
        <buyerID>73</buyerID>
        <sellerID>31</sellerID>
        <price>136</price>
      </transaction>
      <transaction>
        <timestamp>1333595189073</timestamp>
        <buyerID>74</buyerID>
        <sellerID>32</sellerID>
        <price>139</price>
      </transaction>
      <transaction>
        <timestamp>1333595189101</timestamp>
        <buyerID>98</buyerID>
        <sellerID>71</sellerID>
        <price>136</price>
      </transaction>
      <transaction>
        <timestamp>1333595190569</timestamp>
        <buyerID>98</buyerID>
        <sellerID>32</sellerID>
        <price>145</price>
      </transaction>
      <transaction>
        <timestamp>1333595193491</timestamp>
        <buyerID>95</buyerID>
        <sellerID>72</sellerID>
        <price>149</price>
      </transaction>
      <transaction>
        <timestamp>1333595195093</timestamp>
        <buyerID>74</buyerID>
        <sellerID>31</sellerID>
        <price>153</price>
      </transaction>
      <transaction>
        <timestamp>1333595196590</timestamp>
        <buyerID>74</buyerID>
        <sellerID>91</sellerID>
        <price>153</price>
      </transaction>
      <transaction>
        <timestamp>1333595197952</timestamp>
        <buyerID>95</buyerID>
        <sellerID>91</sellerID>
        <price>156</price>
      </transaction>
      <transaction>
        <timestamp>1333595291705</timestamp>
        <buyerID>95</buyerID>
        <sellerID>71</sellerID>
        <price>155</price>
      </transaction>
      <transaction>
        <timestamp>1333595296299</timestamp>
        <buyerID>97</buyerID>
        <sellerID>71</sellerID>
        <price>150</price>
      </transaction>
    </repetition>
    <repetition>
      <id>3</id>
      <transaction>
        <timestamp>1333595309891</timestamp>
        <buyerID>33</buyerID>
        <sellerID>92</sellerID>
        <price>121</price>
      </transaction>
      <transaction>
        <timestamp>1333595309939</timestamp>
        <buyerID>96</buyerID>
        <sellerID>31</sellerID>
        <price>77</price>
      </transaction>
      <transaction>
        <timestamp>1333595309949</timestamp>
        <buyerID>34</buyerID>
        <sellerID>93</sellerID>
        <price>121</price>
      </transaction>
      <transaction>
        <timestamp>1333595309973</timestamp>
        <buyerID>98</buyerID>
        <sellerID>94</sellerID>
        <price>121</price>
      </transaction>
      <transaction>
        <timestamp>1333595310001</timestamp>
        <buyerID>97</buyerID>
        <sellerID>32</sellerID>
        <price>75</price>
      </transaction>
      <transaction>
        <timestamp>1333595310521</timestamp>
        <buyerID>34</buyerID>
        <sellerID>94</sellerID>
        <price>152</price>
      </transaction>
      <transaction>
        <timestamp>1333595310562</timestamp>
        <buyerID>98</buyerID>
        <sellerID>31</sellerID>
        <price>127</price>
      </transaction>
      <transaction>
        <timestamp>1333595310568</timestamp>
        <buyerID>33</buyerID>
        <sellerID>91</sellerID>
        <price>152</price>
      </transaction>
      <transaction>
        <timestamp>1333595310620</timestamp>
        <buyerID>97</buyerID>
        <sellerID>32</sellerID>
        <price>126</price>
      </transaction>
      <transaction>
        <timestamp>1333595311201</timestamp>
        <buyerID>95</buyerID>
        <sellerID>31</sellerID>
        <price>125</price>
      </transaction>
      <transaction>
        <timestamp>1333595311224</timestamp>
        <buyerID>33</buyerID>
        <sellerID>92</sellerID>
        <price>151</price>
      </transaction>
      <transaction>
        <timestamp>1333595311341</timestamp>
        <buyerID>34</buyerID>
        <sellerID>71</sellerID>
        <price>147</price>
      </transaction>
      <transaction>
        <timestamp>1333595311936</timestamp>
        <buyerID>96</buyerID>
        <sellerID>71</sellerID>
        <price>128</price>
      </transaction>
      <transaction>
        <timestamp>1333595311973</timestamp>
        <buyerID>95</buyerID>
        <sellerID>31</sellerID>
        <price>127</price>
      </transaction>
      <transaction>
        <timestamp>1333595312002</timestamp>
        <buyerID>73</buyerID>
        <sellerID>93</sellerID>
        <price>135</price>
      </transaction>
      <transaction>
        <timestamp>1333595312014</timestamp>
        <buyerID>33</buyerID>
        <sellerID>94</sellerID>
        <price>136</price>
      </transaction>
      <transaction>
        <timestamp>1333595312059</timestamp>
        <buyerID>95</buyerID>
        <sellerID>72</sellerID>
        <price>136</price>
      </transaction>
      <transaction>
        <timestamp>1333595312069</timestamp>
        <buyerID>98</buyerID>
        <sellerID>32</sellerID>
        <price>135</price>
      </transaction>
      <transaction>
        <timestamp>1333595312092</timestamp>
        <buyerID>74</buyerID>
        <sellerID>92</sellerID>
        <price>137</price>
      </transaction>
      <transaction>
        <timestamp>1333595312716</timestamp>
        <buyerID>97</buyerID>
        <sellerID>71</sellerID>
        <price>135</price>
      </transaction>
      <transaction>
        <timestamp>1333595312746</timestamp>
        <buyerID>74</buyerID>
        <sellerID>91</sellerID>
        <price>137</price>
      </transaction>
      <transaction>
        <timestamp>1333595312827</timestamp>
        <buyerID>96</buyerID>
        <sellerID>91</sellerID>
        <price>142</price>
      </transaction>
      <transaction>
        <timestamp>1333595312833</timestamp>
        <buyerID>34</buyerID>
        <sellerID>31</sellerID>
        <price>143</price>
      </transaction>
      <transaction>
        <timestamp>1333595312858</timestamp>
        <buyerID>97</buyerID>
        <sellerID>32</sellerID>
        <price>142</price>
      </transaction>
      <transaction>
        <timestamp>1333595312877</timestamp>
        <buyerID>95</buyerID>
        <sellerID>72</sellerID>
        <price>142</price>
      </transaction>
      <transaction>
        <timestamp>1333595313439</timestamp>
        <buyerID>33</buyerID>
        <sellerID>72</sellerID>
        <price>141</price>
      </transaction>
      <transaction>
        <timestamp>1333595313498</timestamp>
        <buyerID>34</buyerID>
        <sellerID>93</sellerID>
        <price>161</price>
      </transaction>
      <transaction>
        <timestamp>1333595314212</timestamp>
        <buyerID>74</buyerID>
        <sellerID>32</sellerID>
        <price>140</price>
      </transaction>
      <transaction>
        <timestamp>1333595314278</timestamp>
        <buyerID>73</buyerID>
        <sellerID>32</sellerID>
        <price>145</price>
      </transaction>
      <transaction>
        <timestamp>1333595314947</timestamp>
        <buyerID>97</buyerID>
        <sellerID>31</sellerID>
        <price>147</price>
      </transaction>
      <transaction>
        <timestamp>1333595314978</timestamp>
        <buyerID>95</buyerID>
        <sellerID>91</sellerID>
        <price>147</price>
      </transaction>
      <transaction>
        <timestamp>1333595315043</timestamp>
        <buyerID>98</buyerID>
        <sellerID>94</sellerID>
        <price>146</price>
      </transaction>
      <transaction>
        <timestamp>1333595315061</timestamp>
        <buyerID>34</buyerID>
        <sellerID>71</sellerID>
        <price>145</price>
      </transaction>
      <transaction>
        <timestamp>1333595315068</timestamp>
        <buyerID>74</buyerID>
        <sellerID>93</sellerID>
        <price>147</price>
      </transaction>
      <transaction>
        <timestamp>1333595315789</timestamp>
        <buyerID>34</buyerID>
        <sellerID>93</sellerID>
        <price>162</price>
      </transaction>
      <transaction>
        <timestamp>1333595316487</timestamp>
        <buyerID>34</buyerID>
        <sellerID>31</sellerID>
        <price>151</price>
      </transaction>
      <transaction>
        <timestamp>1333595316561</timestamp>
        <buyerID>98</buyerID>
        <sellerID>71</sellerID>
        <price>147</price>
      </transaction>
      <transaction>
        <timestamp>1333595317335</timestamp>
        <buyerID>73</buyerID>
        <sellerID>94</sellerID>
        <price>153</price>
      </transaction>
      <transaction>
        <timestamp>1333595318012</timestamp>
        <buyerID>73</buyerID>
        <sellerID>31</sellerID>
        <price>153</price>
      </transaction>
      <transaction>
        <timestamp>1333595320262</timestamp>
        <buyerID>74</buyerID>
        <sellerID>91</sellerID>
        <price>152</price>
      </transaction>
      <transaction>
        <timestamp>1333595321011</timestamp>
        <buyerID>74</buyerID>
        <sellerID>91</sellerID>
        <price>153</price>
      </transaction>
      <transaction>
        <timestamp>1333595321122</timestamp>
        <buyerID>98</buyerID>
        <sellerID>72</sellerID>
        <price>150</price>
      </transaction>
    </repetition>
    <repetition>
      <id>4</id>
      <transaction>
        <timestamp>1333595437390</timestamp>
        <buyerID>34</buyerID>
        <sellerID>32</sellerID>
        <price>161</price>
      </transaction>
      <transaction>
        <timestamp>1333595437416</timestamp>
        <buyerID>33</buyerID>
        <sellerID>31</sellerID>
        <price>148</price>
      </transaction>
      <transaction>
        <timestamp>1333595437966</timestamp>
        <buyerID>34</buyerID>
        <sellerID>93</sellerID>
        <price>159</price>
      </transaction>
      <transaction>
        <timestamp>1333595438054</timestamp>
        <buyerID>33</buyerID>
        <sellerID>31</sellerID>
        <price>136</price>
      </transaction>
      <transaction>
        <timestamp>1333595438701</timestamp>
        <buyerID>97</buyerID>
        <sellerID>32</sellerID>
        <price>119</price>
      </transaction>
      <transaction>
        <timestamp>1333595438824</timestamp>
        <buyerID>33</buyerID>
        <sellerID>31</sellerID>
        <price>130</price>
      </transaction>
      <transaction>
        <timestamp>1333595438861</timestamp>
        <buyerID>34</buyerID>
        <sellerID>71</sellerID>
        <price>141</price>
      </transaction>
      <transaction>
        <timestamp>1333595439588</timestamp>
        <buyerID>33</buyerID>
        <sellerID>32</sellerID>
        <price>132</price>
      </transaction>
      <transaction>
        <timestamp>1333595439592</timestamp>
        <buyerID>97</buyerID>
        <sellerID>31</sellerID>
        <price>126</price>
      </transaction>
      <transaction>
        <timestamp>1333595439597</timestamp>
        <buyerID>34</buyerID>
        <sellerID>92</sellerID>
        <price>139</price>
      </transaction>
      <transaction>
        <timestamp>1333595440300</timestamp>
        <buyerID>96</buyerID>
        <sellerID>72</sellerID>
        <price>126</price>
      </transaction>
      <transaction>
        <timestamp>1333595440317</timestamp>
        <buyerID>95</buyerID>
        <sellerID>71</sellerID>
        <price>126</price>
      </transaction>
      <transaction>
        <timestamp>1333595440331</timestamp>
        <buyerID>98</buyerID>
        <sellerID>31</sellerID>
        <price>125</price>
      </transaction>
      <transaction>
        <timestamp>1333595440354</timestamp>
        <buyerID>33</buyerID>
        <sellerID>32</sellerID>
        <price>135</price>
      </transaction>
      <transaction>
        <timestamp>1333595440967</timestamp>
        <buyerID>97</buyerID>
        <sellerID>71</sellerID>
        <price>128</price>
      </transaction>
      <transaction>
        <timestamp>1333595441057</timestamp>
        <buyerID>73</buyerID>
        <sellerID>91</sellerID>
        <price>133</price>
      </transaction>
      <transaction>
        <timestamp>1333595441069</timestamp>
        <buyerID>96</buyerID>
        <sellerID>72</sellerID>
        <price>129</price>
      </transaction>
      <transaction>
        <timestamp>1333595441115</timestamp>
        <buyerID>34</buyerID>
        <sellerID>94</sellerID>
        <price>131</price>
      </transaction>
      <transaction>
        <timestamp>1333595441697</timestamp>
        <buyerID>97</buyerID>
        <sellerID>93</sellerID>
        <price>131</price>
      </transaction>
      <transaction>
        <timestamp>1333595441721</timestamp>
        <buyerID>98</buyerID>
        <sellerID>71</sellerID>
        <price>129</price>
      </transaction>
      <transaction>
        <timestamp>1333595441733</timestamp>
        <buyerID>74</buyerID>
        <sellerID>94</sellerID>
        <price>131</price>
      </transaction>
      <transaction>
        <timestamp>1333595441792</timestamp>
        <buyerID>34</buyerID>
        <sellerID>91</sellerID>
        <price>131</price>
      </transaction>
      <transaction>
        <timestamp>1333595441816</timestamp>
        <buyerID>98</buyerID>
        <sellerID>72</sellerID>
        <price>131</price>
      </transaction>
      <transaction>
        <timestamp>1333595441851</timestamp>
        <buyerID>73</buyerID>
        <sellerID>92</sellerID>
        <price>133</price>
      </transaction>
      <transaction>
        <timestamp>1333595442447</timestamp>
        <buyerID>98</buyerID>
        <sellerID>92</sellerID>
        <price>132</price>
      </transaction>
      <transaction>
        <timestamp>1333595442502</timestamp>
        <buyerID>96</buyerID>
        <sellerID>31</sellerID>
        <price>133</price>
      </transaction>
      <transaction>
        <timestamp>1333595442541</timestamp>
        <buyerID>74</buyerID>
        <sellerID>94</sellerID>
        <price>133</price>
      </transaction>
      <transaction>
        <timestamp>1333595442552</timestamp>
        <buyerID>97</buyerID>
        <sellerID>71</sellerID>
        <price>132</price>
      </transaction>
      <transaction>
        <timestamp>1333595442577</timestamp>
        <buyerID>73</buyerID>
        <sellerID>93</sellerID>
        <price>134</price>
      </transaction>
      <transaction>
        <timestamp>1333595442596</timestamp>
        <buyerID>34</buyerID>
        <sellerID>31</sellerID>
        <price>135</price>
      </transaction>
      <transaction>
        <timestamp>1333595443256</timestamp>
        <buyerID>34</buyerID>
        <sellerID>32</sellerID>
        <price>139</price>
      </transaction>
      <transaction>
        <timestamp>1333595444024</timestamp>
        <buyerID>73</buyerID>
        <sellerID>32</sellerID>
        <price>146</price>
      </transaction>
      <transaction>
        <timestamp>1333595444106</timestamp>
        <buyerID>74</buyerID>
        <sellerID>94</sellerID>
        <price>148</price>
      </transaction>
      <transaction>
        <timestamp>1333595444868</timestamp>
        <buyerID>98</buyerID>
        <sellerID>93</sellerID>
        <price>146</price>
      </transaction>
      <transaction>
        <timestamp>1333595444873</timestamp>
        <buyerID>74</buyerID>
        <sellerID>94</sellerID>
        <price>147</price>
      </transaction>
      <transaction>
        <timestamp>1333595445552</timestamp>
        <buyerID>74</buyerID>
        <sellerID>91</sellerID>
        <price>147</price>
      </transaction>
      <transaction>
        <timestamp>1333595446229</timestamp>
        <buyerID>98</buyerID>
        <sellerID>91</sellerID>
        <price>147</price>
      </transaction>
      <transaction>
        <timestamp>1333595447077</timestamp>
        <buyerID>74</buyerID>
        <sellerID>91</sellerID>
        <price>151</price>
      </transaction>
      <transaction>
        <timestamp>1333595447839</timestamp>
        <buyerID>95</buyerID>
        <sellerID>72</sellerID>
        <price>149</price>
      </transaction>
      <transaction>
        <timestamp>1333595451520</timestamp>
        <buyerID>95</buyerID>
        <sellerID>31</sellerID>
        <price>153</price>
      </transaction>
      <transaction>
        <timestamp>1333595452998</timestamp>
        <buyerID>95</buyerID>
        <sellerID>91</sellerID>
        <price>154</price>
      </transaction>
      <transaction>
        <timestamp>1333595546775</timestamp>
        <buyerID>95</buyerID>
        <sellerID>71</sellerID>
        <price>153</price>
      </transaction>
    </repetition>
    <repetition>
      <id>5</id>
      <transaction>
        <timestamp>1333595564891</timestamp>
        <buyerID>96</buyerID>
        <sellerID>91</sellerID>
        <price>118</price>
      </transaction>
      <transaction>
        <timestamp>1333595564898</timestamp>
        <buyerID>34</buyerID>
        <sellerID>32</sellerID>
        <price>151</price>
      </transaction>
      <transaction>
        <timestamp>1333595564917</timestamp>
        <buyerID>97</buyerID>
        <sellerID>31</sellerID>
        <price>120</price>
      </transaction>
      <transaction>
        <timestamp>1333595564965</timestamp>
        <buyerID>33</buyerID>
        <sellerID>94</sellerID>
        <price>160</price>
      </transaction>
      <transaction>
        <timestamp>1333595565446</timestamp>
        <buyerID>95</buyerID>
        <sellerID>31</sellerID>
        <price>120</price>
      </transaction>
      <transaction>
        <timestamp>1333595565514</timestamp>
        <buyerID>97</buyerID>
        <sellerID>92</sellerID>
        <price>158</price>
      </transaction>
      <transaction>
        <timestamp>1333595565521</timestamp>
        <buyerID>96</buyerID>
        <sellerID>91</sellerID>
        <price>158</price>
      </transaction>
      <transaction>
        <timestamp>1333595565532</timestamp>
        <buyerID>33</buyerID>
        <sellerID>94</sellerID>
        <price>159</price>
      </transaction>
      <transaction>
        <timestamp>1333595565543</timestamp>
        <buyerID>74</buyerID>
        <sellerID>93</sellerID>
        <price>160</price>
      </transaction>
      <transaction>
        <timestamp>1333595565585</timestamp>
        <buyerID>34</buyerID>
        <sellerID>32</sellerID>
        <price>157</price>
      </transaction>
      <transaction>
        <timestamp>1333595566232</timestamp>
        <buyerID>34</buyerID>
        <sellerID>92</sellerID>
        <price>177</price>
      </transaction>
      <transaction>
        <timestamp>1333595566246</timestamp>
        <buyerID>95</buyerID>
        <sellerID>31</sellerID>
        <price>124</price>
      </transaction>
      <transaction>
        <timestamp>1333595567010</timestamp>
        <buyerID>97</buyerID>
        <sellerID>72</sellerID>
        <price>141</price>
      </transaction>
      <transaction>
        <timestamp>1333595567044</timestamp>
        <buyerID>34</buyerID>
        <sellerID>94</sellerID>
        <price>149</price>
      </transaction>
      <transaction>
        <timestamp>1333595567083</timestamp>
        <buyerID>95</buyerID>
        <sellerID>31</sellerID>
        <price>141</price>
      </transaction>
      <transaction>
        <timestamp>1333595567108</timestamp>
        <buyerID>33</buyerID>
        <sellerID>92</sellerID>
        <price>148</price>
      </transaction>
      <transaction>
        <timestamp>1333595567129</timestamp>
        <buyerID>96</buyerID>
        <sellerID>71</sellerID>
        <price>140</price>
      </transaction>
      <transaction>
        <timestamp>1333595567138</timestamp>
        <buyerID>73</buyerID>
        <sellerID>93</sellerID>
        <price>149</price>
      </transaction>
      <transaction>
        <timestamp>1333595567151</timestamp>
        <buyerID>98</buyerID>
        <sellerID>32</sellerID>
        <price>139</price>
      </transaction>
      <transaction>
        <timestamp>1333595567720</timestamp>
        <buyerID>34</buyerID>
        <sellerID>91</sellerID>
        <price>150</price>
      </transaction>
      <transaction>
        <timestamp>1333595567832</timestamp>
        <buyerID>33</buyerID>
        <sellerID>31</sellerID>
        <price>155</price>
      </transaction>
      <transaction>
        <timestamp>1333595568440</timestamp>
        <buyerID>33</buyerID>
        <sellerID>32</sellerID>
        <price>136</price>
      </transaction>
      <transaction>
        <timestamp>1333595568507</timestamp>
        <buyerID>98</buyerID>
        <sellerID>31</sellerID>
        <price>138</price>
      </transaction>
      <transaction>
        <timestamp>1333595568568</timestamp>
        <buyerID>34</buyerID>
        <sellerID>91</sellerID>
        <price>155</price>
      </transaction>
      <transaction>
        <timestamp>1333595568607</timestamp>
        <buyerID>74</buyerID>
        <sellerID>32</sellerID>
        <price>141</price>
      </transaction>
      <transaction>
        <timestamp>1333595569313</timestamp>
        <buyerID>95</buyerID>
        <sellerID>72</sellerID>
        <price>139</price>
      </transaction>
      <transaction>
        <timestamp>1333595569321</timestamp>
        <buyerID>97</buyerID>
        <sellerID>71</sellerID>
        <price>138</price>
      </transaction>
      <transaction>
        <timestamp>1333595569328</timestamp>
        <buyerID>73</buyerID>
        <sellerID>32</sellerID>
        <price>147</price>
      </transaction>
      <transaction>
        <timestamp>1333595569370</timestamp>
        <buyerID>34</buyerID>
        <sellerID>94</sellerID>
        <price>147</price>
      </transaction>
      <transaction>
        <timestamp>1333595569962</timestamp>
        <buyerID>74</buyerID>
        <sellerID>94</sellerID>
        <price>140</price>
      </transaction>
      <transaction>
        <timestamp>1333595569986</timestamp>
        <buyerID>73</buyerID>
        <sellerID>31</sellerID>
        <price>141</price>
      </transaction>
      <transaction>
        <timestamp>1333595570007</timestamp>
        <buyerID>34</buyerID>
        <sellerID>93</sellerID>
        <price>148</price>
      </transaction>
      <transaction>
        <timestamp>1333595570817</timestamp>
        <buyerID>97</buyerID>
        <sellerID>72</sellerID>
        <price>144</price>
      </transaction>
      <transaction>
        <timestamp>1333595570854</timestamp>
        <buyerID>98</buyerID>
        <sellerID>71</sellerID>
        <price>143</price>
      </transaction>
      <transaction>
        <timestamp>1333595570859</timestamp>
        <buyerID>73</buyerID>
        <sellerID>91</sellerID>
        <price>150</price>
      </transaction>
      <transaction>
        <timestamp>1333595571609</timestamp>
        <buyerID>34</buyerID>
        <sellerID>71</sellerID>
        <price>144</price>
      </transaction>
      <transaction>
        <timestamp>1333595572285</timestamp>
        <buyerID>98</buyerID>
        <sellerID>71</sellerID>
        <price>141</price>
      </transaction>
      <transaction>
        <timestamp>1333595574588</timestamp>
        <buyerID>95</buyerID>
        <sellerID>93</sellerID>
        <price>145</price>
      </transaction>
      <transaction>
        <timestamp>1333595578354</timestamp>
        <buyerID>74</buyerID>
        <sellerID>31</sellerID>
        <price>153</price>
      </transaction>
      <transaction>
        <timestamp>1333595579100</timestamp>
        <buyerID>98</buyerID>
        <sellerID>72</sellerID>
        <price>150</price>
      </transaction>
      <transaction>
        <timestamp>1333595589571</timestamp>
        <buyerID>74</buyerID>
        <sellerID>91</sellerID>
        <price>156</price>
      </transaction>
      <transaction>
        <timestamp>1333595597781</timestamp>
        <buyerID>74</buyerID>
        <sellerID>93</sellerID>
        <price>156</price>
      </transaction>
      <transaction>
        <timestamp>1333595603806</timestamp>
        <buyerID>98</buyerID>
        <sellerID>91</sellerID>
        <price>160</price>
      </transaction>
    </repetition>
  </transactions>
  <scores>
    <agent>
      <ID>34</ID>
      <userName>zibtq4</userName>
      <strategy>ZIBTQ</strategy>
      <values>
        <value>257</value>
        <value>243</value>
        <value>212</value>
        <value>210</value>
        <value>187</value>
        <value>179</value>
        <value>176</value>
        <value>167</value>
        <value>145</value>
        <value>98</value>
      </values>
      <score>468.4</score>
    </agent>
    <agent>
      <ID>32</ID>
      <userName>zibtq2</userName>
      <strategy>ZIBTQ</strategy>
      <values>
        <value>74</value>
        <value>85</value>
        <value>132</value>
        <value>134</value>
        <value>139</value>
        <value>145</value>
        <value>165</value>
        <value>202</value>
        <value>228</value>
        <value>232</value>
      </values>
      <score>135.6</score>
    </agent>
    <agent>
      <ID>33</ID>
      <userName>zibtq3</userName>
      <strategy>ZIBTQ</strategy>
      <values>
        <value>251</value>
        <value>213</value>
        <value>182</value>
        <value>157</value>
        <value>151</value>
        <value>104</value>
        <value>89</value>
        <value>81</value>
        <value>80</value>
        <value>68</value>
      </values>
      <score>231.2</score>
    </agent>
    <agent>
      <ID>71</ID>
      <userName>kaplan1</userName>
      <strategy>KAPLAN</strategy>
      <values>
        <value>74</value>
        <value>81</value>
        <value>82</value>
        <value>89</value>
        <value>109</value>
        <value>149</value>
        <value>150</value>
        <value>210</value>
        <value>241</value>
        <value>242</value>
      </values>
      <score>261.8</score>
    </agent>
    <agent>
      <ID>98</ID>
      <userName>gd8</userName>
      <strategy>GD</strategy>
      <values>
        <value>251</value>
        <value>239</value>
        <value>229</value>
        <value>224</value>
        <value>220</value>
        <value>179</value>
        <value>123</value>
        <value>118</value>
        <value>73</value>
        <value>68</value>
      </values>
      <score>504.8</score>
    </agent>
    <agent>
      <ID>96</ID>
      <userName>gd6</userName>
      <strategy>GD</strategy>
      <values>
        <value>225</value>
        <value>215</value>
        <value>211</value>
        <value>138</value>
        <value>114</value>
        <value>105</value>
        <value>103</value>
        <value>89</value>
        <value>69</value>
        <value>62</value>
      </values>
      <score>253.0</score>
    </agent>
    <agent>
      <ID>97</ID>
      <userName>gd7</userName>
      <strategy>GD</strategy>
      <values>
        <value>258</value>
        <value>217</value>
        <value>171</value>
        <value>161</value>
        <value>157</value>
        <value>144</value>
        <value>140</value>
        <value>140</value>
        <value>119</value>
        <value>98</value>
      </values>
      <score>291.4</score>
    </agent>
    <agent>
      <ID>72</ID>
      <userName>kaplan2</userName>
      <strategy>KAPLAN</strategy>
      <values>
        <value>72</value>
        <value>72</value>
        <value>105</value>
        <value>134</value>
        <value>156</value>
        <value>167</value>
        <value>208</value>
        <value>238</value>
        <value>240</value>
        <value>244</value>
      </values>
      <score>164.0</score>
    </agent>
    <agent>
      <ID>73</ID>
      <userName>kaplan3</userName>
      <strategy>KAPLAN</strategy>
      <values>
        <value>248</value>
        <value>247</value>
        <value>191</value>
        <value>188</value>
        <value>144</value>
        <value>126</value>
        <value>105</value>
        <value>85</value>
        <value>82</value>
        <value>73</value>
      </values>
      <score>258.2</score>
    </agent>
    <agent>
      <ID>74</ID>
      <userName>kaplan4</userName>
      <strategy>KAPLAN</strategy>
      <values>
        <value>249</value>
        <value>247</value>
        <value>237</value>
        <value>204</value>
        <value>178</value>
        <value>172</value>
        <value>120</value>
        <value>116</value>
        <value>74</value>
        <value>73</value>
      </values>
      <score>386.8</score>
    </agent>
    <agent>
      <ID>93</ID>
      <userName>gd3</userName>
      <strategy>GD</strategy>
      <values>
        <value>91</value>
        <value>103</value>
        <value>123</value>
        <value>139</value>
        <value>155</value>
        <value>174</value>
        <value>183</value>
        <value>184</value>
        <value>209</value>
        <value>219</value>
      </values>
      <score>124.8</score>
    </agent>
    <agent>
      <ID>92</ID>
      <userName>gd2</userName>
      <strategy>GD</strategy>
      <values>
        <value>105</value>
        <value>118</value>
        <value>135</value>
        <value>166</value>
        <value>195</value>
        <value>201</value>
        <value>213</value>
        <value>216</value>
        <value>240</value>
        <value>241</value>
      </values>
      <score>67.8</score>
    </agent>
    <agent>
      <ID>95</ID>
      <userName>gd5</userName>
      <strategy>GD</strategy>
      <values>
        <value>250</value>
        <value>248</value>
        <value>207</value>
        <value>205</value>
        <value>156</value>
        <value>136</value>
        <value>130</value>
        <value>113</value>
        <value>101</value>
        <value>73</value>
      </values>
      <score>365.4</score>
    </agent>
    <agent>
      <ID>94</ID>
      <userName>gd4</userName>
      <strategy>GD</strategy>
      <values>
        <value>83</value>
        <value>92</value>
        <value>94</value>
        <value>108</value>
        <value>122</value>
        <value>167</value>
        <value>186</value>
        <value>223</value>
        <value>229</value>
        <value>247</value>
      </values>
      <score>214.2</score>
    </agent>
    <agent>
      <ID>91</ID>
      <userName>gd1</userName>
      <strategy>GD</strategy>
      <values>
        <value>71</value>
        <value>102</value>
        <value>104</value>
        <value>111</value>
        <value>149</value>
        <value>152</value>
        <value>159</value>
        <value>224</value>
        <value>240</value>
        <value>257</value>
      </values>
      <score>184.0</score>
    </agent>
    <agent>
      <ID>31</ID>
      <userName>zibtq1</userName>
      <strategy>ZIBTQ</strategy>
      <values>
        <value>69</value>
        <value>72</value>
        <value>82</value>
        <value>98</value>
        <value>123</value>
        <value>133</value>
        <value>135</value>
        <value>153</value>
        <value>219</value>
        <value>238</value>
      </values>
      <score>234.4</score>
    </agent>
  </scores>
</results>

