<results>
  <transactions>
    <repetition>
      <id>1</id>
      <transaction>
        <timestamp>1333600148380</timestamp>
        <buyerID>14</buyerID>
        <sellerID>92</sellerID>
        <price>234</price>
      </transaction>
      <transaction>
        <timestamp>1333600148390</timestamp>
        <buyerID>34</buyerID>
        <sellerID>11</sellerID>
        <price>213</price>
      </transaction>
      <transaction>
        <timestamp>1333600148392</timestamp>
        <buyerID>13</buyerID>
        <sellerID>32</sellerID>
        <price>174</price>
      </transaction>
      <transaction>
        <timestamp>1333600148477</timestamp>
        <buyerID>93</buyerID>
        <sellerID>31</sellerID>
        <price>220</price>
      </transaction>
      <transaction>
        <timestamp>1333600148481</timestamp>
        <buyerID>94</buyerID>
        <sellerID>52</sellerID>
        <price>219</price>
      </transaction>
      <transaction>
        <timestamp>1333600148487</timestamp>
        <buyerID>53</buyerID>
        <sellerID>92</sellerID>
        <price>232</price>
      </transaction>
      <transaction>
        <timestamp>1333600148514</timestamp>
        <buyerID>33</buyerID>
        <sellerID>51</sellerID>
        <price>222</price>
      </transaction>
      <transaction>
        <timestamp>1333600148518</timestamp>
        <buyerID>34</buyerID>
        <sellerID>12</sellerID>
        <price>218</price>
      </transaction>
      <transaction>
        <timestamp>1333600148672</timestamp>
        <buyerID>34</buyerID>
        <sellerID>31</sellerID>
        <price>120</price>
      </transaction>
      <transaction>
        <timestamp>1333600148777</timestamp>
        <buyerID>33</buyerID>
        <sellerID>31</sellerID>
        <price>137</price>
      </transaction>
      <transaction>
        <timestamp>1333600149468</timestamp>
        <buyerID>34</buyerID>
        <sellerID>32</sellerID>
        <price>122</price>
      </transaction>
      <transaction>
        <timestamp>1333600149507</timestamp>
        <buyerID>13</buyerID>
        <sellerID>91</sellerID>
        <price>133</price>
      </transaction>
      <transaction>
        <timestamp>1333600149559</timestamp>
        <buyerID>33</buyerID>
        <sellerID>52</sellerID>
        <price>139</price>
      </transaction>
      <transaction>
        <timestamp>1333600149589</timestamp>
        <buyerID>14</buyerID>
        <sellerID>31</sellerID>
        <price>139</price>
      </transaction>
      <transaction>
        <timestamp>1333600150324</timestamp>
        <buyerID>33</buyerID>
        <sellerID>32</sellerID>
        <price>133</price>
      </transaction>
      <transaction>
        <timestamp>1333600151004</timestamp>
        <buyerID>33</buyerID>
        <sellerID>11</sellerID>
        <price>139</price>
      </transaction>
      <transaction>
        <timestamp>1333600151785</timestamp>
        <buyerID>14</buyerID>
        <sellerID>92</sellerID>
        <price>141</price>
      </transaction>
      <transaction>
        <timestamp>1333600152474</timestamp>
        <buyerID>93</buyerID>
        <sellerID>91</sellerID>
        <price>133</price>
      </transaction>
      <transaction>
        <timestamp>1333600152493</timestamp>
        <buyerID>14</buyerID>
        <sellerID>51</sellerID>
        <price>143</price>
      </transaction>
      <transaction>
        <timestamp>1333600153269</timestamp>
        <buyerID>33</buyerID>
        <sellerID>91</sellerID>
        <price>139</price>
      </transaction>
      <transaction>
        <timestamp>1333600153926</timestamp>
        <buyerID>94</buyerID>
        <sellerID>92</sellerID>
        <price>139</price>
      </transaction>
      <transaction>
        <timestamp>1333600154727</timestamp>
        <buyerID>93</buyerID>
        <sellerID>51</sellerID>
        <price>140</price>
      </transaction>
      <transaction>
        <timestamp>1333600158448</timestamp>
        <buyerID>94</buyerID>
        <sellerID>92</sellerID>
        <price>148</price>
      </transaction>
      <transaction>
        <timestamp>1333600161537</timestamp>
        <buyerID>94</buyerID>
        <sellerID>31</sellerID>
        <price>152</price>
      </transaction>
      <transaction>
        <timestamp>1333600162933</timestamp>
        <buyerID>14</buyerID>
        <sellerID>51</sellerID>
        <price>153</price>
      </transaction>
      <transaction>
        <timestamp>1333600166132</timestamp>
        <buyerID>93</buyerID>
        <sellerID>12</sellerID>
        <price>145</price>
      </transaction>
      <transaction>
        <timestamp>1333600170500</timestamp>
        <buyerID>14</buyerID>
        <sellerID>52</sellerID>
        <price>157</price>
      </transaction>
      <transaction>
        <timestamp>1333600171955</timestamp>
        <buyerID>93</buyerID>
        <sellerID>12</sellerID>
        <price>151</price>
      </transaction>
      <transaction>
        <timestamp>1333600175000</timestamp>
        <buyerID>93</buyerID>
        <sellerID>11</sellerID>
        <price>149</price>
      </transaction>
      <transaction>
        <timestamp>1333600182430</timestamp>
        <buyerID>93</buyerID>
        <sellerID>52</sellerID>
        <price>158</price>
      </transaction>
    </repetition>
    <repetition>
      <id>2</id>
      <transaction>
        <timestamp>1333600274854</timestamp>
        <buyerID>93</buyerID>
        <sellerID>92</sellerID>
        <price>119</price>
      </transaction>
      <transaction>
        <timestamp>1333600274870</timestamp>
        <buyerID>33</buyerID>
        <sellerID>91</sellerID>
        <price>221</price>
      </transaction>
      <transaction>
        <timestamp>1333600274923</timestamp>
        <buyerID>34</buyerID>
        <sellerID>31</sellerID>
        <price>220</price>
      </transaction>
      <transaction>
        <timestamp>1333600274942</timestamp>
        <buyerID>14</buyerID>
        <sellerID>32</sellerID>
        <price>217</price>
      </transaction>
      <transaction>
        <timestamp>1333600275418</timestamp>
        <buyerID>94</buyerID>
        <sellerID>31</sellerID>
        <price>195</price>
      </transaction>
      <transaction>
        <timestamp>1333600275441</timestamp>
        <buyerID>34</buyerID>
        <sellerID>51</sellerID>
        <price>207</price>
      </transaction>
      <transaction>
        <timestamp>1333600275455</timestamp>
        <buyerID>13</buyerID>
        <sellerID>12</sellerID>
        <price>194</price>
      </transaction>
      <transaction>
        <timestamp>1333600275515</timestamp>
        <buyerID>93</buyerID>
        <sellerID>32</sellerID>
        <price>120</price>
      </transaction>
      <transaction>
        <timestamp>1333600275566</timestamp>
        <buyerID>33</buyerID>
        <sellerID>52</sellerID>
        <price>211</price>
      </transaction>
      <transaction>
        <timestamp>1333600276228</timestamp>
        <buyerID>14</buyerID>
        <sellerID>31</sellerID>
        <price>207</price>
      </transaction>
      <transaction>
        <timestamp>1333600276303</timestamp>
        <buyerID>93</buyerID>
        <sellerID>91</sellerID>
        <price>155</price>
      </transaction>
      <transaction>
        <timestamp>1333600276326</timestamp>
        <buyerID>94</buyerID>
        <sellerID>32</sellerID>
        <price>155</price>
      </transaction>
      <transaction>
        <timestamp>1333600276351</timestamp>
        <buyerID>33</buyerID>
        <sellerID>92</sellerID>
        <price>155</price>
      </transaction>
      <transaction>
        <timestamp>1333600276914</timestamp>
        <buyerID>34</buyerID>
        <sellerID>31</sellerID>
        <price>154</price>
      </transaction>
      <transaction>
        <timestamp>1333600277044</timestamp>
        <buyerID>14</buyerID>
        <sellerID>91</sellerID>
        <price>154</price>
      </transaction>
      <transaction>
        <timestamp>1333600277085</timestamp>
        <buyerID>33</buyerID>
        <sellerID>11</sellerID>
        <price>147</price>
      </transaction>
      <transaction>
        <timestamp>1333600278444</timestamp>
        <buyerID>33</buyerID>
        <sellerID>52</sellerID>
        <price>151</price>
      </transaction>
      <transaction>
        <timestamp>1333600278557</timestamp>
        <buyerID>94</buyerID>
        <sellerID>51</sellerID>
        <price>150</price>
      </transaction>
      <transaction>
        <timestamp>1333600279214</timestamp>
        <buyerID>94</buyerID>
        <sellerID>92</sellerID>
        <price>151</price>
      </transaction>
      <transaction>
        <timestamp>1333600279335</timestamp>
        <buyerID>14</buyerID>
        <sellerID>92</sellerID>
        <price>151</price>
      </transaction>
      <transaction>
        <timestamp>1333600280005</timestamp>
        <buyerID>93</buyerID>
        <sellerID>92</sellerID>
        <price>151</price>
      </transaction>
      <transaction>
        <timestamp>1333600280842</timestamp>
        <buyerID>93</buyerID>
        <sellerID>31</sellerID>
        <price>152</price>
      </transaction>
      <transaction>
        <timestamp>1333600282215</timestamp>
        <buyerID>93</buyerID>
        <sellerID>51</sellerID>
        <price>152</price>
      </transaction>
      <transaction>
        <timestamp>1333600282302</timestamp>
        <buyerID>93</buyerID>
        <sellerID>11</sellerID>
        <price>152</price>
      </transaction>
      <transaction>
        <timestamp>1333600283818</timestamp>
        <buyerID>13</buyerID>
        <sellerID>11</sellerID>
        <price>148</price>
      </transaction>
      <transaction>
        <timestamp>1333600288919</timestamp>
        <buyerID>14</buyerID>
        <sellerID>12</sellerID>
        <price>141</price>
      </transaction>
      <transaction>
        <timestamp>1333600291960</timestamp>
        <buyerID>14</buyerID>
        <sellerID>12</sellerID>
        <price>148</price>
      </transaction>
    </repetition>
    <repetition>
      <id>3</id>
      <transaction>
        <timestamp>1333600402410</timestamp>
        <buyerID>94</buyerID>
        <sellerID>32</sellerID>
        <price>222</price>
      </transaction>
      <transaction>
        <timestamp>1333600402422</timestamp>
        <buyerID>34</buyerID>
        <sellerID>31</sellerID>
        <price>192</price>
      </transaction>
      <transaction>
        <timestamp>1333600402429</timestamp>
        <buyerID>33</buyerID>
        <sellerID>92</sellerID>
        <price>159</price>
      </transaction>
      <transaction>
        <timestamp>1333600402458</timestamp>
        <buyerID>13</buyerID>
        <sellerID>12</sellerID>
        <price>204</price>
      </transaction>
      <transaction>
        <timestamp>1333600403015</timestamp>
        <buyerID>14</buyerID>
        <sellerID>52</sellerID>
        <price>157</price>
      </transaction>
      <transaction>
        <timestamp>1333600403068</timestamp>
        <buyerID>93</buyerID>
        <sellerID>31</sellerID>
        <price>119</price>
      </transaction>
      <transaction>
        <timestamp>1333600403074</timestamp>
        <buyerID>34</buyerID>
        <sellerID>12</sellerID>
        <price>124</price>
      </transaction>
      <transaction>
        <timestamp>1333600403112</timestamp>
        <buyerID>33</buyerID>
        <sellerID>91</sellerID>
        <price>154</price>
      </transaction>
      <transaction>
        <timestamp>1333600403119</timestamp>
        <buyerID>14</buyerID>
        <sellerID>51</sellerID>
        <price>166</price>
      </transaction>
      <transaction>
        <timestamp>1333600403123</timestamp>
        <buyerID>94</buyerID>
        <sellerID>32</sellerID>
        <price>119</price>
      </transaction>
      <transaction>
        <timestamp>1333600403787</timestamp>
        <buyerID>33</buyerID>
        <sellerID>32</sellerID>
        <price>137</price>
      </transaction>
      <transaction>
        <timestamp>1333600404453</timestamp>
        <buyerID>14</buyerID>
        <sellerID>31</sellerID>
        <price>133</price>
      </transaction>
      <transaction>
        <timestamp>1333600404539</timestamp>
        <buyerID>33</buyerID>
        <sellerID>11</sellerID>
        <price>139</price>
      </transaction>
      <transaction>
        <timestamp>1333600404622</timestamp>
        <buyerID>34</buyerID>
        <sellerID>91</sellerID>
        <price>134</price>
      </transaction>
      <transaction>
        <timestamp>1333600405257</timestamp>
        <buyerID>33</buyerID>
        <sellerID>92</sellerID>
        <price>134</price>
      </transaction>
      <transaction>
        <timestamp>1333600405953</timestamp>
        <buyerID>14</buyerID>
        <sellerID>91</sellerID>
        <price>134</price>
      </transaction>
      <transaction>
        <timestamp>1333600406020</timestamp>
        <buyerID>94</buyerID>
        <sellerID>12</sellerID>
        <price>128</price>
      </transaction>
      <transaction>
        <timestamp>1333600406083</timestamp>
        <buyerID>33</buyerID>
        <sellerID>92</sellerID>
        <price>134</price>
      </transaction>
      <transaction>
        <timestamp>1333600407420</timestamp>
        <buyerID>14</buyerID>
        <sellerID>52</sellerID>
        <price>136</price>
      </transaction>
      <transaction>
        <timestamp>1333600408323</timestamp>
        <buyerID>94</buyerID>
        <sellerID>92</sellerID>
        <price>135</price>
      </transaction>
      <transaction>
        <timestamp>1333600408998</timestamp>
        <buyerID>14</buyerID>
        <sellerID>51</sellerID>
        <price>136</price>
      </transaction>
      <transaction>
        <timestamp>1333600409893</timestamp>
        <buyerID>93</buyerID>
        <sellerID>31</sellerID>
        <price>137</price>
      </transaction>
      <transaction>
        <timestamp>1333600413473</timestamp>
        <buyerID>14</buyerID>
        <sellerID>51</sellerID>
        <price>142</price>
      </transaction>
      <transaction>
        <timestamp>1333600414272</timestamp>
        <buyerID>93</buyerID>
        <sellerID>92</sellerID>
        <price>142</price>
      </transaction>
      <transaction>
        <timestamp>1333600418677</timestamp>
        <buyerID>93</buyerID>
        <sellerID>11</sellerID>
        <price>146</price>
      </transaction>
      <transaction>
        <timestamp>1333600423953</timestamp>
        <buyerID>93</buyerID>
        <sellerID>31</sellerID>
        <price>152</price>
      </transaction>
      <transaction>
        <timestamp>1333600425473</timestamp>
        <buyerID>93</buyerID>
        <sellerID>51</sellerID>
        <price>153</price>
      </transaction>
      <transaction>
        <timestamp>1333600429365</timestamp>
        <buyerID>93</buyerID>
        <sellerID>52</sellerID>
        <price>157</price>
      </transaction>
      <transaction>
        <timestamp>1333600457850</timestamp>
        <buyerID>13</buyerID>
        <sellerID>11</sellerID>
        <price>157</price>
      </transaction>
    </repetition>
    <repetition>
      <id>4</id>
      <transaction>
        <timestamp>1333600529862</timestamp>
        <buyerID>13</buyerID>
        <sellerID>91</sellerID>
        <price>118</price>
      </transaction>
      <transaction>
        <timestamp>1333600529945</timestamp>
        <buyerID>33</buyerID>
        <sellerID>31</sellerID>
        <price>137</price>
      </transaction>
      <transaction>
        <timestamp>1333600529953</timestamp>
        <buyerID>93</buyerID>
        <sellerID>32</sellerID>
        <price>120</price>
      </transaction>
      <transaction>
        <timestamp>1333600529960</timestamp>
        <buyerID>14</buyerID>
        <sellerID>11</sellerID>
        <price>138</price>
      </transaction>
      <transaction>
        <timestamp>1333600529967</timestamp>
        <buyerID>34</buyerID>
        <sellerID>51</sellerID>
        <price>168</price>
      </transaction>
      <transaction>
        <timestamp>1333600530576</timestamp>
        <buyerID>94</buyerID>
        <sellerID>11</sellerID>
        <price>152</price>
      </transaction>
      <transaction>
        <timestamp>1333600530578</timestamp>
        <buyerID>34</buyerID>
        <sellerID>51</sellerID>
        <price>151</price>
      </transaction>
      <transaction>
        <timestamp>1333600530608</timestamp>
        <buyerID>33</buyerID>
        <sellerID>31</sellerID>
        <price>142</price>
      </transaction>
      <transaction>
        <timestamp>1333600530617</timestamp>
        <buyerID>13</buyerID>
        <sellerID>32</sellerID>
        <price>141</price>
      </transaction>
      <transaction>
        <timestamp>1333600531275</timestamp>
        <buyerID>94</buyerID>
        <sellerID>31</sellerID>
        <price>141</price>
      </transaction>
      <transaction>
        <timestamp>1333600531309</timestamp>
        <buyerID>33</buyerID>
        <sellerID>92</sellerID>
        <price>142</price>
      </transaction>
      <transaction>
        <timestamp>1333600531320</timestamp>
        <buyerID>34</buyerID>
        <sellerID>52</sellerID>
        <price>143</price>
      </transaction>
      <transaction>
        <timestamp>1333600531379</timestamp>
        <buyerID>93</buyerID>
        <sellerID>12</sellerID>
        <price>141</price>
      </transaction>
      <transaction>
        <timestamp>1333600531921</timestamp>
        <buyerID>14</buyerID>
        <sellerID>91</sellerID>
        <price>165</price>
      </transaction>
      <transaction>
        <timestamp>1333600532038</timestamp>
        <buyerID>94</buyerID>
        <sellerID>31</sellerID>
        <price>160</price>
      </transaction>
      <transaction>
        <timestamp>1333600532086</timestamp>
        <buyerID>93</buyerID>
        <sellerID>32</sellerID>
        <price>159</price>
      </transaction>
      <transaction>
        <timestamp>1333600532740</timestamp>
        <buyerID>94</buyerID>
        <sellerID>52</sellerID>
        <price>159</price>
      </transaction>
      <transaction>
        <timestamp>1333600532759</timestamp>
        <buyerID>93</buyerID>
        <sellerID>32</sellerID>
        <price>159</price>
      </transaction>
      <transaction>
        <timestamp>1333600534258</timestamp>
        <buyerID>93</buyerID>
        <sellerID>31</sellerID>
        <price>154</price>
      </transaction>
      <transaction>
        <timestamp>1333600535080</timestamp>
        <buyerID>93</buyerID>
        <sellerID>91</sellerID>
        <price>154</price>
      </transaction>
      <transaction>
        <timestamp>1333600535713</timestamp>
        <buyerID>93</buyerID>
        <sellerID>92</sellerID>
        <price>154</price>
      </transaction>
      <transaction>
        <timestamp>1333600535840</timestamp>
        <buyerID>33</buyerID>
        <sellerID>51</sellerID>
        <price>153</price>
      </transaction>
      <transaction>
        <timestamp>1333600535860</timestamp>
        <buyerID>33</buyerID>
        <sellerID>12</sellerID>
        <price>152</price>
      </transaction>
      <transaction>
        <timestamp>1333600537232</timestamp>
        <buyerID>54</buyerID>
        <sellerID>12</sellerID>
        <price>145</price>
      </transaction>
      <transaction>
        <timestamp>1333600537276</timestamp>
        <buyerID>54</buyerID>
        <sellerID>92</sellerID>
        <price>152</price>
      </transaction>
      <transaction>
        <timestamp>1333600538083</timestamp>
        <buyerID>14</buyerID>
        <sellerID>92</sellerID>
        <price>157</price>
      </transaction>
      <transaction>
        <timestamp>1333600544752</timestamp>
        <buyerID>14</buyerID>
        <sellerID>92</sellerID>
        <price>144</price>
      </transaction>
      <transaction>
        <timestamp>1333600545433</timestamp>
        <buyerID>14</buyerID>
        <sellerID>11</sellerID>
        <price>147</price>
      </transaction>
      <transaction>
        <timestamp>1333600565701</timestamp>
        <buyerID>14</buyerID>
        <sellerID>51</sellerID>
        <price>153</price>
      </transaction>
    </repetition>
    <repetition>
      <id>5</id>
      <transaction>
        <timestamp>1333600657357</timestamp>
        <buyerID>14</buyerID>
        <sellerID>32</sellerID>
        <price>171</price>
      </transaction>
      <transaction>
        <timestamp>1333600657365</timestamp>
        <buyerID>33</buyerID>
        <sellerID>51</sellerID>
        <price>229</price>
      </transaction>
      <transaction>
        <timestamp>1333600657458</timestamp>
        <buyerID>34</buyerID>
        <sellerID>92</sellerID>
        <price>167</price>
      </transaction>
      <transaction>
        <timestamp>1333600657494</timestamp>
        <buyerID>93</buyerID>
        <sellerID>31</sellerID>
        <price>119</price>
      </transaction>
      <transaction>
        <timestamp>1333600658028</timestamp>
        <buyerID>94</buyerID>
        <sellerID>31</sellerID>
        <price>118</price>
      </transaction>
      <transaction>
        <timestamp>1333600658033</timestamp>
        <buyerID>33</buyerID>
        <sellerID>92</sellerID>
        <price>126</price>
      </transaction>
      <transaction>
        <timestamp>1333600658053</timestamp>
        <buyerID>13</buyerID>
        <sellerID>32</sellerID>
        <price>127</price>
      </transaction>
      <transaction>
        <timestamp>1333600658071</timestamp>
        <buyerID>34</buyerID>
        <sellerID>52</sellerID>
        <price>152</price>
      </transaction>
      <transaction>
        <timestamp>1333600658110</timestamp>
        <buyerID>14</buyerID>
        <sellerID>11</sellerID>
        <price>156</price>
      </transaction>
      <transaction>
        <timestamp>1333600658726</timestamp>
        <buyerID>13</buyerID>
        <sellerID>32</sellerID>
        <price>152</price>
      </transaction>
      <transaction>
        <timestamp>1333600659463</timestamp>
        <buyerID>14</buyerID>
        <sellerID>31</sellerID>
        <price>135</price>
      </transaction>
      <transaction>
        <timestamp>1333600659530</timestamp>
        <buyerID>33</buyerID>
        <sellerID>92</sellerID>
        <price>138</price>
      </transaction>
      <transaction>
        <timestamp>1333600660252</timestamp>
        <buyerID>94</buyerID>
        <sellerID>91</sellerID>
        <price>136</price>
      </transaction>
      <transaction>
        <timestamp>1333600660265</timestamp>
        <buyerID>33</buyerID>
        <sellerID>92</sellerID>
        <price>136</price>
      </transaction>
      <transaction>
        <timestamp>1333600660275</timestamp>
        <buyerID>93</buyerID>
        <sellerID>31</sellerID>
        <price>137</price>
      </transaction>
      <transaction>
        <timestamp>1333600660330</timestamp>
        <buyerID>34</buyerID>
        <sellerID>51</sellerID>
        <price>140</price>
      </transaction>
      <transaction>
        <timestamp>1333600660935</timestamp>
        <buyerID>33</buyerID>
        <sellerID>52</sellerID>
        <price>141</price>
      </transaction>
      <transaction>
        <timestamp>1333600660963</timestamp>
        <buyerID>14</buyerID>
        <sellerID>52</sellerID>
        <price>144</price>
      </transaction>
      <transaction>
        <timestamp>1333600662974</timestamp>
        <buyerID>14</buyerID>
        <sellerID>12</sellerID>
        <price>146</price>
      </transaction>
      <transaction>
        <timestamp>1333600663172</timestamp>
        <buyerID>93</buyerID>
        <sellerID>51</sellerID>
        <price>146</price>
      </transaction>
      <transaction>
        <timestamp>1333600663281</timestamp>
        <buyerID>94</buyerID>
        <sellerID>92</sellerID>
        <price>147</price>
      </transaction>
      <transaction>
        <timestamp>1333600663357</timestamp>
        <buyerID>93</buyerID>
        <sellerID>12</sellerID>
        <price>146</price>
      </transaction>
      <transaction>
        <timestamp>1333600664848</timestamp>
        <buyerID>14</buyerID>
        <sellerID>91</sellerID>
        <price>146</price>
      </transaction>
      <transaction>
        <timestamp>1333600665610</timestamp>
        <buyerID>94</buyerID>
        <sellerID>91</sellerID>
        <price>145</price>
      </transaction>
      <transaction>
        <timestamp>1333600669212</timestamp>
        <buyerID>93</buyerID>
        <sellerID>12</sellerID>
        <price>149</price>
      </transaction>
      <transaction>
        <timestamp>1333600672328</timestamp>
        <buyerID>93</buyerID>
        <sellerID>31</sellerID>
        <price>152</price>
      </transaction>
      <transaction>
        <timestamp>1333600673831</timestamp>
        <buyerID>93</buyerID>
        <sellerID>51</sellerID>
        <price>153</price>
      </transaction>
      <transaction>
        <timestamp>1333600688841</timestamp>
        <buyerID>33</buyerID>
        <sellerID>11</sellerID>
        <price>140</price>
      </transaction>
    </repetition>
  </transactions>
  <scores>
    <agent>
      <ID>34</ID>
      <userName>zibtq4</userName>
      <strategy>ZIBTQ</strategy>
      <values>
        <value>221</value>
        <value>207</value>
        <value>164</value>
        <value>122</value>
        <value>115</value>
        <value>107</value>
        <value>106</value>
        <value>84</value>
        <value>82</value>
        <value>81</value>
      </values>
      <score>91.4</score>
    </agent>
    <agent>
      <ID>32</ID>
      <userName>zibtq2</userName>
      <strategy>ZIBTQ</strategy>
      <values>
        <value>93</value>
        <value>113</value>
        <value>131</value>
        <value>159</value>
        <value>174</value>
        <value>187</value>
        <value>203</value>
        <value>229</value>
        <value>230</value>
        <value>245</value>
      </values>
      <score>116.8</score>
    </agent>
    <agent>
      <ID>33</ID>
      <userName>zibtq3</userName>
      <strategy>ZIBTQ</strategy>
      <values>
        <value>260</value>
        <value>234</value>
        <value>189</value>
        <value>153</value>
        <value>153</value>
        <value>140</value>
        <value>122</value>
        <value>98</value>
        <value>96</value>
        <value>93</value>
      </values>
      <score>215.6</score>
    </agent>
    <agent>
      <ID>11</ID>
      <userName>zi1</userName>
      <strategy>ZI</strategy>
      <values>
        <value>130</value>
        <value>137</value>
        <value>143</value>
        <value>166</value>
        <value>171</value>
        <value>191</value>
        <value>197</value>
        <value>228</value>
        <value>229</value>
        <value>247</value>
      </values>
      <score>43.2</score>
    </agent>
    <agent>
      <ID>12</ID>
      <userName>zi2</userName>
      <strategy>ZI</strategy>
      <values>
        <value>77</value>
        <value>122</value>
        <value>124</value>
        <value>162</value>
        <value>167</value>
        <value>172</value>
        <value>195</value>
        <value>203</value>
        <value>213</value>
        <value>228</value>
      </values>
      <score>143.4</score>
    </agent>
    <agent>
      <ID>13</ID>
      <userName>zi3</userName>
      <strategy>ZI</strategy>
      <values>
        <value>209</value>
        <value>157</value>
        <value>146</value>
        <value>146</value>
        <value>144</value>
        <value>129</value>
        <value>123</value>
        <value>121</value>
        <value>117</value>
        <value>89</value>
      </values>
      <score>56.4</score>
    </agent>
    <agent>
      <ID>14</ID>
      <userName>zi4</userName>
      <strategy>ZI</strategy>
      <values>
        <value>257</value>
        <value>222</value>
        <value>181</value>
        <value>173</value>
        <value>168</value>
        <value>162</value>
        <value>144</value>
        <value>137</value>
        <value>112</value>
        <value>101</value>
      </values>
      <score>233.6</score>
    </agent>
    <agent>
      <ID>51</ID>
      <userName>zip1</userName>
      <strategy>ZIP</strategy>
      <values>
        <value>108</value>
        <value>128</value>
        <value>129</value>
        <value>153</value>
        <value>161</value>
        <value>170</value>
        <value>194</value>
        <value>201</value>
        <value>220</value>
        <value>232</value>
      </values>
      <score>124.0</score>
    </agent>
    <agent>
      <ID>54</ID>
      <userName>zip4</userName>
      <strategy>ZIP</strategy>
      <values>
        <value>253</value>
        <value>240</value>
        <value>235</value>
        <value>228</value>
        <value>162</value>
        <value>161</value>
        <value>157</value>
        <value>152</value>
        <value>133</value>
        <value>100</value>
      </values>
      <score>39.2</score>
    </agent>
    <agent>
      <ID>53</ID>
      <userName>zip3</userName>
      <strategy>ZIP</strategy>
      <values>
        <value>254</value>
        <value>227</value>
        <value>201</value>
        <value>196</value>
        <value>177</value>
        <value>158</value>
        <value>148</value>
        <value>143</value>
        <value>94</value>
        <value>73</value>
      </values>
      <score>4.4</score>
    </agent>
    <agent>
      <ID>52</ID>
      <userName>zip2</userName>
      <strategy>ZIP</strategy>
      <values>
        <value>116</value>
        <value>133</value>
        <value>157</value>
        <value>158</value>
        <value>177</value>
        <value>180</value>
        <value>193</value>
        <value>198</value>
        <value>223</value>
        <value>244</value>
      </values>
      <score>70.0</score>
    </agent>
    <agent>
      <ID>93</ID>
      <userName>gd3</userName>
      <strategy>GD</strategy>
      <values>
        <value>259</value>
        <value>258</value>
        <value>244</value>
        <value>227</value>
        <value>203</value>
        <value>193</value>
        <value>180</value>
        <value>112</value>
        <value>109</value>
        <value>93</value>
      </values>
      <score>534.8</score>
    </agent>
    <agent>
      <ID>92</ID>
      <userName>gd2</userName>
      <strategy>GD</strategy>
      <values>
        <value>96</value>
        <value>112</value>
        <value>116</value>
        <value>116</value>
        <value>141</value>
        <value>157</value>
        <value>201</value>
        <value>217</value>
        <value>238</value>
        <value>249</value>
      </values>
      <score>176.6</score>
    </agent>
    <agent>
      <ID>94</ID>
      <userName>gd4</userName>
      <strategy>GD</strategy>
      <values>
        <value>260</value>
        <value>223</value>
        <value>212</value>
        <value>185</value>
        <value>138</value>
        <value>136</value>
        <value>134</value>
        <value>103</value>
        <value>91</value>
        <value>90</value>
      </values>
      <score>265.8</score>
    </agent>
    <agent>
      <ID>91</ID>
      <userName>gd1</userName>
      <strategy>GD</strategy>
      <values>
        <value>74</value>
        <value>94</value>
        <value>105</value>
        <value>189</value>
        <value>190</value>
        <value>220</value>
        <value>228</value>
        <value>231</value>
        <value>236</value>
        <value>243</value>
      </values>
      <score>171.2</score>
    </agent>
    <agent>
      <ID>31</ID>
      <userName>zibtq1</userName>
      <strategy>ZIBTQ</strategy>
      <values>
        <value>86</value>
        <value>95</value>
        <value>126</value>
        <value>137</value>
        <value>152</value>
        <value>204</value>
        <value>229</value>
        <value>229</value>
        <value>244</value>
        <value>254</value>
      </values>
      <score>168.8</score>
    </agent>
  </scores>
</results>

