<results>
  <transactions>
    <repetition>
      <id>1</id>
      <transaction>
        <timestamp>1333598567575</timestamp>
        <buyerID>14</buyerID>
        <sellerID>91</sellerID>
        <price>226</price>
      </transaction>
      <transaction>
        <timestamp>1333598567589</timestamp>
        <buyerID>54</buyerID>
        <sellerID>52</sellerID>
        <price>215</price>
      </transaction>
      <transaction>
        <timestamp>1333598567593</timestamp>
        <buyerID>53</buyerID>
        <sellerID>51</sellerID>
        <price>213</price>
      </transaction>
      <transaction>
        <timestamp>1333598567972</timestamp>
        <buyerID>14</buyerID>
        <sellerID>52</sellerID>
        <price>170</price>
      </transaction>
      <transaction>
        <timestamp>1333598568008</timestamp>
        <buyerID>53</buyerID>
        <sellerID>11</sellerID>
        <price>139</price>
      </transaction>
      <transaction>
        <timestamp>1333598568792</timestamp>
        <buyerID>53</buyerID>
        <sellerID>91</sellerID>
        <price>179</price>
      </transaction>
      <transaction>
        <timestamp>1333598569551</timestamp>
        <buyerID>94</buyerID>
        <sellerID>92</sellerID>
        <price>173</price>
      </transaction>
      <transaction>
        <timestamp>1333598570232</timestamp>
        <buyerID>93</buyerID>
        <sellerID>52</sellerID>
        <price>172</price>
      </transaction>
      <transaction>
        <timestamp>1333598570278</timestamp>
        <buyerID>93</buyerID>
        <sellerID>92</sellerID>
        <price>173</price>
      </transaction>
      <transaction>
        <timestamp>1333598570978</timestamp>
        <buyerID>93</buyerID>
        <sellerID>91</sellerID>
        <price>173</price>
      </transaction>
      <transaction>
        <timestamp>1333598571055</timestamp>
        <buyerID>94</buyerID>
        <sellerID>92</sellerID>
        <price>172</price>
      </transaction>
      <transaction>
        <timestamp>1333598571076</timestamp>
        <buyerID>13</buyerID>
        <sellerID>11</sellerID>
        <price>160</price>
      </transaction>
      <transaction>
        <timestamp>1333598571743</timestamp>
        <buyerID>94</buyerID>
        <sellerID>92</sellerID>
        <price>171</price>
      </transaction>
      <transaction>
        <timestamp>1333598571821</timestamp>
        <buyerID>14</buyerID>
        <sellerID>51</sellerID>
        <price>171</price>
      </transaction>
      <transaction>
        <timestamp>1333598572606</timestamp>
        <buyerID>14</buyerID>
        <sellerID>52</sellerID>
        <price>171</price>
      </transaction>
      <transaction>
        <timestamp>1333598574810</timestamp>
        <buyerID>93</buyerID>
        <sellerID>12</sellerID>
        <price>165</price>
      </transaction>
      <transaction>
        <timestamp>1333598575530</timestamp>
        <buyerID>54</buyerID>
        <sellerID>11</sellerID>
        <price>156</price>
      </transaction>
      <transaction>
        <timestamp>1333598575574</timestamp>
        <buyerID>53</buyerID>
        <sellerID>12</sellerID>
        <price>151</price>
      </transaction>
      <transaction>
        <timestamp>1333598575595</timestamp>
        <buyerID>54</buyerID>
        <sellerID>92</sellerID>
        <price>166</price>
      </transaction>
      <transaction>
        <timestamp>1333598576369</timestamp>
        <buyerID>13</buyerID>
        <sellerID>12</sellerID>
        <price>165</price>
      </transaction>
      <transaction>
        <timestamp>1333598577682</timestamp>
        <buyerID>14</buyerID>
        <sellerID>91</sellerID>
        <price>167</price>
      </transaction>
      <transaction>
        <timestamp>1333598577722</timestamp>
        <buyerID>13</buyerID>
        <sellerID>92</sellerID>
        <price>168</price>
      </transaction>
      <transaction>
        <timestamp>1333598577841</timestamp>
        <buyerID>93</buyerID>
        <sellerID>11</sellerID>
        <price>162</price>
      </transaction>
      <transaction>
        <timestamp>1333598580029</timestamp>
        <buyerID>13</buyerID>
        <sellerID>51</sellerID>
        <price>171</price>
      </transaction>
      <transaction>
        <timestamp>1333598582241</timestamp>
        <buyerID>14</buyerID>
        <sellerID>52</sellerID>
        <price>168</price>
      </transaction>
      <transaction>
        <timestamp>1333598582252</timestamp>
        <buyerID>54</buyerID>
        <sellerID>11</sellerID>
        <price>148</price>
      </transaction>
      <transaction>
        <timestamp>1333598594237</timestamp>
        <buyerID>93</buyerID>
        <sellerID>52</sellerID>
        <price>160</price>
      </transaction>
      <transaction>
        <timestamp>1333598609185</timestamp>
        <buyerID>94</buyerID>
        <sellerID>52</sellerID>
        <price>157</price>
      </transaction>
      <transaction>
        <timestamp>1333598619076</timestamp>
        <buyerID>93</buyerID>
        <sellerID>52</sellerID>
        <price>148</price>
      </transaction>
      <transaction>
        <timestamp>1333598676032</timestamp>
        <buyerID>54</buyerID>
        <sellerID>72</sellerID>
        <price>114</price>
      </transaction>
      <transaction>
        <timestamp>1333598676746</timestamp>
        <buyerID>13</buyerID>
        <sellerID>72</sellerID>
        <price>131</price>
      </transaction>
      <transaction>
        <timestamp>1333598677544</timestamp>
        <buyerID>94</buyerID>
        <sellerID>72</sellerID>
        <price>144</price>
      </transaction>
      <transaction>
        <timestamp>1333598678353</timestamp>
        <buyerID>54</buyerID>
        <sellerID>72</sellerID>
        <price>129</price>
      </transaction>
      <transaction>
        <timestamp>1333598678362</timestamp>
        <buyerID>54</buyerID>
        <sellerID>52</sellerID>
        <price>172</price>
      </transaction>
      <transaction>
        <timestamp>1333598679877</timestamp>
        <buyerID>14</buyerID>
        <sellerID>72</sellerID>
        <price>139</price>
      </transaction>
      <transaction>
        <timestamp>1333598680664</timestamp>
        <buyerID>94</buyerID>
        <sellerID>71</sellerID>
        <price>125</price>
      </transaction>
      <transaction>
        <timestamp>1333598681325</timestamp>
        <buyerID>94</buyerID>
        <sellerID>71</sellerID>
        <price>124</price>
      </transaction>
      <transaction>
        <timestamp>1333598682035</timestamp>
        <buyerID>54</buyerID>
        <sellerID>71</sellerID>
        <price>113</price>
      </transaction>
      <transaction>
        <timestamp>1333598682715</timestamp>
        <buyerID>13</buyerID>
        <sellerID>71</sellerID>
        <price>130</price>
      </transaction>
      <transaction>
        <timestamp>1333598682724</timestamp>
        <buyerID>73</buyerID>
        <sellerID>11</sellerID>
        <price>180</price>
      </transaction>
      <transaction>
        <timestamp>1333598683521</timestamp>
        <buyerID>74</buyerID>
        <sellerID>92</sellerID>
        <price>180</price>
      </transaction>
      <transaction>
        <timestamp>1333598683587</timestamp>
        <buyerID>73</buyerID>
        <sellerID>51</sellerID>
        <price>188</price>
      </transaction>
      <transaction>
        <timestamp>1333598684292</timestamp>
        <buyerID>74</buyerID>
        <sellerID>12</sellerID>
        <price>189</price>
      </transaction>
      <transaction>
        <timestamp>1333598684997</timestamp>
        <buyerID>73</buyerID>
        <sellerID>91</sellerID>
        <price>192</price>
      </transaction>
      <transaction>
        <timestamp>1333598685857</timestamp>
        <buyerID>73</buyerID>
        <sellerID>91</sellerID>
        <price>192</price>
      </transaction>
    </repetition>
    <repetition>
      <id>2</id>
      <transaction>
        <timestamp>1333598694874</timestamp>
        <buyerID>13</buyerID>
        <sellerID>92</sellerID>
        <price>145</price>
      </transaction>
      <transaction>
        <timestamp>1333598694880</timestamp>
        <buyerID>94</buyerID>
        <sellerID>91</sellerID>
        <price>145</price>
      </transaction>
      <transaction>
        <timestamp>1333598695459</timestamp>
        <buyerID>93</buyerID>
        <sellerID>72</sellerID>
        <price>178</price>
      </transaction>
      <transaction>
        <timestamp>1333598695577</timestamp>
        <buyerID>54</buyerID>
        <sellerID>12</sellerID>
        <price>156</price>
      </transaction>
      <transaction>
        <timestamp>1333598695595</timestamp>
        <buyerID>13</buyerID>
        <sellerID>91</sellerID>
        <price>146</price>
      </transaction>
      <transaction>
        <timestamp>1333598696207</timestamp>
        <buyerID>13</buyerID>
        <sellerID>51</sellerID>
        <price>173</price>
      </transaction>
      <transaction>
        <timestamp>1333598696352</timestamp>
        <buyerID>94</buyerID>
        <sellerID>11</sellerID>
        <price>147</price>
      </transaction>
      <transaction>
        <timestamp>1333598697099</timestamp>
        <buyerID>93</buyerID>
        <sellerID>11</sellerID>
        <price>149</price>
      </transaction>
      <transaction>
        <timestamp>1333598697773</timestamp>
        <buyerID>93</buyerID>
        <sellerID>71</sellerID>
        <price>149</price>
      </transaction>
      <transaction>
        <timestamp>1333598698435</timestamp>
        <buyerID>94</buyerID>
        <sellerID>51</sellerID>
        <price>149</price>
      </transaction>
      <transaction>
        <timestamp>1333598698471</timestamp>
        <buyerID>94</buyerID>
        <sellerID>52</sellerID>
        <price>149</price>
      </transaction>
      <transaction>
        <timestamp>1333598698508</timestamp>
        <buyerID>93</buyerID>
        <sellerID>72</sellerID>
        <price>149</price>
      </transaction>
      <transaction>
        <timestamp>1333598698616</timestamp>
        <buyerID>73</buyerID>
        <sellerID>91</sellerID>
        <price>149</price>
      </transaction>
      <transaction>
        <timestamp>1333598699191</timestamp>
        <buyerID>54</buyerID>
        <sellerID>71</sellerID>
        <price>142</price>
      </transaction>
      <transaction>
        <timestamp>1333598699220</timestamp>
        <buyerID>13</buyerID>
        <sellerID>11</sellerID>
        <price>141</price>
      </transaction>
      <transaction>
        <timestamp>1333598699948</timestamp>
        <buyerID>14</buyerID>
        <sellerID>92</sellerID>
        <price>149</price>
      </transaction>
      <transaction>
        <timestamp>1333598701513</timestamp>
        <buyerID>73</buyerID>
        <sellerID>92</sellerID>
        <price>146</price>
      </transaction>
      <transaction>
        <timestamp>1333598701547</timestamp>
        <buyerID>74</buyerID>
        <sellerID>51</sellerID>
        <price>147</price>
      </transaction>
      <transaction>
        <timestamp>1333598702204</timestamp>
        <buyerID>73</buyerID>
        <sellerID>52</sellerID>
        <price>148</price>
      </transaction>
      <transaction>
        <timestamp>1333598702250</timestamp>
        <buyerID>14</buyerID>
        <sellerID>72</sellerID>
        <price>154</price>
      </transaction>
      <transaction>
        <timestamp>1333598703039</timestamp>
        <buyerID>94</buyerID>
        <sellerID>11</sellerID>
        <price>142</price>
      </transaction>
      <transaction>
        <timestamp>1333598703693</timestamp>
        <buyerID>73</buyerID>
        <sellerID>52</sellerID>
        <price>153</price>
      </transaction>
      <transaction>
        <timestamp>1333598704603</timestamp>
        <buyerID>73</buyerID>
        <sellerID>71</sellerID>
        <price>154</price>
      </transaction>
      <transaction>
        <timestamp>1333598704626</timestamp>
        <buyerID>74</buyerID>
        <sellerID>52</sellerID>
        <price>157</price>
      </transaction>
      <transaction>
        <timestamp>1333598704638</timestamp>
        <buyerID>93</buyerID>
        <sellerID>12</sellerID>
        <price>146</price>
      </transaction>
      <transaction>
        <timestamp>1333598705236</timestamp>
        <buyerID>74</buyerID>
        <sellerID>11</sellerID>
        <price>156</price>
      </transaction>
      <transaction>
        <timestamp>1333598706037</timestamp>
        <buyerID>14</buyerID>
        <sellerID>92</sellerID>
        <price>160</price>
      </transaction>
      <transaction>
        <timestamp>1333598706865</timestamp>
        <buyerID>14</buyerID>
        <sellerID>52</sellerID>
        <price>160</price>
      </transaction>
      <transaction>
        <timestamp>1333598708353</timestamp>
        <buyerID>73</buyerID>
        <sellerID>92</sellerID>
        <price>160</price>
      </transaction>
      <transaction>
        <timestamp>1333598709834</timestamp>
        <buyerID>14</buyerID>
        <sellerID>52</sellerID>
        <price>160</price>
      </transaction>
      <transaction>
        <timestamp>1333598712110</timestamp>
        <buyerID>14</buyerID>
        <sellerID>92</sellerID>
        <price>167</price>
      </transaction>
      <transaction>
        <timestamp>1333598713569</timestamp>
        <buyerID>93</buyerID>
        <sellerID>72</sellerID>
        <price>156</price>
      </transaction>
      <transaction>
        <timestamp>1333598720370</timestamp>
        <buyerID>73</buyerID>
        <sellerID>52</sellerID>
        <price>154</price>
      </transaction>
      <transaction>
        <timestamp>1333598741933</timestamp>
        <buyerID>93</buyerID>
        <sellerID>52</sellerID>
        <price>148</price>
      </transaction>
      <transaction>
        <timestamp>1333598811093</timestamp>
        <buyerID>13</buyerID>
        <sellerID>71</sellerID>
        <price>132</price>
      </transaction>
    </repetition>
    <repetition>
      <id>3</id>
      <transaction>
        <timestamp>1333598822455</timestamp>
        <buyerID>94</buyerID>
        <sellerID>11</sellerID>
        <price>167</price>
      </transaction>
      <transaction>
        <timestamp>1333598822462</timestamp>
        <buyerID>13</buyerID>
        <sellerID>12</sellerID>
        <price>170</price>
      </transaction>
      <transaction>
        <timestamp>1333598823085</timestamp>
        <buyerID>74</buyerID>
        <sellerID>12</sellerID>
        <price>163</price>
      </transaction>
      <transaction>
        <timestamp>1333598823693</timestamp>
        <buyerID>13</buyerID>
        <sellerID>52</sellerID>
        <price>167</price>
      </transaction>
      <transaction>
        <timestamp>1333598823853</timestamp>
        <buyerID>74</buyerID>
        <sellerID>92</sellerID>
        <price>163</price>
      </transaction>
      <transaction>
        <timestamp>1333598823856</timestamp>
        <buyerID>93</buyerID>
        <sellerID>11</sellerID>
        <price>156</price>
      </transaction>
      <transaction>
        <timestamp>1333598823869</timestamp>
        <buyerID>73</buyerID>
        <sellerID>91</sellerID>
        <price>164</price>
      </transaction>
      <transaction>
        <timestamp>1333598824482</timestamp>
        <buyerID>73</buyerID>
        <sellerID>51</sellerID>
        <price>163</price>
      </transaction>
      <transaction>
        <timestamp>1333598824606</timestamp>
        <buyerID>93</buyerID>
        <sellerID>72</sellerID>
        <price>157</price>
      </transaction>
      <transaction>
        <timestamp>1333598825233</timestamp>
        <buyerID>94</buyerID>
        <sellerID>71</sellerID>
        <price>156</price>
      </transaction>
      <transaction>
        <timestamp>1333598825269</timestamp>
        <buyerID>74</buyerID>
        <sellerID>92</sellerID>
        <price>161</price>
      </transaction>
      <transaction>
        <timestamp>1333598825335</timestamp>
        <buyerID>73</buyerID>
        <sellerID>52</sellerID>
        <price>160</price>
      </transaction>
      <transaction>
        <timestamp>1333598825352</timestamp>
        <buyerID>13</buyerID>
        <sellerID>91</sellerID>
        <price>162</price>
      </transaction>
      <transaction>
        <timestamp>1333598825359</timestamp>
        <buyerID>94</buyerID>
        <sellerID>11</sellerID>
        <price>155</price>
      </transaction>
      <transaction>
        <timestamp>1333598826096</timestamp>
        <buyerID>94</buyerID>
        <sellerID>71</sellerID>
        <price>153</price>
      </transaction>
      <transaction>
        <timestamp>1333598826113</timestamp>
        <buyerID>73</buyerID>
        <sellerID>92</sellerID>
        <price>161</price>
      </transaction>
      <transaction>
        <timestamp>1333598826706</timestamp>
        <buyerID>73</buyerID>
        <sellerID>91</sellerID>
        <price>162</price>
      </transaction>
      <transaction>
        <timestamp>1333598826791</timestamp>
        <buyerID>14</buyerID>
        <sellerID>12</sellerID>
        <price>162</price>
      </transaction>
      <transaction>
        <timestamp>1333598827511</timestamp>
        <buyerID>73</buyerID>
        <sellerID>92</sellerID>
        <price>163</price>
      </transaction>
      <transaction>
        <timestamp>1333598827514</timestamp>
        <buyerID>14</buyerID>
        <sellerID>91</sellerID>
        <price>163</price>
      </transaction>
      <transaction>
        <timestamp>1333598828250</timestamp>
        <buyerID>93</buyerID>
        <sellerID>71</sellerID>
        <price>155</price>
      </transaction>
      <transaction>
        <timestamp>1333598828310</timestamp>
        <buyerID>54</buyerID>
        <sellerID>11</sellerID>
        <price>146</price>
      </transaction>
      <transaction>
        <timestamp>1333598830442</timestamp>
        <buyerID>13</buyerID>
        <sellerID>11</sellerID>
        <price>147</price>
      </transaction>
      <transaction>
        <timestamp>1333598830604</timestamp>
        <buyerID>14</buyerID>
        <sellerID>92</sellerID>
        <price>159</price>
      </transaction>
      <transaction>
        <timestamp>1333598831936</timestamp>
        <buyerID>93</buyerID>
        <sellerID>52</sellerID>
        <price>164</price>
      </transaction>
      <transaction>
        <timestamp>1333598832870</timestamp>
        <buyerID>14</buyerID>
        <sellerID>52</sellerID>
        <price>160</price>
      </transaction>
      <transaction>
        <timestamp>1333598832874</timestamp>
        <buyerID>93</buyerID>
        <sellerID>71</sellerID>
        <price>154</price>
      </transaction>
      <transaction>
        <timestamp>1333598834206</timestamp>
        <buyerID>14</buyerID>
        <sellerID>51</sellerID>
        <price>169</price>
      </transaction>
      <transaction>
        <timestamp>1333598838030</timestamp>
        <buyerID>14</buyerID>
        <sellerID>72</sellerID>
        <price>162</price>
      </transaction>
      <transaction>
        <timestamp>1333598838683</timestamp>
        <buyerID>93</buyerID>
        <sellerID>52</sellerID>
        <price>162</price>
      </transaction>
      <transaction>
        <timestamp>1333598847368</timestamp>
        <buyerID>73</buyerID>
        <sellerID>51</sellerID>
        <price>150</price>
      </transaction>
      <transaction>
        <timestamp>1333598847697</timestamp>
        <buyerID>74</buyerID>
        <sellerID>52</sellerID>
        <price>151</price>
      </transaction>
      <transaction>
        <timestamp>1333598856119</timestamp>
        <buyerID>93</buyerID>
        <sellerID>52</sellerID>
        <price>148</price>
      </transaction>
      <transaction>
        <timestamp>1333598857635</timestamp>
        <buyerID>94</buyerID>
        <sellerID>72</sellerID>
        <price>144</price>
      </transaction>
      <transaction>
        <timestamp>1333598864465</timestamp>
        <buyerID>73</buyerID>
        <sellerID>52</sellerID>
        <price>140</price>
      </transaction>
      <transaction>
        <timestamp>1333598931085</timestamp>
        <buyerID>14</buyerID>
        <sellerID>72</sellerID>
        <price>128</price>
      </transaction>
    </repetition>
    <repetition>
      <id>4</id>
      <transaction>
        <timestamp>1333598949891</timestamp>
        <buyerID>93</buyerID>
        <sellerID>11</sellerID>
        <price>171</price>
      </transaction>
      <transaction>
        <timestamp>1333598950115</timestamp>
        <buyerID>14</buyerID>
        <sellerID>91</sellerID>
        <price>169</price>
      </transaction>
      <transaction>
        <timestamp>1333598950592</timestamp>
        <buyerID>14</buyerID>
        <sellerID>92</sellerID>
        <price>169</price>
      </transaction>
      <transaction>
        <timestamp>1333598950615</timestamp>
        <buyerID>13</buyerID>
        <sellerID>12</sellerID>
        <price>176</price>
      </transaction>
      <transaction>
        <timestamp>1333598951332</timestamp>
        <buyerID>94</buyerID>
        <sellerID>11</sellerID>
        <price>153</price>
      </transaction>
      <transaction>
        <timestamp>1333598952017</timestamp>
        <buyerID>14</buyerID>
        <sellerID>52</sellerID>
        <price>167</price>
      </transaction>
      <transaction>
        <timestamp>1333598952706</timestamp>
        <buyerID>73</buyerID>
        <sellerID>92</sellerID>
        <price>166</price>
      </transaction>
      <transaction>
        <timestamp>1333598952716</timestamp>
        <buyerID>13</buyerID>
        <sellerID>91</sellerID>
        <price>167</price>
      </transaction>
      <transaction>
        <timestamp>1333598953497</timestamp>
        <buyerID>94</buyerID>
        <sellerID>11</sellerID>
        <price>157</price>
      </transaction>
      <transaction>
        <timestamp>1333598953518</timestamp>
        <buyerID>73</buyerID>
        <sellerID>91</sellerID>
        <price>166</price>
      </transaction>
      <transaction>
        <timestamp>1333598953567</timestamp>
        <buyerID>74</buyerID>
        <sellerID>52</sellerID>
        <price>164</price>
      </transaction>
      <transaction>
        <timestamp>1333598954257</timestamp>
        <buyerID>73</buyerID>
        <sellerID>92</sellerID>
        <price>165</price>
      </transaction>
      <transaction>
        <timestamp>1333598954319</timestamp>
        <buyerID>74</buyerID>
        <sellerID>91</sellerID>
        <price>165</price>
      </transaction>
      <transaction>
        <timestamp>1333598955196</timestamp>
        <buyerID>74</buyerID>
        <sellerID>51</sellerID>
        <price>167</price>
      </transaction>
      <transaction>
        <timestamp>1333598955231</timestamp>
        <buyerID>73</buyerID>
        <sellerID>92</sellerID>
        <price>167</price>
      </transaction>
      <transaction>
        <timestamp>1333598955322</timestamp>
        <buyerID>93</buyerID>
        <sellerID>52</sellerID>
        <price>167</price>
      </transaction>
      <transaction>
        <timestamp>1333598955336</timestamp>
        <buyerID>14</buyerID>
        <sellerID>12</sellerID>
        <price>182</price>
      </transaction>
      <transaction>
        <timestamp>1333598956175</timestamp>
        <buyerID>13</buyerID>
        <sellerID>92</sellerID>
        <price>178</price>
      </transaction>
      <transaction>
        <timestamp>1333598956188</timestamp>
        <buyerID>94</buyerID>
        <sellerID>71</sellerID>
        <price>171</price>
      </transaction>
      <transaction>
        <timestamp>1333598956502</timestamp>
        <buyerID>93</buyerID>
        <sellerID>71</sellerID>
        <price>167</price>
      </transaction>
      <transaction>
        <timestamp>1333598956547</timestamp>
        <buyerID>14</buyerID>
        <sellerID>92</sellerID>
        <price>170</price>
      </transaction>
      <transaction>
        <timestamp>1333598957993</timestamp>
        <buyerID>93</buyerID>
        <sellerID>11</sellerID>
        <price>165</price>
      </transaction>
      <transaction>
        <timestamp>1333598959605</timestamp>
        <buyerID>93</buyerID>
        <sellerID>72</sellerID>
        <price>148</price>
      </transaction>
      <transaction>
        <timestamp>1333598960196</timestamp>
        <buyerID>94</buyerID>
        <sellerID>71</sellerID>
        <price>147</price>
      </transaction>
      <transaction>
        <timestamp>1333598960397</timestamp>
        <buyerID>13</buyerID>
        <sellerID>51</sellerID>
        <price>161</price>
      </transaction>
      <transaction>
        <timestamp>1333598961158</timestamp>
        <buyerID>73</buyerID>
        <sellerID>11</sellerID>
        <price>155</price>
      </transaction>
      <transaction>
        <timestamp>1333598961817</timestamp>
        <buyerID>93</buyerID>
        <sellerID>71</sellerID>
        <price>148</price>
      </transaction>
      <transaction>
        <timestamp>1333598961877</timestamp>
        <buyerID>73</buyerID>
        <sellerID>52</sellerID>
        <price>156</price>
      </transaction>
      <transaction>
        <timestamp>1333598963570</timestamp>
        <buyerID>73</buyerID>
        <sellerID>51</sellerID>
        <price>155</price>
      </transaction>
      <transaction>
        <timestamp>1333598965627</timestamp>
        <buyerID>93</buyerID>
        <sellerID>72</sellerID>
        <price>148</price>
      </transaction>
      <transaction>
        <timestamp>1333598966319</timestamp>
        <buyerID>74</buyerID>
        <sellerID>52</sellerID>
        <price>150</price>
      </transaction>
      <transaction>
        <timestamp>1333598979079</timestamp>
        <buyerID>14</buyerID>
        <sellerID>52</sellerID>
        <price>153</price>
      </transaction>
      <transaction>
        <timestamp>1333598997104</timestamp>
        <buyerID>94</buyerID>
        <sellerID>72</sellerID>
        <price>140</price>
      </transaction>
      <transaction>
        <timestamp>1333598997108</timestamp>
        <buyerID>73</buyerID>
        <sellerID>52</sellerID>
        <price>144</price>
      </transaction>
      <transaction>
        <timestamp>1333599006705</timestamp>
        <buyerID>13</buyerID>
        <sellerID>72</sellerID>
        <price>142</price>
      </transaction>
      <transaction>
        <timestamp>1333599009874</timestamp>
        <buyerID>14</buyerID>
        <sellerID>52</sellerID>
        <price>140</price>
      </transaction>
    </repetition>
    <repetition>
      <id>5</id>
      <transaction>
        <timestamp>1333599077429</timestamp>
        <buyerID>94</buyerID>
        <sellerID>92</sellerID>
        <price>139</price>
      </transaction>
      <transaction>
        <timestamp>1333599077549</timestamp>
        <buyerID>14</buyerID>
        <sellerID>91</sellerID>
        <price>200</price>
      </transaction>
      <transaction>
        <timestamp>1333599077947</timestamp>
        <buyerID>93</buyerID>
        <sellerID>72</sellerID>
        <price>183</price>
      </transaction>
      <transaction>
        <timestamp>1333599078090</timestamp>
        <buyerID>93</buyerID>
        <sellerID>11</sellerID>
        <price>161</price>
      </transaction>
      <transaction>
        <timestamp>1333599078128</timestamp>
        <buyerID>94</buyerID>
        <sellerID>51</sellerID>
        <price>161</price>
      </transaction>
      <transaction>
        <timestamp>1333599078767</timestamp>
        <buyerID>73</buyerID>
        <sellerID>52</sellerID>
        <price>171</price>
      </transaction>
      <transaction>
        <timestamp>1333599078916</timestamp>
        <buyerID>74</buyerID>
        <sellerID>12</sellerID>
        <price>171</price>
      </transaction>
      <transaction>
        <timestamp>1333599079523</timestamp>
        <buyerID>74</buyerID>
        <sellerID>52</sellerID>
        <price>172</price>
      </transaction>
      <transaction>
        <timestamp>1333599079631</timestamp>
        <buyerID>93</buyerID>
        <sellerID>71</sellerID>
        <price>164</price>
      </transaction>
      <transaction>
        <timestamp>1333599080255</timestamp>
        <buyerID>94</buyerID>
        <sellerID>72</sellerID>
        <price>163</price>
      </transaction>
      <transaction>
        <timestamp>1333599080260</timestamp>
        <buyerID>14</buyerID>
        <sellerID>51</sellerID>
        <price>165</price>
      </transaction>
      <transaction>
        <timestamp>1333599080351</timestamp>
        <buyerID>54</buyerID>
        <sellerID>71</sellerID>
        <price>142</price>
      </transaction>
      <transaction>
        <timestamp>1333599080409</timestamp>
        <buyerID>13</buyerID>
        <sellerID>11</sellerID>
        <price>150</price>
      </transaction>
      <transaction>
        <timestamp>1333599081017</timestamp>
        <buyerID>13</buyerID>
        <sellerID>92</sellerID>
        <price>168</price>
      </transaction>
      <transaction>
        <timestamp>1333599081819</timestamp>
        <buyerID>14</buyerID>
        <sellerID>92</sellerID>
        <price>167</price>
      </transaction>
      <transaction>
        <timestamp>1333599082661</timestamp>
        <buyerID>13</buyerID>
        <sellerID>12</sellerID>
        <price>163</price>
      </transaction>
      <transaction>
        <timestamp>1333599082662</timestamp>
        <buyerID>14</buyerID>
        <sellerID>11</sellerID>
        <price>165</price>
      </transaction>
      <transaction>
        <timestamp>1333599083193</timestamp>
        <buyerID>73</buyerID>
        <sellerID>91</sellerID>
        <price>165</price>
      </transaction>
      <transaction>
        <timestamp>1333599083297</timestamp>
        <buyerID>93</buyerID>
        <sellerID>71</sellerID>
        <price>164</price>
      </transaction>
      <transaction>
        <timestamp>1333599083303</timestamp>
        <buyerID>54</buyerID>
        <sellerID>11</sellerID>
        <price>145</price>
      </transaction>
      <transaction>
        <timestamp>1333599083312</timestamp>
        <buyerID>13</buyerID>
        <sellerID>92</sellerID>
        <price>165</price>
      </transaction>
      <transaction>
        <timestamp>1333599084004</timestamp>
        <buyerID>73</buyerID>
        <sellerID>91</sellerID>
        <price>164</price>
      </transaction>
      <transaction>
        <timestamp>1333599084745</timestamp>
        <buyerID>74</buyerID>
        <sellerID>11</sellerID>
        <price>162</price>
      </transaction>
      <transaction>
        <timestamp>1333599084891</timestamp>
        <buyerID>73</buyerID>
        <sellerID>51</sellerID>
        <price>162</price>
      </transaction>
      <transaction>
        <timestamp>1333599085462</timestamp>
        <buyerID>94</buyerID>
        <sellerID>71</sellerID>
        <price>157</price>
      </transaction>
      <transaction>
        <timestamp>1333599085503</timestamp>
        <buyerID>73</buyerID>
        <sellerID>92</sellerID>
        <price>162</price>
      </transaction>
      <transaction>
        <timestamp>1333599085661</timestamp>
        <buyerID>93</buyerID>
        <sellerID>72</sellerID>
        <price>156</price>
      </transaction>
      <transaction>
        <timestamp>1333599086379</timestamp>
        <buyerID>93</buyerID>
        <sellerID>72</sellerID>
        <price>157</price>
      </transaction>
      <transaction>
        <timestamp>1333599087064</timestamp>
        <buyerID>14</buyerID>
        <sellerID>52</sellerID>
        <price>159</price>
      </transaction>
      <transaction>
        <timestamp>1333599091577</timestamp>
        <buyerID>14</buyerID>
        <sellerID>52</sellerID>
        <price>154</price>
      </transaction>
      <transaction>
        <timestamp>1333599113333</timestamp>
        <buyerID>93</buyerID>
        <sellerID>52</sellerID>
        <price>148</price>
      </transaction>
      <transaction>
        <timestamp>1333599126088</timestamp>
        <buyerID>74</buyerID>
        <sellerID>52</sellerID>
        <price>147</price>
      </transaction>
      <transaction>
        <timestamp>1333599138119</timestamp>
        <buyerID>73</buyerID>
        <sellerID>52</sellerID>
        <price>146</price>
      </transaction>
      <transaction>
        <timestamp>1333599145467</timestamp>
        <buyerID>73</buyerID>
        <sellerID>52</sellerID>
        <price>155</price>
      </transaction>
      <transaction>
        <timestamp>1333599185966</timestamp>
        <buyerID>94</buyerID>
        <sellerID>72</sellerID>
        <price>145</price>
      </transaction>
    </repetition>
  </transactions>
  <scores>
    <agent>
      <ID>71</ID>
      <userName>kaplan1</userName>
      <strategy>KAPLAN</strategy>
      <values>
        <value>71</value>
        <value>72</value>
        <value>93</value>
        <value>130</value>
        <value>193</value>
        <value>200</value>
        <value>209</value>
        <value>219</value>
        <value>236</value>
        <value>248</value>
      </values>
      <score>223.4</score>
    </agent>
    <agent>
      <ID>11</ID>
      <userName>zi1</userName>
      <strategy>ZI</strategy>
      <values>
        <value>110</value>
        <value>113</value>
        <value>121</value>
        <value>124</value>
        <value>130</value>
        <value>173</value>
        <value>218</value>
        <value>222</value>
        <value>251</value>
        <value>253</value>
      </values>
      <score>174.4</score>
    </agent>
    <agent>
      <ID>72</ID>
      <userName>kaplan2</userName>
      <strategy>KAPLAN</strategy>
      <values>
        <value>75</value>
        <value>102</value>
        <value>113</value>
        <value>121</value>
        <value>139</value>
        <value>180</value>
        <value>185</value>
        <value>187</value>
        <value>246</value>
        <value>260</value>
      </values>
      <score>186.8</score>
    </agent>
    <agent>
      <ID>12</ID>
      <userName>zi2</userName>
      <strategy>ZI</strategy>
      <values>
        <value>133</value>
        <value>134</value>
        <value>161</value>
        <value>168</value>
        <value>176</value>
        <value>179</value>
        <value>227</value>
        <value>227</value>
        <value>236</value>
        <value>246</value>
      </values>
      <score>66.8</score>
    </agent>
    <agent>
      <ID>73</ID>
      <userName>kaplan3</userName>
      <strategy>KAPLAN</strategy>
      <values>
        <value>222</value>
        <value>220</value>
        <value>204</value>
        <value>200</value>
        <value>188</value>
        <value>187</value>
        <value>165</value>
        <value>155</value>
        <value>100</value>
        <value>67</value>
      </values>
      <score>244.4</score>
    </agent>
    <agent>
      <ID>13</ID>
      <userName>zi3</userName>
      <strategy>ZI</strategy>
      <values>
        <value>244</value>
        <value>232</value>
        <value>203</value>
        <value>184</value>
        <value>144</value>
        <value>139</value>
        <value>132</value>
        <value>120</value>
        <value>100</value>
        <value>74</value>
      </values>
      <score>221.6</score>
    </agent>
    <agent>
      <ID>14</ID>
      <userName>zi4</userName>
      <strategy>ZI</strategy>
      <values>
        <value>257</value>
        <value>255</value>
        <value>209</value>
        <value>207</value>
        <value>197</value>
        <value>171</value>
        <value>140</value>
        <value>125</value>
        <value>96</value>
        <value>77</value>
      </values>
      <score>295.0</score>
    </agent>
    <agent>
      <ID>74</ID>
      <userName>kaplan4</userName>
      <strategy>KAPLAN</strategy>
      <values>
        <value>237</value>
        <value>211</value>
        <value>192</value>
        <value>161</value>
        <value>133</value>
        <value>127</value>
        <value>125</value>
        <value>121</value>
        <value>112</value>
        <value>101</value>
      </values>
      <score>145.2</score>
    </agent>
    <agent>
      <ID>51</ID>
      <userName>zip1</userName>
      <strategy>ZIP</strategy>
      <values>
        <value>72</value>
        <value>81</value>
        <value>145</value>
        <value>188</value>
        <value>194</value>
        <value>214</value>
        <value>232</value>
        <value>239</value>
        <value>240</value>
        <value>244</value>
      </values>
      <score>197.4</score>
    </agent>
    <agent>
      <ID>54</ID>
      <userName>zip4</userName>
      <strategy>ZIP</strategy>
      <values>
        <value>242</value>
        <value>241</value>
        <value>233</value>
        <value>214</value>
        <value>199</value>
        <value>187</value>
        <value>178</value>
        <value>147</value>
        <value>77</value>
        <value>62</value>
      </values>
      <score>181.0</score>
    </agent>
    <agent>
      <ID>53</ID>
      <userName>zip3</userName>
      <strategy>ZIP</strategy>
      <values>
        <value>248</value>
        <value>247</value>
        <value>220</value>
        <value>191</value>
        <value>187</value>
        <value>175</value>
        <value>151</value>
        <value>148</value>
        <value>138</value>
        <value>134</value>
      </values>
      <score>44.8</score>
    </agent>
    <agent>
      <ID>52</ID>
      <userName>zip2</userName>
      <strategy>ZIP</strategy>
      <values>
        <value>71</value>
        <value>92</value>
        <value>106</value>
        <value>115</value>
        <value>125</value>
        <value>127</value>
        <value>129</value>
        <value>136</value>
        <value>172</value>
        <value>242</value>
      </values>
      <score>366.0</score>
    </agent>
    <agent>
      <ID>93</ID>
      <userName>gd3</userName>
      <strategy>GD</strategy>
      <values>
        <value>229</value>
        <value>220</value>
        <value>219</value>
        <value>216</value>
        <value>163</value>
        <value>163</value>
        <value>150</value>
        <value>95</value>
        <value>84</value>
        <value>63</value>
      </values>
      <score>245.8</score>
    </agent>
    <agent>
      <ID>92</ID>
      <userName>gd2</userName>
      <strategy>GD</strategy>
      <values>
        <value>64</value>
        <value>89</value>
        <value>93</value>
        <value>154</value>
        <value>158</value>
        <value>161</value>
        <value>177</value>
        <value>222</value>
        <value>230</value>
        <value>253</value>
      </values>
      <score>260.6</score>
    </agent>
    <agent>
      <ID>94</ID>
      <userName>gd4</userName>
      <strategy>GD</strategy>
      <values>
        <value>207</value>
        <value>202</value>
        <value>174</value>
        <value>158</value>
        <value>146</value>
        <value>128</value>
        <value>127</value>
        <value>104</value>
        <value>103</value>
        <value>74</value>
      </values>
      <score>116.8</score>
    </agent>
    <agent>
      <ID>91</ID>
      <userName>gd1</userName>
      <strategy>GD</strategy>
      <values>
        <value>81</value>
        <value>120</value>
        <value>129</value>
        <value>162</value>
        <value>188</value>
        <value>189</value>
        <value>192</value>
        <value>214</value>
        <value>222</value>
        <value>253</value>
      </values>
      <score>180.6</score>
    </agent>
  </scores>
</results>

