<results>
  <transactions>
    <repetition>
      <id>1</id>
      <transaction>
        <timestamp>1333601807048</timestamp>
        <buyerID>93</buyerID>
        <sellerID>91</sellerID>
        <price>178</price>
      </transaction>
      <transaction>
        <timestamp>1333601807052</timestamp>
        <buyerID>53</buyerID>
        <sellerID>51</sellerID>
        <price>193</price>
      </transaction>
      <transaction>
        <timestamp>1333601807076</timestamp>
        <buyerID>14</buyerID>
        <sellerID>12</sellerID>
        <price>138</price>
      </transaction>
      <transaction>
        <timestamp>1333601807081</timestamp>
        <buyerID>53</buyerID>
        <sellerID>11</sellerID>
        <price>197</price>
      </transaction>
      <transaction>
        <timestamp>1333601807109</timestamp>
        <buyerID>54</buyerID>
        <sellerID>12</sellerID>
        <price>97</price>
      </transaction>
      <transaction>
        <timestamp>1333601807124</timestamp>
        <buyerID>54</buyerID>
        <sellerID>11</sellerID>
        <price>103</price>
      </transaction>
      <transaction>
        <timestamp>1333601807135</timestamp>
        <buyerID>14</buyerID>
        <sellerID>52</sellerID>
        <price>170</price>
      </transaction>
      <transaction>
        <timestamp>1333601807389</timestamp>
        <buyerID>93</buyerID>
        <sellerID>51</sellerID>
        <price>200</price>
      </transaction>
      <transaction>
        <timestamp>1333601807408</timestamp>
        <buyerID>53</buyerID>
        <sellerID>11</sellerID>
        <price>199</price>
      </transaction>
      <transaction>
        <timestamp>1333601808218</timestamp>
        <buyerID>94</buyerID>
        <sellerID>12</sellerID>
        <price>170</price>
      </transaction>
      <transaction>
        <timestamp>1333601808941</timestamp>
        <buyerID>13</buyerID>
        <sellerID>92</sellerID>
        <price>175</price>
      </transaction>
      <transaction>
        <timestamp>1333601808956</timestamp>
        <buyerID>93</buyerID>
        <sellerID>11</sellerID>
        <price>170</price>
      </transaction>
      <transaction>
        <timestamp>1333601809634</timestamp>
        <buyerID>13</buyerID>
        <sellerID>91</sellerID>
        <price>172</price>
      </transaction>
      <transaction>
        <timestamp>1333601809755</timestamp>
        <buyerID>94</buyerID>
        <sellerID>92</sellerID>
        <price>173</price>
      </transaction>
      <transaction>
        <timestamp>1333601810436</timestamp>
        <buyerID>93</buyerID>
        <sellerID>91</sellerID>
        <price>172</price>
      </transaction>
      <transaction>
        <timestamp>1333601810485</timestamp>
        <buyerID>94</buyerID>
        <sellerID>52</sellerID>
        <price>173</price>
      </transaction>
      <transaction>
        <timestamp>1333601811166</timestamp>
        <buyerID>93</buyerID>
        <sellerID>91</sellerID>
        <price>172</price>
      </transaction>
      <transaction>
        <timestamp>1333601811179</timestamp>
        <buyerID>13</buyerID>
        <sellerID>52</sellerID>
        <price>136</price>
      </transaction>
      <transaction>
        <timestamp>1333601811232</timestamp>
        <buyerID>13</buyerID>
        <sellerID>12</sellerID>
        <price>168</price>
      </transaction>
      <transaction>
        <timestamp>1333601812016</timestamp>
        <buyerID>93</buyerID>
        <sellerID>52</sellerID>
        <price>138</price>
      </transaction>
      <transaction>
        <timestamp>1333601812863</timestamp>
        <buyerID>94</buyerID>
        <sellerID>11</sellerID>
        <price>138</price>
      </transaction>
      <transaction>
        <timestamp>1333601812890</timestamp>
        <buyerID>14</buyerID>
        <sellerID>51</sellerID>
        <price>144</price>
      </transaction>
      <transaction>
        <timestamp>1333601812946</timestamp>
        <buyerID>54</buyerID>
        <sellerID>52</sellerID>
        <price>120</price>
      </transaction>
      <transaction>
        <timestamp>1333601814110</timestamp>
        <buyerID>94</buyerID>
        <sellerID>11</sellerID>
        <price>139</price>
      </transaction>
      <transaction>
        <timestamp>1333601814926</timestamp>
        <buyerID>94</buyerID>
        <sellerID>11</sellerID>
        <price>141</price>
      </transaction>
      <transaction>
        <timestamp>1333601814934</timestamp>
        <buyerID>93</buyerID>
        <sellerID>51</sellerID>
        <price>140</price>
      </transaction>
      <transaction>
        <timestamp>1333601815001</timestamp>
        <buyerID>93</buyerID>
        <sellerID>91</sellerID>
        <price>140</price>
      </transaction>
      <transaction>
        <timestamp>1333601815896</timestamp>
        <buyerID>13</buyerID>
        <sellerID>92</sellerID>
        <price>140</price>
      </transaction>
      <transaction>
        <timestamp>1333601816421</timestamp>
        <buyerID>94</buyerID>
        <sellerID>92</sellerID>
        <price>141</price>
      </transaction>
      <transaction>
        <timestamp>1333601826986</timestamp>
        <buyerID>14</buyerID>
        <sellerID>12</sellerID>
        <price>142</price>
      </transaction>
      <transaction>
        <timestamp>1333601839651</timestamp>
        <buyerID>13</buyerID>
        <sellerID>91</sellerID>
        <price>151</price>
      </transaction>
      <transaction>
        <timestamp>1333601910966</timestamp>
        <buyerID>13</buyerID>
        <sellerID>72</sellerID>
        <price>126</price>
      </transaction>
      <transaction>
        <timestamp>1333601911785</timestamp>
        <buyerID>14</buyerID>
        <sellerID>72</sellerID>
        <price>125</price>
      </transaction>
      <transaction>
        <timestamp>1333601912463</timestamp>
        <buyerID>13</buyerID>
        <sellerID>72</sellerID>
        <price>129</price>
      </transaction>
      <transaction>
        <timestamp>1333601915347</timestamp>
        <buyerID>74</buyerID>
        <sellerID>51</sellerID>
        <price>173</price>
      </transaction>
      <transaction>
        <timestamp>1333601916100</timestamp>
        <buyerID>74</buyerID>
        <sellerID>12</sellerID>
        <price>167</price>
      </transaction>
      <transaction>
        <timestamp>1333601916905</timestamp>
        <buyerID>74</buyerID>
        <sellerID>52</sellerID>
        <price>179</price>
      </transaction>
      <transaction>
        <timestamp>1333601917795</timestamp>
        <buyerID>94</buyerID>
        <sellerID>72</sellerID>
        <price>134</price>
      </transaction>
      <transaction>
        <timestamp>1333601917801</timestamp>
        <buyerID>74</buyerID>
        <sellerID>52</sellerID>
        <price>196</price>
      </transaction>
      <transaction>
        <timestamp>1333601918526</timestamp>
        <buyerID>74</buyerID>
        <sellerID>12</sellerID>
        <price>186</price>
      </transaction>
      <transaction>
        <timestamp>1333601921397</timestamp>
        <buyerID>73</buyerID>
        <sellerID>92</sellerID>
        <price>196</price>
      </transaction>
      <transaction>
        <timestamp>1333601922319</timestamp>
        <buyerID>73</buyerID>
        <sellerID>11</sellerID>
        <price>195</price>
      </transaction>
      <transaction>
        <timestamp>1333601922329</timestamp>
        <buyerID>94</buyerID>
        <sellerID>71</sellerID>
        <price>134</price>
      </transaction>
      <transaction>
        <timestamp>1333601922934</timestamp>
        <buyerID>54</buyerID>
        <sellerID>71</sellerID>
        <price>126</price>
      </transaction>
      <transaction>
        <timestamp>1333601922987</timestamp>
        <buyerID>73</buyerID>
        <sellerID>51</sellerID>
        <price>197</price>
      </transaction>
      <transaction>
        <timestamp>1333601923786</timestamp>
        <buyerID>54</buyerID>
        <sellerID>71</sellerID>
        <price>122</price>
      </transaction>
      <transaction>
        <timestamp>1333601924574</timestamp>
        <buyerID>14</buyerID>
        <sellerID>71</sellerID>
        <price>119</price>
      </transaction>
    </repetition>
    <repetition>
      <id>2</id>
      <transaction>
        <timestamp>1333601933597</timestamp>
        <buyerID>94</buyerID>
        <sellerID>11</sellerID>
        <price>201</price>
      </transaction>
      <transaction>
        <timestamp>1333601933604</timestamp>
        <buyerID>93</buyerID>
        <sellerID>91</sellerID>
        <price>201</price>
      </transaction>
      <transaction>
        <timestamp>1333601934108</timestamp>
        <buyerID>94</buyerID>
        <sellerID>11</sellerID>
        <price>175</price>
      </transaction>
      <transaction>
        <timestamp>1333601934237</timestamp>
        <buyerID>13</buyerID>
        <sellerID>91</sellerID>
        <price>188</price>
      </transaction>
      <transaction>
        <timestamp>1333601934849</timestamp>
        <buyerID>14</buyerID>
        <sellerID>91</sellerID>
        <price>188</price>
      </transaction>
      <transaction>
        <timestamp>1333601936488</timestamp>
        <buyerID>93</buyerID>
        <sellerID>51</sellerID>
        <price>185</price>
      </transaction>
      <transaction>
        <timestamp>1333601936514</timestamp>
        <buyerID>94</buyerID>
        <sellerID>11</sellerID>
        <price>184</price>
      </transaction>
      <transaction>
        <timestamp>1333601936531</timestamp>
        <buyerID>93</buyerID>
        <sellerID>91</sellerID>
        <price>184</price>
      </transaction>
      <transaction>
        <timestamp>1333601936606</timestamp>
        <buyerID>94</buyerID>
        <sellerID>12</sellerID>
        <price>140</price>
      </transaction>
      <transaction>
        <timestamp>1333601937217</timestamp>
        <buyerID>13</buyerID>
        <sellerID>51</sellerID>
        <price>143</price>
      </transaction>
      <transaction>
        <timestamp>1333601937916</timestamp>
        <buyerID>13</buyerID>
        <sellerID>91</sellerID>
        <price>165</price>
      </transaction>
      <transaction>
        <timestamp>1333601938037</timestamp>
        <buyerID>93</buyerID>
        <sellerID>11</sellerID>
        <price>143</price>
      </transaction>
      <transaction>
        <timestamp>1333601938615</timestamp>
        <buyerID>74</buyerID>
        <sellerID>92</sellerID>
        <price>160</price>
      </transaction>
      <transaction>
        <timestamp>1333601938744</timestamp>
        <buyerID>93</buyerID>
        <sellerID>72</sellerID>
        <price>153</price>
      </transaction>
      <transaction>
        <timestamp>1333601939431</timestamp>
        <buyerID>94</buyerID>
        <sellerID>71</sellerID>
        <price>155</price>
      </transaction>
      <transaction>
        <timestamp>1333601939443</timestamp>
        <buyerID>13</buyerID>
        <sellerID>92</sellerID>
        <price>160</price>
      </transaction>
      <transaction>
        <timestamp>1333601939468</timestamp>
        <buyerID>73</buyerID>
        <sellerID>51</sellerID>
        <price>161</price>
      </transaction>
      <transaction>
        <timestamp>1333601939476</timestamp>
        <buyerID>74</buyerID>
        <sellerID>72</sellerID>
        <price>160</price>
      </transaction>
      <transaction>
        <timestamp>1333601939504</timestamp>
        <buyerID>93</buyerID>
        <sellerID>51</sellerID>
        <price>154</price>
      </transaction>
      <transaction>
        <timestamp>1333601940094</timestamp>
        <buyerID>54</buyerID>
        <sellerID>12</sellerID>
        <price>146</price>
      </transaction>
      <transaction>
        <timestamp>1333601940842</timestamp>
        <buyerID>14</buyerID>
        <sellerID>92</sellerID>
        <price>158</price>
      </transaction>
      <transaction>
        <timestamp>1333601940893</timestamp>
        <buyerID>94</buyerID>
        <sellerID>11</sellerID>
        <price>143</price>
      </transaction>
      <transaction>
        <timestamp>1333601940952</timestamp>
        <buyerID>93</buyerID>
        <sellerID>12</sellerID>
        <price>143</price>
      </transaction>
      <transaction>
        <timestamp>1333601941703</timestamp>
        <buyerID>74</buyerID>
        <sellerID>92</sellerID>
        <price>155</price>
      </transaction>
      <transaction>
        <timestamp>1333601942389</timestamp>
        <buyerID>74</buyerID>
        <sellerID>91</sellerID>
        <price>155</price>
      </transaction>
      <transaction>
        <timestamp>1333601942477</timestamp>
        <buyerID>93</buyerID>
        <sellerID>11</sellerID>
        <price>145</price>
      </transaction>
      <transaction>
        <timestamp>1333601942503</timestamp>
        <buyerID>94</buyerID>
        <sellerID>72</sellerID>
        <price>145</price>
      </transaction>
      <transaction>
        <timestamp>1333601943905</timestamp>
        <buyerID>73</buyerID>
        <sellerID>52</sellerID>
        <price>148</price>
      </transaction>
      <transaction>
        <timestamp>1333601944634</timestamp>
        <buyerID>54</buyerID>
        <sellerID>12</sellerID>
        <price>131</price>
      </transaction>
      <transaction>
        <timestamp>1333601946082</timestamp>
        <buyerID>74</buyerID>
        <sellerID>12</sellerID>
        <price>145</price>
      </transaction>
      <transaction>
        <timestamp>1333601947112</timestamp>
        <buyerID>14</buyerID>
        <sellerID>52</sellerID>
        <price>151</price>
      </transaction>
      <transaction>
        <timestamp>1333601958990</timestamp>
        <buyerID>73</buyerID>
        <sellerID>52</sellerID>
        <price>150</price>
      </transaction>
      <transaction>
        <timestamp>1333601961955</timestamp>
        <buyerID>13</buyerID>
        <sellerID>11</sellerID>
        <price>140</price>
      </transaction>
      <transaction>
        <timestamp>1333601965652</timestamp>
        <buyerID>73</buyerID>
        <sellerID>52</sellerID>
        <price>149</price>
      </transaction>
      <transaction>
        <timestamp>1333601978520</timestamp>
        <buyerID>73</buyerID>
        <sellerID>52</sellerID>
        <price>151</price>
      </transaction>
      <transaction>
        <timestamp>1333601978521</timestamp>
        <buyerID>13</buyerID>
        <sellerID>71</sellerID>
        <price>146</price>
      </transaction>
      <transaction>
        <timestamp>1333602042875</timestamp>
        <buyerID>14</buyerID>
        <sellerID>72</sellerID>
        <price>145</price>
      </transaction>
      <transaction>
        <timestamp>1333602049795</timestamp>
        <buyerID>14</buyerID>
        <sellerID>71</sellerID>
        <price>149</price>
      </transaction>
      <transaction>
        <timestamp>1333602050390</timestamp>
        <buyerID>54</buyerID>
        <sellerID>71</sellerID>
        <price>132</price>
      </transaction>
      <transaction>
        <timestamp>1333602051196</timestamp>
        <buyerID>94</buyerID>
        <sellerID>71</sellerID>
        <price>131</price>
      </transaction>
    </repetition>
    <repetition>
      <id>3</id>
      <transaction>
        <timestamp>1333602061027</timestamp>
        <buyerID>94</buyerID>
        <sellerID>91</sellerID>
        <price>202</price>
      </transaction>
      <transaction>
        <timestamp>1333602061054</timestamp>
        <buyerID>93</buyerID>
        <sellerID>12</sellerID>
        <price>161</price>
      </transaction>
      <transaction>
        <timestamp>1333602061634</timestamp>
        <buyerID>73</buyerID>
        <sellerID>91</sellerID>
        <price>151</price>
      </transaction>
      <transaction>
        <timestamp>1333602061675</timestamp>
        <buyerID>93</buyerID>
        <sellerID>52</sellerID>
        <price>151</price>
      </transaction>
      <transaction>
        <timestamp>1333602061687</timestamp>
        <buyerID>94</buyerID>
        <sellerID>71</sellerID>
        <price>149</price>
      </transaction>
      <transaction>
        <timestamp>1333602061703</timestamp>
        <buyerID>13</buyerID>
        <sellerID>92</sellerID>
        <price>151</price>
      </transaction>
      <transaction>
        <timestamp>1333602061748</timestamp>
        <buyerID>14</buyerID>
        <sellerID>12</sellerID>
        <price>100</price>
      </transaction>
      <transaction>
        <timestamp>1333602062390</timestamp>
        <buyerID>13</buyerID>
        <sellerID>91</sellerID>
        <price>151</price>
      </transaction>
      <transaction>
        <timestamp>1333602063113</timestamp>
        <buyerID>93</buyerID>
        <sellerID>11</sellerID>
        <price>132</price>
      </transaction>
      <transaction>
        <timestamp>1333602063870</timestamp>
        <buyerID>13</buyerID>
        <sellerID>91</sellerID>
        <price>148</price>
      </transaction>
      <transaction>
        <timestamp>1333602063899</timestamp>
        <buyerID>94</buyerID>
        <sellerID>72</sellerID>
        <price>141</price>
      </transaction>
      <transaction>
        <timestamp>1333602064004</timestamp>
        <buyerID>74</buyerID>
        <sellerID>92</sellerID>
        <price>149</price>
      </transaction>
      <transaction>
        <timestamp>1333602064016</timestamp>
        <buyerID>14</buyerID>
        <sellerID>52</sellerID>
        <price>162</price>
      </transaction>
      <transaction>
        <timestamp>1333602064662</timestamp>
        <buyerID>13</buyerID>
        <sellerID>92</sellerID>
        <price>150</price>
      </transaction>
      <transaction>
        <timestamp>1333602064755</timestamp>
        <buyerID>94</buyerID>
        <sellerID>72</sellerID>
        <price>144</price>
      </transaction>
      <transaction>
        <timestamp>1333602064760</timestamp>
        <buyerID>74</buyerID>
        <sellerID>92</sellerID>
        <price>149</price>
      </transaction>
      <transaction>
        <timestamp>1333602065361</timestamp>
        <buyerID>93</buyerID>
        <sellerID>72</sellerID>
        <price>143</price>
      </transaction>
      <transaction>
        <timestamp>1333602065568</timestamp>
        <buyerID>93</buyerID>
        <sellerID>71</sellerID>
        <price>144</price>
      </transaction>
      <transaction>
        <timestamp>1333602065573</timestamp>
        <buyerID>14</buyerID>
        <sellerID>52</sellerID>
        <price>147</price>
      </transaction>
      <transaction>
        <timestamp>1333602065601</timestamp>
        <buyerID>74</buyerID>
        <sellerID>12</sellerID>
        <price>147</price>
      </transaction>
      <transaction>
        <timestamp>1333602066085</timestamp>
        <buyerID>73</buyerID>
        <sellerID>51</sellerID>
        <price>148</price>
      </transaction>
      <transaction>
        <timestamp>1333602066121</timestamp>
        <buyerID>74</buyerID>
        <sellerID>91</sellerID>
        <price>149</price>
      </transaction>
      <transaction>
        <timestamp>1333602066300</timestamp>
        <buyerID>93</buyerID>
        <sellerID>11</sellerID>
        <price>145</price>
      </transaction>
      <transaction>
        <timestamp>1333602066958</timestamp>
        <buyerID>74</buyerID>
        <sellerID>52</sellerID>
        <price>148</price>
      </transaction>
      <transaction>
        <timestamp>1333602066995</timestamp>
        <buyerID>93</buyerID>
        <sellerID>71</sellerID>
        <price>145</price>
      </transaction>
      <transaction>
        <timestamp>1333602067617</timestamp>
        <buyerID>94</buyerID>
        <sellerID>71</sellerID>
        <price>146</price>
      </transaction>
      <transaction>
        <timestamp>1333602068451</timestamp>
        <buyerID>94</buyerID>
        <sellerID>11</sellerID>
        <price>147</price>
      </transaction>
      <transaction>
        <timestamp>1333602068480</timestamp>
        <buyerID>93</buyerID>
        <sellerID>51</sellerID>
        <price>147</price>
      </transaction>
      <transaction>
        <timestamp>1333602068513</timestamp>
        <buyerID>73</buyerID>
        <sellerID>71</sellerID>
        <price>147</price>
      </transaction>
      <transaction>
        <timestamp>1333602071344</timestamp>
        <buyerID>73</buyerID>
        <sellerID>52</sellerID>
        <price>150</price>
      </transaction>
      <transaction>
        <timestamp>1333602072146</timestamp>
        <buyerID>94</buyerID>
        <sellerID>51</sellerID>
        <price>147</price>
      </transaction>
      <transaction>
        <timestamp>1333602072221</timestamp>
        <buyerID>54</buyerID>
        <sellerID>12</sellerID>
        <price>133</price>
      </transaction>
      <transaction>
        <timestamp>1333602072982</timestamp>
        <buyerID>94</buyerID>
        <sellerID>11</sellerID>
        <price>132</price>
      </transaction>
      <transaction>
        <timestamp>1333602081115</timestamp>
        <buyerID>14</buyerID>
        <sellerID>51</sellerID>
        <price>143</price>
      </transaction>
      <transaction>
        <timestamp>1333602084493</timestamp>
        <buyerID>94</buyerID>
        <sellerID>11</sellerID>
        <price>127</price>
      </transaction>
      <transaction>
        <timestamp>1333602085702</timestamp>
        <buyerID>13</buyerID>
        <sellerID>12</sellerID>
        <price>148</price>
      </transaction>
      <transaction>
        <timestamp>1333602098482</timestamp>
        <buyerID>74</buyerID>
        <sellerID>11</sellerID>
        <price>136</price>
      </transaction>
      <transaction>
        <timestamp>1333602101004</timestamp>
        <buyerID>73</buyerID>
        <sellerID>11</sellerID>
        <price>148</price>
      </transaction>
      <transaction>
        <timestamp>1333602168316</timestamp>
        <buyerID>13</buyerID>
        <sellerID>72</sellerID>
        <price>149</price>
      </transaction>
      <transaction>
        <timestamp>1333602177983</timestamp>
        <buyerID>14</buyerID>
        <sellerID>71</sellerID>
        <price>140</price>
      </transaction>
    </repetition>
    <repetition>
      <id>4</id>
      <transaction>
        <timestamp>1333602188534</timestamp>
        <buyerID>13</buyerID>
        <sellerID>52</sellerID>
        <price>205</price>
      </transaction>
      <transaction>
        <timestamp>1333602188542</timestamp>
        <buyerID>94</buyerID>
        <sellerID>11</sellerID>
        <price>203</price>
      </transaction>
      <transaction>
        <timestamp>1333602189091</timestamp>
        <buyerID>93</buyerID>
        <sellerID>11</sellerID>
        <price>156</price>
      </transaction>
      <transaction>
        <timestamp>1333602189264</timestamp>
        <buyerID>13</buyerID>
        <sellerID>92</sellerID>
        <price>156</price>
      </transaction>
      <transaction>
        <timestamp>1333602189994</timestamp>
        <buyerID>14</buyerID>
        <sellerID>92</sellerID>
        <price>130</price>
      </transaction>
      <transaction>
        <timestamp>1333602190598</timestamp>
        <buyerID>93</buyerID>
        <sellerID>12</sellerID>
        <price>104</price>
      </transaction>
      <transaction>
        <timestamp>1333602190617</timestamp>
        <buyerID>14</buyerID>
        <sellerID>11</sellerID>
        <price>131</price>
      </transaction>
      <transaction>
        <timestamp>1333602192175</timestamp>
        <buyerID>13</buyerID>
        <sellerID>72</sellerID>
        <price>141</price>
      </transaction>
      <transaction>
        <timestamp>1333602192239</timestamp>
        <buyerID>74</buyerID>
        <sellerID>92</sellerID>
        <price>145</price>
      </transaction>
      <transaction>
        <timestamp>1333602192268</timestamp>
        <buyerID>94</buyerID>
        <sellerID>11</sellerID>
        <price>136</price>
      </transaction>
      <transaction>
        <timestamp>1333602192850</timestamp>
        <buyerID>93</buyerID>
        <sellerID>12</sellerID>
        <price>135</price>
      </transaction>
      <transaction>
        <timestamp>1333602192916</timestamp>
        <buyerID>14</buyerID>
        <sellerID>51</sellerID>
        <price>140</price>
      </transaction>
      <transaction>
        <timestamp>1333602192947</timestamp>
        <buyerID>74</buyerID>
        <sellerID>91</sellerID>
        <price>140</price>
      </transaction>
      <transaction>
        <timestamp>1333602192959</timestamp>
        <buyerID>93</buyerID>
        <sellerID>71</sellerID>
        <price>136</price>
      </transaction>
      <transaction>
        <timestamp>1333602193016</timestamp>
        <buyerID>13</buyerID>
        <sellerID>52</sellerID>
        <price>141</price>
      </transaction>
      <transaction>
        <timestamp>1333602193647</timestamp>
        <buyerID>93</buyerID>
        <sellerID>72</sellerID>
        <price>136</price>
      </transaction>
      <transaction>
        <timestamp>1333602193690</timestamp>
        <buyerID>94</buyerID>
        <sellerID>12</sellerID>
        <price>136</price>
      </transaction>
      <transaction>
        <timestamp>1333602193783</timestamp>
        <buyerID>74</buyerID>
        <sellerID>91</sellerID>
        <price>142</price>
      </transaction>
      <transaction>
        <timestamp>1333602194464</timestamp>
        <buyerID>93</buyerID>
        <sellerID>72</sellerID>
        <price>136</price>
      </transaction>
      <transaction>
        <timestamp>1333602194474</timestamp>
        <buyerID>74</buyerID>
        <sellerID>92</sellerID>
        <price>141</price>
      </transaction>
      <transaction>
        <timestamp>1333602195258</timestamp>
        <buyerID>94</buyerID>
        <sellerID>71</sellerID>
        <price>137</price>
      </transaction>
      <transaction>
        <timestamp>1333602195262</timestamp>
        <buyerID>74</buyerID>
        <sellerID>91</sellerID>
        <price>140</price>
      </transaction>
      <transaction>
        <timestamp>1333602195293</timestamp>
        <buyerID>73</buyerID>
        <sellerID>52</sellerID>
        <price>141</price>
      </transaction>
      <transaction>
        <timestamp>1333602195932</timestamp>
        <buyerID>74</buyerID>
        <sellerID>51</sellerID>
        <price>140</price>
      </transaction>
      <transaction>
        <timestamp>1333602196020</timestamp>
        <buyerID>93</buyerID>
        <sellerID>91</sellerID>
        <price>141</price>
      </transaction>
      <transaction>
        <timestamp>1333602197502</timestamp>
        <buyerID>94</buyerID>
        <sellerID>51</sellerID>
        <price>143</price>
      </transaction>
      <transaction>
        <timestamp>1333602198180</timestamp>
        <buyerID>94</buyerID>
        <sellerID>91</sellerID>
        <price>144</price>
      </transaction>
      <transaction>
        <timestamp>1333602198279</timestamp>
        <buyerID>73</buyerID>
        <sellerID>52</sellerID>
        <price>145</price>
      </transaction>
      <transaction>
        <timestamp>1333602198283</timestamp>
        <buyerID>93</buyerID>
        <sellerID>71</sellerID>
        <price>143</price>
      </transaction>
      <transaction>
        <timestamp>1333602200437</timestamp>
        <buyerID>73</buyerID>
        <sellerID>51</sellerID>
        <price>145</price>
      </transaction>
      <transaction>
        <timestamp>1333602201897</timestamp>
        <buyerID>13</buyerID>
        <sellerID>52</sellerID>
        <price>147</price>
      </transaction>
      <transaction>
        <timestamp>1333602203526</timestamp>
        <buyerID>94</buyerID>
        <sellerID>12</sellerID>
        <price>144</price>
      </transaction>
      <transaction>
        <timestamp>1333602204239</timestamp>
        <buyerID>54</buyerID>
        <sellerID>71</sellerID>
        <price>129</price>
      </transaction>
      <transaction>
        <timestamp>1333602207154</timestamp>
        <buyerID>14</buyerID>
        <sellerID>11</sellerID>
        <price>146</price>
      </transaction>
      <transaction>
        <timestamp>1333602209590</timestamp>
        <buyerID>13</buyerID>
        <sellerID>11</sellerID>
        <price>148</price>
      </transaction>
      <transaction>
        <timestamp>1333602211717</timestamp>
        <buyerID>94</buyerID>
        <sellerID>12</sellerID>
        <price>131</price>
      </transaction>
      <transaction>
        <timestamp>1333602225105</timestamp>
        <buyerID>73</buyerID>
        <sellerID>11</sellerID>
        <price>151</price>
      </transaction>
      <transaction>
        <timestamp>1333602237989</timestamp>
        <buyerID>73</buyerID>
        <sellerID>91</sellerID>
        <price>151</price>
      </transaction>
      <transaction>
        <timestamp>1333602294992</timestamp>
        <buyerID>14</buyerID>
        <sellerID>72</sellerID>
        <price>136</price>
      </transaction>
      <transaction>
        <timestamp>1333602305340</timestamp>
        <buyerID>13</buyerID>
        <sellerID>71</sellerID>
        <price>134</price>
      </transaction>
    </repetition>
    <repetition>
      <id>5</id>
      <transaction>
        <timestamp>1333602316123</timestamp>
        <buyerID>94</buyerID>
        <sellerID>92</sellerID>
        <price>170</price>
      </transaction>
      <transaction>
        <timestamp>1333602316147</timestamp>
        <buyerID>14</buyerID>
        <sellerID>91</sellerID>
        <price>172</price>
      </transaction>
      <transaction>
        <timestamp>1333602316584</timestamp>
        <buyerID>13</buyerID>
        <sellerID>12</sellerID>
        <price>194</price>
      </transaction>
      <transaction>
        <timestamp>1333602317358</timestamp>
        <buyerID>14</buyerID>
        <sellerID>72</sellerID>
        <price>178</price>
      </transaction>
      <transaction>
        <timestamp>1333602317439</timestamp>
        <buyerID>13</buyerID>
        <sellerID>91</sellerID>
        <price>180</price>
      </transaction>
      <transaction>
        <timestamp>1333602317576</timestamp>
        <buyerID>74</buyerID>
        <sellerID>92</sellerID>
        <price>180</price>
      </transaction>
      <transaction>
        <timestamp>1333602318112</timestamp>
        <buyerID>93</buyerID>
        <sellerID>11</sellerID>
        <price>172</price>
      </transaction>
      <transaction>
        <timestamp>1333602318127</timestamp>
        <buyerID>94</buyerID>
        <sellerID>51</sellerID>
        <price>171</price>
      </transaction>
      <transaction>
        <timestamp>1333602318178</timestamp>
        <buyerID>74</buyerID>
        <sellerID>91</sellerID>
        <price>180</price>
      </transaction>
      <transaction>
        <timestamp>1333602318188</timestamp>
        <buyerID>94</buyerID>
        <sellerID>12</sellerID>
        <price>171</price>
      </transaction>
      <transaction>
        <timestamp>1333602318298</timestamp>
        <buyerID>13</buyerID>
        <sellerID>71</sellerID>
        <price>165</price>
      </transaction>
      <transaction>
        <timestamp>1333602318957</timestamp>
        <buyerID>14</buyerID>
        <sellerID>52</sellerID>
        <price>170</price>
      </transaction>
      <transaction>
        <timestamp>1333602319721</timestamp>
        <buyerID>93</buyerID>
        <sellerID>72</sellerID>
        <price>139</price>
      </transaction>
      <transaction>
        <timestamp>1333602319765</timestamp>
        <buyerID>14</buyerID>
        <sellerID>91</sellerID>
        <price>147</price>
      </transaction>
      <transaction>
        <timestamp>1333602319784</timestamp>
        <buyerID>94</buyerID>
        <sellerID>12</sellerID>
        <price>138</price>
      </transaction>
      <transaction>
        <timestamp>1333602319814</timestamp>
        <buyerID>74</buyerID>
        <sellerID>92</sellerID>
        <price>148</price>
      </transaction>
      <transaction>
        <timestamp>1333602319818</timestamp>
        <buyerID>13</buyerID>
        <sellerID>51</sellerID>
        <price>149</price>
      </transaction>
      <transaction>
        <timestamp>1333602321141</timestamp>
        <buyerID>74</buyerID>
        <sellerID>51</sellerID>
        <price>154</price>
      </transaction>
      <transaction>
        <timestamp>1333602321948</timestamp>
        <buyerID>74</buyerID>
        <sellerID>91</sellerID>
        <price>153</price>
      </transaction>
      <transaction>
        <timestamp>1333602321969</timestamp>
        <buyerID>94</buyerID>
        <sellerID>72</sellerID>
        <price>144</price>
      </transaction>
      <transaction>
        <timestamp>1333602322694</timestamp>
        <buyerID>13</buyerID>
        <sellerID>92</sellerID>
        <price>151</price>
      </transaction>
      <transaction>
        <timestamp>1333602322789</timestamp>
        <buyerID>93</buyerID>
        <sellerID>12</sellerID>
        <price>144</price>
      </transaction>
      <transaction>
        <timestamp>1333602323458</timestamp>
        <buyerID>73</buyerID>
        <sellerID>11</sellerID>
        <price>151</price>
      </transaction>
      <transaction>
        <timestamp>1333602323509</timestamp>
        <buyerID>14</buyerID>
        <sellerID>11</sellerID>
        <price>147</price>
      </transaction>
      <transaction>
        <timestamp>1333602323519</timestamp>
        <buyerID>93</buyerID>
        <sellerID>71</sellerID>
        <price>147</price>
      </transaction>
      <transaction>
        <timestamp>1333602324225</timestamp>
        <buyerID>73</buyerID>
        <sellerID>51</sellerID>
        <price>149</price>
      </transaction>
      <transaction>
        <timestamp>1333602324294</timestamp>
        <buyerID>93</buyerID>
        <sellerID>71</sellerID>
        <price>149</price>
      </transaction>
      <transaction>
        <timestamp>1333602324960</timestamp>
        <buyerID>73</buyerID>
        <sellerID>91</sellerID>
        <price>151</price>
      </transaction>
      <transaction>
        <timestamp>1333602325026</timestamp>
        <buyerID>94</buyerID>
        <sellerID>71</sellerID>
        <price>150</price>
      </transaction>
      <transaction>
        <timestamp>1333602325592</timestamp>
        <buyerID>93</buyerID>
        <sellerID>11</sellerID>
        <price>149</price>
      </transaction>
      <transaction>
        <timestamp>1333602328833</timestamp>
        <buyerID>13</buyerID>
        <sellerID>52</sellerID>
        <price>148</price>
      </transaction>
      <transaction>
        <timestamp>1333602330106</timestamp>
        <buyerID>93</buyerID>
        <sellerID>71</sellerID>
        <price>140</price>
      </transaction>
      <transaction>
        <timestamp>1333602330210</timestamp>
        <buyerID>73</buyerID>
        <sellerID>12</sellerID>
        <price>142</price>
      </transaction>
      <transaction>
        <timestamp>1333602330229</timestamp>
        <buyerID>94</buyerID>
        <sellerID>11</sellerID>
        <price>140</price>
      </transaction>
      <transaction>
        <timestamp>1333602331002</timestamp>
        <buyerID>73</buyerID>
        <sellerID>11</sellerID>
        <price>146</price>
      </transaction>
      <transaction>
        <timestamp>1333602334755</timestamp>
        <buyerID>93</buyerID>
        <sellerID>52</sellerID>
        <price>145</price>
      </transaction>
      <transaction>
        <timestamp>1333602375962</timestamp>
        <buyerID>94</buyerID>
        <sellerID>52</sellerID>
        <price>134</price>
      </transaction>
      <transaction>
        <timestamp>1333602387158</timestamp>
        <buyerID>74</buyerID>
        <sellerID>52</sellerID>
        <price>140</price>
      </transaction>
      <transaction>
        <timestamp>1333602421727</timestamp>
        <buyerID>13</buyerID>
        <sellerID>72</sellerID>
        <price>133</price>
      </transaction>
    </repetition>
  </transactions>
  <scores>
    <agent>
      <ID>71</ID>
      <userName>kaplan1</userName>
      <strategy>KAPLAN</strategy>
      <values>
        <value>76</value>
        <value>79</value>
        <value>85</value>
        <value>107</value>
        <value>123</value>
        <value>140</value>
        <value>153</value>
        <value>172</value>
        <value>176</value>
        <value>191</value>
      </values>
      <score>229.6</score>
    </agent>
    <agent>
      <ID>11</ID>
      <userName>zi1</userName>
      <strategy>ZI</strategy>
      <values>
        <value>65</value>
        <value>78</value>
        <value>83</value>
        <value>115</value>
        <value>125</value>
        <value>128</value>
        <value>138</value>
        <value>193</value>
        <value>201</value>
        <value>215</value>
      </values>
      <score>328.2</score>
    </agent>
    <agent>
      <ID>72</ID>
      <userName>kaplan2</userName>
      <strategy>KAPLAN</strategy>
      <values>
        <value>73</value>
        <value>77</value>
        <value>110</value>
        <value>133</value>
        <value>155</value>
        <value>188</value>
        <value>197</value>
        <value>231</value>
        <value>238</value>
        <value>241</value>
      </values>
      <score>174.4</score>
    </agent>
    <agent>
      <ID>12</ID>
      <userName>zi2</userName>
      <strategy>ZI</strategy>
      <values>
        <value>72</value>
        <value>91</value>
        <value>92</value>
        <value>111</value>
        <value>129</value>
        <value>163</value>
        <value>180</value>
        <value>181</value>
        <value>211</value>
        <value>217</value>
      </values>
      <score>216.6</score>
    </agent>
    <agent>
      <ID>73</ID>
      <userName>kaplan3</userName>
      <strategy>KAPLAN</strategy>
      <values>
        <value>257</value>
        <value>252</value>
        <value>203</value>
        <value>183</value>
        <value>168</value>
        <value>137</value>
        <value>127</value>
        <value>127</value>
        <value>78</value>
        <value>64</value>
      </values>
      <score>280.2</score>
    </agent>
    <agent>
      <ID>13</ID>
      <userName>zi3</userName>
      <strategy>ZI</strategy>
      <values>
        <value>257</value>
        <value>252</value>
        <value>224</value>
        <value>210</value>
        <value>161</value>
        <value>152</value>
        <value>136</value>
        <value>133</value>
        <value>109</value>
        <value>88</value>
      </values>
      <score>318.6</score>
    </agent>
    <agent>
      <ID>14</ID>
      <userName>zi4</userName>
      <strategy>ZI</strategy>
      <values>
        <value>255</value>
        <value>206</value>
        <value>192</value>
        <value>150</value>
        <value>149</value>
        <value>119</value>
        <value>102</value>
        <value>101</value>
        <value>71</value>
        <value>69</value>
      </values>
      <score>212.2</score>
    </agent>
    <agent>
      <ID>74</ID>
      <userName>kaplan4</userName>
      <strategy>KAPLAN</strategy>
      <values>
        <value>256</value>
        <value>243</value>
        <value>233</value>
        <value>203</value>
        <value>191</value>
        <value>146</value>
        <value>117</value>
        <value>113</value>
        <value>85</value>
        <value>78</value>
      </values>
      <score>342.2</score>
    </agent>
    <agent>
      <ID>51</ID>
      <userName>zip1</userName>
      <strategy>ZIP</strategy>
      <values>
        <value>71</value>
        <value>91</value>
        <value>124</value>
        <value>136</value>
        <value>173</value>
        <value>197</value>
        <value>232</value>
        <value>246</value>
        <value>246</value>
        <value>253</value>
      </values>
      <score>197.2</score>
    </agent>
    <agent>
      <ID>54</ID>
      <userName>zip4</userName>
      <strategy>ZIP</strategy>
      <values>
        <value>254</value>
        <value>226</value>
        <value>210</value>
        <value>197</value>
        <value>189</value>
        <value>168</value>
        <value>124</value>
        <value>103</value>
        <value>100</value>
        <value>93</value>
      </values>
      <score>207.0</score>
    </agent>
    <agent>
      <ID>53</ID>
      <userName>zip3</userName>
      <strategy>ZIP</strategy>
      <values>
        <value>245</value>
        <value>240</value>
        <value>205</value>
        <value>203</value>
        <value>200</value>
        <value>171</value>
        <value>94</value>
        <value>88</value>
        <value>80</value>
        <value>66</value>
      </values>
      <score>20.2</score>
    </agent>
    <agent>
      <ID>52</ID>
      <userName>zip2</userName>
      <strategy>ZIP</strategy>
      <values>
        <value>62</value>
        <value>68</value>
        <value>68</value>
        <value>113</value>
        <value>117</value>
        <value>179</value>
        <value>193</value>
        <value>197</value>
        <value>204</value>
        <value>257</value>
      </values>
      <score>324.6</score>
    </agent>
    <agent>
      <ID>93</ID>
      <userName>gd3</userName>
      <strategy>GD</strategy>
      <values>
        <value>246</value>
        <value>226</value>
        <value>223</value>
        <value>211</value>
        <value>211</value>
        <value>201</value>
        <value>163</value>
        <value>149</value>
        <value>80</value>
        <value>78</value>
      </values>
      <score>418.4</score>
    </agent>
    <agent>
      <ID>92</ID>
      <userName>gd2</userName>
      <strategy>GD</strategy>
      <values>
        <value>79</value>
        <value>91</value>
        <value>92</value>
        <value>137</value>
        <value>195</value>
        <value>202</value>
        <value>213</value>
        <value>225</value>
        <value>233</value>
        <value>256</value>
      </values>
      <score>217.6</score>
    </agent>
    <agent>
      <ID>94</ID>
      <userName>gd4</userName>
      <strategy>GD</strategy>
      <values>
        <value>257</value>
        <value>245</value>
        <value>226</value>
        <value>201</value>
        <value>200</value>
        <value>187</value>
        <value>179</value>
        <value>135</value>
        <value>135</value>
        <value>92</value>
      </values>
      <score>415.2</score>
    </agent>
    <agent>
      <ID>91</ID>
      <userName>gd1</userName>
      <strategy>GD</strategy>
      <values>
        <value>65</value>
        <value>90</value>
        <value>111</value>
        <value>130</value>
        <value>134</value>
        <value>150</value>
        <value>197</value>
        <value>204</value>
        <value>210</value>
        <value>225</value>
      </values>
      <score>291.6</score>
    </agent>
  </scores>
</results>

