<results>
  <transactions>
    <repetition>
      <id>1</id>
      <transaction>
        <timestamp>1333599274716</timestamp>
        <buyerID>38</buyerID>
        <sellerID>34</sellerID>
        <price>141</price>
      </transaction>
      <transaction>
        <timestamp>1333599274718</timestamp>
        <buyerID>53</buyerID>
        <sellerID>51</sellerID>
        <price>243</price>
      </transaction>
      <transaction>
        <timestamp>1333599275091</timestamp>
        <buyerID>36</buyerID>
        <sellerID>51</sellerID>
        <price>236</price>
      </transaction>
      <transaction>
        <timestamp>1333599275218</timestamp>
        <buyerID>38</buyerID>
        <sellerID>31</sellerID>
        <price>227</price>
      </transaction>
      <transaction>
        <timestamp>1333599275221</timestamp>
        <buyerID>37</buyerID>
        <sellerID>111</sellerID>
        <price>236</price>
      </transaction>
      <transaction>
        <timestamp>1333599275228</timestamp>
        <buyerID>35</buyerID>
        <sellerID>33</sellerID>
        <price>227</price>
      </transaction>
      <transaction>
        <timestamp>1333599275342</timestamp>
        <buyerID>113</buyerID>
        <sellerID>52</sellerID>
        <price>214</price>
      </transaction>
      <transaction>
        <timestamp>1333599275464</timestamp>
        <buyerID>53</buyerID>
        <sellerID>33</sellerID>
        <price>213</price>
      </transaction>
      <transaction>
        <timestamp>1333599275700</timestamp>
        <buyerID>35</buyerID>
        <sellerID>34</sellerID>
        <price>218</price>
      </transaction>
      <transaction>
        <timestamp>1333599275761</timestamp>
        <buyerID>114</buyerID>
        <sellerID>32</sellerID>
        <price>218</price>
      </transaction>
      <transaction>
        <timestamp>1333599275875</timestamp>
        <buyerID>37</buyerID>
        <sellerID>34</sellerID>
        <price>215</price>
      </transaction>
      <transaction>
        <timestamp>1333599275977</timestamp>
        <buyerID>38</buyerID>
        <sellerID>32</sellerID>
        <price>214</price>
      </transaction>
      <transaction>
        <timestamp>1333599275989</timestamp>
        <buyerID>113</buyerID>
        <sellerID>31</sellerID>
        <price>213</price>
      </transaction>
      <transaction>
        <timestamp>1333599276005</timestamp>
        <buyerID>35</buyerID>
        <sellerID>33</sellerID>
        <price>206</price>
      </transaction>
      <transaction>
        <timestamp>1333599276093</timestamp>
        <buyerID>37</buyerID>
        <sellerID>33</sellerID>
        <price>202</price>
      </transaction>
      <transaction>
        <timestamp>1333599276252</timestamp>
        <buyerID>37</buyerID>
        <sellerID>32</sellerID>
        <price>201</price>
      </transaction>
      <transaction>
        <timestamp>1333599276269</timestamp>
        <buyerID>38</buyerID>
        <sellerID>51</sellerID>
        <price>213</price>
      </transaction>
      <transaction>
        <timestamp>1333599276606</timestamp>
        <buyerID>36</buyerID>
        <sellerID>31</sellerID>
        <price>200</price>
      </transaction>
      <transaction>
        <timestamp>1333599276724</timestamp>
        <buyerID>35</buyerID>
        <sellerID>32</sellerID>
        <price>182</price>
      </transaction>
      <transaction>
        <timestamp>1333599276813</timestamp>
        <buyerID>113</buyerID>
        <sellerID>51</sellerID>
        <price>183</price>
      </transaction>
      <transaction>
        <timestamp>1333599277043</timestamp>
        <buyerID>114</buyerID>
        <sellerID>33</sellerID>
        <price>183</price>
      </transaction>
      <transaction>
        <timestamp>1333599277496</timestamp>
        <buyerID>36</buyerID>
        <sellerID>111</sellerID>
        <price>185</price>
      </transaction>
      <transaction>
        <timestamp>1333599277506</timestamp>
        <buyerID>113</buyerID>
        <sellerID>33</sellerID>
        <price>182</price>
      </transaction>
      <transaction>
        <timestamp>1333599277663</timestamp>
        <buyerID>114</buyerID>
        <sellerID>34</sellerID>
        <price>182</price>
      </transaction>
      <transaction>
        <timestamp>1333599278245</timestamp>
        <buyerID>36</buyerID>
        <sellerID>112</sellerID>
        <price>176</price>
      </transaction>
      <transaction>
        <timestamp>1333599278784</timestamp>
        <buyerID>113</buyerID>
        <sellerID>34</sellerID>
        <price>173</price>
      </transaction>
      <transaction>
        <timestamp>1333599279573</timestamp>
        <buyerID>36</buyerID>
        <sellerID>52</sellerID>
        <price>174</price>
      </transaction>
      <transaction>
        <timestamp>1333599279677</timestamp>
        <buyerID>37</buyerID>
        <sellerID>52</sellerID>
        <price>169</price>
      </transaction>
      <transaction>
        <timestamp>1333599280385</timestamp>
        <buyerID>36</buyerID>
        <sellerID>51</sellerID>
        <price>171</price>
      </transaction>
      <transaction>
        <timestamp>1333599281075</timestamp>
        <buyerID>36</buyerID>
        <sellerID>111</sellerID>
        <price>172</price>
      </transaction>
      <transaction>
        <timestamp>1333599284888</timestamp>
        <buyerID>35</buyerID>
        <sellerID>51</sellerID>
        <price>163</price>
      </transaction>
      <transaction>
        <timestamp>1333599286484</timestamp>
        <buyerID>113</buyerID>
        <sellerID>52</sellerID>
        <price>161</price>
      </transaction>
      <transaction>
        <timestamp>1333599290783</timestamp>
        <buyerID>36</buyerID>
        <sellerID>52</sellerID>
        <price>154</price>
      </transaction>
      <transaction>
        <timestamp>1333599291499</timestamp>
        <buyerID>37</buyerID>
        <sellerID>51</sellerID>
        <price>153</price>
      </transaction>
    </repetition>
    <repetition>
      <id>2</id>
      <transaction>
        <timestamp>1333599401314</timestamp>
        <buyerID>53</buyerID>
        <sellerID>33</sellerID>
        <price>120</price>
      </transaction>
      <transaction>
        <timestamp>1333599401330</timestamp>
        <buyerID>35</buyerID>
        <sellerID>34</sellerID>
        <price>121</price>
      </transaction>
      <transaction>
        <timestamp>1333599401440</timestamp>
        <buyerID>113</buyerID>
        <sellerID>32</sellerID>
        <price>140</price>
      </transaction>
      <transaction>
        <timestamp>1333599401444</timestamp>
        <buyerID>36</buyerID>
        <sellerID>112</sellerID>
        <price>140</price>
      </transaction>
      <transaction>
        <timestamp>1333599401454</timestamp>
        <buyerID>38</buyerID>
        <sellerID>52</sellerID>
        <price>230</price>
      </transaction>
      <transaction>
        <timestamp>1333599401464</timestamp>
        <buyerID>37</buyerID>
        <sellerID>31</sellerID>
        <price>204</price>
      </transaction>
      <transaction>
        <timestamp>1333599402243</timestamp>
        <buyerID>114</buyerID>
        <sellerID>34</sellerID>
        <price>205</price>
      </transaction>
      <transaction>
        <timestamp>1333599402262</timestamp>
        <buyerID>54</buyerID>
        <sellerID>33</sellerID>
        <price>108</price>
      </transaction>
      <transaction>
        <timestamp>1333599402440</timestamp>
        <buyerID>113</buyerID>
        <sellerID>32</sellerID>
        <price>142</price>
      </transaction>
      <transaction>
        <timestamp>1333599402455</timestamp>
        <buyerID>38</buyerID>
        <sellerID>31</sellerID>
        <price>165</price>
      </transaction>
      <transaction>
        <timestamp>1333599402679</timestamp>
        <buyerID>37</buyerID>
        <sellerID>51</sellerID>
        <price>185</price>
      </transaction>
      <transaction>
        <timestamp>1333599402690</timestamp>
        <buyerID>35</buyerID>
        <sellerID>52</sellerID>
        <price>201</price>
      </transaction>
      <transaction>
        <timestamp>1333599403056</timestamp>
        <buyerID>38</buyerID>
        <sellerID>111</sellerID>
        <price>219</price>
      </transaction>
      <transaction>
        <timestamp>1333599403067</timestamp>
        <buyerID>114</buyerID>
        <sellerID>32</sellerID>
        <price>207</price>
      </transaction>
      <transaction>
        <timestamp>1333599403072</timestamp>
        <buyerID>113</buyerID>
        <sellerID>52</sellerID>
        <price>207</price>
      </transaction>
      <transaction>
        <timestamp>1333599403078</timestamp>
        <buyerID>53</buyerID>
        <sellerID>34</sellerID>
        <price>206</price>
      </transaction>
      <transaction>
        <timestamp>1333599403173</timestamp>
        <buyerID>36</buyerID>
        <sellerID>112</sellerID>
        <price>200</price>
      </transaction>
      <transaction>
        <timestamp>1333599403194</timestamp>
        <buyerID>37</buyerID>
        <sellerID>33</sellerID>
        <price>193</price>
      </transaction>
      <transaction>
        <timestamp>1333599403379</timestamp>
        <buyerID>38</buyerID>
        <sellerID>52</sellerID>
        <price>165</price>
      </transaction>
      <transaction>
        <timestamp>1333599403479</timestamp>
        <buyerID>36</buyerID>
        <sellerID>33</sellerID>
        <price>163</price>
      </transaction>
      <transaction>
        <timestamp>1333599403549</timestamp>
        <buyerID>35</buyerID>
        <sellerID>34</sellerID>
        <price>164</price>
      </transaction>
      <transaction>
        <timestamp>1333599403611</timestamp>
        <buyerID>113</buyerID>
        <sellerID>32</sellerID>
        <price>158</price>
      </transaction>
      <transaction>
        <timestamp>1333599403684</timestamp>
        <buyerID>37</buyerID>
        <sellerID>112</sellerID>
        <price>165</price>
      </transaction>
      <transaction>
        <timestamp>1333599404227</timestamp>
        <buyerID>35</buyerID>
        <sellerID>34</sellerID>
        <price>182</price>
      </transaction>
      <transaction>
        <timestamp>1333599404250</timestamp>
        <buyerID>36</buyerID>
        <sellerID>111</sellerID>
        <price>183</price>
      </transaction>
      <transaction>
        <timestamp>1333599404899</timestamp>
        <buyerID>114</buyerID>
        <sellerID>34</sellerID>
        <price>177</price>
      </transaction>
      <transaction>
        <timestamp>1333599404959</timestamp>
        <buyerID>36</buyerID>
        <sellerID>111</sellerID>
        <price>179</price>
      </transaction>
      <transaction>
        <timestamp>1333599405726</timestamp>
        <buyerID>36</buyerID>
        <sellerID>33</sellerID>
        <price>170</price>
      </transaction>
      <transaction>
        <timestamp>1333599406523</timestamp>
        <buyerID>36</buyerID>
        <sellerID>51</sellerID>
        <price>172</price>
      </transaction>
      <transaction>
        <timestamp>1333599408735</timestamp>
        <buyerID>113</buyerID>
        <sellerID>51</sellerID>
        <price>172</price>
      </transaction>
      <transaction>
        <timestamp>1333599410250</timestamp>
        <buyerID>37</buyerID>
        <sellerID>51</sellerID>
        <price>169</price>
      </transaction>
      <transaction>
        <timestamp>1333599413113</timestamp>
        <buyerID>35</buyerID>
        <sellerID>51</sellerID>
        <price>163</price>
      </transaction>
      <transaction>
        <timestamp>1333599416784</timestamp>
        <buyerID>113</buyerID>
        <sellerID>51</sellerID>
        <price>161</price>
      </transaction>
      <transaction>
        <timestamp>1333599421359</timestamp>
        <buyerID>36</buyerID>
        <sellerID>51</sellerID>
        <price>154</price>
      </transaction>
      <transaction>
        <timestamp>1333599424387</timestamp>
        <buyerID>37</buyerID>
        <sellerID>52</sellerID>
        <price>153</price>
      </transaction>
    </repetition>
    <repetition>
      <id>3</id>
      <transaction>
        <timestamp>1333599528697</timestamp>
        <buyerID>54</buyerID>
        <sellerID>33</sellerID>
        <price>100</price>
      </transaction>
      <transaction>
        <timestamp>1333599528851</timestamp>
        <buyerID>36</buyerID>
        <sellerID>31</sellerID>
        <price>129</price>
      </transaction>
      <transaction>
        <timestamp>1333599528857</timestamp>
        <buyerID>35</buyerID>
        <sellerID>32</sellerID>
        <price>149</price>
      </transaction>
      <transaction>
        <timestamp>1333599529284</timestamp>
        <buyerID>114</buyerID>
        <sellerID>34</sellerID>
        <price>205</price>
      </transaction>
      <transaction>
        <timestamp>1333599529295</timestamp>
        <buyerID>37</buyerID>
        <sellerID>34</sellerID>
        <price>175</price>
      </transaction>
      <transaction>
        <timestamp>1333599529300</timestamp>
        <buyerID>38</buyerID>
        <sellerID>33</sellerID>
        <price>159</price>
      </transaction>
      <transaction>
        <timestamp>1333599529453</timestamp>
        <buyerID>38</buyerID>
        <sellerID>111</sellerID>
        <price>147</price>
      </transaction>
      <transaction>
        <timestamp>1333599529733</timestamp>
        <buyerID>37</buyerID>
        <sellerID>32</sellerID>
        <price>160</price>
      </transaction>
      <transaction>
        <timestamp>1333599529843</timestamp>
        <buyerID>35</buyerID>
        <sellerID>31</sellerID>
        <price>165</price>
      </transaction>
      <transaction>
        <timestamp>1333599530191</timestamp>
        <buyerID>114</buyerID>
        <sellerID>34</sellerID>
        <price>157</price>
      </transaction>
      <transaction>
        <timestamp>1333599530283</timestamp>
        <buyerID>36</buyerID>
        <sellerID>51</sellerID>
        <price>168</price>
      </transaction>
      <transaction>
        <timestamp>1333599530405</timestamp>
        <buyerID>35</buyerID>
        <sellerID>32</sellerID>
        <price>156</price>
      </transaction>
      <transaction>
        <timestamp>1333599530408</timestamp>
        <buyerID>38</buyerID>
        <sellerID>51</sellerID>
        <price>181</price>
      </transaction>
      <transaction>
        <timestamp>1333599530413</timestamp>
        <buyerID>37</buyerID>
        <sellerID>112</sellerID>
        <price>187</price>
      </transaction>
      <transaction>
        <timestamp>1333599530834</timestamp>
        <buyerID>113</buyerID>
        <sellerID>33</sellerID>
        <price>157</price>
      </transaction>
      <transaction>
        <timestamp>1333599531037</timestamp>
        <buyerID>38</buyerID>
        <sellerID>111</sellerID>
        <price>185</price>
      </transaction>
      <transaction>
        <timestamp>1333599531190</timestamp>
        <buyerID>36</buyerID>
        <sellerID>34</sellerID>
        <price>178</price>
      </transaction>
      <transaction>
        <timestamp>1333599531195</timestamp>
        <buyerID>114</buyerID>
        <sellerID>32</sellerID>
        <price>178</price>
      </transaction>
      <transaction>
        <timestamp>1333599531523</timestamp>
        <buyerID>35</buyerID>
        <sellerID>33</sellerID>
        <price>182</price>
      </transaction>
      <transaction>
        <timestamp>1333599531556</timestamp>
        <buyerID>37</buyerID>
        <sellerID>51</sellerID>
        <price>178</price>
      </transaction>
      <transaction>
        <timestamp>1333599532342</timestamp>
        <buyerID>113</buyerID>
        <sellerID>34</sellerID>
        <price>165</price>
      </transaction>
      <transaction>
        <timestamp>1333599532478</timestamp>
        <buyerID>36</buyerID>
        <sellerID>52</sellerID>
        <price>171</price>
      </transaction>
      <transaction>
        <timestamp>1333599533155</timestamp>
        <buyerID>36</buyerID>
        <sellerID>111</sellerID>
        <price>170</price>
      </transaction>
      <transaction>
        <timestamp>1333599534033</timestamp>
        <buyerID>37</buyerID>
        <sellerID>33</sellerID>
        <price>169</price>
      </transaction>
      <transaction>
        <timestamp>1333599534117</timestamp>
        <buyerID>36</buyerID>
        <sellerID>112</sellerID>
        <price>170</price>
      </transaction>
      <transaction>
        <timestamp>1333599534761</timestamp>
        <buyerID>113</buyerID>
        <sellerID>52</sellerID>
        <price>169</price>
      </transaction>
      <transaction>
        <timestamp>1333599534774</timestamp>
        <buyerID>36</buyerID>
        <sellerID>51</sellerID>
        <price>170</price>
      </transaction>
      <transaction>
        <timestamp>1333599536301</timestamp>
        <buyerID>113</buyerID>
        <sellerID>52</sellerID>
        <price>170</price>
      </transaction>
      <transaction>
        <timestamp>1333599538287</timestamp>
        <buyerID>113</buyerID>
        <sellerID>52</sellerID>
        <price>169</price>
      </transaction>
      <transaction>
        <timestamp>1333599540747</timestamp>
        <buyerID>35</buyerID>
        <sellerID>51</sellerID>
        <price>163</price>
      </transaction>
      <transaction>
        <timestamp>1333599542889</timestamp>
        <buyerID>113</buyerID>
        <sellerID>51</sellerID>
        <price>159</price>
      </transaction>
      <transaction>
        <timestamp>1333599544443</timestamp>
        <buyerID>36</buyerID>
        <sellerID>51</sellerID>
        <price>154</price>
      </transaction>
      <transaction>
        <timestamp>1333599545887</timestamp>
        <buyerID>37</buyerID>
        <sellerID>52</sellerID>
        <price>153</price>
      </transaction>
    </repetition>
    <repetition>
      <id>4</id>
      <transaction>
        <timestamp>1333599656230</timestamp>
        <buyerID>35</buyerID>
        <sellerID>33</sellerID>
        <price>181</price>
      </transaction>
      <transaction>
        <timestamp>1333599656667</timestamp>
        <buyerID>113</buyerID>
        <sellerID>31</sellerID>
        <price>169</price>
      </transaction>
      <transaction>
        <timestamp>1333599656684</timestamp>
        <buyerID>114</buyerID>
        <sellerID>32</sellerID>
        <price>168</price>
      </transaction>
      <transaction>
        <timestamp>1333599656820</timestamp>
        <buyerID>36</buyerID>
        <sellerID>34</sellerID>
        <price>167</price>
      </transaction>
      <transaction>
        <timestamp>1333599656943</timestamp>
        <buyerID>38</buyerID>
        <sellerID>32</sellerID>
        <price>164</price>
      </transaction>
      <transaction>
        <timestamp>1333599657041</timestamp>
        <buyerID>38</buyerID>
        <sellerID>31</sellerID>
        <price>176</price>
      </transaction>
      <transaction>
        <timestamp>1333599657083</timestamp>
        <buyerID>36</buyerID>
        <sellerID>33</sellerID>
        <price>166</price>
      </transaction>
      <transaction>
        <timestamp>1333599657107</timestamp>
        <buyerID>113</buyerID>
        <sellerID>34</sellerID>
        <price>159</price>
      </transaction>
      <transaction>
        <timestamp>1333599657114</timestamp>
        <buyerID>35</buyerID>
        <sellerID>52</sellerID>
        <price>178</price>
      </transaction>
      <transaction>
        <timestamp>1333599657253</timestamp>
        <buyerID>37</buyerID>
        <sellerID>111</sellerID>
        <price>182</price>
      </transaction>
      <transaction>
        <timestamp>1333599657592</timestamp>
        <buyerID>35</buyerID>
        <sellerID>111</sellerID>
        <price>181</price>
      </transaction>
      <transaction>
        <timestamp>1333599657603</timestamp>
        <buyerID>36</buyerID>
        <sellerID>112</sellerID>
        <price>182</price>
      </transaction>
      <transaction>
        <timestamp>1333599657624</timestamp>
        <buyerID>114</buyerID>
        <sellerID>34</sellerID>
        <price>158</price>
      </transaction>
      <transaction>
        <timestamp>1333599657636</timestamp>
        <buyerID>37</buyerID>
        <sellerID>32</sellerID>
        <price>147</price>
      </transaction>
      <transaction>
        <timestamp>1333599657736</timestamp>
        <buyerID>38</buyerID>
        <sellerID>51</sellerID>
        <price>184</price>
      </transaction>
      <transaction>
        <timestamp>1333599658517</timestamp>
        <buyerID>37</buyerID>
        <sellerID>52</sellerID>
        <price>178</price>
      </transaction>
      <transaction>
        <timestamp>1333599658599</timestamp>
        <buyerID>113</buyerID>
        <sellerID>33</sellerID>
        <price>180</price>
      </transaction>
      <transaction>
        <timestamp>1333599658604</timestamp>
        <buyerID>36</buyerID>
        <sellerID>34</sellerID>
        <price>179</price>
      </transaction>
      <transaction>
        <timestamp>1333599658609</timestamp>
        <buyerID>38</buyerID>
        <sellerID>112</sellerID>
        <price>183</price>
      </transaction>
      <transaction>
        <timestamp>1333599658709</timestamp>
        <buyerID>114</buyerID>
        <sellerID>32</sellerID>
        <price>178</price>
      </transaction>
      <transaction>
        <timestamp>1333599659152</timestamp>
        <buyerID>37</buyerID>
        <sellerID>34</sellerID>
        <price>177</price>
      </transaction>
      <transaction>
        <timestamp>1333599659288</timestamp>
        <buyerID>36</buyerID>
        <sellerID>33</sellerID>
        <price>174</price>
      </transaction>
      <transaction>
        <timestamp>1333599659869</timestamp>
        <buyerID>36</buyerID>
        <sellerID>111</sellerID>
        <price>173</price>
      </transaction>
      <transaction>
        <timestamp>1333599659873</timestamp>
        <buyerID>35</buyerID>
        <sellerID>33</sellerID>
        <price>172</price>
      </transaction>
      <transaction>
        <timestamp>1333599659890</timestamp>
        <buyerID>35</buyerID>
        <sellerID>34</sellerID>
        <price>173</price>
      </transaction>
      <transaction>
        <timestamp>1333599660874</timestamp>
        <buyerID>113</buyerID>
        <sellerID>52</sellerID>
        <price>170</price>
      </transaction>
      <transaction>
        <timestamp>1333599661326</timestamp>
        <buyerID>36</buyerID>
        <sellerID>51</sellerID>
        <price>172</price>
      </transaction>
      <transaction>
        <timestamp>1333599662887</timestamp>
        <buyerID>113</buyerID>
        <sellerID>52</sellerID>
        <price>170</price>
      </transaction>
      <transaction>
        <timestamp>1333599663500</timestamp>
        <buyerID>37</buyerID>
        <sellerID>51</sellerID>
        <price>169</price>
      </transaction>
      <transaction>
        <timestamp>1333599668866</timestamp>
        <buyerID>113</buyerID>
        <sellerID>52</sellerID>
        <price>161</price>
      </transaction>
      <transaction>
        <timestamp>1333599671868</timestamp>
        <buyerID>36</buyerID>
        <sellerID>51</sellerID>
        <price>154</price>
      </transaction>
      <transaction>
        <timestamp>1333599677082</timestamp>
        <buyerID>37</buyerID>
        <sellerID>51</sellerID>
        <price>153</price>
      </transaction>
      <transaction>
        <timestamp>1333599681596</timestamp>
        <buyerID>38</buyerID>
        <sellerID>51</sellerID>
        <price>148</price>
      </transaction>
      <transaction>
        <timestamp>1333599685998</timestamp>
        <buyerID>38</buyerID>
        <sellerID>51</sellerID>
        <price>147</price>
      </transaction>
    </repetition>
    <repetition>
      <id>5</id>
      <transaction>
        <timestamp>1333599783799</timestamp>
        <buyerID>36</buyerID>
        <sellerID>31</sellerID>
        <price>134</price>
      </transaction>
      <transaction>
        <timestamp>1333599783948</timestamp>
        <buyerID>114</buyerID>
        <sellerID>32</sellerID>
        <price>143</price>
      </transaction>
      <transaction>
        <timestamp>1333599783954</timestamp>
        <buyerID>35</buyerID>
        <sellerID>112</sellerID>
        <price>146</price>
      </transaction>
      <transaction>
        <timestamp>1333599784072</timestamp>
        <buyerID>113</buyerID>
        <sellerID>34</sellerID>
        <price>99</price>
      </transaction>
      <transaction>
        <timestamp>1333599784113</timestamp>
        <buyerID>37</buyerID>
        <sellerID>33</sellerID>
        <price>90</price>
      </transaction>
      <transaction>
        <timestamp>1333599784243</timestamp>
        <buyerID>38</buyerID>
        <sellerID>111</sellerID>
        <price>184</price>
      </transaction>
      <transaction>
        <timestamp>1333599784633</timestamp>
        <buyerID>114</buyerID>
        <sellerID>34</sellerID>
        <price>148</price>
      </transaction>
      <transaction>
        <timestamp>1333599784738</timestamp>
        <buyerID>35</buyerID>
        <sellerID>31</sellerID>
        <price>172</price>
      </transaction>
      <transaction>
        <timestamp>1333599784757</timestamp>
        <buyerID>37</buyerID>
        <sellerID>33</sellerID>
        <price>170</price>
      </transaction>
      <transaction>
        <timestamp>1333599784790</timestamp>
        <buyerID>36</buyerID>
        <sellerID>52</sellerID>
        <price>174</price>
      </transaction>
      <transaction>
        <timestamp>1333599784796</timestamp>
        <buyerID>38</buyerID>
        <sellerID>51</sellerID>
        <price>182</price>
      </transaction>
      <transaction>
        <timestamp>1333599785124</timestamp>
        <buyerID>35</buyerID>
        <sellerID>32</sellerID>
        <price>152</price>
      </transaction>
      <transaction>
        <timestamp>1333599785155</timestamp>
        <buyerID>37</buyerID>
        <sellerID>33</sellerID>
        <price>166</price>
      </transaction>
      <transaction>
        <timestamp>1333599785164</timestamp>
        <buyerID>36</buyerID>
        <sellerID>112</sellerID>
        <price>182</price>
      </transaction>
      <transaction>
        <timestamp>1333599785907</timestamp>
        <buyerID>37</buyerID>
        <sellerID>111</sellerID>
        <price>180</price>
      </transaction>
      <transaction>
        <timestamp>1333599785911</timestamp>
        <buyerID>36</buyerID>
        <sellerID>34</sellerID>
        <price>181</price>
      </transaction>
      <transaction>
        <timestamp>1333599786117</timestamp>
        <buyerID>35</buyerID>
        <sellerID>33</sellerID>
        <price>181</price>
      </transaction>
      <transaction>
        <timestamp>1333599786122</timestamp>
        <buyerID>113</buyerID>
        <sellerID>32</sellerID>
        <price>179</price>
      </transaction>
      <transaction>
        <timestamp>1333599786163</timestamp>
        <buyerID>38</buyerID>
        <sellerID>112</sellerID>
        <price>183</price>
      </transaction>
      <transaction>
        <timestamp>1333599786560</timestamp>
        <buyerID>36</buyerID>
        <sellerID>33</sellerID>
        <price>179</price>
      </transaction>
      <transaction>
        <timestamp>1333599786762</timestamp>
        <buyerID>38</buyerID>
        <sellerID>51</sellerID>
        <price>182</price>
      </transaction>
      <transaction>
        <timestamp>1333599786933</timestamp>
        <buyerID>113</buyerID>
        <sellerID>32</sellerID>
        <price>179</price>
      </transaction>
      <transaction>
        <timestamp>1333599786936</timestamp>
        <buyerID>114</buyerID>
        <sellerID>34</sellerID>
        <price>178</price>
      </transaction>
      <transaction>
        <timestamp>1333599787362</timestamp>
        <buyerID>37</buyerID>
        <sellerID>111</sellerID>
        <price>169</price>
      </transaction>
      <transaction>
        <timestamp>1333599788054</timestamp>
        <buyerID>36</buyerID>
        <sellerID>51</sellerID>
        <price>172</price>
      </transaction>
      <transaction>
        <timestamp>1333599788176</timestamp>
        <buyerID>113</buyerID>
        <sellerID>34</sellerID>
        <price>171</price>
      </transaction>
      <transaction>
        <timestamp>1333599789712</timestamp>
        <buyerID>113</buyerID>
        <sellerID>51</sellerID>
        <price>169</price>
      </transaction>
      <transaction>
        <timestamp>1333599790334</timestamp>
        <buyerID>36</buyerID>
        <sellerID>52</sellerID>
        <price>169</price>
      </transaction>
      <transaction>
        <timestamp>1333599790550</timestamp>
        <buyerID>35</buyerID>
        <sellerID>51</sellerID>
        <price>163</price>
      </transaction>
      <transaction>
        <timestamp>1333599795059</timestamp>
        <buyerID>113</buyerID>
        <sellerID>51</sellerID>
        <price>158</price>
      </transaction>
      <transaction>
        <timestamp>1333599798005</timestamp>
        <buyerID>36</buyerID>
        <sellerID>52</sellerID>
        <price>154</price>
      </transaction>
      <transaction>
        <timestamp>1333599800256</timestamp>
        <buyerID>37</buyerID>
        <sellerID>51</sellerID>
        <price>153</price>
      </transaction>
      <transaction>
        <timestamp>1333599806290</timestamp>
        <buyerID>38</buyerID>
        <sellerID>52</sellerID>
        <price>148</price>
      </transaction>
    </repetition>
  </transactions>
  <scores>
    <agent>
      <ID>34</ID>
      <userName>zibtq4</userName>
      <strategy>ZIBTQ</strategy>
      <values>
        <value>77</value>
        <value>89</value>
        <value>124</value>
        <value>160</value>
        <value>165</value>
        <value>173</value>
        <value>181</value>
        <value>190</value>
        <value>221</value>
        <value>222</value>
      </values>
      <score>246.6</score>
    </agent>
    <agent>
      <ID>35</ID>
      <userName>zibtq5</userName>
      <strategy>ZIBTQ</strategy>
      <values>
        <value>259</value>
        <value>252</value>
        <value>206</value>
        <value>182</value>
        <value>163</value>
        <value>131</value>
        <value>127</value>
        <value>121</value>
        <value>95</value>
        <value>66</value>
      </values>
      <score>193.8</score>
    </agent>
    <agent>
      <ID>32</ID>
      <userName>zibtq2</userName>
      <strategy>ZIBTQ</strategy>
      <values>
        <value>110</value>
        <value>142</value>
        <value>143</value>
        <value>154</value>
        <value>199</value>
        <value>207</value>
        <value>219</value>
        <value>220</value>
        <value>225</value>
        <value>252</value>
      </values>
      <score>134.0</score>
    </agent>
    <agent>
      <ID>33</ID>
      <userName>zibtq3</userName>
      <strategy>ZIBTQ</strategy>
      <values>
        <value>62</value>
        <value>70</value>
        <value>135</value>
        <value>153</value>
        <value>169</value>
        <value>173</value>
        <value>189</value>
        <value>195</value>
        <value>196</value>
        <value>254</value>
      </values>
      <score>255.0</score>
    </agent>
    <agent>
      <ID>38</ID>
      <userName>zibtq8</userName>
      <strategy>ZIBTQ</strategy>
      <values>
        <value>255</value>
        <value>251</value>
        <value>230</value>
        <value>225</value>
        <value>148</value>
        <value>147</value>
        <value>111</value>
        <value>85</value>
        <value>64</value>
        <value>64</value>
      </values>
      <score>224.2</score>
    </agent>
    <agent>
      <ID>36</ID>
      <userName>zibtq6</userName>
      <strategy>ZIBTQ</strategy>
      <values>
        <value>239</value>
        <value>200</value>
        <value>194</value>
        <value>193</value>
        <value>188</value>
        <value>175</value>
        <value>173</value>
        <value>154</value>
        <value>121</value>
        <value>78</value>
      </values>
      <score>145.8</score>
    </agent>
    <agent>
      <ID>37</ID>
      <userName>zibtq7</userName>
      <strategy>ZIBTQ</strategy>
      <values>
        <value>255</value>
        <value>215</value>
        <value>202</value>
        <value>201</value>
        <value>169</value>
        <value>153</value>
        <value>134</value>
        <value>131</value>
        <value>95</value>
        <value>72</value>
      </values>
      <score>154.8</score>
    </agent>
    <agent>
      <ID>111</ID>
      <userName>gdx1</userName>
      <strategy>GDX</strategy>
      <values>
        <value>74</value>
        <value>124</value>
        <value>138</value>
        <value>143</value>
        <value>164</value>
        <value>173</value>
        <value>200</value>
        <value>201</value>
        <value>233</value>
        <value>245</value>
      </values>
      <score>213.0</score>
    </agent>
    <agent>
      <ID>51</ID>
      <userName>zip1</userName>
      <strategy>ZIP</strategy>
      <values>
        <value>80</value>
        <value>94</value>
        <value>102</value>
        <value>105</value>
        <value>109</value>
        <value>120</value>
        <value>131</value>
        <value>197</value>
        <value>199</value>
        <value>218</value>
      </values>
      <score>462.4</score>
    </agent>
    <agent>
      <ID>54</ID>
      <userName>zip4</userName>
      <strategy>ZIP</strategy>
      <values>
        <value>250</value>
        <value>227</value>
        <value>204</value>
        <value>192</value>
        <value>169</value>
        <value>150</value>
        <value>84</value>
        <value>66</value>
        <value>63</value>
        <value>62</value>
      </values>
      <score>58.4</score>
    </agent>
    <agent>
      <ID>114</ID>
      <userName>gdx4</userName>
      <strategy>GDX</strategy>
      <values>
        <value>255</value>
        <value>235</value>
        <value>194</value>
        <value>142</value>
        <value>112</value>
        <value>110</value>
        <value>98</value>
        <value>77</value>
        <value>73</value>
        <value>72</value>
      </values>
      <score>147.0</score>
    </agent>
    <agent>
      <ID>53</ID>
      <userName>zip3</userName>
      <strategy>ZIP</strategy>
      <values>
        <value>256</value>
        <value>251</value>
        <value>250</value>
        <value>248</value>
        <value>230</value>
        <value>228</value>
        <value>155</value>
        <value>128</value>
        <value>119</value>
        <value>73</value>
      </values>
      <score>46.4</score>
    </agent>
    <agent>
      <ID>113</ID>
      <userName>gdx3</userName>
      <strategy>GDX</strategy>
      <values>
        <value>251</value>
        <value>233</value>
        <value>224</value>
        <value>215</value>
        <value>195</value>
        <value>162</value>
        <value>131</value>
        <value>111</value>
        <value>108</value>
        <value>89</value>
      </values>
      <score>268.2</score>
    </agent>
    <agent>
      <ID>112</ID>
      <userName>gdx2</userName>
      <strategy>GDX</strategy>
      <values>
        <value>112</value>
        <value>143</value>
        <value>152</value>
        <value>165</value>
        <value>211</value>
        <value>218</value>
        <value>228</value>
        <value>242</value>
        <value>247</value>
        <value>257</value>
      </values>
      <score>95.6</score>
    </agent>
    <agent>
      <ID>52</ID>
      <userName>zip2</userName>
      <strategy>ZIP</strategy>
      <values>
        <value>62</value>
        <value>97</value>
        <value>140</value>
        <value>145</value>
        <value>152</value>
        <value>160</value>
        <value>161</value>
        <value>207</value>
        <value>212</value>
        <value>214</value>
      </values>
      <score>266.8</score>
    </agent>
    <agent>
      <ID>31</ID>
      <userName>zibtq1</userName>
      <strategy>ZIBTQ</strategy>
      <values>
        <value>127</value>
        <value>165</value>
        <value>189</value>
        <value>194</value>
        <value>196</value>
        <value>203</value>
        <value>217</value>
        <value>253</value>
        <value>255</value>
        <value>255</value>
      </values>
      <score>61.0</score>
    </agent>
  </scores>
</results>

