<results>
  <transactions>
    <repetition>
      <id>1</id>
      <transaction>
        <timestamp>1333596910085</timestamp>
        <buyerID>53</buyerID>
        <sellerID>91</sellerID>
        <price>163</price>
      </transaction>
      <transaction>
        <timestamp>1333596910109</timestamp>
        <buyerID>34</buyerID>
        <sellerID>32</sellerID>
        <price>191</price>
      </transaction>
      <transaction>
        <timestamp>1333596910119</timestamp>
        <buyerID>33</buyerID>
        <sellerID>12</sellerID>
        <price>205</price>
      </transaction>
      <transaction>
        <timestamp>1333596910131</timestamp>
        <buyerID>14</buyerID>
        <sellerID>31</sellerID>
        <price>193</price>
      </transaction>
      <transaction>
        <timestamp>1333596910151</timestamp>
        <buyerID>94</buyerID>
        <sellerID>31</sellerID>
        <price>164</price>
      </transaction>
      <transaction>
        <timestamp>1333596910173</timestamp>
        <buyerID>54</buyerID>
        <sellerID>12</sellerID>
        <price>166</price>
      </transaction>
      <transaction>
        <timestamp>1333596910195</timestamp>
        <buyerID>33</buyerID>
        <sellerID>32</sellerID>
        <price>174</price>
      </transaction>
      <transaction>
        <timestamp>1333596910209</timestamp>
        <buyerID>34</buyerID>
        <sellerID>92</sellerID>
        <price>204</price>
      </transaction>
      <transaction>
        <timestamp>1333596910247</timestamp>
        <buyerID>93</buyerID>
        <sellerID>11</sellerID>
        <price>165</price>
      </transaction>
      <transaction>
        <timestamp>1333596910255</timestamp>
        <buyerID>94</buyerID>
        <sellerID>11</sellerID>
        <price>164</price>
      </transaction>
      <transaction>
        <timestamp>1333596910281</timestamp>
        <buyerID>14</buyerID>
        <sellerID>91</sellerID>
        <price>195</price>
      </transaction>
      <transaction>
        <timestamp>1333596910378</timestamp>
        <buyerID>13</buyerID>
        <sellerID>12</sellerID>
        <price>161</price>
      </transaction>
      <transaction>
        <timestamp>1333596910404</timestamp>
        <buyerID>54</buyerID>
        <sellerID>31</sellerID>
        <price>144</price>
      </transaction>
      <transaction>
        <timestamp>1333596910407</timestamp>
        <buyerID>14</buyerID>
        <sellerID>92</sellerID>
        <price>186</price>
      </transaction>
      <transaction>
        <timestamp>1333596910580</timestamp>
        <buyerID>34</buyerID>
        <sellerID>32</sellerID>
        <price>182</price>
      </transaction>
      <transaction>
        <timestamp>1333596911115</timestamp>
        <buyerID>33</buyerID>
        <sellerID>91</sellerID>
        <price>187</price>
      </transaction>
      <transaction>
        <timestamp>1333596911203</timestamp>
        <buyerID>93</buyerID>
        <sellerID>31</sellerID>
        <price>179</price>
      </transaction>
      <transaction>
        <timestamp>1333596911219</timestamp>
        <buyerID>13</buyerID>
        <sellerID>32</sellerID>
        <price>162</price>
      </transaction>
      <transaction>
        <timestamp>1333596911868</timestamp>
        <buyerID>33</buyerID>
        <sellerID>91</sellerID>
        <price>179</price>
      </transaction>
      <transaction>
        <timestamp>1333596911877</timestamp>
        <buyerID>34</buyerID>
        <sellerID>52</sellerID>
        <price>180</price>
      </transaction>
      <transaction>
        <timestamp>1333596911954</timestamp>
        <buyerID>94</buyerID>
        <sellerID>92</sellerID>
        <price>179</price>
      </transaction>
      <transaction>
        <timestamp>1333596911978</timestamp>
        <buyerID>14</buyerID>
        <sellerID>11</sellerID>
        <price>166</price>
      </transaction>
      <transaction>
        <timestamp>1333596911985</timestamp>
        <buyerID>53</buyerID>
        <sellerID>12</sellerID>
        <price>161</price>
      </transaction>
      <transaction>
        <timestamp>1333596912652</timestamp>
        <buyerID>33</buyerID>
        <sellerID>32</sellerID>
        <price>167</price>
      </transaction>
      <transaction>
        <timestamp>1333596913428</timestamp>
        <buyerID>34</buyerID>
        <sellerID>91</sellerID>
        <price>162</price>
      </transaction>
      <transaction>
        <timestamp>1333596913462</timestamp>
        <buyerID>54</buyerID>
        <sellerID>11</sellerID>
        <price>144</price>
      </transaction>
      <transaction>
        <timestamp>1333596914241</timestamp>
        <buyerID>33</buyerID>
        <sellerID>51</sellerID>
        <price>158</price>
      </transaction>
      <transaction>
        <timestamp>1333596914252</timestamp>
        <buyerID>34</buyerID>
        <sellerID>92</sellerID>
        <price>161</price>
      </transaction>
      <transaction>
        <timestamp>1333596914296</timestamp>
        <buyerID>94</buyerID>
        <sellerID>12</sellerID>
        <price>156</price>
      </transaction>
      <transaction>
        <timestamp>1333596914889</timestamp>
        <buyerID>13</buyerID>
        <sellerID>92</sellerID>
        <price>160</price>
      </transaction>
      <transaction>
        <timestamp>1333596914932</timestamp>
        <buyerID>33</buyerID>
        <sellerID>91</sellerID>
        <price>161</price>
      </transaction>
      <transaction>
        <timestamp>1333596914961</timestamp>
        <buyerID>14</buyerID>
        <sellerID>31</sellerID>
        <price>166</price>
      </transaction>
      <transaction>
        <timestamp>1333596916424</timestamp>
        <buyerID>33</buyerID>
        <sellerID>12</sellerID>
        <price>165</price>
      </transaction>
      <transaction>
        <timestamp>1333596916487</timestamp>
        <buyerID>93</buyerID>
        <sellerID>11</sellerID>
        <price>161</price>
      </transaction>
      <transaction>
        <timestamp>1333596916543</timestamp>
        <buyerID>94</buyerID>
        <sellerID>51</sellerID>
        <price>161</price>
      </transaction>
      <transaction>
        <timestamp>1333596917177</timestamp>
        <buyerID>93</buyerID>
        <sellerID>52</sellerID>
        <price>161</price>
      </transaction>
      <transaction>
        <timestamp>1333596918086</timestamp>
        <buyerID>33</buyerID>
        <sellerID>52</sellerID>
        <price>155</price>
      </transaction>
      <transaction>
        <timestamp>1333596919471</timestamp>
        <buyerID>93</buyerID>
        <sellerID>11</sellerID>
        <price>151</price>
      </transaction>
      <transaction>
        <timestamp>1333596920965</timestamp>
        <buyerID>13</buyerID>
        <sellerID>92</sellerID>
        <price>154</price>
      </transaction>
      <transaction>
        <timestamp>1333596920981</timestamp>
        <buyerID>93</buyerID>
        <sellerID>51</sellerID>
        <price>154</price>
      </transaction>
      <transaction>
        <timestamp>1333596921030</timestamp>
        <buyerID>94</buyerID>
        <sellerID>52</sellerID>
        <price>155</price>
      </transaction>
      <transaction>
        <timestamp>1333596921665</timestamp>
        <buyerID>93</buyerID>
        <sellerID>92</sellerID>
        <price>155</price>
      </transaction>
      <transaction>
        <timestamp>1333596921748</timestamp>
        <buyerID>13</buyerID>
        <sellerID>12</sellerID>
        <price>172</price>
      </transaction>
      <transaction>
        <timestamp>1333596922424</timestamp>
        <buyerID>13</buyerID>
        <sellerID>52</sellerID>
        <price>166</price>
      </transaction>
      <transaction>
        <timestamp>1333596922551</timestamp>
        <buyerID>94</buyerID>
        <sellerID>92</sellerID>
        <price>156</price>
      </transaction>
      <transaction>
        <timestamp>1333596925387</timestamp>
        <buyerID>94</buyerID>
        <sellerID>52</sellerID>
        <price>153</price>
      </transaction>
      <transaction>
        <timestamp>1333596927651</timestamp>
        <buyerID>13</buyerID>
        <sellerID>51</sellerID>
        <price>150</price>
      </transaction>
      <transaction>
        <timestamp>1333597014767</timestamp>
        <buyerID>13</buyerID>
        <sellerID>11</sellerID>
        <price>163</price>
      </transaction>
    </repetition>
    <repetition>
      <id>2</id>
      <transaction>
        <timestamp>1333597036551</timestamp>
        <buyerID>94</buyerID>
        <sellerID>92</sellerID>
        <price>206</price>
      </transaction>
      <transaction>
        <timestamp>1333597036588</timestamp>
        <buyerID>53</buyerID>
        <sellerID>32</sellerID>
        <price>123</price>
      </transaction>
      <transaction>
        <timestamp>1333597036620</timestamp>
        <buyerID>33</buyerID>
        <sellerID>91</sellerID>
        <price>144</price>
      </transaction>
      <transaction>
        <timestamp>1333597036628</timestamp>
        <buyerID>34</buyerID>
        <sellerID>31</sellerID>
        <price>145</price>
      </transaction>
      <transaction>
        <timestamp>1333597036655</timestamp>
        <buyerID>93</buyerID>
        <sellerID>12</sellerID>
        <price>144</price>
      </transaction>
      <transaction>
        <timestamp>1333597037184</timestamp>
        <buyerID>34</buyerID>
        <sellerID>51</sellerID>
        <price>185</price>
      </transaction>
      <transaction>
        <timestamp>1333597037225</timestamp>
        <buyerID>14</buyerID>
        <sellerID>52</sellerID>
        <price>167</price>
      </transaction>
      <transaction>
        <timestamp>1333597037239</timestamp>
        <buyerID>94</buyerID>
        <sellerID>31</sellerID>
        <price>150</price>
      </transaction>
      <transaction>
        <timestamp>1333597037285</timestamp>
        <buyerID>93</buyerID>
        <sellerID>32</sellerID>
        <price>150</price>
      </transaction>
      <transaction>
        <timestamp>1333597037882</timestamp>
        <buyerID>34</buyerID>
        <sellerID>12</sellerID>
        <price>178</price>
      </transaction>
      <transaction>
        <timestamp>1333597037934</timestamp>
        <buyerID>14</buyerID>
        <sellerID>51</sellerID>
        <price>173</price>
      </transaction>
      <transaction>
        <timestamp>1333597038006</timestamp>
        <buyerID>13</buyerID>
        <sellerID>12</sellerID>
        <price>171</price>
      </transaction>
      <transaction>
        <timestamp>1333597038029</timestamp>
        <buyerID>33</buyerID>
        <sellerID>32</sellerID>
        <price>169</price>
      </transaction>
      <transaction>
        <timestamp>1333597038643</timestamp>
        <buyerID>93</buyerID>
        <sellerID>32</sellerID>
        <price>146</price>
      </transaction>
      <transaction>
        <timestamp>1333597038669</timestamp>
        <buyerID>34</buyerID>
        <sellerID>31</sellerID>
        <price>147</price>
      </transaction>
      <transaction>
        <timestamp>1333597038675</timestamp>
        <buyerID>94</buyerID>
        <sellerID>12</sellerID>
        <price>146</price>
      </transaction>
      <transaction>
        <timestamp>1333597038728</timestamp>
        <buyerID>14</buyerID>
        <sellerID>92</sellerID>
        <price>185</price>
      </transaction>
      <transaction>
        <timestamp>1333597038795</timestamp>
        <buyerID>33</buyerID>
        <sellerID>31</sellerID>
        <price>132</price>
      </transaction>
      <transaction>
        <timestamp>1333597039391</timestamp>
        <buyerID>94</buyerID>
        <sellerID>11</sellerID>
        <price>146</price>
      </transaction>
      <transaction>
        <timestamp>1333597039418</timestamp>
        <buyerID>34</buyerID>
        <sellerID>51</sellerID>
        <price>161</price>
      </transaction>
      <transaction>
        <timestamp>1333597039526</timestamp>
        <buyerID>93</buyerID>
        <sellerID>92</sellerID>
        <price>166</price>
      </transaction>
      <transaction>
        <timestamp>1333597039541</timestamp>
        <buyerID>33</buyerID>
        <sellerID>31</sellerID>
        <price>166</price>
      </transaction>
      <transaction>
        <timestamp>1333597040119</timestamp>
        <buyerID>13</buyerID>
        <sellerID>11</sellerID>
        <price>165</price>
      </transaction>
      <transaction>
        <timestamp>1333597040139</timestamp>
        <buyerID>14</buyerID>
        <sellerID>51</sellerID>
        <price>164</price>
      </transaction>
      <transaction>
        <timestamp>1333597040187</timestamp>
        <buyerID>33</buyerID>
        <sellerID>91</sellerID>
        <price>166</price>
      </transaction>
      <transaction>
        <timestamp>1333597040196</timestamp>
        <buyerID>13</buyerID>
        <sellerID>32</sellerID>
        <price>167</price>
      </transaction>
      <transaction>
        <timestamp>1333597040294</timestamp>
        <buyerID>34</buyerID>
        <sellerID>32</sellerID>
        <price>173</price>
      </transaction>
      <transaction>
        <timestamp>1333597041655</timestamp>
        <buyerID>33</buyerID>
        <sellerID>52</sellerID>
        <price>170</price>
      </transaction>
      <transaction>
        <timestamp>1333597041737</timestamp>
        <buyerID>93</buyerID>
        <sellerID>11</sellerID>
        <price>153</price>
      </transaction>
      <transaction>
        <timestamp>1333597041756</timestamp>
        <buyerID>94</buyerID>
        <sellerID>12</sellerID>
        <price>152</price>
      </transaction>
      <transaction>
        <timestamp>1333597042508</timestamp>
        <buyerID>33</buyerID>
        <sellerID>52</sellerID>
        <price>159</price>
      </transaction>
      <transaction>
        <timestamp>1333597042539</timestamp>
        <buyerID>94</buyerID>
        <sellerID>12</sellerID>
        <price>153</price>
      </transaction>
      <transaction>
        <timestamp>1333597043906</timestamp>
        <buyerID>33</buyerID>
        <sellerID>52</sellerID>
        <price>166</price>
      </transaction>
      <transaction>
        <timestamp>1333597044029</timestamp>
        <buyerID>94</buyerID>
        <sellerID>11</sellerID>
        <price>160</price>
      </transaction>
      <transaction>
        <timestamp>1333597044760</timestamp>
        <buyerID>93</buyerID>
        <sellerID>11</sellerID>
        <price>161</price>
      </transaction>
      <transaction>
        <timestamp>1333597045412</timestamp>
        <buyerID>94</buyerID>
        <sellerID>92</sellerID>
        <price>161</price>
      </transaction>
      <transaction>
        <timestamp>1333597046145</timestamp>
        <buyerID>93</buyerID>
        <sellerID>91</sellerID>
        <price>162</price>
      </transaction>
      <transaction>
        <timestamp>1333597046969</timestamp>
        <buyerID>14</buyerID>
        <sellerID>52</sellerID>
        <price>156</price>
      </transaction>
      <transaction>
        <timestamp>1333597048385</timestamp>
        <buyerID>33</buyerID>
        <sellerID>11</sellerID>
        <price>155</price>
      </transaction>
      <transaction>
        <timestamp>1333597049192</timestamp>
        <buyerID>13</buyerID>
        <sellerID>91</sellerID>
        <price>156</price>
      </transaction>
      <transaction>
        <timestamp>1333597051519</timestamp>
        <buyerID>34</buyerID>
        <sellerID>92</sellerID>
        <price>148</price>
      </transaction>
      <transaction>
        <timestamp>1333597054519</timestamp>
        <buyerID>13</buyerID>
        <sellerID>92</sellerID>
        <price>143</price>
      </transaction>
      <transaction>
        <timestamp>1333597061934</timestamp>
        <buyerID>13</buyerID>
        <sellerID>91</sellerID>
        <price>143</price>
      </transaction>
      <transaction>
        <timestamp>1333597071760</timestamp>
        <buyerID>14</buyerID>
        <sellerID>92</sellerID>
        <price>143</price>
      </transaction>
      <transaction>
        <timestamp>1333597076290</timestamp>
        <buyerID>13</buyerID>
        <sellerID>52</sellerID>
        <price>151</price>
      </transaction>
      <transaction>
        <timestamp>1333597080649</timestamp>
        <buyerID>13</buyerID>
        <sellerID>91</sellerID>
        <price>154</price>
      </transaction>
    </repetition>
    <repetition>
      <id>3</id>
      <transaction>
        <timestamp>1333597164051</timestamp>
        <buyerID>13</buyerID>
        <sellerID>32</sellerID>
        <price>183</price>
      </transaction>
      <transaction>
        <timestamp>1333597164077</timestamp>
        <buyerID>33</buyerID>
        <sellerID>12</sellerID>
        <price>219</price>
      </transaction>
      <transaction>
        <timestamp>1333597164101</timestamp>
        <buyerID>93</buyerID>
        <sellerID>92</sellerID>
        <price>207</price>
      </transaction>
      <transaction>
        <timestamp>1333597164109</timestamp>
        <buyerID>14</buyerID>
        <sellerID>11</sellerID>
        <price>162</price>
      </transaction>
      <transaction>
        <timestamp>1333597164178</timestamp>
        <buyerID>94</buyerID>
        <sellerID>31</sellerID>
        <price>176</price>
      </transaction>
      <transaction>
        <timestamp>1333597164692</timestamp>
        <buyerID>34</buyerID>
        <sellerID>52</sellerID>
        <price>179</price>
      </transaction>
      <transaction>
        <timestamp>1333597164708</timestamp>
        <buyerID>93</buyerID>
        <sellerID>31</sellerID>
        <price>176</price>
      </transaction>
      <transaction>
        <timestamp>1333597164714</timestamp>
        <buyerID>33</buyerID>
        <sellerID>51</sellerID>
        <price>192</price>
      </transaction>
      <transaction>
        <timestamp>1333597164748</timestamp>
        <buyerID>13</buyerID>
        <sellerID>11</sellerID>
        <price>142</price>
      </transaction>
      <transaction>
        <timestamp>1333597164813</timestamp>
        <buyerID>14</buyerID>
        <sellerID>12</sellerID>
        <price>151</price>
      </transaction>
      <transaction>
        <timestamp>1333597165375</timestamp>
        <buyerID>93</buyerID>
        <sellerID>11</sellerID>
        <price>124</price>
      </transaction>
      <transaction>
        <timestamp>1333597165429</timestamp>
        <buyerID>14</buyerID>
        <sellerID>31</sellerID>
        <price>139</price>
      </transaction>
      <transaction>
        <timestamp>1333597165479</timestamp>
        <buyerID>33</buyerID>
        <sellerID>92</sellerID>
        <price>163</price>
      </transaction>
      <transaction>
        <timestamp>1333597165515</timestamp>
        <buyerID>94</buyerID>
        <sellerID>32</sellerID>
        <price>124</price>
      </transaction>
      <transaction>
        <timestamp>1333597165540</timestamp>
        <buyerID>34</buyerID>
        <sellerID>91</sellerID>
        <price>164</price>
      </transaction>
      <transaction>
        <timestamp>1333597166125</timestamp>
        <buyerID>13</buyerID>
        <sellerID>51</sellerID>
        <price>165</price>
      </transaction>
      <transaction>
        <timestamp>1333597166131</timestamp>
        <buyerID>33</buyerID>
        <sellerID>52</sellerID>
        <price>166</price>
      </transaction>
      <transaction>
        <timestamp>1333597166215</timestamp>
        <buyerID>34</buyerID>
        <sellerID>31</sellerID>
        <price>144</price>
      </transaction>
      <transaction>
        <timestamp>1333597166270</timestamp>
        <buyerID>14</buyerID>
        <sellerID>92</sellerID>
        <price>171</price>
      </transaction>
      <transaction>
        <timestamp>1333597166875</timestamp>
        <buyerID>93</buyerID>
        <sellerID>11</sellerID>
        <price>124</price>
      </transaction>
      <transaction>
        <timestamp>1333597166938</timestamp>
        <buyerID>14</buyerID>
        <sellerID>32</sellerID>
        <price>136</price>
      </transaction>
      <transaction>
        <timestamp>1333597167063</timestamp>
        <buyerID>33</buyerID>
        <sellerID>91</sellerID>
        <price>135</price>
      </transaction>
      <transaction>
        <timestamp>1333597167083</timestamp>
        <buyerID>34</buyerID>
        <sellerID>92</sellerID>
        <price>136</price>
      </transaction>
      <transaction>
        <timestamp>1333597167627</timestamp>
        <buyerID>34</buyerID>
        <sellerID>51</sellerID>
        <price>140</price>
      </transaction>
      <transaction>
        <timestamp>1333597167703</timestamp>
        <buyerID>93</buyerID>
        <sellerID>12</sellerID>
        <price>125</price>
      </transaction>
      <transaction>
        <timestamp>1333597167737</timestamp>
        <buyerID>33</buyerID>
        <sellerID>52</sellerID>
        <price>154</price>
      </transaction>
      <transaction>
        <timestamp>1333597167775</timestamp>
        <buyerID>13</buyerID>
        <sellerID>32</sellerID>
        <price>137</price>
      </transaction>
      <transaction>
        <timestamp>1333597168414</timestamp>
        <buyerID>13</buyerID>
        <sellerID>31</sellerID>
        <price>166</price>
      </transaction>
      <transaction>
        <timestamp>1333597168510</timestamp>
        <buyerID>33</buyerID>
        <sellerID>32</sellerID>
        <price>167</price>
      </transaction>
      <transaction>
        <timestamp>1333597168516</timestamp>
        <buyerID>93</buyerID>
        <sellerID>12</sellerID>
        <price>166</price>
      </transaction>
      <transaction>
        <timestamp>1333597169158</timestamp>
        <buyerID>34</buyerID>
        <sellerID>52</sellerID>
        <price>172</price>
      </transaction>
      <transaction>
        <timestamp>1333597169925</timestamp>
        <buyerID>33</buyerID>
        <sellerID>92</sellerID>
        <price>171</price>
      </transaction>
      <transaction>
        <timestamp>1333597170075</timestamp>
        <buyerID>93</buyerID>
        <sellerID>91</sellerID>
        <price>171</price>
      </transaction>
      <transaction>
        <timestamp>1333597170643</timestamp>
        <buyerID>94</buyerID>
        <sellerID>51</sellerID>
        <price>170</price>
      </transaction>
      <transaction>
        <timestamp>1333597170790</timestamp>
        <buyerID>94</buyerID>
        <sellerID>91</sellerID>
        <price>170</price>
      </transaction>
      <transaction>
        <timestamp>1333597172253</timestamp>
        <buyerID>94</buyerID>
        <sellerID>91</sellerID>
        <price>167</price>
      </transaction>
      <transaction>
        <timestamp>1333597172303</timestamp>
        <buyerID>53</buyerID>
        <sellerID>12</sellerID>
        <price>166</price>
      </transaction>
      <transaction>
        <timestamp>1333597172877</timestamp>
        <buyerID>54</buyerID>
        <sellerID>12</sellerID>
        <price>162</price>
      </transaction>
      <transaction>
        <timestamp>1333597172966</timestamp>
        <buyerID>13</buyerID>
        <sellerID>52</sellerID>
        <price>166</price>
      </transaction>
      <transaction>
        <timestamp>1333597173011</timestamp>
        <buyerID>33</buyerID>
        <sellerID>11</sellerID>
        <price>155</price>
      </transaction>
      <transaction>
        <timestamp>1333597175246</timestamp>
        <buyerID>13</buyerID>
        <sellerID>52</sellerID>
        <price>157</price>
      </transaction>
      <transaction>
        <timestamp>1333597176002</timestamp>
        <buyerID>94</buyerID>
        <sellerID>11</sellerID>
        <price>151</price>
      </transaction>
      <transaction>
        <timestamp>1333597178198</timestamp>
        <buyerID>94</buyerID>
        <sellerID>91</sellerID>
        <price>154</price>
      </transaction>
      <transaction>
        <timestamp>1333597178993</timestamp>
        <buyerID>94</buyerID>
        <sellerID>92</sellerID>
        <price>154</price>
      </transaction>
      <transaction>
        <timestamp>1333597181225</timestamp>
        <buyerID>13</buyerID>
        <sellerID>92</sellerID>
        <price>153</price>
      </transaction>
    </repetition>
    <repetition>
      <id>4</id>
      <transaction>
        <timestamp>1333597291559</timestamp>
        <buyerID>33</buyerID>
        <sellerID>92</sellerID>
        <price>167</price>
      </transaction>
      <transaction>
        <timestamp>1333597291567</timestamp>
        <buyerID>54</buyerID>
        <sellerID>31</sellerID>
        <price>154</price>
      </transaction>
      <transaction>
        <timestamp>1333597291633</timestamp>
        <buyerID>93</buyerID>
        <sellerID>32</sellerID>
        <price>91</price>
      </transaction>
      <transaction>
        <timestamp>1333597291638</timestamp>
        <buyerID>94</buyerID>
        <sellerID>91</sellerID>
        <price>123</price>
      </transaction>
      <transaction>
        <timestamp>1333597291644</timestamp>
        <buyerID>34</buyerID>
        <sellerID>12</sellerID>
        <price>165</price>
      </transaction>
      <transaction>
        <timestamp>1333597292161</timestamp>
        <buyerID>33</buyerID>
        <sellerID>11</sellerID>
        <price>152</price>
      </transaction>
      <transaction>
        <timestamp>1333597292238</timestamp>
        <buyerID>93</buyerID>
        <sellerID>32</sellerID>
        <price>125</price>
      </transaction>
      <transaction>
        <timestamp>1333597292252</timestamp>
        <buyerID>34</buyerID>
        <sellerID>51</sellerID>
        <price>149</price>
      </transaction>
      <transaction>
        <timestamp>1333597292925</timestamp>
        <buyerID>94</buyerID>
        <sellerID>32</sellerID>
        <price>128</price>
      </transaction>
      <transaction>
        <timestamp>1333597293009</timestamp>
        <buyerID>14</buyerID>
        <sellerID>31</sellerID>
        <price>129</price>
      </transaction>
      <transaction>
        <timestamp>1333597293052</timestamp>
        <buyerID>34</buyerID>
        <sellerID>92</sellerID>
        <price>135</price>
      </transaction>
      <transaction>
        <timestamp>1333597293071</timestamp>
        <buyerID>93</buyerID>
        <sellerID>12</sellerID>
        <price>129</price>
      </transaction>
      <transaction>
        <timestamp>1333597293080</timestamp>
        <buyerID>33</buyerID>
        <sellerID>52</sellerID>
        <price>136</price>
      </transaction>
      <transaction>
        <timestamp>1333597293681</timestamp>
        <buyerID>33</buyerID>
        <sellerID>32</sellerID>
        <price>137</price>
      </transaction>
      <transaction>
        <timestamp>1333597293690</timestamp>
        <buyerID>34</buyerID>
        <sellerID>31</sellerID>
        <price>134</price>
      </transaction>
      <transaction>
        <timestamp>1333597294368</timestamp>
        <buyerID>13</buyerID>
        <sellerID>91</sellerID>
        <price>147</price>
      </transaction>
      <transaction>
        <timestamp>1333597294417</timestamp>
        <buyerID>34</buyerID>
        <sellerID>31</sellerID>
        <price>134</price>
      </transaction>
      <transaction>
        <timestamp>1333597294497</timestamp>
        <buyerID>14</buyerID>
        <sellerID>91</sellerID>
        <price>139</price>
      </transaction>
      <transaction>
        <timestamp>1333597294502</timestamp>
        <buyerID>33</buyerID>
        <sellerID>11</sellerID>
        <price>140</price>
      </transaction>
      <transaction>
        <timestamp>1333597295170</timestamp>
        <buyerID>34</buyerID>
        <sellerID>92</sellerID>
        <price>146</price>
      </transaction>
      <transaction>
        <timestamp>1333597295193</timestamp>
        <buyerID>33</buyerID>
        <sellerID>52</sellerID>
        <price>155</price>
      </transaction>
      <transaction>
        <timestamp>1333597295202</timestamp>
        <buyerID>93</buyerID>
        <sellerID>12</sellerID>
        <price>134</price>
      </transaction>
      <transaction>
        <timestamp>1333597295883</timestamp>
        <buyerID>94</buyerID>
        <sellerID>12</sellerID>
        <price>133</price>
      </transaction>
      <transaction>
        <timestamp>1333597295956</timestamp>
        <buyerID>34</buyerID>
        <sellerID>11</sellerID>
        <price>145</price>
      </transaction>
      <transaction>
        <timestamp>1333597295964</timestamp>
        <buyerID>13</buyerID>
        <sellerID>51</sellerID>
        <price>156</price>
      </transaction>
      <transaction>
        <timestamp>1333597296011</timestamp>
        <buyerID>93</buyerID>
        <sellerID>91</sellerID>
        <price>165</price>
      </transaction>
      <transaction>
        <timestamp>1333597296614</timestamp>
        <buyerID>94</buyerID>
        <sellerID>92</sellerID>
        <price>165</price>
      </transaction>
      <transaction>
        <timestamp>1333597296688</timestamp>
        <buyerID>33</buyerID>
        <sellerID>51</sellerID>
        <price>164</price>
      </transaction>
      <transaction>
        <timestamp>1333597297375</timestamp>
        <buyerID>13</buyerID>
        <sellerID>91</sellerID>
        <price>164</price>
      </transaction>
      <transaction>
        <timestamp>1333597297417</timestamp>
        <buyerID>93</buyerID>
        <sellerID>11</sellerID>
        <price>134</price>
      </transaction>
      <transaction>
        <timestamp>1333597297499</timestamp>
        <buyerID>94</buyerID>
        <sellerID>12</sellerID>
        <price>136</price>
      </transaction>
      <transaction>
        <timestamp>1333597297506</timestamp>
        <buyerID>33</buyerID>
        <sellerID>52</sellerID>
        <price>163</price>
      </transaction>
      <transaction>
        <timestamp>1333597298285</timestamp>
        <buyerID>94</buyerID>
        <sellerID>11</sellerID>
        <price>147</price>
      </transaction>
      <transaction>
        <timestamp>1333597299010</timestamp>
        <buyerID>14</buyerID>
        <sellerID>51</sellerID>
        <price>151</price>
      </transaction>
      <transaction>
        <timestamp>1333597299667</timestamp>
        <buyerID>13</buyerID>
        <sellerID>92</sellerID>
        <price>152</price>
      </transaction>
      <transaction>
        <timestamp>1333597299742</timestamp>
        <buyerID>94</buyerID>
        <sellerID>12</sellerID>
        <price>153</price>
      </transaction>
      <transaction>
        <timestamp>1333597300479</timestamp>
        <buyerID>13</buyerID>
        <sellerID>92</sellerID>
        <price>161</price>
      </transaction>
      <transaction>
        <timestamp>1333597301275</timestamp>
        <buyerID>94</buyerID>
        <sellerID>91</sellerID>
        <price>159</price>
      </transaction>
      <transaction>
        <timestamp>1333597301918</timestamp>
        <buyerID>14</buyerID>
        <sellerID>92</sellerID>
        <price>159</price>
      </transaction>
      <transaction>
        <timestamp>1333597301990</timestamp>
        <buyerID>33</buyerID>
        <sellerID>11</sellerID>
        <price>155</price>
      </transaction>
      <transaction>
        <timestamp>1333597302686</timestamp>
        <buyerID>14</buyerID>
        <sellerID>31</sellerID>
        <price>166</price>
      </transaction>
      <transaction>
        <timestamp>1333597304206</timestamp>
        <buyerID>13</buyerID>
        <sellerID>52</sellerID>
        <price>159</price>
      </transaction>
      <transaction>
        <timestamp>1333597307263</timestamp>
        <buyerID>93</buyerID>
        <sellerID>52</sellerID>
        <price>156</price>
      </transaction>
      <transaction>
        <timestamp>1333597308743</timestamp>
        <buyerID>13</buyerID>
        <sellerID>92</sellerID>
        <price>159</price>
      </transaction>
      <transaction>
        <timestamp>1333597315486</timestamp>
        <buyerID>13</buyerID>
        <sellerID>52</sellerID>
        <price>152</price>
      </transaction>
    </repetition>
    <repetition>
      <id>5</id>
      <transaction>
        <timestamp>1333597419062</timestamp>
        <buyerID>34</buyerID>
        <sellerID>32</sellerID>
        <price>100</price>
      </transaction>
      <transaction>
        <timestamp>1333597419086</timestamp>
        <buyerID>14</buyerID>
        <sellerID>11</sellerID>
        <price>172</price>
      </transaction>
      <transaction>
        <timestamp>1333597419125</timestamp>
        <buyerID>13</buyerID>
        <sellerID>92</sellerID>
        <price>167</price>
      </transaction>
      <transaction>
        <timestamp>1333597419160</timestamp>
        <buyerID>33</buyerID>
        <sellerID>91</sellerID>
        <price>167</price>
      </transaction>
      <transaction>
        <timestamp>1333597419165</timestamp>
        <buyerID>54</buyerID>
        <sellerID>31</sellerID>
        <price>105</price>
      </transaction>
      <transaction>
        <timestamp>1333597419677</timestamp>
        <buyerID>93</buyerID>
        <sellerID>11</sellerID>
        <price>123</price>
      </transaction>
      <transaction>
        <timestamp>1333597419707</timestamp>
        <buyerID>14</buyerID>
        <sellerID>51</sellerID>
        <price>168</price>
      </transaction>
      <transaction>
        <timestamp>1333597419731</timestamp>
        <buyerID>33</buyerID>
        <sellerID>31</sellerID>
        <price>124</price>
      </transaction>
      <transaction>
        <timestamp>1333597419751</timestamp>
        <buyerID>34</buyerID>
        <sellerID>32</sellerID>
        <price>122</price>
      </transaction>
      <transaction>
        <timestamp>1333597419764</timestamp>
        <buyerID>53</buyerID>
        <sellerID>12</sellerID>
        <price>107</price>
      </transaction>
      <transaction>
        <timestamp>1333597420375</timestamp>
        <buyerID>53</buyerID>
        <sellerID>52</sellerID>
        <price>151</price>
      </transaction>
      <transaction>
        <timestamp>1333597420388</timestamp>
        <buyerID>13</buyerID>
        <sellerID>91</sellerID>
        <price>165</price>
      </transaction>
      <transaction>
        <timestamp>1333597420477</timestamp>
        <buyerID>34</buyerID>
        <sellerID>92</sellerID>
        <price>110</price>
      </transaction>
      <transaction>
        <timestamp>1333597420491</timestamp>
        <buyerID>33</buyerID>
        <sellerID>32</sellerID>
        <price>111</price>
      </transaction>
      <transaction>
        <timestamp>1333597420528</timestamp>
        <buyerID>14</buyerID>
        <sellerID>31</sellerID>
        <price>120</price>
      </transaction>
      <transaction>
        <timestamp>1333597421245</timestamp>
        <buyerID>94</buyerID>
        <sellerID>32</sellerID>
        <price>164</price>
      </transaction>
      <transaction>
        <timestamp>1333597421269</timestamp>
        <buyerID>33</buyerID>
        <sellerID>91</sellerID>
        <price>167</price>
      </transaction>
      <transaction>
        <timestamp>1333597421281</timestamp>
        <buyerID>14</buyerID>
        <sellerID>92</sellerID>
        <price>167</price>
      </transaction>
      <transaction>
        <timestamp>1333597421922</timestamp>
        <buyerID>93</buyerID>
        <sellerID>31</sellerID>
        <price>164</price>
      </transaction>
      <transaction>
        <timestamp>1333597421933</timestamp>
        <buyerID>53</buyerID>
        <sellerID>51</sellerID>
        <price>163</price>
      </transaction>
      <transaction>
        <timestamp>1333597421963</timestamp>
        <buyerID>34</buyerID>
        <sellerID>52</sellerID>
        <price>158</price>
      </transaction>
      <transaction>
        <timestamp>1333597422051</timestamp>
        <buyerID>34</buyerID>
        <sellerID>91</sellerID>
        <price>147</price>
      </transaction>
      <transaction>
        <timestamp>1333597422061</timestamp>
        <buyerID>33</buyerID>
        <sellerID>92</sellerID>
        <price>147</price>
      </transaction>
      <transaction>
        <timestamp>1333597422657</timestamp>
        <buyerID>94</buyerID>
        <sellerID>11</sellerID>
        <price>136</price>
      </transaction>
      <transaction>
        <timestamp>1333597422682</timestamp>
        <buyerID>34</buyerID>
        <sellerID>31</sellerID>
        <price>166</price>
      </transaction>
      <transaction>
        <timestamp>1333597422705</timestamp>
        <buyerID>94</buyerID>
        <sellerID>12</sellerID>
        <price>136</price>
      </transaction>
      <transaction>
        <timestamp>1333597422722</timestamp>
        <buyerID>33</buyerID>
        <sellerID>32</sellerID>
        <price>167</price>
      </transaction>
      <transaction>
        <timestamp>1333597423457</timestamp>
        <buyerID>13</buyerID>
        <sellerID>91</sellerID>
        <price>165</price>
      </transaction>
      <transaction>
        <timestamp>1333597423548</timestamp>
        <buyerID>93</buyerID>
        <sellerID>11</sellerID>
        <price>164</price>
      </transaction>
      <transaction>
        <timestamp>1333597423553</timestamp>
        <buyerID>33</buyerID>
        <sellerID>52</sellerID>
        <price>165</price>
      </transaction>
      <transaction>
        <timestamp>1333597424211</timestamp>
        <buyerID>33</buyerID>
        <sellerID>92</sellerID>
        <price>165</price>
      </transaction>
      <transaction>
        <timestamp>1333597424875</timestamp>
        <buyerID>13</buyerID>
        <sellerID>91</sellerID>
        <price>167</price>
      </transaction>
      <transaction>
        <timestamp>1333597424901</timestamp>
        <buyerID>94</buyerID>
        <sellerID>12</sellerID>
        <price>165</price>
      </transaction>
      <transaction>
        <timestamp>1333597424943</timestamp>
        <buyerID>14</buyerID>
        <sellerID>92</sellerID>
        <price>167</price>
      </transaction>
      <transaction>
        <timestamp>1333597425628</timestamp>
        <buyerID>93</buyerID>
        <sellerID>12</sellerID>
        <price>166</price>
      </transaction>
      <transaction>
        <timestamp>1333597425783</timestamp>
        <buyerID>94</buyerID>
        <sellerID>11</sellerID>
        <price>165</price>
      </transaction>
      <transaction>
        <timestamp>1333597426398</timestamp>
        <buyerID>33</buyerID>
        <sellerID>12</sellerID>
        <price>155</price>
      </transaction>
      <transaction>
        <timestamp>1333597428664</timestamp>
        <buyerID>94</buyerID>
        <sellerID>52</sellerID>
        <price>156</price>
      </transaction>
      <transaction>
        <timestamp>1333597428670</timestamp>
        <buyerID>93</buyerID>
        <sellerID>92</sellerID>
        <price>155</price>
      </transaction>
      <transaction>
        <timestamp>1333597429521</timestamp>
        <buyerID>94</buyerID>
        <sellerID>92</sellerID>
        <price>155</price>
      </transaction>
      <transaction>
        <timestamp>1333597430193</timestamp>
        <buyerID>93</buyerID>
        <sellerID>52</sellerID>
        <price>155</price>
      </transaction>
      <transaction>
        <timestamp>1333597430237</timestamp>
        <buyerID>93</buyerID>
        <sellerID>51</sellerID>
        <price>156</price>
      </transaction>
      <transaction>
        <timestamp>1333597431774</timestamp>
        <buyerID>94</buyerID>
        <sellerID>51</sellerID>
        <price>157</price>
      </transaction>
      <transaction>
        <timestamp>1333597433243</timestamp>
        <buyerID>13</buyerID>
        <sellerID>52</sellerID>
        <price>160</price>
      </transaction>
      <transaction>
        <timestamp>1333597436223</timestamp>
        <buyerID>13</buyerID>
        <sellerID>12</sellerID>
        <price>150</price>
      </transaction>
      <transaction>
        <timestamp>1333597445171</timestamp>
        <buyerID>34</buyerID>
        <sellerID>11</sellerID>
        <price>148</price>
      </transaction>
    </repetition>
  </transactions>
  <scores>
    <agent>
      <ID>34</ID>
      <userName>zibtq4</userName>
      <strategy>ZIBTQ</strategy>
      <values>
        <value>242</value>
        <value>237</value>
        <value>191</value>
        <value>189</value>
        <value>188</value>
        <value>182</value>
        <value>148</value>
        <value>127</value>
        <value>101</value>
        <value>88</value>
      </values>
      <score>295.6</score>
    </agent>
    <agent>
      <ID>32</ID>
      <userName>zibtq2</userName>
      <strategy>ZIBTQ</strategy>
      <values>
        <value>61</value>
        <value>77</value>
        <value>103</value>
        <value>106</value>
        <value>167</value>
        <value>173</value>
        <value>173</value>
        <value>176</value>
        <value>183</value>
        <value>204</value>
      </values>
      <score>224.0</score>
    </agent>
    <agent>
      <ID>33</ID>
      <userName>zibtq3</userName>
      <strategy>ZIBTQ</strategy>
      <values>
        <value>259</value>
        <value>221</value>
        <value>220</value>
        <value>214</value>
        <value>211</value>
        <value>210</value>
        <value>208</value>
        <value>203</value>
        <value>155</value>
        <value>64</value>
      </values>
      <score>453.6</score>
    </agent>
    <agent>
      <ID>11</ID>
      <userName>zi1</userName>
      <strategy>ZI</strategy>
      <values>
        <value>63</value>
        <value>66</value>
        <value>67</value>
        <value>73</value>
        <value>110</value>
        <value>141</value>
        <value>152</value>
        <value>192</value>
        <value>198</value>
        <value>216</value>
      </values>
      <score>388.2</score>
    </agent>
    <agent>
      <ID>12</ID>
      <userName>zi2</userName>
      <strategy>ZI</strategy>
      <values>
        <value>74</value>
        <value>91</value>
        <value>103</value>
        <value>107</value>
        <value>108</value>
        <value>118</value>
        <value>166</value>
        <value>175</value>
        <value>175</value>
        <value>257</value>
      </values>
      <score>335.4</score>
    </agent>
    <agent>
      <ID>13</ID>
      <userName>zi3</userName>
      <strategy>ZI</strategy>
      <values>
        <value>257</value>
        <value>250</value>
        <value>237</value>
        <value>187</value>
        <value>173</value>
        <value>169</value>
        <value>167</value>
        <value>166</value>
        <value>110</value>
        <value>66</value>
      </values>
      <score>333.2</score>
    </agent>
    <agent>
      <ID>14</ID>
      <userName>zi4</userName>
      <strategy>ZI</strategy>
      <values>
        <value>245</value>
        <value>245</value>
        <value>226</value>
        <value>222</value>
        <value>185</value>
        <value>145</value>
        <value>129</value>
        <value>111</value>
        <value>89</value>
        <value>87</value>
      </values>
      <score>313.8</score>
    </agent>
    <agent>
      <ID>51</ID>
      <userName>zip1</userName>
      <strategy>ZIP</strategy>
      <values>
        <value>61</value>
        <value>113</value>
        <value>132</value>
        <value>147</value>
        <value>172</value>
        <value>241</value>
        <value>242</value>
        <value>244</value>
        <value>247</value>
        <value>258</value>
      </values>
      <score>194.4</score>
    </agent>
    <agent>
      <ID>54</ID>
      <userName>zip4</userName>
      <strategy>ZIP</strategy>
      <values>
        <value>243</value>
        <value>224</value>
        <value>171</value>
        <value>152</value>
        <value>147</value>
        <value>141</value>
        <value>141</value>
        <value>136</value>
        <value>126</value>
        <value>90</value>
      </values>
      <score>98.4</score>
    </agent>
    <agent>
      <ID>53</ID>
      <userName>zip3</userName>
      <strategy>ZIP</strategy>
      <values>
        <value>211</value>
        <value>207</value>
        <value>175</value>
        <value>160</value>
        <value>123</value>
        <value>121</value>
        <value>100</value>
        <value>79</value>
        <value>73</value>
        <value>70</value>
      </values>
      <score>79.8</score>
    </agent>
    <agent>
      <ID>52</ID>
      <userName>zip2</userName>
      <strategy>ZIP</strategy>
      <values>
        <value>67</value>
        <value>103</value>
        <value>107</value>
        <value>112</value>
        <value>133</value>
        <value>151</value>
        <value>190</value>
        <value>207</value>
        <value>239</value>
        <value>241</value>
      </values>
      <score>286.8</score>
    </agent>
    <agent>
      <ID>93</ID>
      <userName>gd3</userName>
      <strategy>GD</strategy>
      <values>
        <value>253</value>
        <value>244</value>
        <value>210</value>
        <value>200</value>
        <value>186</value>
        <value>182</value>
        <value>182</value>
        <value>104</value>
        <value>102</value>
        <value>92</value>
      </values>
      <score>393.4</score>
    </agent>
    <agent>
      <ID>92</ID>
      <userName>gd2</userName>
      <strategy>GD</strategy>
      <values>
        <value>61</value>
        <value>68</value>
        <value>81</value>
        <value>85</value>
        <value>110</value>
        <value>115</value>
        <value>121</value>
        <value>153</value>
        <value>218</value>
        <value>260</value>
      </values>
      <score>495.0</score>
    </agent>
    <agent>
      <ID>94</ID>
      <userName>gd4</userName>
      <strategy>GD</strategy>
      <values>
        <value>256</value>
        <value>240</value>
        <value>202</value>
        <value>197</value>
        <value>196</value>
        <value>181</value>
        <value>177</value>
        <value>176</value>
        <value>83</value>
        <value>61</value>
      </values>
      <score>383.8</score>
    </agent>
    <agent>
      <ID>91</ID>
      <userName>gd1</userName>
      <strategy>GD</strategy>
      <values>
        <value>81</value>
        <value>84</value>
        <value>103</value>
        <value>118</value>
        <value>126</value>
        <value>152</value>
        <value>184</value>
        <value>197</value>
        <value>232</value>
        <value>248</value>
      </values>
      <score>297.6</score>
    </agent>
    <agent>
      <ID>31</ID>
      <userName>zibtq1</userName>
      <strategy>ZIBTQ</strategy>
      <values>
        <value>77</value>
        <value>93</value>
        <value>93</value>
        <value>108</value>
        <value>166</value>
        <value>174</value>
        <value>178</value>
        <value>196</value>
        <value>254</value>
        <value>254</value>
      </values>
      <score>219.6</score>
    </agent>
  </scores>
</results>

