<results>
  <transactions>
    <repetition>
      <id>1</id>
      <transaction>
        <timestamp>1333602415957</timestamp>
        <buyerID>54</buyerID>
        <sellerID>12</sellerID>
        <price>114</price>
      </transaction>
      <transaction>
        <timestamp>1333602416251</timestamp>
        <buyerID>13</buyerID>
        <sellerID>112</sellerID>
        <price>135</price>
      </transaction>
      <transaction>
        <timestamp>1333602416253</timestamp>
        <buyerID>14</buyerID>
        <sellerID>51</sellerID>
        <price>159</price>
      </transaction>
      <transaction>
        <timestamp>1333602416542</timestamp>
        <buyerID>54</buyerID>
        <sellerID>51</sellerID>
        <price>118</price>
      </transaction>
      <transaction>
        <timestamp>1333602416866</timestamp>
        <buyerID>113</buyerID>
        <sellerID>11</sellerID>
        <price>158</price>
      </transaction>
      <transaction>
        <timestamp>1333602417034</timestamp>
        <buyerID>53</buyerID>
        <sellerID>12</sellerID>
        <price>157</price>
      </transaction>
      <transaction>
        <timestamp>1333602417482</timestamp>
        <buyerID>13</buyerID>
        <sellerID>112</sellerID>
        <price>163</price>
      </transaction>
      <transaction>
        <timestamp>1333602418064</timestamp>
        <buyerID>113</buyerID>
        <sellerID>11</sellerID>
        <price>157</price>
      </transaction>
      <transaction>
        <timestamp>1333602418408</timestamp>
        <buyerID>114</buyerID>
        <sellerID>12</sellerID>
        <price>157</price>
      </transaction>
      <transaction>
        <timestamp>1333602418670</timestamp>
        <buyerID>113</buyerID>
        <sellerID>112</sellerID>
        <price>157</price>
      </transaction>
      <transaction>
        <timestamp>1333602419109</timestamp>
        <buyerID>114</buyerID>
        <sellerID>111</sellerID>
        <price>157</price>
      </transaction>
      <transaction>
        <timestamp>1333602419316</timestamp>
        <buyerID>114</buyerID>
        <sellerID>111</sellerID>
        <price>157</price>
      </transaction>
      <transaction>
        <timestamp>1333602419448</timestamp>
        <buyerID>113</buyerID>
        <sellerID>11</sellerID>
        <price>157</price>
      </transaction>
      <transaction>
        <timestamp>1333602419461</timestamp>
        <buyerID>14</buyerID>
        <sellerID>52</sellerID>
        <price>158</price>
      </transaction>
      <transaction>
        <timestamp>1333602420067</timestamp>
        <buyerID>113</buyerID>
        <sellerID>12</sellerID>
        <price>137</price>
      </transaction>
      <transaction>
        <timestamp>1333602420742</timestamp>
        <buyerID>13</buyerID>
        <sellerID>11</sellerID>
        <price>153</price>
      </transaction>
      <transaction>
        <timestamp>1333602422330</timestamp>
        <buyerID>14</buyerID>
        <sellerID>51</sellerID>
        <price>159</price>
      </transaction>
      <transaction>
        <timestamp>1333602424735</timestamp>
        <buyerID>14</buyerID>
        <sellerID>112</sellerID>
        <price>164</price>
      </transaction>
      <transaction>
        <timestamp>1333602426169</timestamp>
        <buyerID>14</buyerID>
        <sellerID>51</sellerID>
        <price>166</price>
      </transaction>
      <transaction>
        <timestamp>1333602427660</timestamp>
        <buyerID>13</buyerID>
        <sellerID>52</sellerID>
        <price>165</price>
      </transaction>
      <transaction>
        <timestamp>1333602429300</timestamp>
        <buyerID>114</buyerID>
        <sellerID>11</sellerID>
        <price>159</price>
      </transaction>
      <transaction>
        <timestamp>1333602431485</timestamp>
        <buyerID>114</buyerID>
        <sellerID>11</sellerID>
        <price>155</price>
      </transaction>
      <transaction>
        <timestamp>1333602438209</timestamp>
        <buyerID>13</buyerID>
        <sellerID>52</sellerID>
        <price>162</price>
      </transaction>
      <transaction>
        <timestamp>1333602446412</timestamp>
        <buyerID>13</buyerID>
        <sellerID>11</sellerID>
        <price>154</price>
      </transaction>
      <transaction>
        <timestamp>1333602520631</timestamp>
        <buyerID>54</buyerID>
        <sellerID>71</sellerID>
        <price>122</price>
      </transaction>
      <transaction>
        <timestamp>1333602521307</timestamp>
        <buyerID>54</buyerID>
        <sellerID>71</sellerID>
        <price>148</price>
      </transaction>
      <transaction>
        <timestamp>1333602522101</timestamp>
        <buyerID>54</buyerID>
        <sellerID>71</sellerID>
        <price>143</price>
      </transaction>
      <transaction>
        <timestamp>1333602522761</timestamp>
        <buyerID>14</buyerID>
        <sellerID>71</sellerID>
        <price>140</price>
      </transaction>
      <transaction>
        <timestamp>1333602522894</timestamp>
        <buyerID>73</buyerID>
        <sellerID>52</sellerID>
        <price>163</price>
      </transaction>
      <transaction>
        <timestamp>1333602523594</timestamp>
        <buyerID>73</buyerID>
        <sellerID>112</sellerID>
        <price>165</price>
      </transaction>
      <transaction>
        <timestamp>1333602524234</timestamp>
        <buyerID>73</buyerID>
        <sellerID>51</sellerID>
        <price>170</price>
      </transaction>
      <transaction>
        <timestamp>1333602525096</timestamp>
        <buyerID>73</buyerID>
        <sellerID>52</sellerID>
        <price>171</price>
      </transaction>
      <transaction>
        <timestamp>1333602525793</timestamp>
        <buyerID>13</buyerID>
        <sellerID>71</sellerID>
        <price>150</price>
      </transaction>
      <transaction>
        <timestamp>1333602526652</timestamp>
        <buyerID>114</buyerID>
        <sellerID>72</sellerID>
        <price>129</price>
      </transaction>
      <transaction>
        <timestamp>1333602527338</timestamp>
        <buyerID>114</buyerID>
        <sellerID>72</sellerID>
        <price>127</price>
      </transaction>
      <transaction>
        <timestamp>1333602529583</timestamp>
        <buyerID>74</buyerID>
        <sellerID>51</sellerID>
        <price>174</price>
      </transaction>
      <transaction>
        <timestamp>1333602530287</timestamp>
        <buyerID>74</buyerID>
        <sellerID>52</sellerID>
        <price>178</price>
      </transaction>
      <transaction>
        <timestamp>1333602531151</timestamp>
        <buyerID>74</buyerID>
        <sellerID>12</sellerID>
        <price>177</price>
      </transaction>
      <transaction>
        <timestamp>1333602531912</timestamp>
        <buyerID>74</buyerID>
        <sellerID>51</sellerID>
        <price>190</price>
      </transaction>
      <transaction>
        <timestamp>1333602533301</timestamp>
        <buyerID>74</buyerID>
        <sellerID>111</sellerID>
        <price>190</price>
      </transaction>
    </repetition>
    <repetition>
      <id>2</id>
      <transaction>
        <timestamp>1333602542710</timestamp>
        <buyerID>113</buyerID>
        <sellerID>111</sellerID>
        <price>191</price>
      </transaction>
      <transaction>
        <timestamp>1333602543182</timestamp>
        <buyerID>14</buyerID>
        <sellerID>112</sellerID>
        <price>210</price>
      </transaction>
      <transaction>
        <timestamp>1333602543220</timestamp>
        <buyerID>114</buyerID>
        <sellerID>11</sellerID>
        <price>152</price>
      </transaction>
      <transaction>
        <timestamp>1333602543240</timestamp>
        <buyerID>53</buyerID>
        <sellerID>12</sellerID>
        <price>154</price>
      </transaction>
      <transaction>
        <timestamp>1333602543290</timestamp>
        <buyerID>13</buyerID>
        <sellerID>11</sellerID>
        <price>109</price>
      </transaction>
      <transaction>
        <timestamp>1333602543445</timestamp>
        <buyerID>114</buyerID>
        <sellerID>12</sellerID>
        <price>114</price>
      </transaction>
      <transaction>
        <timestamp>1333602543451</timestamp>
        <buyerID>14</buyerID>
        <sellerID>52</sellerID>
        <price>152</price>
      </transaction>
      <transaction>
        <timestamp>1333602543923</timestamp>
        <buyerID>13</buyerID>
        <sellerID>51</sellerID>
        <price>163</price>
      </transaction>
      <transaction>
        <timestamp>1333602544963</timestamp>
        <buyerID>13</buyerID>
        <sellerID>12</sellerID>
        <price>133</price>
      </transaction>
      <transaction>
        <timestamp>1333602545742</timestamp>
        <buyerID>73</buyerID>
        <sellerID>51</sellerID>
        <price>146</price>
      </transaction>
      <transaction>
        <timestamp>1333602546026</timestamp>
        <buyerID>113</buyerID>
        <sellerID>72</sellerID>
        <price>138</price>
      </transaction>
      <transaction>
        <timestamp>1333602546034</timestamp>
        <buyerID>14</buyerID>
        <sellerID>11</sellerID>
        <price>141</price>
      </transaction>
      <transaction>
        <timestamp>1333602546641</timestamp>
        <buyerID>13</buyerID>
        <sellerID>112</sellerID>
        <price>146</price>
      </transaction>
      <transaction>
        <timestamp>1333602547030</timestamp>
        <buyerID>73</buyerID>
        <sellerID>12</sellerID>
        <price>147</price>
      </transaction>
      <transaction>
        <timestamp>1333602547750</timestamp>
        <buyerID>73</buyerID>
        <sellerID>111</sellerID>
        <price>147</price>
      </transaction>
      <transaction>
        <timestamp>1333602547843</timestamp>
        <buyerID>114</buyerID>
        <sellerID>71</sellerID>
        <price>147</price>
      </transaction>
      <transaction>
        <timestamp>1333602547851</timestamp>
        <buyerID>74</buyerID>
        <sellerID>11</sellerID>
        <price>151</price>
      </transaction>
      <transaction>
        <timestamp>1333602548508</timestamp>
        <buyerID>73</buyerID>
        <sellerID>112</sellerID>
        <price>151</price>
      </transaction>
      <transaction>
        <timestamp>1333602549462</timestamp>
        <buyerID>113</buyerID>
        <sellerID>72</sellerID>
        <price>146</price>
      </transaction>
      <transaction>
        <timestamp>1333602549798</timestamp>
        <buyerID>114</buyerID>
        <sellerID>71</sellerID>
        <price>146</price>
      </transaction>
      <transaction>
        <timestamp>1333602550043</timestamp>
        <buyerID>74</buyerID>
        <sellerID>51</sellerID>
        <price>148</price>
      </transaction>
      <transaction>
        <timestamp>1333602550065</timestamp>
        <buyerID>14</buyerID>
        <sellerID>112</sellerID>
        <price>148</price>
      </transaction>
      <transaction>
        <timestamp>1333602550694</timestamp>
        <buyerID>113</buyerID>
        <sellerID>71</sellerID>
        <price>147</price>
      </transaction>
      <transaction>
        <timestamp>1333602550822</timestamp>
        <buyerID>14</buyerID>
        <sellerID>52</sellerID>
        <price>151</price>
      </transaction>
      <transaction>
        <timestamp>1333602551513</timestamp>
        <buyerID>13</buyerID>
        <sellerID>71</sellerID>
        <price>151</price>
      </transaction>
      <transaction>
        <timestamp>1333602552036</timestamp>
        <buyerID>74</buyerID>
        <sellerID>51</sellerID>
        <price>155</price>
      </transaction>
      <transaction>
        <timestamp>1333602557448</timestamp>
        <buyerID>114</buyerID>
        <sellerID>11</sellerID>
        <price>153</price>
      </transaction>
      <transaction>
        <timestamp>1333602562492</timestamp>
        <buyerID>74</buyerID>
        <sellerID>11</sellerID>
        <price>158</price>
      </transaction>
      <transaction>
        <timestamp>1333602564237</timestamp>
        <buyerID>14</buyerID>
        <sellerID>71</sellerID>
        <price>156</price>
      </transaction>
      <transaction>
        <timestamp>1333602567114</timestamp>
        <buyerID>74</buyerID>
        <sellerID>11</sellerID>
        <price>157</price>
      </transaction>
      <transaction>
        <timestamp>1333602657040</timestamp>
        <buyerID>74</buyerID>
        <sellerID>52</sellerID>
        <price>162</price>
      </transaction>
    </repetition>
    <repetition>
      <id>3</id>
      <transaction>
        <timestamp>1333602669922</timestamp>
        <buyerID>14</buyerID>
        <sellerID>11</sellerID>
        <price>98</price>
      </transaction>
      <transaction>
        <timestamp>1333602670270</timestamp>
        <buyerID>114</buyerID>
        <sellerID>112</sellerID>
        <price>109</price>
      </transaction>
      <transaction>
        <timestamp>1333602670431</timestamp>
        <buyerID>73</buyerID>
        <sellerID>111</sellerID>
        <price>109</price>
      </transaction>
      <transaction>
        <timestamp>1333602670590</timestamp>
        <buyerID>13</buyerID>
        <sellerID>12</sellerID>
        <price>110</price>
      </transaction>
      <transaction>
        <timestamp>1333602671775</timestamp>
        <buyerID>14</buyerID>
        <sellerID>112</sellerID>
        <price>127</price>
      </transaction>
      <transaction>
        <timestamp>1333602671807</timestamp>
        <buyerID>13</buyerID>
        <sellerID>111</sellerID>
        <price>128</price>
      </transaction>
      <transaction>
        <timestamp>1333602672154</timestamp>
        <buyerID>73</buyerID>
        <sellerID>11</sellerID>
        <price>114</price>
      </transaction>
      <transaction>
        <timestamp>1333602672689</timestamp>
        <buyerID>13</buyerID>
        <sellerID>12</sellerID>
        <price>120</price>
      </transaction>
      <transaction>
        <timestamp>1333602672693</timestamp>
        <buyerID>14</buyerID>
        <sellerID>51</sellerID>
        <price>143</price>
      </transaction>
      <transaction>
        <timestamp>1333602673559</timestamp>
        <buyerID>13</buyerID>
        <sellerID>52</sellerID>
        <price>154</price>
      </transaction>
      <transaction>
        <timestamp>1333602673789</timestamp>
        <buyerID>14</buyerID>
        <sellerID>112</sellerID>
        <price>154</price>
      </transaction>
      <transaction>
        <timestamp>1333602674527</timestamp>
        <buyerID>14</buyerID>
        <sellerID>51</sellerID>
        <price>157</price>
      </transaction>
      <transaction>
        <timestamp>1333602675453</timestamp>
        <buyerID>13</buyerID>
        <sellerID>112</sellerID>
        <price>155</price>
      </transaction>
      <transaction>
        <timestamp>1333602675773</timestamp>
        <buyerID>114</buyerID>
        <sellerID>11</sellerID>
        <price>138</price>
      </transaction>
      <transaction>
        <timestamp>1333602676636</timestamp>
        <buyerID>14</buyerID>
        <sellerID>51</sellerID>
        <price>156</price>
      </transaction>
      <transaction>
        <timestamp>1333602677646</timestamp>
        <buyerID>113</buyerID>
        <sellerID>11</sellerID>
        <price>143</price>
      </transaction>
      <transaction>
        <timestamp>1333602678302</timestamp>
        <buyerID>113</buyerID>
        <sellerID>72</sellerID>
        <price>143</price>
      </transaction>
      <transaction>
        <timestamp>1333602678774</timestamp>
        <buyerID>114</buyerID>
        <sellerID>72</sellerID>
        <price>143</price>
      </transaction>
      <transaction>
        <timestamp>1333602679082</timestamp>
        <buyerID>73</buyerID>
        <sellerID>11</sellerID>
        <price>149</price>
      </transaction>
      <transaction>
        <timestamp>1333602679116</timestamp>
        <buyerID>113</buyerID>
        <sellerID>12</sellerID>
        <price>144</price>
      </transaction>
      <transaction>
        <timestamp>1333602680334</timestamp>
        <buyerID>73</buyerID>
        <sellerID>52</sellerID>
        <price>151</price>
      </transaction>
      <transaction>
        <timestamp>1333602682029</timestamp>
        <buyerID>74</buyerID>
        <sellerID>12</sellerID>
        <price>151</price>
      </transaction>
      <transaction>
        <timestamp>1333602684230</timestamp>
        <buyerID>113</buyerID>
        <sellerID>71</sellerID>
        <price>150</price>
      </transaction>
      <transaction>
        <timestamp>1333602687897</timestamp>
        <buyerID>74</buyerID>
        <sellerID>11</sellerID>
        <price>150</price>
      </transaction>
      <transaction>
        <timestamp>1333602687973</timestamp>
        <buyerID>13</buyerID>
        <sellerID>51</sellerID>
        <price>155</price>
      </transaction>
      <transaction>
        <timestamp>1333602687980</timestamp>
        <buyerID>113</buyerID>
        <sellerID>71</sellerID>
        <price>150</price>
      </transaction>
      <transaction>
        <timestamp>1333602753125</timestamp>
        <buyerID>114</buyerID>
        <sellerID>71</sellerID>
        <price>150</price>
      </transaction>
      <transaction>
        <timestamp>1333602764435</timestamp>
        <buyerID>114</buyerID>
        <sellerID>71</sellerID>
        <price>151</price>
      </transaction>
      <transaction>
        <timestamp>1333602766514</timestamp>
        <buyerID>74</buyerID>
        <sellerID>11</sellerID>
        <price>153</price>
      </transaction>
      <transaction>
        <timestamp>1333602784626</timestamp>
        <buyerID>13</buyerID>
        <sellerID>71</sellerID>
        <price>139</price>
      </transaction>
      <transaction>
        <timestamp>1333602784640</timestamp>
        <buyerID>74</buyerID>
        <sellerID>52</sellerID>
        <price>162</price>
      </transaction>
      <transaction>
        <timestamp>1333602785254</timestamp>
        <buyerID>74</buyerID>
        <sellerID>51</sellerID>
        <price>170</price>
      </transaction>
      <transaction>
        <timestamp>1333602789895</timestamp>
        <buyerID>74</buyerID>
        <sellerID>12</sellerID>
        <price>160</price>
      </transaction>
    </repetition>
    <repetition>
      <id>4</id>
      <transaction>
        <timestamp>1333602797592</timestamp>
        <buyerID>13</buyerID>
        <sellerID>111</sellerID>
        <price>204</price>
      </transaction>
      <transaction>
        <timestamp>1333602797936</timestamp>
        <buyerID>113</buyerID>
        <sellerID>12</sellerID>
        <price>113</price>
      </transaction>
      <transaction>
        <timestamp>1333602798296</timestamp>
        <buyerID>114</buyerID>
        <sellerID>11</sellerID>
        <price>113</price>
      </transaction>
      <transaction>
        <timestamp>1333602799733</timestamp>
        <buyerID>14</buyerID>
        <sellerID>111</sellerID>
        <price>131</price>
      </transaction>
      <transaction>
        <timestamp>1333602800663</timestamp>
        <buyerID>13</buyerID>
        <sellerID>112</sellerID>
        <price>131</price>
      </transaction>
      <transaction>
        <timestamp>1333602800993</timestamp>
        <buyerID>73</buyerID>
        <sellerID>112</sellerID>
        <price>131</price>
      </transaction>
      <transaction>
        <timestamp>1333602801149</timestamp>
        <buyerID>14</buyerID>
        <sellerID>112</sellerID>
        <price>132</price>
      </transaction>
      <transaction>
        <timestamp>1333602802188</timestamp>
        <buyerID>114</buyerID>
        <sellerID>11</sellerID>
        <price>126</price>
      </transaction>
      <transaction>
        <timestamp>1333602802207</timestamp>
        <buyerID>13</buyerID>
        <sellerID>51</sellerID>
        <price>139</price>
      </transaction>
      <transaction>
        <timestamp>1333602802277</timestamp>
        <buyerID>14</buyerID>
        <sellerID>52</sellerID>
        <price>148</price>
      </transaction>
      <transaction>
        <timestamp>1333602802759</timestamp>
        <buyerID>13</buyerID>
        <sellerID>51</sellerID>
        <price>168</price>
      </transaction>
      <transaction>
        <timestamp>1333602803245</timestamp>
        <buyerID>113</buyerID>
        <sellerID>71</sellerID>
        <price>127</price>
      </transaction>
      <transaction>
        <timestamp>1333602803255</timestamp>
        <buyerID>114</buyerID>
        <sellerID>72</sellerID>
        <price>126</price>
      </transaction>
      <transaction>
        <timestamp>1333602803522</timestamp>
        <buyerID>74</buyerID>
        <sellerID>11</sellerID>
        <price>130</price>
      </transaction>
      <transaction>
        <timestamp>1333602803992</timestamp>
        <buyerID>13</buyerID>
        <sellerID>72</sellerID>
        <price>151</price>
      </transaction>
      <transaction>
        <timestamp>1333602804366</timestamp>
        <buyerID>114</buyerID>
        <sellerID>12</sellerID>
        <price>129</price>
      </transaction>
      <transaction>
        <timestamp>1333602804852</timestamp>
        <buyerID>73</buyerID>
        <sellerID>52</sellerID>
        <price>151</price>
      </transaction>
      <transaction>
        <timestamp>1333602805530</timestamp>
        <buyerID>74</buyerID>
        <sellerID>51</sellerID>
        <price>148</price>
      </transaction>
      <transaction>
        <timestamp>1333602805542</timestamp>
        <buyerID>14</buyerID>
        <sellerID>11</sellerID>
        <price>147</price>
      </transaction>
      <transaction>
        <timestamp>1333602805845</timestamp>
        <buyerID>73</buyerID>
        <sellerID>112</sellerID>
        <price>151</price>
      </transaction>
      <transaction>
        <timestamp>1333602805853</timestamp>
        <buyerID>14</buyerID>
        <sellerID>12</sellerID>
        <price>149</price>
      </transaction>
      <transaction>
        <timestamp>1333602806551</timestamp>
        <buyerID>113</buyerID>
        <sellerID>12</sellerID>
        <price>143</price>
      </transaction>
      <transaction>
        <timestamp>1333602810350</timestamp>
        <buyerID>74</buyerID>
        <sellerID>11</sellerID>
        <price>154</price>
      </transaction>
      <transaction>
        <timestamp>1333602810834</timestamp>
        <buyerID>74</buyerID>
        <sellerID>51</sellerID>
        <price>155</price>
      </transaction>
      <transaction>
        <timestamp>1333602810966</timestamp>
        <buyerID>73</buyerID>
        <sellerID>52</sellerID>
        <price>162</price>
      </transaction>
      <transaction>
        <timestamp>1333602813292</timestamp>
        <buyerID>113</buyerID>
        <sellerID>71</sellerID>
        <price>158</price>
      </transaction>
      <transaction>
        <timestamp>1333602819023</timestamp>
        <buyerID>14</buyerID>
        <sellerID>71</sellerID>
        <price>156</price>
      </transaction>
      <transaction>
        <timestamp>1333602819135</timestamp>
        <buyerID>74</buyerID>
        <sellerID>11</sellerID>
        <price>160</price>
      </transaction>
      <transaction>
        <timestamp>1333602819881</timestamp>
        <buyerID>114</buyerID>
        <sellerID>71</sellerID>
        <price>160</price>
      </transaction>
      <transaction>
        <timestamp>1333602820513</timestamp>
        <buyerID>113</buyerID>
        <sellerID>71</sellerID>
        <price>160</price>
      </transaction>
      <transaction>
        <timestamp>1333602908429</timestamp>
        <buyerID>73</buyerID>
        <sellerID>11</sellerID>
        <price>154</price>
      </transaction>
      <transaction>
        <timestamp>1333602912146</timestamp>
        <buyerID>74</buyerID>
        <sellerID>52</sellerID>
        <price>163</price>
      </transaction>
    </repetition>
    <repetition>
      <id>5</id>
      <transaction>
        <timestamp>1333602925682</timestamp>
        <buyerID>113</buyerID>
        <sellerID>111</sellerID>
        <price>180</price>
      </transaction>
      <transaction>
        <timestamp>1333602926233</timestamp>
        <buyerID>113</buyerID>
        <sellerID>51</sellerID>
        <price>174</price>
      </transaction>
      <transaction>
        <timestamp>1333602926397</timestamp>
        <buyerID>73</buyerID>
        <sellerID>112</sellerID>
        <price>175</price>
      </transaction>
      <transaction>
        <timestamp>1333602926405</timestamp>
        <buyerID>73</buyerID>
        <sellerID>52</sellerID>
        <price>176</price>
      </transaction>
      <transaction>
        <timestamp>1333602926410</timestamp>
        <buyerID>13</buyerID>
        <sellerID>111</sellerID>
        <price>180</price>
      </transaction>
      <transaction>
        <timestamp>1333602927752</timestamp>
        <buyerID>114</buyerID>
        <sellerID>112</sellerID>
        <price>177</price>
      </transaction>
      <transaction>
        <timestamp>1333602927867</timestamp>
        <buyerID>113</buyerID>
        <sellerID>72</sellerID>
        <price>175</price>
      </transaction>
      <transaction>
        <timestamp>1333602927977</timestamp>
        <buyerID>74</buyerID>
        <sellerID>51</sellerID>
        <price>178</price>
      </transaction>
      <transaction>
        <timestamp>1333602928160</timestamp>
        <buyerID>13</buyerID>
        <sellerID>52</sellerID>
        <price>179</price>
      </transaction>
      <transaction>
        <timestamp>1333602928291</timestamp>
        <buyerID>114</buyerID>
        <sellerID>12</sellerID>
        <price>176</price>
      </transaction>
      <transaction>
        <timestamp>1333602928470</timestamp>
        <buyerID>73</buyerID>
        <sellerID>112</sellerID>
        <price>180</price>
      </transaction>
      <transaction>
        <timestamp>1333602928495</timestamp>
        <buyerID>113</buyerID>
        <sellerID>12</sellerID>
        <price>175</price>
      </transaction>
      <transaction>
        <timestamp>1333602928720</timestamp>
        <buyerID>113</buyerID>
        <sellerID>11</sellerID>
        <price>164</price>
      </transaction>
      <transaction>
        <timestamp>1333602928882</timestamp>
        <buyerID>14</buyerID>
        <sellerID>51</sellerID>
        <price>165</price>
      </transaction>
      <transaction>
        <timestamp>1333602928888</timestamp>
        <buyerID>74</buyerID>
        <sellerID>112</sellerID>
        <price>165</price>
      </transaction>
      <transaction>
        <timestamp>1333602929246</timestamp>
        <buyerID>114</buyerID>
        <sellerID>51</sellerID>
        <price>163</price>
      </transaction>
      <transaction>
        <timestamp>1333602929459</timestamp>
        <buyerID>114</buyerID>
        <sellerID>11</sellerID>
        <price>163</price>
      </transaction>
      <transaction>
        <timestamp>1333602930071</timestamp>
        <buyerID>14</buyerID>
        <sellerID>52</sellerID>
        <price>168</price>
      </transaction>
      <transaction>
        <timestamp>1333602930176</timestamp>
        <buyerID>53</buyerID>
        <sellerID>12</sellerID>
        <price>129</price>
      </transaction>
      <transaction>
        <timestamp>1333602930815</timestamp>
        <buyerID>14</buyerID>
        <sellerID>11</sellerID>
        <price>161</price>
      </transaction>
      <transaction>
        <timestamp>1333602930922</timestamp>
        <buyerID>53</buyerID>
        <sellerID>112</sellerID>
        <price>203</price>
      </transaction>
      <transaction>
        <timestamp>1333602931061</timestamp>
        <buyerID>13</buyerID>
        <sellerID>11</sellerID>
        <price>153</price>
      </transaction>
      <transaction>
        <timestamp>1333602931786</timestamp>
        <buyerID>73</buyerID>
        <sellerID>12</sellerID>
        <price>132</price>
      </transaction>
      <transaction>
        <timestamp>1333602933258</timestamp>
        <buyerID>74</buyerID>
        <sellerID>51</sellerID>
        <price>170</price>
      </transaction>
      <transaction>
        <timestamp>1333602933264</timestamp>
        <buyerID>14</buyerID>
        <sellerID>72</sellerID>
        <price>169</price>
      </transaction>
      <transaction>
        <timestamp>1333602935565</timestamp>
        <buyerID>114</buyerID>
        <sellerID>11</sellerID>
        <price>162</price>
      </transaction>
      <transaction>
        <timestamp>1333602936971</timestamp>
        <buyerID>14</buyerID>
        <sellerID>11</sellerID>
        <price>164</price>
      </transaction>
      <transaction>
        <timestamp>1333602947479</timestamp>
        <buyerID>74</buyerID>
        <sellerID>52</sellerID>
        <price>163</price>
      </transaction>
      <transaction>
        <timestamp>1333602948142</timestamp>
        <buyerID>13</buyerID>
        <sellerID>11</sellerID>
        <price>160</price>
      </transaction>
      <transaction>
        <timestamp>1333602957936</timestamp>
        <buyerID>13</buyerID>
        <sellerID>71</sellerID>
        <price>158</price>
      </transaction>
      <transaction>
        <timestamp>1333602966906</timestamp>
        <buyerID>14</buyerID>
        <sellerID>12</sellerID>
        <price>158</price>
      </transaction>
      <transaction>
        <timestamp>1333602970568</timestamp>
        <buyerID>13</buyerID>
        <sellerID>71</sellerID>
        <price>155</price>
      </transaction>
      <transaction>
        <timestamp>1333603030536</timestamp>
        <buyerID>53</buyerID>
        <sellerID>71</sellerID>
        <price>108</price>
      </transaction>
      <transaction>
        <timestamp>1333603031233</timestamp>
        <buyerID>53</buyerID>
        <sellerID>71</sellerID>
        <price>142</price>
      </transaction>
      <transaction>
        <timestamp>1333603039510</timestamp>
        <buyerID>74</buyerID>
        <sellerID>52</sellerID>
        <price>164</price>
      </transaction>
    </repetition>
  </transactions>
  <scores>
    <agent>
      <ID>71</ID>
      <userName>kaplan1</userName>
      <strategy>KAPLAN</strategy>
      <values>
        <value>71</value>
        <value>84</value>
        <value>85</value>
        <value>100</value>
        <value>139</value>
        <value>177</value>
        <value>199</value>
        <value>217</value>
        <value>250</value>
        <value>258</value>
      </values>
      <score>251.6</score>
    </agent>
    <agent>
      <ID>111</ID>
      <userName>gdx1</userName>
      <strategy>GDX</strategy>
      <values>
        <value>99</value>
        <value>103</value>
        <value>181</value>
        <value>198</value>
        <value>202</value>
        <value>213</value>
        <value>224</value>
        <value>226</value>
        <value>241</value>
        <value>250</value>
      </values>
      <score>116.6</score>
    </agent>
    <agent>
      <ID>11</ID>
      <userName>zi1</userName>
      <strategy>ZI</strategy>
      <values>
        <value>62</value>
        <value>75</value>
        <value>95</value>
        <value>116</value>
        <value>140</value>
        <value>149</value>
        <value>151</value>
        <value>196</value>
        <value>223</value>
        <value>243</value>
      </values>
      <score>246.0</score>
    </agent>
    <agent>
      <ID>72</ID>
      <userName>kaplan2</userName>
      <strategy>KAPLAN</strategy>
      <values>
        <value>66</value>
        <value>101</value>
        <value>179</value>
        <value>190</value>
        <value>199</value>
        <value>228</value>
        <value>240</value>
        <value>241</value>
        <value>246</value>
        <value>258</value>
      </values>
      <score>122.4</score>
    </agent>
    <agent>
      <ID>12</ID>
      <userName>zi2</userName>
      <strategy>ZI</strategy>
      <values>
        <value>76</value>
        <value>86</value>
        <value>106</value>
        <value>110</value>
        <value>156</value>
        <value>177</value>
        <value>198</value>
        <value>227</value>
        <value>255</value>
        <value>256</value>
      </values>
      <score>184.2</score>
    </agent>
    <agent>
      <ID>73</ID>
      <userName>kaplan3</userName>
      <strategy>KAPLAN</strategy>
      <values>
        <value>243</value>
        <value>234</value>
        <value>223</value>
        <value>191</value>
        <value>156</value>
        <value>154</value>
        <value>134</value>
        <value>127</value>
        <value>61</value>
        <value>61</value>
      </values>
      <score>283.2</score>
    </agent>
    <agent>
      <ID>13</ID>
      <userName>zi3</userName>
      <strategy>ZI</strategy>
      <values>
        <value>241</value>
        <value>238</value>
        <value>198</value>
        <value>171</value>
        <value>169</value>
        <value>156</value>
        <value>151</value>
        <value>127</value>
        <value>117</value>
        <value>90</value>
      </values>
      <score>266.4</score>
    </agent>
    <agent>
      <ID>14</ID>
      <userName>zi4</userName>
      <strategy>ZI</strategy>
      <values>
        <value>236</value>
        <value>193</value>
        <value>186</value>
        <value>185</value>
        <value>179</value>
        <value>160</value>
        <value>135</value>
        <value>122</value>
        <value>110</value>
        <value>64</value>
      </values>
      <score>221.6</score>
    </agent>
    <agent>
      <ID>74</ID>
      <userName>kaplan4</userName>
      <strategy>KAPLAN</strategy>
      <values>
        <value>251</value>
        <value>244</value>
        <value>220</value>
        <value>211</value>
        <value>194</value>
        <value>168</value>
        <value>133</value>
        <value>132</value>
        <value>93</value>
        <value>70</value>
      </values>
      <score>313.6</score>
    </agent>
    <agent>
      <ID>51</ID>
      <userName>zip1</userName>
      <strategy>ZIP</strategy>
      <values>
        <value>86</value>
        <value>86</value>
        <value>117</value>
        <value>155</value>
        <value>170</value>
        <value>174</value>
        <value>190</value>
        <value>221</value>
        <value>228</value>
        <value>247</value>
      </values>
      <score>179.0</score>
    </agent>
    <agent>
      <ID>54</ID>
      <userName>zip4</userName>
      <strategy>ZIP</strategy>
      <values>
        <value>233</value>
        <value>232</value>
        <value>222</value>
        <value>189</value>
        <value>186</value>
        <value>171</value>
        <value>128</value>
        <value>122</value>
        <value>86</value>
        <value>61</value>
      </values>
      <score>83.4</score>
    </agent>
    <agent>
      <ID>114</ID>
      <userName>gdx4</userName>
      <strategy>GDX</strategy>
      <values>
        <value>252</value>
        <value>225</value>
        <value>181</value>
        <value>166</value>
        <value>163</value>
        <value>132</value>
        <value>128</value>
        <value>116</value>
        <value>111</value>
        <value>63</value>
      </values>
      <score>251.2</score>
    </agent>
    <agent>
      <ID>53</ID>
      <userName>zip3</userName>
      <strategy>ZIP</strategy>
      <values>
        <value>240</value>
        <value>220</value>
        <value>207</value>
        <value>182</value>
        <value>169</value>
        <value>159</value>
        <value>101</value>
        <value>91</value>
        <value>91</value>
        <value>75</value>
      </values>
      <score>87.2</score>
    </agent>
    <agent>
      <ID>113</ID>
      <userName>gdx3</userName>
      <strategy>GDX</strategy>
      <values>
        <value>239</value>
        <value>237</value>
        <value>223</value>
        <value>200</value>
        <value>184</value>
        <value>113</value>
        <value>84</value>
        <value>82</value>
        <value>75</value>
        <value>70</value>
      </values>
      <score>308.8</score>
    </agent>
    <agent>
      <ID>112</ID>
      <userName>gdx2</userName>
      <strategy>GDX</strategy>
      <values>
        <value>98</value>
        <value>98</value>
        <value>99</value>
        <value>147</value>
        <value>163</value>
        <value>193</value>
        <value>207</value>
        <value>227</value>
        <value>234</value>
        <value>259</value>
      </values>
      <score>178.6</score>
    </agent>
    <agent>
      <ID>52</ID>
      <userName>zip2</userName>
      <strategy>ZIP</strategy>
      <values>
        <value>89</value>
        <value>117</value>
        <value>162</value>
        <value>163</value>
        <value>164</value>
        <value>167</value>
        <value>171</value>
        <value>179</value>
        <value>196</value>
        <value>211</value>
      </values>
      <score>115.8</score>
    </agent>
  </scores>
</results>

