<results>
  <transactions>
    <repetition>
      <id>1</id>
      <transaction>
        <timestamp>1333601036267</timestamp>
        <buyerID>55</buyerID>
        <sellerID>32</sellerID>
        <price>153</price>
      </transaction>
      <transaction>
        <timestamp>1333601036437</timestamp>
        <buyerID>56</buyerID>
        <sellerID>51</sellerID>
        <price>93</price>
      </transaction>
      <transaction>
        <timestamp>1333601036443</timestamp>
        <buyerID>34</buyerID>
        <sellerID>32</sellerID>
        <price>163</price>
      </transaction>
      <transaction>
        <timestamp>1333601036447</timestamp>
        <buyerID>33</buyerID>
        <sellerID>31</sellerID>
        <price>94</price>
      </transaction>
      <transaction>
        <timestamp>1333601036662</timestamp>
        <buyerID>34</buyerID>
        <sellerID>32</sellerID>
        <price>105</price>
      </transaction>
      <transaction>
        <timestamp>1333601036679</timestamp>
        <buyerID>56</buyerID>
        <sellerID>31</sellerID>
        <price>106</price>
      </transaction>
      <transaction>
        <timestamp>1333601037652</timestamp>
        <buyerID>33</buyerID>
        <sellerID>112</sellerID>
        <price>123</price>
      </transaction>
      <transaction>
        <timestamp>1333601037653</timestamp>
        <buyerID>34</buyerID>
        <sellerID>51</sellerID>
        <price>123</price>
      </transaction>
      <transaction>
        <timestamp>1333601037875</timestamp>
        <buyerID>114</buyerID>
        <sellerID>31</sellerID>
        <price>117</price>
      </transaction>
      <transaction>
        <timestamp>1333601037881</timestamp>
        <buyerID>34</buyerID>
        <sellerID>54</sellerID>
        <price>121</price>
      </transaction>
      <transaction>
        <timestamp>1333601037886</timestamp>
        <buyerID>33</buyerID>
        <sellerID>111</sellerID>
        <price>124</price>
      </transaction>
      <transaction>
        <timestamp>1333601039009</timestamp>
        <buyerID>33</buyerID>
        <sellerID>112</sellerID>
        <price>124</price>
      </transaction>
      <transaction>
        <timestamp>1333601039056</timestamp>
        <buyerID>34</buyerID>
        <sellerID>111</sellerID>
        <price>125</price>
      </transaction>
      <transaction>
        <timestamp>1333601039071</timestamp>
        <buyerID>33</buyerID>
        <sellerID>51</sellerID>
        <price>125</price>
      </transaction>
      <transaction>
        <timestamp>1333601040555</timestamp>
        <buyerID>33</buyerID>
        <sellerID>112</sellerID>
        <price>134</price>
      </transaction>
      <transaction>
        <timestamp>1333601040589</timestamp>
        <buyerID>34</buyerID>
        <sellerID>52</sellerID>
        <price>130</price>
      </transaction>
      <transaction>
        <timestamp>1333601041382</timestamp>
        <buyerID>114</buyerID>
        <sellerID>54</sellerID>
        <price>129</price>
      </transaction>
      <transaction>
        <timestamp>1333601041586</timestamp>
        <buyerID>34</buyerID>
        <sellerID>111</sellerID>
        <price>133</price>
      </transaction>
      <transaction>
        <timestamp>1333601041652</timestamp>
        <buyerID>113</buyerID>
        <sellerID>54</sellerID>
        <price>129</price>
      </transaction>
      <transaction>
        <timestamp>1333601041659</timestamp>
        <buyerID>56</buyerID>
        <sellerID>52</sellerID>
        <price>123</price>
      </transaction>
      <transaction>
        <timestamp>1333601043946</timestamp>
        <buyerID>114</buyerID>
        <sellerID>112</sellerID>
        <price>124</price>
      </transaction>
      <transaction>
        <timestamp>1333601044057</timestamp>
        <buyerID>113</buyerID>
        <sellerID>51</sellerID>
        <price>124</price>
      </transaction>
      <transaction>
        <timestamp>1333601044212</timestamp>
        <buyerID>57</buyerID>
        <sellerID>51</sellerID>
        <price>118</price>
      </transaction>
      <transaction>
        <timestamp>1333601044444</timestamp>
        <buyerID>114</buyerID>
        <sellerID>52</sellerID>
        <price>123</price>
      </transaction>
      <transaction>
        <timestamp>1333601044521</timestamp>
        <buyerID>114</buyerID>
        <sellerID>53</sellerID>
        <price>124</price>
      </transaction>
      <transaction>
        <timestamp>1333601045513</timestamp>
        <buyerID>114</buyerID>
        <sellerID>111</sellerID>
        <price>126</price>
      </transaction>
      <transaction>
        <timestamp>1333601046378</timestamp>
        <buyerID>113</buyerID>
        <sellerID>54</sellerID>
        <price>127</price>
      </transaction>
      <transaction>
        <timestamp>1333601049339</timestamp>
        <buyerID>113</buyerID>
        <sellerID>53</sellerID>
        <price>131</price>
      </transaction>
      <transaction>
        <timestamp>1333601064344</timestamp>
        <buyerID>114</buyerID>
        <sellerID>53</sellerID>
        <price>130</price>
      </transaction>
      <transaction>
        <timestamp>1333601081640</timestamp>
        <buyerID>113</buyerID>
        <sellerID>53</sellerID>
        <price>130</price>
      </transaction>
      <transaction>
        <timestamp>1333601082358</timestamp>
        <buyerID>113</buyerID>
        <sellerID>53</sellerID>
        <price>129</price>
      </transaction>
      <transaction>
        <timestamp>1333601113714</timestamp>
        <buyerID>114</buyerID>
        <sellerID>53</sellerID>
        <price>127</price>
      </transaction>
    </repetition>
    <repetition>
      <id>2</id>
      <transaction>
        <timestamp>1333601162571</timestamp>
        <buyerID>56</buyerID>
        <sellerID>53</sellerID>
        <price>133</price>
      </transaction>
      <transaction>
        <timestamp>1333601162722</timestamp>
        <buyerID>34</buyerID>
        <sellerID>111</sellerID>
        <price>212</price>
      </transaction>
      <transaction>
        <timestamp>1333601162895</timestamp>
        <buyerID>33</buyerID>
        <sellerID>112</sellerID>
        <price>223</price>
      </transaction>
      <transaction>
        <timestamp>1333601163113</timestamp>
        <buyerID>113</buyerID>
        <sellerID>32</sellerID>
        <price>133</price>
      </transaction>
      <transaction>
        <timestamp>1333601163782</timestamp>
        <buyerID>114</buyerID>
        <sellerID>32</sellerID>
        <price>102</price>
      </transaction>
      <transaction>
        <timestamp>1333601163790</timestamp>
        <buyerID>33</buyerID>
        <sellerID>54</sellerID>
        <price>116</price>
      </transaction>
      <transaction>
        <timestamp>1333601163795</timestamp>
        <buyerID>34</buyerID>
        <sellerID>112</sellerID>
        <price>117</price>
      </transaction>
      <transaction>
        <timestamp>1333601163944</timestamp>
        <buyerID>34</buyerID>
        <sellerID>111</sellerID>
        <price>117</price>
      </transaction>
      <transaction>
        <timestamp>1333601164259</timestamp>
        <buyerID>33</buyerID>
        <sellerID>32</sellerID>
        <price>100</price>
      </transaction>
      <transaction>
        <timestamp>1333601164552</timestamp>
        <buyerID>114</buyerID>
        <sellerID>31</sellerID>
        <price>95</price>
      </transaction>
      <transaction>
        <timestamp>1333601164830</timestamp>
        <buyerID>34</buyerID>
        <sellerID>111</sellerID>
        <price>155</price>
      </transaction>
      <transaction>
        <timestamp>1333601165200</timestamp>
        <buyerID>33</buyerID>
        <sellerID>31</sellerID>
        <price>139</price>
      </transaction>
      <transaction>
        <timestamp>1333601166661</timestamp>
        <buyerID>114</buyerID>
        <sellerID>31</sellerID>
        <price>115</price>
      </transaction>
      <transaction>
        <timestamp>1333601166663</timestamp>
        <buyerID>33</buyerID>
        <sellerID>54</sellerID>
        <price>122</price>
      </transaction>
      <transaction>
        <timestamp>1333601166686</timestamp>
        <buyerID>34</buyerID>
        <sellerID>111</sellerID>
        <price>122</price>
      </transaction>
      <transaction>
        <timestamp>1333601166976</timestamp>
        <buyerID>34</buyerID>
        <sellerID>112</sellerID>
        <price>123</price>
      </transaction>
      <transaction>
        <timestamp>1333601166984</timestamp>
        <buyerID>33</buyerID>
        <sellerID>52</sellerID>
        <price>124</price>
      </transaction>
      <transaction>
        <timestamp>1333601167973</timestamp>
        <buyerID>34</buyerID>
        <sellerID>52</sellerID>
        <price>129</price>
      </transaction>
      <transaction>
        <timestamp>1333601170768</timestamp>
        <buyerID>113</buyerID>
        <sellerID>52</sellerID>
        <price>122</price>
      </transaction>
      <transaction>
        <timestamp>1333601170914</timestamp>
        <buyerID>114</buyerID>
        <sellerID>112</sellerID>
        <price>121</price>
      </transaction>
      <transaction>
        <timestamp>1333601175327</timestamp>
        <buyerID>113</buyerID>
        <sellerID>54</sellerID>
        <price>117</price>
      </transaction>
      <transaction>
        <timestamp>1333601177720</timestamp>
        <buyerID>113</buyerID>
        <sellerID>51</sellerID>
        <price>114</price>
      </transaction>
      <transaction>
        <timestamp>1333601178948</timestamp>
        <buyerID>113</buyerID>
        <sellerID>53</sellerID>
        <price>116</price>
      </transaction>
      <transaction>
        <timestamp>1333601179143</timestamp>
        <buyerID>114</buyerID>
        <sellerID>51</sellerID>
        <price>117</price>
      </transaction>
      <transaction>
        <timestamp>1333601182911</timestamp>
        <buyerID>113</buyerID>
        <sellerID>51</sellerID>
        <price>116</price>
      </transaction>
      <transaction>
        <timestamp>1333601189514</timestamp>
        <buyerID>114</buyerID>
        <sellerID>51</sellerID>
        <price>113</price>
      </transaction>
      <transaction>
        <timestamp>1333601195582</timestamp>
        <buyerID>114</buyerID>
        <sellerID>53</sellerID>
        <price>114</price>
      </transaction>
      <transaction>
        <timestamp>1333601196911</timestamp>
        <buyerID>114</buyerID>
        <sellerID>51</sellerID>
        <price>115</price>
      </transaction>
      <transaction>
        <timestamp>1333601244281</timestamp>
        <buyerID>33</buyerID>
        <sellerID>53</sellerID>
        <price>107</price>
      </transaction>
    </repetition>
    <repetition>
      <id>3</id>
      <transaction>
        <timestamp>1333601290281</timestamp>
        <buyerID>114</buyerID>
        <sellerID>31</sellerID>
        <price>81</price>
      </transaction>
      <transaction>
        <timestamp>1333601290289</timestamp>
        <buyerID>56</buyerID>
        <sellerID>51</sellerID>
        <price>146</price>
      </transaction>
      <transaction>
        <timestamp>1333601290494</timestamp>
        <buyerID>33</buyerID>
        <sellerID>111</sellerID>
        <price>147</price>
      </transaction>
      <transaction>
        <timestamp>1333601290499</timestamp>
        <buyerID>34</buyerID>
        <sellerID>52</sellerID>
        <price>172</price>
      </transaction>
      <transaction>
        <timestamp>1333601290713</timestamp>
        <buyerID>113</buyerID>
        <sellerID>32</sellerID>
        <price>175</price>
      </transaction>
      <transaction>
        <timestamp>1333601291278</timestamp>
        <buyerID>34</buyerID>
        <sellerID>32</sellerID>
        <price>102</price>
      </transaction>
      <transaction>
        <timestamp>1333601291282</timestamp>
        <buyerID>33</buyerID>
        <sellerID>31</sellerID>
        <price>118</price>
      </transaction>
      <transaction>
        <timestamp>1333601292058</timestamp>
        <buyerID>34</buyerID>
        <sellerID>52</sellerID>
        <price>147</price>
      </transaction>
      <transaction>
        <timestamp>1333601292239</timestamp>
        <buyerID>33</buyerID>
        <sellerID>31</sellerID>
        <price>127</price>
      </transaction>
      <transaction>
        <timestamp>1333601292557</timestamp>
        <buyerID>33</buyerID>
        <sellerID>32</sellerID>
        <price>107</price>
      </transaction>
      <transaction>
        <timestamp>1333601292916</timestamp>
        <buyerID>34</buyerID>
        <sellerID>54</sellerID>
        <price>127</price>
      </transaction>
      <transaction>
        <timestamp>1333601293810</timestamp>
        <buyerID>34</buyerID>
        <sellerID>51</sellerID>
        <price>122</price>
      </transaction>
      <transaction>
        <timestamp>1333601293821</timestamp>
        <buyerID>34</buyerID>
        <sellerID>112</sellerID>
        <price>126</price>
      </transaction>
      <transaction>
        <timestamp>1333601293831</timestamp>
        <buyerID>33</buyerID>
        <sellerID>111</sellerID>
        <price>126</price>
      </transaction>
      <transaction>
        <timestamp>1333601294891</timestamp>
        <buyerID>34</buyerID>
        <sellerID>52</sellerID>
        <price>128</price>
      </transaction>
      <transaction>
        <timestamp>1333601295053</timestamp>
        <buyerID>33</buyerID>
        <sellerID>111</sellerID>
        <price>128</price>
      </transaction>
      <transaction>
        <timestamp>1333601296782</timestamp>
        <buyerID>114</buyerID>
        <sellerID>112</sellerID>
        <price>122</price>
      </transaction>
      <transaction>
        <timestamp>1333601297251</timestamp>
        <buyerID>113</buyerID>
        <sellerID>54</sellerID>
        <price>123</price>
      </transaction>
      <transaction>
        <timestamp>1333601297648</timestamp>
        <buyerID>113</buyerID>
        <sellerID>51</sellerID>
        <price>123</price>
      </transaction>
      <transaction>
        <timestamp>1333601297853</timestamp>
        <buyerID>114</buyerID>
        <sellerID>53</sellerID>
        <price>124</price>
      </transaction>
      <transaction>
        <timestamp>1333601298287</timestamp>
        <buyerID>114</buyerID>
        <sellerID>112</sellerID>
        <price>124</price>
      </transaction>
      <transaction>
        <timestamp>1333601298403</timestamp>
        <buyerID>113</buyerID>
        <sellerID>111</sellerID>
        <price>124</price>
      </transaction>
      <transaction>
        <timestamp>1333601299058</timestamp>
        <buyerID>114</buyerID>
        <sellerID>51</sellerID>
        <price>124</price>
      </transaction>
      <transaction>
        <timestamp>1333601299242</timestamp>
        <buyerID>113</buyerID>
        <sellerID>112</sellerID>
        <price>124</price>
      </transaction>
      <transaction>
        <timestamp>1333601299986</timestamp>
        <buyerID>114</buyerID>
        <sellerID>54</sellerID>
        <price>125</price>
      </transaction>
      <transaction>
        <timestamp>1333601301280</timestamp>
        <buyerID>113</buyerID>
        <sellerID>51</sellerID>
        <price>123</price>
      </transaction>
      <transaction>
        <timestamp>1333601304364</timestamp>
        <buyerID>114</buyerID>
        <sellerID>54</sellerID>
        <price>124</price>
      </transaction>
      <transaction>
        <timestamp>1333601306644</timestamp>
        <buyerID>114</buyerID>
        <sellerID>53</sellerID>
        <price>124</price>
      </transaction>
    </repetition>
    <repetition>
      <id>4</id>
      <transaction>
        <timestamp>1333601418050</timestamp>
        <buyerID>113</buyerID>
        <sellerID>112</sellerID>
        <price>80</price>
      </transaction>
      <transaction>
        <timestamp>1333601418055</timestamp>
        <buyerID>33</buyerID>
        <sellerID>31</sellerID>
        <price>104</price>
      </transaction>
      <transaction>
        <timestamp>1333601418094</timestamp>
        <buyerID>34</buyerID>
        <sellerID>32</sellerID>
        <price>110</price>
      </transaction>
      <transaction>
        <timestamp>1333601419063</timestamp>
        <buyerID>114</buyerID>
        <sellerID>54</sellerID>
        <price>159</price>
      </transaction>
      <transaction>
        <timestamp>1333601419105</timestamp>
        <buyerID>33</buyerID>
        <sellerID>51</sellerID>
        <price>145</price>
      </transaction>
      <transaction>
        <timestamp>1333601419233</timestamp>
        <buyerID>34</buyerID>
        <sellerID>53</sellerID>
        <price>216</price>
      </transaction>
      <transaction>
        <timestamp>1333601419693</timestamp>
        <buyerID>114</buyerID>
        <sellerID>52</sellerID>
        <price>152</price>
      </transaction>
      <transaction>
        <timestamp>1333601419888</timestamp>
        <buyerID>113</buyerID>
        <sellerID>31</sellerID>
        <price>151</price>
      </transaction>
      <transaction>
        <timestamp>1333601419904</timestamp>
        <buyerID>34</buyerID>
        <sellerID>112</sellerID>
        <price>152</price>
      </transaction>
      <transaction>
        <timestamp>1333601420032</timestamp>
        <buyerID>34</buyerID>
        <sellerID>111</sellerID>
        <price>154</price>
      </transaction>
      <transaction>
        <timestamp>1333601420278</timestamp>
        <buyerID>114</buyerID>
        <sellerID>32</sellerID>
        <price>152</price>
      </transaction>
      <transaction>
        <timestamp>1333601420508</timestamp>
        <buyerID>113</buyerID>
        <sellerID>52</sellerID>
        <price>151</price>
      </transaction>
      <transaction>
        <timestamp>1333601420690</timestamp>
        <buyerID>34</buyerID>
        <sellerID>112</sellerID>
        <price>152</price>
      </transaction>
      <transaction>
        <timestamp>1333601420694</timestamp>
        <buyerID>33</buyerID>
        <sellerID>31</sellerID>
        <price>150</price>
      </transaction>
      <transaction>
        <timestamp>1333601420698</timestamp>
        <buyerID>56</buyerID>
        <sellerID>32</sellerID>
        <price>106</price>
      </transaction>
      <transaction>
        <timestamp>1333601421743</timestamp>
        <buyerID>34</buyerID>
        <sellerID>112</sellerID>
        <price>126</price>
      </transaction>
      <transaction>
        <timestamp>1333601422219</timestamp>
        <buyerID>34</buyerID>
        <sellerID>111</sellerID>
        <price>126</price>
      </transaction>
      <transaction>
        <timestamp>1333601422429</timestamp>
        <buyerID>33</buyerID>
        <sellerID>52</sellerID>
        <price>127</price>
      </transaction>
      <transaction>
        <timestamp>1333601422985</timestamp>
        <buyerID>114</buyerID>
        <sellerID>54</sellerID>
        <price>126</price>
      </transaction>
      <transaction>
        <timestamp>1333601423041</timestamp>
        <buyerID>33</buyerID>
        <sellerID>51</sellerID>
        <price>128</price>
      </transaction>
      <transaction>
        <timestamp>1333601423795</timestamp>
        <buyerID>33</buyerID>
        <sellerID>111</sellerID>
        <price>129</price>
      </transaction>
      <transaction>
        <timestamp>1333601425114</timestamp>
        <buyerID>113</buyerID>
        <sellerID>51</sellerID>
        <price>131</price>
      </transaction>
      <transaction>
        <timestamp>1333601425324</timestamp>
        <buyerID>114</buyerID>
        <sellerID>54</sellerID>
        <price>131</price>
      </transaction>
      <transaction>
        <timestamp>1333601426863</timestamp>
        <buyerID>114</buyerID>
        <sellerID>54</sellerID>
        <price>129</price>
      </transaction>
      <transaction>
        <timestamp>1333601427385</timestamp>
        <buyerID>113</buyerID>
        <sellerID>111</sellerID>
        <price>129</price>
      </transaction>
      <transaction>
        <timestamp>1333601427473</timestamp>
        <buyerID>114</buyerID>
        <sellerID>51</sellerID>
        <price>129</price>
      </transaction>
      <transaction>
        <timestamp>1333601429710</timestamp>
        <buyerID>114</buyerID>
        <sellerID>53</sellerID>
        <price>129</price>
      </transaction>
      <transaction>
        <timestamp>1333601431717</timestamp>
        <buyerID>113</buyerID>
        <sellerID>51</sellerID>
        <price>129</price>
      </transaction>
      <transaction>
        <timestamp>1333601538182</timestamp>
        <buyerID>33</buyerID>
        <sellerID>53</sellerID>
        <price>107</price>
      </transaction>
    </repetition>
    <repetition>
      <id>5</id>
      <transaction>
        <timestamp>1333601545419</timestamp>
        <buyerID>33</buyerID>
        <sellerID>111</sellerID>
        <price>97</price>
      </transaction>
      <transaction>
        <timestamp>1333601545609</timestamp>
        <buyerID>34</buyerID>
        <sellerID>32</sellerID>
        <price>105</price>
      </transaction>
      <transaction>
        <timestamp>1333601546099</timestamp>
        <buyerID>33</buyerID>
        <sellerID>112</sellerID>
        <price>102</price>
      </transaction>
      <transaction>
        <timestamp>1333601546122</timestamp>
        <buyerID>34</buyerID>
        <sellerID>31</sellerID>
        <price>103</price>
      </transaction>
      <transaction>
        <timestamp>1333601546710</timestamp>
        <buyerID>113</buyerID>
        <sellerID>32</sellerID>
        <price>99</price>
      </transaction>
      <transaction>
        <timestamp>1333601547104</timestamp>
        <buyerID>114</buyerID>
        <sellerID>112</sellerID>
        <price>100</price>
      </transaction>
      <transaction>
        <timestamp>1333601547113</timestamp>
        <buyerID>34</buyerID>
        <sellerID>51</sellerID>
        <price>101</price>
      </transaction>
      <transaction>
        <timestamp>1333601547118</timestamp>
        <buyerID>33</buyerID>
        <sellerID>31</sellerID>
        <price>106</price>
      </transaction>
      <transaction>
        <timestamp>1333601547483</timestamp>
        <buyerID>33</buyerID>
        <sellerID>54</sellerID>
        <price>103</price>
      </transaction>
      <transaction>
        <timestamp>1333601547870</timestamp>
        <buyerID>34</buyerID>
        <sellerID>32</sellerID>
        <price>104</price>
      </transaction>
      <transaction>
        <timestamp>1333601548343</timestamp>
        <buyerID>33</buyerID>
        <sellerID>112</sellerID>
        <price>104</price>
      </transaction>
      <transaction>
        <timestamp>1333601548522</timestamp>
        <buyerID>34</buyerID>
        <sellerID>31</sellerID>
        <price>110</price>
      </transaction>
      <transaction>
        <timestamp>1333601548770</timestamp>
        <buyerID>33</buyerID>
        <sellerID>111</sellerID>
        <price>111</price>
      </transaction>
      <transaction>
        <timestamp>1333601548794</timestamp>
        <buyerID>34</buyerID>
        <sellerID>53</sellerID>
        <price>115</price>
      </transaction>
      <transaction>
        <timestamp>1333601550296</timestamp>
        <buyerID>113</buyerID>
        <sellerID>112</sellerID>
        <price>125</price>
      </transaction>
      <transaction>
        <timestamp>1333601550556</timestamp>
        <buyerID>114</buyerID>
        <sellerID>53</sellerID>
        <price>125</price>
      </transaction>
      <transaction>
        <timestamp>1333601550667</timestamp>
        <buyerID>34</buyerID>
        <sellerID>52</sellerID>
        <price>126</price>
      </transaction>
      <transaction>
        <timestamp>1333601551102</timestamp>
        <buyerID>114</buyerID>
        <sellerID>51</sellerID>
        <price>126</price>
      </transaction>
      <transaction>
        <timestamp>1333601551346</timestamp>
        <buyerID>113</buyerID>
        <sellerID>54</sellerID>
        <price>127</price>
      </transaction>
      <transaction>
        <timestamp>1333601551776</timestamp>
        <buyerID>114</buyerID>
        <sellerID>52</sellerID>
        <price>128</price>
      </transaction>
      <transaction>
        <timestamp>1333601552873</timestamp>
        <buyerID>114</buyerID>
        <sellerID>111</sellerID>
        <price>126</price>
      </transaction>
      <transaction>
        <timestamp>1333601553283</timestamp>
        <buyerID>113</buyerID>
        <sellerID>52</sellerID>
        <price>125</price>
      </transaction>
      <transaction>
        <timestamp>1333601553582</timestamp>
        <buyerID>113</buyerID>
        <sellerID>111</sellerID>
        <price>124</price>
      </transaction>
      <transaction>
        <timestamp>1333601554694</timestamp>
        <buyerID>114</buyerID>
        <sellerID>51</sellerID>
        <price>124</price>
      </transaction>
      <transaction>
        <timestamp>1333601555446</timestamp>
        <buyerID>114</buyerID>
        <sellerID>54</sellerID>
        <price>124</price>
      </transaction>
      <transaction>
        <timestamp>1333601556445</timestamp>
        <buyerID>114</buyerID>
        <sellerID>51</sellerID>
        <price>124</price>
      </transaction>
      <transaction>
        <timestamp>1333601558438</timestamp>
        <buyerID>113</buyerID>
        <sellerID>54</sellerID>
        <price>123</price>
      </transaction>
      <transaction>
        <timestamp>1333601576520</timestamp>
        <buyerID>33</buyerID>
        <sellerID>53</sellerID>
        <price>107</price>
      </transaction>
      <transaction>
        <timestamp>1333601603681</timestamp>
        <buyerID>33</buyerID>
        <sellerID>53</sellerID>
        <price>105</price>
      </transaction>
    </repetition>
  </transactions>
  <scores>
    <agent>
      <ID>34</ID>
      <userName>zibtq4</userName>
      <strategy>ZIBTQ</strategy>
      <values>
        <value>259</value>
        <value>252</value>
        <value>232</value>
        <value>190</value>
        <value>180</value>
        <value>156</value>
        <value>148</value>
        <value>83</value>
        <value>72</value>
        <value>66</value>
      </values>
      <score>497.2</score>
    </agent>
    <agent>
      <ID>32</ID>
      <userName>zibtq2</userName>
      <strategy>ZIBTQ</strategy>
      <values>
        <value>85</value>
        <value>92</value>
        <value>96</value>
        <value>153</value>
        <value>174</value>
        <value>179</value>
        <value>181</value>
        <value>196</value>
        <value>220</value>
        <value>226</value>
      </values>
      <score>90.2</score>
    </agent>
    <agent>
      <ID>33</ID>
      <userName>zibtq3</userName>
      <strategy>ZIBTQ</strategy>
      <values>
        <value>231</value>
        <value>198</value>
        <value>183</value>
        <value>179</value>
        <value>161</value>
        <value>152</value>
        <value>107</value>
        <value>105</value>
        <value>101</value>
        <value>83</value>
      </values>
      <score>362.6</score>
    </agent>
    <agent>
      <ID>111</ID>
      <userName>gdx1</userName>
      <strategy>GDX</strategy>
      <values>
        <value>83</value>
        <value>92</value>
        <value>115</value>
        <value>119</value>
        <value>132</value>
        <value>145</value>
        <value>187</value>
        <value>196</value>
        <value>215</value>
        <value>216</value>
      </values>
      <score>118.0</score>
    </agent>
    <agent>
      <ID>51</ID>
      <userName>zip1</userName>
      <strategy>ZIP</strategy>
      <values>
        <value>87</value>
        <value>90</value>
        <value>95</value>
        <value>112</value>
        <value>115</value>
        <value>142</value>
        <value>174</value>
        <value>200</value>
        <value>235</value>
        <value>236</value>
      </values>
      <score>110.6</score>
    </agent>
    <agent>
      <ID>55</ID>
      <userName>zip5</userName>
      <strategy>ZIP</strategy>
      <values>
        <value>254</value>
        <value>214</value>
        <value>207</value>
        <value>186</value>
        <value>162</value>
        <value>155</value>
        <value>142</value>
        <value>138</value>
        <value>119</value>
        <value>88</value>
      </values>
      <score>20.2</score>
    </agent>
    <agent>
      <ID>54</ID>
      <userName>zip4</userName>
      <strategy>ZIP</strategy>
      <values>
        <value>75</value>
        <value>77</value>
        <value>93</value>
        <value>122</value>
        <value>138</value>
        <value>150</value>
        <value>185</value>
        <value>205</value>
        <value>242</value>
        <value>247</value>
      </values>
      <score>133.8</score>
    </agent>
    <agent>
      <ID>114</ID>
      <userName>gdx4</userName>
      <strategy>GDX</strategy>
      <values>
        <value>260</value>
        <value>257</value>
        <value>256</value>
        <value>203</value>
        <value>200</value>
        <value>165</value>
        <value>164</value>
        <value>158</value>
        <value>101</value>
        <value>61</value>
      </values>
      <score>678.2</score>
    </agent>
    <agent>
      <ID>53</ID>
      <userName>zip3</userName>
      <strategy>ZIP</strategy>
      <values>
        <value>73</value>
        <value>76</value>
        <value>90</value>
        <value>102</value>
        <value>120</value>
        <value>121</value>
        <value>169</value>
        <value>212</value>
        <value>232</value>
        <value>243</value>
      </values>
      <score>148.2</score>
    </agent>
    <agent>
      <ID>113</ID>
      <userName>gdx3</userName>
      <strategy>GDX</strategy>
      <values>
        <value>246</value>
        <value>211</value>
        <value>208</value>
        <value>191</value>
        <value>174</value>
        <value>146</value>
        <value>89</value>
        <value>87</value>
        <value>87</value>
        <value>75</value>
      </values>
      <score>421.2</score>
    </agent>
    <agent>
      <ID>112</ID>
      <userName>gdx2</userName>
      <strategy>GDX</strategy>
      <values>
        <value>66</value>
        <value>67</value>
        <value>74</value>
        <value>84</value>
        <value>167</value>
        <value>201</value>
        <value>209</value>
        <value>210</value>
        <value>234</value>
        <value>245</value>
      </values>
      <score>214.2</score>
    </agent>
    <agent>
      <ID>52</ID>
      <userName>zip2</userName>
      <strategy>ZIP</strategy>
      <values>
        <value>74</value>
        <value>95</value>
        <value>114</value>
        <value>180</value>
        <value>206</value>
        <value>214</value>
        <value>216</value>
        <value>219</value>
        <value>239</value>
        <value>247</value>
      </values>
      <score>118.4</score>
    </agent>
    <agent>
      <ID>58</ID>
      <userName>zip8</userName>
      <strategy>ZIP</strategy>
      <values>
        <value>251</value>
        <value>223</value>
        <value>215</value>
        <value>196</value>
        <value>194</value>
        <value>184</value>
        <value>128</value>
        <value>108</value>
        <value>81</value>
        <value>81</value>
      </values>
      <score>0.0</score>
    </agent>
    <agent>
      <ID>57</ID>
      <userName>zip7</userName>
      <strategy>ZIP</strategy>
      <values>
        <value>242</value>
        <value>231</value>
        <value>217</value>
        <value>199</value>
        <value>188</value>
        <value>172</value>
        <value>165</value>
        <value>122</value>
        <value>93</value>
        <value>90</value>
      </values>
      <score>24.8</score>
    </agent>
    <agent>
      <ID>56</ID>
      <userName>zip6</userName>
      <strategy>ZIP</strategy>
      <values>
        <value>236</value>
        <value>206</value>
        <value>182</value>
        <value>155</value>
        <value>136</value>
        <value>123</value>
        <value>110</value>
        <value>96</value>
        <value>92</value>
        <value>62</value>
      </values>
      <score>125.0</score>
    </agent>
    <agent>
      <ID>31</ID>
      <userName>zibtq1</userName>
      <strategy>ZIBTQ</strategy>
      <values>
        <value>75</value>
        <value>106</value>
        <value>110</value>
        <value>141</value>
        <value>166</value>
        <value>213</value>
        <value>223</value>
        <value>228</value>
        <value>229</value>
        <value>255</value>
      </values>
      <score>52.2</score>
    </agent>
  </scores>
</results>

