<results>
  <transactions>
    <repetition>
      <id>1</id>
      <transaction>
        <timestamp>1333605186419</timestamp>
        <buyerID>117</buyerID>
        <sellerID>51</sellerID>
        <price>154</price>
      </transaction>
      <transaction>
        <timestamp>1333605186530</timestamp>
        <buyerID>117</buyerID>
        <sellerID>31</sellerID>
        <price>88</price>
      </transaction>
      <transaction>
        <timestamp>1333605186645</timestamp>
        <buyerID>34</buyerID>
        <sellerID>112</sellerID>
        <price>137</price>
      </transaction>
      <transaction>
        <timestamp>1333605186773</timestamp>
        <buyerID>33</buyerID>
        <sellerID>32</sellerID>
        <price>138</price>
      </transaction>
      <transaction>
        <timestamp>1333605187106</timestamp>
        <buyerID>53</buyerID>
        <sellerID>111</sellerID>
        <price>142</price>
      </transaction>
      <transaction>
        <timestamp>1333605187133</timestamp>
        <buyerID>53</buyerID>
        <sellerID>52</sellerID>
        <price>143</price>
      </transaction>
      <transaction>
        <timestamp>1333605187467</timestamp>
        <buyerID>33</buyerID>
        <sellerID>32</sellerID>
        <price>156</price>
      </transaction>
      <transaction>
        <timestamp>1333605188369</timestamp>
        <buyerID>34</buyerID>
        <sellerID>32</sellerID>
        <price>138</price>
      </transaction>
      <transaction>
        <timestamp>1333605188820</timestamp>
        <buyerID>53</buyerID>
        <sellerID>112</sellerID>
        <price>138</price>
      </transaction>
      <transaction>
        <timestamp>1333605189358</timestamp>
        <buyerID>33</buyerID>
        <sellerID>111</sellerID>
        <price>153</price>
      </transaction>
      <transaction>
        <timestamp>1333605189371</timestamp>
        <buyerID>34</buyerID>
        <sellerID>114</sellerID>
        <price>155</price>
      </transaction>
      <transaction>
        <timestamp>1333605189638</timestamp>
        <buyerID>115</buyerID>
        <sellerID>31</sellerID>
        <price>144</price>
      </transaction>
      <transaction>
        <timestamp>1333605189817</timestamp>
        <buyerID>117</buyerID>
        <sellerID>32</sellerID>
        <price>144</price>
      </transaction>
      <transaction>
        <timestamp>1333605189879</timestamp>
        <buyerID>34</buyerID>
        <sellerID>113</sellerID>
        <price>146</price>
      </transaction>
      <transaction>
        <timestamp>1333605190288</timestamp>
        <buyerID>118</buyerID>
        <sellerID>114</sellerID>
        <price>146</price>
      </transaction>
      <transaction>
        <timestamp>1333605190432</timestamp>
        <buyerID>118</buyerID>
        <sellerID>112</sellerID>
        <price>146</price>
      </transaction>
      <transaction>
        <timestamp>1333605190849</timestamp>
        <buyerID>33</buyerID>
        <sellerID>51</sellerID>
        <price>149</price>
      </transaction>
      <transaction>
        <timestamp>1333605190971</timestamp>
        <buyerID>116</buyerID>
        <sellerID>52</sellerID>
        <price>150</price>
      </transaction>
      <transaction>
        <timestamp>1333605191200</timestamp>
        <buyerID>34</buyerID>
        <sellerID>52</sellerID>
        <price>156</price>
      </transaction>
      <transaction>
        <timestamp>1333605191913</timestamp>
        <buyerID>118</buyerID>
        <sellerID>51</sellerID>
        <price>152</price>
      </transaction>
      <transaction>
        <timestamp>1333605192058</timestamp>
        <buyerID>33</buyerID>
        <sellerID>111</sellerID>
        <price>157</price>
      </transaction>
      <transaction>
        <timestamp>1333605192461</timestamp>
        <buyerID>117</buyerID>
        <sellerID>31</sellerID>
        <price>153</price>
      </transaction>
      <transaction>
        <timestamp>1333605192612</timestamp>
        <buyerID>117</buyerID>
        <sellerID>113</sellerID>
        <price>153</price>
      </transaction>
      <transaction>
        <timestamp>1333605193254</timestamp>
        <buyerID>33</buyerID>
        <sellerID>112</sellerID>
        <price>153</price>
      </transaction>
      <transaction>
        <timestamp>1333605193470</timestamp>
        <buyerID>117</buyerID>
        <sellerID>31</sellerID>
        <price>151</price>
      </transaction>
      <transaction>
        <timestamp>1333605193916</timestamp>
        <buyerID>116</buyerID>
        <sellerID>113</sellerID>
        <price>150</price>
      </transaction>
      <transaction>
        <timestamp>1333605193990</timestamp>
        <buyerID>34</buyerID>
        <sellerID>51</sellerID>
        <price>149</price>
      </transaction>
      <transaction>
        <timestamp>1333605194183</timestamp>
        <buyerID>115</buyerID>
        <sellerID>114</sellerID>
        <price>150</price>
      </transaction>
      <transaction>
        <timestamp>1333605194185</timestamp>
        <buyerID>33</buyerID>
        <sellerID>112</sellerID>
        <price>150</price>
      </transaction>
      <transaction>
        <timestamp>1333605194597</timestamp>
        <buyerID>116</buyerID>
        <sellerID>111</sellerID>
        <price>151</price>
      </transaction>
      <transaction>
        <timestamp>1333605195108</timestamp>
        <buyerID>115</buyerID>
        <sellerID>113</sellerID>
        <price>153</price>
      </transaction>
      <transaction>
        <timestamp>1333605195266</timestamp>
        <buyerID>116</buyerID>
        <sellerID>113</sellerID>
        <price>153</price>
      </transaction>
      <transaction>
        <timestamp>1333605195587</timestamp>
        <buyerID>115</buyerID>
        <sellerID>51</sellerID>
        <price>151</price>
      </transaction>
      <transaction>
        <timestamp>1333605196014</timestamp>
        <buyerID>115</buyerID>
        <sellerID>113</sellerID>
        <price>153</price>
      </transaction>
      <transaction>
        <timestamp>1333605196695</timestamp>
        <buyerID>118</buyerID>
        <sellerID>51</sellerID>
        <price>153</price>
      </transaction>
      <transaction>
        <timestamp>1333605197919</timestamp>
        <buyerID>116</buyerID>
        <sellerID>52</sellerID>
        <price>153</price>
      </transaction>
      <transaction>
        <timestamp>1333605305588</timestamp>
        <buyerID>118</buyerID>
        <sellerID>111</sellerID>
        <price>156</price>
      </transaction>
    </repetition>
    <repetition>
      <id>2</id>
      <transaction>
        <timestamp>1333605312586</timestamp>
        <buyerID>33</buyerID>
        <sellerID>114</sellerID>
        <price>172</price>
      </transaction>
      <transaction>
        <timestamp>1333605312820</timestamp>
        <buyerID>34</buyerID>
        <sellerID>31</sellerID>
        <price>89</price>
      </transaction>
      <transaction>
        <timestamp>1333605313096</timestamp>
        <buyerID>116</buyerID>
        <sellerID>32</sellerID>
        <price>118</price>
      </transaction>
      <transaction>
        <timestamp>1333605315248</timestamp>
        <buyerID>34</buyerID>
        <sellerID>31</sellerID>
        <price>142</price>
      </transaction>
      <transaction>
        <timestamp>1333605315253</timestamp>
        <buyerID>33</buyerID>
        <sellerID>52</sellerID>
        <price>151</price>
      </transaction>
      <transaction>
        <timestamp>1333605315721</timestamp>
        <buyerID>115</buyerID>
        <sellerID>113</sellerID>
        <price>122</price>
      </transaction>
      <transaction>
        <timestamp>1333605316024</timestamp>
        <buyerID>116</buyerID>
        <sellerID>113</sellerID>
        <price>122</price>
      </transaction>
      <transaction>
        <timestamp>1333605316039</timestamp>
        <buyerID>33</buyerID>
        <sellerID>32</sellerID>
        <price>121</price>
      </transaction>
      <transaction>
        <timestamp>1333605316050</timestamp>
        <buyerID>34</buyerID>
        <sellerID>114</sellerID>
        <price>123</price>
      </transaction>
      <transaction>
        <timestamp>1333605316896</timestamp>
        <buyerID>34</buyerID>
        <sellerID>31</sellerID>
        <price>138</price>
      </transaction>
      <transaction>
        <timestamp>1333605316905</timestamp>
        <buyerID>33</buyerID>
        <sellerID>31</sellerID>
        <price>138</price>
      </transaction>
      <transaction>
        <timestamp>1333605317505</timestamp>
        <buyerID>116</buyerID>
        <sellerID>32</sellerID>
        <price>126</price>
      </transaction>
      <transaction>
        <timestamp>1333605317523</timestamp>
        <buyerID>33</buyerID>
        <sellerID>113</sellerID>
        <price>139</price>
      </transaction>
      <transaction>
        <timestamp>1333605317531</timestamp>
        <buyerID>34</buyerID>
        <sellerID>51</sellerID>
        <price>144</price>
      </transaction>
      <transaction>
        <timestamp>1333605318105</timestamp>
        <buyerID>33</buyerID>
        <sellerID>52</sellerID>
        <price>137</price>
      </transaction>
      <transaction>
        <timestamp>1333605318108</timestamp>
        <buyerID>34</buyerID>
        <sellerID>32</sellerID>
        <price>133</price>
      </transaction>
      <transaction>
        <timestamp>1333605318598</timestamp>
        <buyerID>34</buyerID>
        <sellerID>113</sellerID>
        <price>137</price>
      </transaction>
      <transaction>
        <timestamp>1333605318851</timestamp>
        <buyerID>117</buyerID>
        <sellerID>111</sellerID>
        <price>138</price>
      </transaction>
      <transaction>
        <timestamp>1333605319063</timestamp>
        <buyerID>34</buyerID>
        <sellerID>112</sellerID>
        <price>138</price>
      </transaction>
      <transaction>
        <timestamp>1333605319081</timestamp>
        <buyerID>33</buyerID>
        <sellerID>111</sellerID>
        <price>138</price>
      </transaction>
      <transaction>
        <timestamp>1333605320132</timestamp>
        <buyerID>115</buyerID>
        <sellerID>113</sellerID>
        <price>141</price>
      </transaction>
      <transaction>
        <timestamp>1333605320390</timestamp>
        <buyerID>118</buyerID>
        <sellerID>112</sellerID>
        <price>142</price>
      </transaction>
      <transaction>
        <timestamp>1333605320509</timestamp>
        <buyerID>117</buyerID>
        <sellerID>111</sellerID>
        <price>142</price>
      </transaction>
      <transaction>
        <timestamp>1333605320623</timestamp>
        <buyerID>116</buyerID>
        <sellerID>52</sellerID>
        <price>141</price>
      </transaction>
      <transaction>
        <timestamp>1333605321232</timestamp>
        <buyerID>118</buyerID>
        <sellerID>113</sellerID>
        <price>140</price>
      </transaction>
      <transaction>
        <timestamp>1333605321547</timestamp>
        <buyerID>115</buyerID>
        <sellerID>51</sellerID>
        <price>140</price>
      </transaction>
      <transaction>
        <timestamp>1333605322006</timestamp>
        <buyerID>117</buyerID>
        <sellerID>52</sellerID>
        <price>140</price>
      </transaction>
      <transaction>
        <timestamp>1333605323038</timestamp>
        <buyerID>118</buyerID>
        <sellerID>51</sellerID>
        <price>144</price>
      </transaction>
      <transaction>
        <timestamp>1333605324013</timestamp>
        <buyerID>116</buyerID>
        <sellerID>111</sellerID>
        <price>146</price>
      </transaction>
      <transaction>
        <timestamp>1333605325139</timestamp>
        <buyerID>115</buyerID>
        <sellerID>112</sellerID>
        <price>146</price>
      </transaction>
      <transaction>
        <timestamp>1333605325841</timestamp>
        <buyerID>115</buyerID>
        <sellerID>112</sellerID>
        <price>146</price>
      </transaction>
      <transaction>
        <timestamp>1333605326577</timestamp>
        <buyerID>117</buyerID>
        <sellerID>51</sellerID>
        <price>147</price>
      </transaction>
      <transaction>
        <timestamp>1333605328063</timestamp>
        <buyerID>116</buyerID>
        <sellerID>51</sellerID>
        <price>147</price>
      </transaction>
      <transaction>
        <timestamp>1333605330460</timestamp>
        <buyerID>116</buyerID>
        <sellerID>51</sellerID>
        <price>147</price>
      </transaction>
      <transaction>
        <timestamp>1333605333498</timestamp>
        <buyerID>115</buyerID>
        <sellerID>114</sellerID>
        <price>147</price>
      </transaction>
      <transaction>
        <timestamp>1333605432438</timestamp>
        <buyerID>117</buyerID>
        <sellerID>112</sellerID>
        <price>151</price>
      </transaction>
    </repetition>
    <repetition>
      <id>3</id>
      <transaction>
        <timestamp>1333605440100</timestamp>
        <buyerID>116</buyerID>
        <sellerID>32</sellerID>
        <price>84</price>
      </transaction>
      <transaction>
        <timestamp>1333605440328</timestamp>
        <buyerID>117</buyerID>
        <sellerID>112</sellerID>
        <price>89</price>
      </transaction>
      <transaction>
        <timestamp>1333605440440</timestamp>
        <buyerID>34</buyerID>
        <sellerID>111</sellerID>
        <price>177</price>
      </transaction>
      <transaction>
        <timestamp>1333605440643</timestamp>
        <buyerID>53</buyerID>
        <sellerID>31</sellerID>
        <price>127</price>
      </transaction>
      <transaction>
        <timestamp>1333605440766</timestamp>
        <buyerID>33</buyerID>
        <sellerID>114</sellerID>
        <price>189</price>
      </transaction>
      <transaction>
        <timestamp>1333605441242</timestamp>
        <buyerID>34</buyerID>
        <sellerID>51</sellerID>
        <price>156</price>
      </transaction>
      <transaction>
        <timestamp>1333605441425</timestamp>
        <buyerID>53</buyerID>
        <sellerID>31</sellerID>
        <price>137</price>
      </transaction>
      <transaction>
        <timestamp>1333605441954</timestamp>
        <buyerID>53</buyerID>
        <sellerID>111</sellerID>
        <price>156</price>
      </transaction>
      <transaction>
        <timestamp>1333605442013</timestamp>
        <buyerID>33</buyerID>
        <sellerID>31</sellerID>
        <price>148</price>
      </transaction>
      <transaction>
        <timestamp>1333605442032</timestamp>
        <buyerID>34</buyerID>
        <sellerID>32</sellerID>
        <price>147</price>
      </transaction>
      <transaction>
        <timestamp>1333605442242</timestamp>
        <buyerID>34</buyerID>
        <sellerID>113</sellerID>
        <price>156</price>
      </transaction>
      <transaction>
        <timestamp>1333605442246</timestamp>
        <buyerID>53</buyerID>
        <sellerID>112</sellerID>
        <price>157</price>
      </transaction>
      <transaction>
        <timestamp>1333605442623</timestamp>
        <buyerID>115</buyerID>
        <sellerID>32</sellerID>
        <price>128</price>
      </transaction>
      <transaction>
        <timestamp>1333605442630</timestamp>
        <buyerID>33</buyerID>
        <sellerID>31</sellerID>
        <price>139</price>
      </transaction>
      <transaction>
        <timestamp>1333605442976</timestamp>
        <buyerID>33</buyerID>
        <sellerID>52</sellerID>
        <price>151</price>
      </transaction>
      <transaction>
        <timestamp>1333605443091</timestamp>
        <buyerID>117</buyerID>
        <sellerID>114</sellerID>
        <price>157</price>
      </transaction>
      <transaction>
        <timestamp>1333605443374</timestamp>
        <buyerID>118</buyerID>
        <sellerID>51</sellerID>
        <price>169</price>
      </transaction>
      <transaction>
        <timestamp>1333605443509</timestamp>
        <buyerID>34</buyerID>
        <sellerID>112</sellerID>
        <price>170</price>
      </transaction>
      <transaction>
        <timestamp>1333605443692</timestamp>
        <buyerID>115</buyerID>
        <sellerID>32</sellerID>
        <price>129</price>
      </transaction>
      <transaction>
        <timestamp>1333605444081</timestamp>
        <buyerID>33</buyerID>
        <sellerID>52</sellerID>
        <price>149</price>
      </transaction>
      <transaction>
        <timestamp>1333605444971</timestamp>
        <buyerID>117</buyerID>
        <sellerID>51</sellerID>
        <price>149</price>
      </transaction>
      <transaction>
        <timestamp>1333605445051</timestamp>
        <buyerID>34</buyerID>
        <sellerID>114</sellerID>
        <price>149</price>
      </transaction>
      <transaction>
        <timestamp>1333605445072</timestamp>
        <buyerID>33</buyerID>
        <sellerID>113</sellerID>
        <price>150</price>
      </transaction>
      <transaction>
        <timestamp>1333605445197</timestamp>
        <buyerID>117</buyerID>
        <sellerID>111</sellerID>
        <price>150</price>
      </transaction>
      <transaction>
        <timestamp>1333605445436</timestamp>
        <buyerID>118</buyerID>
        <sellerID>113</sellerID>
        <price>150</price>
      </transaction>
      <transaction>
        <timestamp>1333605445585</timestamp>
        <buyerID>117</buyerID>
        <sellerID>113</sellerID>
        <price>150</price>
      </transaction>
      <transaction>
        <timestamp>1333605445678</timestamp>
        <buyerID>115</buyerID>
        <sellerID>112</sellerID>
        <price>151</price>
      </transaction>
      <transaction>
        <timestamp>1333605445900</timestamp>
        <buyerID>116</buyerID>
        <sellerID>31</sellerID>
        <price>159</price>
      </transaction>
      <transaction>
        <timestamp>1333605446211</timestamp>
        <buyerID>116</buyerID>
        <sellerID>51</sellerID>
        <price>160</price>
      </transaction>
      <transaction>
        <timestamp>1333605446344</timestamp>
        <buyerID>33</buyerID>
        <sellerID>52</sellerID>
        <price>162</price>
      </transaction>
      <transaction>
        <timestamp>1333605446948</timestamp>
        <buyerID>115</buyerID>
        <sellerID>113</sellerID>
        <price>161</price>
      </transaction>
      <transaction>
        <timestamp>1333605447189</timestamp>
        <buyerID>118</buyerID>
        <sellerID>111</sellerID>
        <price>161</price>
      </transaction>
      <transaction>
        <timestamp>1333605447734</timestamp>
        <buyerID>115</buyerID>
        <sellerID>113</sellerID>
        <price>161</price>
      </transaction>
      <transaction>
        <timestamp>1333605447853</timestamp>
        <buyerID>116</buyerID>
        <sellerID>112</sellerID>
        <price>161</price>
      </transaction>
      <transaction>
        <timestamp>1333605448325</timestamp>
        <buyerID>116</buyerID>
        <sellerID>52</sellerID>
        <price>161</price>
      </transaction>
      <transaction>
        <timestamp>1333605450306</timestamp>
        <buyerID>115</buyerID>
        <sellerID>51</sellerID>
        <price>160</price>
      </transaction>
      <transaction>
        <timestamp>1333605453392</timestamp>
        <buyerID>117</buyerID>
        <sellerID>51</sellerID>
        <price>160</price>
      </transaction>
      <transaction>
        <timestamp>1333605559866</timestamp>
        <buyerID>118</buyerID>
        <sellerID>111</sellerID>
        <price>161</price>
      </transaction>
    </repetition>
    <repetition>
      <id>4</id>
      <transaction>
        <timestamp>1333605567691</timestamp>
        <buyerID>116</buyerID>
        <sellerID>111</sellerID>
        <price>190</price>
      </transaction>
      <transaction>
        <timestamp>1333605567745</timestamp>
        <buyerID>33</buyerID>
        <sellerID>32</sellerID>
        <price>140</price>
      </transaction>
      <transaction>
        <timestamp>1333605568018</timestamp>
        <buyerID>34</buyerID>
        <sellerID>113</sellerID>
        <price>146</price>
      </transaction>
      <transaction>
        <timestamp>1333605569676</timestamp>
        <buyerID>118</buyerID>
        <sellerID>31</sellerID>
        <price>143</price>
      </transaction>
      <transaction>
        <timestamp>1333605569785</timestamp>
        <buyerID>116</buyerID>
        <sellerID>52</sellerID>
        <price>142</price>
      </transaction>
      <transaction>
        <timestamp>1333605569848</timestamp>
        <buyerID>34</buyerID>
        <sellerID>113</sellerID>
        <price>143</price>
      </transaction>
      <transaction>
        <timestamp>1333605569966</timestamp>
        <buyerID>33</buyerID>
        <sellerID>114</sellerID>
        <price>144</price>
      </transaction>
      <transaction>
        <timestamp>1333605570103</timestamp>
        <buyerID>117</buyerID>
        <sellerID>32</sellerID>
        <price>142</price>
      </transaction>
      <transaction>
        <timestamp>1333605570231</timestamp>
        <buyerID>33</buyerID>
        <sellerID>111</sellerID>
        <price>144</price>
      </transaction>
      <transaction>
        <timestamp>1333605570320</timestamp>
        <buyerID>34</buyerID>
        <sellerID>112</sellerID>
        <price>145</price>
      </transaction>
      <transaction>
        <timestamp>1333605570475</timestamp>
        <buyerID>117</buyerID>
        <sellerID>31</sellerID>
        <price>142</price>
      </transaction>
      <transaction>
        <timestamp>1333605571357</timestamp>
        <buyerID>34</buyerID>
        <sellerID>113</sellerID>
        <price>138</price>
      </transaction>
      <transaction>
        <timestamp>1333605571392</timestamp>
        <buyerID>33</buyerID>
        <sellerID>31</sellerID>
        <price>139</price>
      </transaction>
      <transaction>
        <timestamp>1333605571493</timestamp>
        <buyerID>118</buyerID>
        <sellerID>32</sellerID>
        <price>134</price>
      </transaction>
      <transaction>
        <timestamp>1333605571683</timestamp>
        <buyerID>34</buyerID>
        <sellerID>52</sellerID>
        <price>146</price>
      </transaction>
      <transaction>
        <timestamp>1333605571826</timestamp>
        <buyerID>33</buyerID>
        <sellerID>31</sellerID>
        <price>139</price>
      </transaction>
      <transaction>
        <timestamp>1333605572822</timestamp>
        <buyerID>33</buyerID>
        <sellerID>51</sellerID>
        <price>151</price>
      </transaction>
      <transaction>
        <timestamp>1333605572932</timestamp>
        <buyerID>33</buyerID>
        <sellerID>32</sellerID>
        <price>153</price>
      </transaction>
      <transaction>
        <timestamp>1333605573517</timestamp>
        <buyerID>115</buyerID>
        <sellerID>112</sellerID>
        <price>152</price>
      </transaction>
      <transaction>
        <timestamp>1333605573683</timestamp>
        <buyerID>116</buyerID>
        <sellerID>114</sellerID>
        <price>152</price>
      </transaction>
      <transaction>
        <timestamp>1333605573832</timestamp>
        <buyerID>118</buyerID>
        <sellerID>113</sellerID>
        <price>152</price>
      </transaction>
      <transaction>
        <timestamp>1333605574479</timestamp>
        <buyerID>34</buyerID>
        <sellerID>113</sellerID>
        <price>149</price>
      </transaction>
      <transaction>
        <timestamp>1333605574713</timestamp>
        <buyerID>115</buyerID>
        <sellerID>51</sellerID>
        <price>150</price>
      </transaction>
      <transaction>
        <timestamp>1333605574913</timestamp>
        <buyerID>115</buyerID>
        <sellerID>111</sellerID>
        <price>150</price>
      </transaction>
      <transaction>
        <timestamp>1333605574968</timestamp>
        <buyerID>116</buyerID>
        <sellerID>52</sellerID>
        <price>150</price>
      </transaction>
      <transaction>
        <timestamp>1333605575027</timestamp>
        <buyerID>118</buyerID>
        <sellerID>112</sellerID>
        <price>151</price>
      </transaction>
      <transaction>
        <timestamp>1333605575261</timestamp>
        <buyerID>117</buyerID>
        <sellerID>114</sellerID>
        <price>151</price>
      </transaction>
      <transaction>
        <timestamp>1333605575501</timestamp>
        <buyerID>118</buyerID>
        <sellerID>113</sellerID>
        <price>151</price>
      </transaction>
      <transaction>
        <timestamp>1333605575805</timestamp>
        <buyerID>115</buyerID>
        <sellerID>111</sellerID>
        <price>152</price>
      </transaction>
      <transaction>
        <timestamp>1333605575994</timestamp>
        <buyerID>115</buyerID>
        <sellerID>52</sellerID>
        <price>152</price>
      </transaction>
      <transaction>
        <timestamp>1333605576004</timestamp>
        <buyerID>116</buyerID>
        <sellerID>51</sellerID>
        <price>151</price>
      </transaction>
      <transaction>
        <timestamp>1333605577121</timestamp>
        <buyerID>117</buyerID>
        <sellerID>112</sellerID>
        <price>153</price>
      </transaction>
      <transaction>
        <timestamp>1333605578810</timestamp>
        <buyerID>117</buyerID>
        <sellerID>51</sellerID>
        <price>152</price>
      </transaction>
      <transaction>
        <timestamp>1333605578887</timestamp>
        <buyerID>115</buyerID>
        <sellerID>112</sellerID>
        <price>152</price>
      </transaction>
      <transaction>
        <timestamp>1333605583173</timestamp>
        <buyerID>116</buyerID>
        <sellerID>51</sellerID>
        <price>152</price>
      </transaction>
      <transaction>
        <timestamp>1333605590872</timestamp>
        <buyerID>116</buyerID>
        <sellerID>51</sellerID>
        <price>152</price>
      </transaction>
    </repetition>
    <repetition>
      <id>5</id>
      <transaction>
        <timestamp>1333605695082</timestamp>
        <buyerID>118</buyerID>
        <sellerID>31</sellerID>
        <price>110</price>
      </transaction>
      <transaction>
        <timestamp>1333605695086</timestamp>
        <buyerID>34</buyerID>
        <sellerID>51</sellerID>
        <price>156</price>
      </transaction>
      <transaction>
        <timestamp>1333605695246</timestamp>
        <buyerID>117</buyerID>
        <sellerID>32</sellerID>
        <price>162</price>
      </transaction>
      <transaction>
        <timestamp>1333605695475</timestamp>
        <buyerID>116</buyerID>
        <sellerID>112</sellerID>
        <price>162</price>
      </transaction>
      <transaction>
        <timestamp>1333605695823</timestamp>
        <buyerID>33</buyerID>
        <sellerID>114</sellerID>
        <price>161</price>
      </transaction>
      <transaction>
        <timestamp>1333605696058</timestamp>
        <buyerID>33</buyerID>
        <sellerID>113</sellerID>
        <price>161</price>
      </transaction>
      <transaction>
        <timestamp>1333605696607</timestamp>
        <buyerID>34</buyerID>
        <sellerID>111</sellerID>
        <price>162</price>
      </transaction>
      <transaction>
        <timestamp>1333605696954</timestamp>
        <buyerID>116</buyerID>
        <sellerID>31</sellerID>
        <price>143</price>
      </transaction>
      <transaction>
        <timestamp>1333605696958</timestamp>
        <buyerID>117</buyerID>
        <sellerID>32</sellerID>
        <price>142</price>
      </transaction>
      <transaction>
        <timestamp>1333605697082</timestamp>
        <buyerID>34</buyerID>
        <sellerID>51</sellerID>
        <price>172</price>
      </transaction>
      <transaction>
        <timestamp>1333605697397</timestamp>
        <buyerID>34</buyerID>
        <sellerID>31</sellerID>
        <price>159</price>
      </transaction>
      <transaction>
        <timestamp>1333605698044</timestamp>
        <buyerID>116</buyerID>
        <sellerID>111</sellerID>
        <price>161</price>
      </transaction>
      <transaction>
        <timestamp>1333605698167</timestamp>
        <buyerID>118</buyerID>
        <sellerID>32</sellerID>
        <price>161</price>
      </transaction>
      <transaction>
        <timestamp>1333605698173</timestamp>
        <buyerID>34</buyerID>
        <sellerID>112</sellerID>
        <price>162</price>
      </transaction>
      <transaction>
        <timestamp>1333605698177</timestamp>
        <buyerID>33</buyerID>
        <sellerID>114</sellerID>
        <price>162</price>
      </transaction>
      <transaction>
        <timestamp>1333605698945</timestamp>
        <buyerID>115</buyerID>
        <sellerID>32</sellerID>
        <price>148</price>
      </transaction>
      <transaction>
        <timestamp>1333605699355</timestamp>
        <buyerID>33</buyerID>
        <sellerID>113</sellerID>
        <price>152</price>
      </transaction>
      <transaction>
        <timestamp>1333605699669</timestamp>
        <buyerID>115</buyerID>
        <sellerID>31</sellerID>
        <price>150</price>
      </transaction>
      <transaction>
        <timestamp>1333605699693</timestamp>
        <buyerID>33</buyerID>
        <sellerID>112</sellerID>
        <price>153</price>
      </transaction>
      <transaction>
        <timestamp>1333605700228</timestamp>
        <buyerID>117</buyerID>
        <sellerID>52</sellerID>
        <price>152</price>
      </transaction>
      <transaction>
        <timestamp>1333605700438</timestamp>
        <buyerID>115</buyerID>
        <sellerID>51</sellerID>
        <price>152</price>
      </transaction>
      <transaction>
        <timestamp>1333605700475</timestamp>
        <buyerID>33</buyerID>
        <sellerID>113</sellerID>
        <price>153</price>
      </transaction>
      <transaction>
        <timestamp>1333605700946</timestamp>
        <buyerID>116</buyerID>
        <sellerID>112</sellerID>
        <price>153</price>
      </transaction>
      <transaction>
        <timestamp>1333605701157</timestamp>
        <buyerID>117</buyerID>
        <sellerID>114</sellerID>
        <price>153</price>
      </transaction>
      <transaction>
        <timestamp>1333605701296</timestamp>
        <buyerID>33</buyerID>
        <sellerID>52</sellerID>
        <price>153</price>
      </transaction>
      <transaction>
        <timestamp>1333605701799</timestamp>
        <buyerID>115</buyerID>
        <sellerID>113</sellerID>
        <price>155</price>
      </transaction>
      <transaction>
        <timestamp>1333605702248</timestamp>
        <buyerID>118</buyerID>
        <sellerID>51</sellerID>
        <price>155</price>
      </transaction>
      <transaction>
        <timestamp>1333605702513</timestamp>
        <buyerID>117</buyerID>
        <sellerID>111</sellerID>
        <price>155</price>
      </transaction>
      <transaction>
        <timestamp>1333605702624</timestamp>
        <buyerID>116</buyerID>
        <sellerID>113</sellerID>
        <price>155</price>
      </transaction>
      <transaction>
        <timestamp>1333605702764</timestamp>
        <buyerID>118</buyerID>
        <sellerID>112</sellerID>
        <price>155</price>
      </transaction>
      <transaction>
        <timestamp>1333605703234</timestamp>
        <buyerID>115</buyerID>
        <sellerID>51</sellerID>
        <price>156</price>
      </transaction>
      <transaction>
        <timestamp>1333605703274</timestamp>
        <buyerID>116</buyerID>
        <sellerID>113</sellerID>
        <price>156</price>
      </transaction>
      <transaction>
        <timestamp>1333605703406</timestamp>
        <buyerID>117</buyerID>
        <sellerID>111</sellerID>
        <price>156</price>
      </transaction>
      <transaction>
        <timestamp>1333605703956</timestamp>
        <buyerID>118</buyerID>
        <sellerID>52</sellerID>
        <price>155</price>
      </transaction>
      <transaction>
        <timestamp>1333605705744</timestamp>
        <buyerID>115</buyerID>
        <sellerID>51</sellerID>
        <price>155</price>
      </transaction>
      <transaction>
        <timestamp>1333605706828</timestamp>
        <buyerID>118</buyerID>
        <sellerID>52</sellerID>
        <price>154</price>
      </transaction>
      <transaction>
        <timestamp>1333605814980</timestamp>
        <buyerID>116</buyerID>
        <sellerID>111</sellerID>
        <price>155</price>
      </transaction>
      <transaction>
        <timestamp>1333605815548</timestamp>
        <buyerID>118</buyerID>
        <sellerID>111</sellerID>
        <price>155</price>
      </transaction>
    </repetition>
  </transactions>
  <scores>
    <agent>
      <ID>34</ID>
      <userName>zibtq4</userName>
      <strategy>ZIBTQ</strategy>
      <values>
        <value>259</value>
        <value>251</value>
        <value>222</value>
        <value>184</value>
        <value>176</value>
        <value>149</value>
        <value>146</value>
        <value>145</value>
        <value>117</value>
        <value>99</value>
      </values>
      <score>357.8</score>
    </agent>
    <agent>
      <ID>32</ID>
      <userName>zibtq2</userName>
      <strategy>ZIBTQ</strategy>
      <values>
        <value>68</value>
        <value>121</value>
        <value>121</value>
        <value>125</value>
        <value>167</value>
        <value>185</value>
        <value>209</value>
        <value>240</value>
        <value>245</value>
        <value>252</value>
      </values>
      <score>113.8</score>
    </agent>
    <agent>
      <ID>33</ID>
      <userName>zibtq3</userName>
      <strategy>ZIBTQ</strategy>
      <values>
        <value>242</value>
        <value>197</value>
        <value>197</value>
        <value>189</value>
        <value>175</value>
        <value>174</value>
        <value>166</value>
        <value>84</value>
        <value>69</value>
        <value>61</value>
      </values>
      <score>291.0</score>
    </agent>
    <agent>
      <ID>111</ID>
      <userName>gdx1</userName>
      <strategy>GDX</strategy>
      <values>
        <value>84</value>
        <value>91</value>
        <value>137</value>
        <value>144</value>
        <value>153</value>
        <value>161</value>
        <value>214</value>
        <value>224</value>
        <value>227</value>
        <value>234</value>
      </values>
      <score>161.6</score>
    </agent>
    <agent>
      <ID>51</ID>
      <userName>zip1</userName>
      <strategy>ZIP</strategy>
      <values>
        <value>72</value>
        <value>85</value>
        <value>88</value>
        <value>106</value>
        <value>113</value>
        <value>140</value>
        <value>173</value>
        <value>180</value>
        <value>198</value>
        <value>230</value>
      </values>
      <score>313.0</score>
    </agent>
    <agent>
      <ID>118</ID>
      <userName>gdx8</userName>
      <strategy>GDX</strategy>
      <values>
        <value>216</value>
        <value>215</value>
        <value>180</value>
        <value>173</value>
        <value>170</value>
        <value>161</value>
        <value>160</value>
        <value>134</value>
        <value>130</value>
        <value>104</value>
      </values>
      <score>196.4</score>
    </agent>
    <agent>
      <ID>117</ID>
      <userName>gdx7</userName>
      <strategy>GDX</strategy>
      <values>
        <value>250</value>
        <value>246</value>
        <value>243</value>
        <value>226</value>
        <value>177</value>
        <value>177</value>
        <value>124</value>
        <value>104</value>
        <value>92</value>
        <value>63</value>
      </values>
      <score>433.0</score>
    </agent>
    <agent>
      <ID>116</ID>
      <userName>gdx6</userName>
      <strategy>GDX</strategy>
      <values>
        <value>251</value>
        <value>247</value>
        <value>221</value>
        <value>184</value>
        <value>176</value>
        <value>169</value>
        <value>160</value>
        <value>158</value>
        <value>143</value>
        <value>127</value>
      </values>
      <score>355.8</score>
    </agent>
    <agent>
      <ID>115</ID>
      <userName>gdx5</userName>
      <strategy>GDX</strategy>
      <values>
        <value>258</value>
        <value>257</value>
        <value>228</value>
        <value>209</value>
        <value>195</value>
        <value>191</value>
        <value>130</value>
        <value>110</value>
        <value>100</value>
        <value>88</value>
      </values>
      <score>438.4</score>
    </agent>
    <agent>
      <ID>54</ID>
      <userName>zip4</userName>
      <strategy>ZIP</strategy>
      <values>
        <value>249</value>
        <value>246</value>
        <value>178</value>
        <value>95</value>
        <value>83</value>
        <value>82</value>
        <value>80</value>
        <value>76</value>
        <value>75</value>
        <value>64</value>
      </values>
      <score>0.0</score>
    </agent>
    <agent>
      <ID>114</ID>
      <userName>gdx4</userName>
      <strategy>GDX</strategy>
      <values>
        <value>66</value>
        <value>109</value>
        <value>146</value>
        <value>163</value>
        <value>167</value>
        <value>177</value>
        <value>208</value>
        <value>215</value>
        <value>236</value>
        <value>238</value>
      </values>
      <score>141.2</score>
    </agent>
    <agent>
      <ID>53</ID>
      <userName>zip3</userName>
      <strategy>ZIP</strategy>
      <values>
        <value>218</value>
        <value>193</value>
        <value>181</value>
        <value>174</value>
        <value>126</value>
        <value>124</value>
        <value>117</value>
        <value>100</value>
        <value>86</value>
        <value>71</value>
      </values>
      <score>71.6</score>
    </agent>
    <agent>
      <ID>113</ID>
      <userName>gdx3</userName>
      <strategy>GDX</strategy>
      <values>
        <value>61</value>
        <value>63</value>
        <value>63</value>
        <value>81</value>
        <value>111</value>
        <value>129</value>
        <value>178</value>
        <value>210</value>
        <value>237</value>
        <value>249</value>
      </values>
      <score>381.6</score>
    </agent>
    <agent>
      <ID>112</ID>
      <userName>gdx2</userName>
      <strategy>GDX</strategy>
      <values>
        <value>83</value>
        <value>111</value>
        <value>141</value>
        <value>143</value>
        <value>148</value>
        <value>163</value>
        <value>173</value>
        <value>177</value>
        <value>211</value>
        <value>249</value>
      </values>
      <score>116.6</score>
    </agent>
    <agent>
      <ID>52</ID>
      <userName>zip2</userName>
      <strategy>ZIP</strategy>
      <values>
        <value>102</value>
        <value>124</value>
        <value>130</value>
        <value>131</value>
        <value>171</value>
        <value>173</value>
        <value>227</value>
        <value>234</value>
        <value>238</value>
        <value>240</value>
      </values>
      <score>112.6</score>
    </agent>
    <agent>
      <ID>31</ID>
      <userName>zibtq1</userName>
      <strategy>ZIBTQ</strategy>
      <values>
        <value>88</value>
        <value>114</value>
        <value>138</value>
        <value>139</value>
        <value>159</value>
        <value>179</value>
        <value>187</value>
        <value>203</value>
        <value>215</value>
        <value>220</value>
      </values>
      <score>64.8</score>
    </agent>
  </scores>
</results>

