<results>
  <transactions>
    <repetition>
      <id>1</id>
      <transaction>
        <timestamp>1333599216164</timestamp>
        <buyerID>54</buyerID>
        <sellerID>92</sellerID>
        <price>230</price>
      </transaction>
      <transaction>
        <timestamp>1333599216183</timestamp>
        <buyerID>53</buyerID>
        <sellerID>52</sellerID>
        <price>129</price>
      </transaction>
      <transaction>
        <timestamp>1333599216199</timestamp>
        <buyerID>53</buyerID>
        <sellerID>52</sellerID>
        <price>152</price>
      </transaction>
      <transaction>
        <timestamp>1333599216234</timestamp>
        <buyerID>14</buyerID>
        <sellerID>12</sellerID>
        <price>116</price>
      </transaction>
      <transaction>
        <timestamp>1333599216276</timestamp>
        <buyerID>13</buyerID>
        <sellerID>11</sellerID>
        <price>217</price>
      </transaction>
      <transaction>
        <timestamp>1333599216333</timestamp>
        <buyerID>93</buyerID>
        <sellerID>11</sellerID>
        <price>117</price>
      </transaction>
      <transaction>
        <timestamp>1333599216541</timestamp>
        <buyerID>13</buyerID>
        <sellerID>12</sellerID>
        <price>161</price>
      </transaction>
      <transaction>
        <timestamp>1333599217264</timestamp>
        <buyerID>14</buyerID>
        <sellerID>91</sellerID>
        <price>175</price>
      </transaction>
      <transaction>
        <timestamp>1333599217326</timestamp>
        <buyerID>13</buyerID>
        <sellerID>12</sellerID>
        <price>165</price>
      </transaction>
      <transaction>
        <timestamp>1333599219480</timestamp>
        <buyerID>93</buyerID>
        <sellerID>91</sellerID>
        <price>168</price>
      </transaction>
      <transaction>
        <timestamp>1333599219499</timestamp>
        <buyerID>94</buyerID>
        <sellerID>51</sellerID>
        <price>167</price>
      </transaction>
      <transaction>
        <timestamp>1333599219590</timestamp>
        <buyerID>94</buyerID>
        <sellerID>92</sellerID>
        <price>167</price>
      </transaction>
      <transaction>
        <timestamp>1333599220302</timestamp>
        <buyerID>94</buyerID>
        <sellerID>52</sellerID>
        <price>167</price>
      </transaction>
      <transaction>
        <timestamp>1333599220413</timestamp>
        <buyerID>93</buyerID>
        <sellerID>92</sellerID>
        <price>166</price>
      </transaction>
      <transaction>
        <timestamp>1333599221061</timestamp>
        <buyerID>93</buyerID>
        <sellerID>92</sellerID>
        <price>166</price>
      </transaction>
      <transaction>
        <timestamp>1333599221085</timestamp>
        <buyerID>53</buyerID>
        <sellerID>11</sellerID>
        <price>162</price>
      </transaction>
      <transaction>
        <timestamp>1333599221804</timestamp>
        <buyerID>93</buyerID>
        <sellerID>11</sellerID>
        <price>154</price>
      </transaction>
      <transaction>
        <timestamp>1333599221868</timestamp>
        <buyerID>14</buyerID>
        <sellerID>91</sellerID>
        <price>165</price>
      </transaction>
      <transaction>
        <timestamp>1333599222592</timestamp>
        <buyerID>93</buyerID>
        <sellerID>11</sellerID>
        <price>157</price>
      </transaction>
      <transaction>
        <timestamp>1333599224735</timestamp>
        <buyerID>93</buyerID>
        <sellerID>91</sellerID>
        <price>162</price>
      </transaction>
      <transaction>
        <timestamp>1333599224793</timestamp>
        <buyerID>94</buyerID>
        <sellerID>51</sellerID>
        <price>162</price>
      </transaction>
      <transaction>
        <timestamp>1333599224873</timestamp>
        <buyerID>53</buyerID>
        <sellerID>11</sellerID>
        <price>155</price>
      </transaction>
      <transaction>
        <timestamp>1333599226268</timestamp>
        <buyerID>14</buyerID>
        <sellerID>52</sellerID>
        <price>163</price>
      </transaction>
      <transaction>
        <timestamp>1333599228830</timestamp>
        <buyerID>94</buyerID>
        <sellerID>52</sellerID>
        <price>165</price>
      </transaction>
      <transaction>
        <timestamp>1333599228846</timestamp>
        <buyerID>14</buyerID>
        <sellerID>51</sellerID>
        <price>170</price>
      </transaction>
      <transaction>
        <timestamp>1333599244243</timestamp>
        <buyerID>13</buyerID>
        <sellerID>51</sellerID>
        <price>161</price>
      </transaction>
      <transaction>
        <timestamp>1333599272079</timestamp>
        <buyerID>94</buyerID>
        <sellerID>51</sellerID>
        <price>158</price>
      </transaction>
      <transaction>
        <timestamp>1333599312631</timestamp>
        <buyerID>94</buyerID>
        <sellerID>51</sellerID>
        <price>144</price>
      </transaction>
      <transaction>
        <timestamp>1333599322408</timestamp>
        <buyerID>74</buyerID>
        <sellerID>51</sellerID>
        <price>158</price>
      </transaction>
      <transaction>
        <timestamp>1333599323020</timestamp>
        <buyerID>73</buyerID>
        <sellerID>52</sellerID>
        <price>183</price>
      </transaction>
      <transaction>
        <timestamp>1333599323738</timestamp>
        <buyerID>74</buyerID>
        <sellerID>92</sellerID>
        <price>195</price>
      </transaction>
      <transaction>
        <timestamp>1333599323895</timestamp>
        <buyerID>73</buyerID>
        <sellerID>92</sellerID>
        <price>190</price>
      </transaction>
      <transaction>
        <timestamp>1333599324562</timestamp>
        <buyerID>13</buyerID>
        <sellerID>72</sellerID>
        <price>127</price>
      </transaction>
      <transaction>
        <timestamp>1333599325287</timestamp>
        <buyerID>53</buyerID>
        <sellerID>72</sellerID>
        <price>117</price>
      </transaction>
      <transaction>
        <timestamp>1333599326833</timestamp>
        <buyerID>74</buyerID>
        <sellerID>12</sellerID>
        <price>182</price>
      </transaction>
      <transaction>
        <timestamp>1333599328992</timestamp>
        <buyerID>93</buyerID>
        <sellerID>71</sellerID>
        <price>128</price>
      </transaction>
      <transaction>
        <timestamp>1333599329887</timestamp>
        <buyerID>53</buyerID>
        <sellerID>71</sellerID>
        <price>113</price>
      </transaction>
      <transaction>
        <timestamp>1333599330654</timestamp>
        <buyerID>53</buyerID>
        <sellerID>71</sellerID>
        <price>141</price>
      </transaction>
    </repetition>
    <repetition>
      <id>2</id>
      <transaction>
        <timestamp>1333599342692</timestamp>
        <buyerID>54</buyerID>
        <sellerID>91</sellerID>
        <price>220</price>
      </transaction>
      <transaction>
        <timestamp>1333599342699</timestamp>
        <buyerID>13</buyerID>
        <sellerID>51</sellerID>
        <price>211</price>
      </transaction>
      <transaction>
        <timestamp>1333599343226</timestamp>
        <buyerID>93</buyerID>
        <sellerID>12</sellerID>
        <price>197</price>
      </transaction>
      <transaction>
        <timestamp>1333599343250</timestamp>
        <buyerID>73</buyerID>
        <sellerID>52</sellerID>
        <price>198</price>
      </transaction>
      <transaction>
        <timestamp>1333599343305</timestamp>
        <buyerID>93</buyerID>
        <sellerID>51</sellerID>
        <price>199</price>
      </transaction>
      <transaction>
        <timestamp>1333599343317</timestamp>
        <buyerID>94</buyerID>
        <sellerID>72</sellerID>
        <price>199</price>
      </transaction>
      <transaction>
        <timestamp>1333599343976</timestamp>
        <buyerID>93</buyerID>
        <sellerID>92</sellerID>
        <price>199</price>
      </transaction>
      <transaction>
        <timestamp>1333599344146</timestamp>
        <buyerID>73</buyerID>
        <sellerID>91</sellerID>
        <price>176</price>
      </transaction>
      <transaction>
        <timestamp>1333599344809</timestamp>
        <buyerID>94</buyerID>
        <sellerID>72</sellerID>
        <price>175</price>
      </transaction>
      <transaction>
        <timestamp>1333599344846</timestamp>
        <buyerID>14</buyerID>
        <sellerID>11</sellerID>
        <price>177</price>
      </transaction>
      <transaction>
        <timestamp>1333599344866</timestamp>
        <buyerID>93</buyerID>
        <sellerID>11</sellerID>
        <price>175</price>
      </transaction>
      <transaction>
        <timestamp>1333599345484</timestamp>
        <buyerID>13</buyerID>
        <sellerID>52</sellerID>
        <price>184</price>
      </transaction>
      <transaction>
        <timestamp>1333599345538</timestamp>
        <buyerID>74</buyerID>
        <sellerID>51</sellerID>
        <price>189</price>
      </transaction>
      <transaction>
        <timestamp>1333599345569</timestamp>
        <buyerID>93</buyerID>
        <sellerID>11</sellerID>
        <price>187</price>
      </transaction>
      <transaction>
        <timestamp>1333599345612</timestamp>
        <buyerID>94</buyerID>
        <sellerID>72</sellerID>
        <price>186</price>
      </transaction>
      <transaction>
        <timestamp>1333599345626</timestamp>
        <buyerID>53</buyerID>
        <sellerID>12</sellerID>
        <price>143</price>
      </transaction>
      <transaction>
        <timestamp>1333599345638</timestamp>
        <buyerID>14</buyerID>
        <sellerID>91</sellerID>
        <price>197</price>
      </transaction>
      <transaction>
        <timestamp>1333599347138</timestamp>
        <buyerID>93</buyerID>
        <sellerID>12</sellerID>
        <price>168</price>
      </transaction>
      <transaction>
        <timestamp>1333599347758</timestamp>
        <buyerID>94</buyerID>
        <sellerID>11</sellerID>
        <price>167</price>
      </transaction>
      <transaction>
        <timestamp>1333599348633</timestamp>
        <buyerID>14</buyerID>
        <sellerID>71</sellerID>
        <price>170</price>
      </transaction>
      <transaction>
        <timestamp>1333599348697</timestamp>
        <buyerID>74</buyerID>
        <sellerID>92</sellerID>
        <price>174</price>
      </transaction>
      <transaction>
        <timestamp>1333599349252</timestamp>
        <buyerID>74</buyerID>
        <sellerID>92</sellerID>
        <price>174</price>
      </transaction>
      <transaction>
        <timestamp>1333599349269</timestamp>
        <buyerID>94</buyerID>
        <sellerID>11</sellerID>
        <price>171</price>
      </transaction>
      <transaction>
        <timestamp>1333599349303</timestamp>
        <buyerID>93</buyerID>
        <sellerID>71</sellerID>
        <price>170</price>
      </transaction>
      <transaction>
        <timestamp>1333599350085</timestamp>
        <buyerID>53</buyerID>
        <sellerID>11</sellerID>
        <price>163</price>
      </transaction>
      <transaction>
        <timestamp>1333599350156</timestamp>
        <buyerID>13</buyerID>
        <sellerID>71</sellerID>
        <price>167</price>
      </transaction>
      <transaction>
        <timestamp>1333599350906</timestamp>
        <buyerID>13</buyerID>
        <sellerID>71</sellerID>
        <price>164</price>
      </transaction>
      <transaction>
        <timestamp>1333599351542</timestamp>
        <buyerID>14</buyerID>
        <sellerID>52</sellerID>
        <price>167</price>
      </transaction>
      <transaction>
        <timestamp>1333599352280</timestamp>
        <buyerID>14</buyerID>
        <sellerID>52</sellerID>
        <price>165</price>
      </transaction>
      <transaction>
        <timestamp>1333599355986</timestamp>
        <buyerID>94</buyerID>
        <sellerID>91</sellerID>
        <price>157</price>
      </transaction>
      <transaction>
        <timestamp>1333599357645</timestamp>
        <buyerID>73</buyerID>
        <sellerID>51</sellerID>
        <price>155</price>
      </transaction>
      <transaction>
        <timestamp>1333599369502</timestamp>
        <buyerID>73</buyerID>
        <sellerID>52</sellerID>
        <price>141</price>
      </transaction>
      <transaction>
        <timestamp>1333599369609</timestamp>
        <buyerID>74</buyerID>
        <sellerID>51</sellerID>
        <price>141</price>
      </transaction>
      <transaction>
        <timestamp>1333599400394</timestamp>
        <buyerID>94</buyerID>
        <sellerID>51</sellerID>
        <price>143</price>
      </transaction>
      <transaction>
        <timestamp>1333599450529</timestamp>
        <buyerID>74</buyerID>
        <sellerID>51</sellerID>
        <price>142</price>
      </transaction>
    </repetition>
    <repetition>
      <id>3</id>
      <transaction>
        <timestamp>1333599470166</timestamp>
        <buyerID>94</buyerID>
        <sellerID>92</sellerID>
        <price>140</price>
      </transaction>
      <transaction>
        <timestamp>1333599470208</timestamp>
        <buyerID>14</buyerID>
        <sellerID>91</sellerID>
        <price>221</price>
      </transaction>
      <transaction>
        <timestamp>1333599470220</timestamp>
        <buyerID>13</buyerID>
        <sellerID>12</sellerID>
        <price>178</price>
      </transaction>
      <transaction>
        <timestamp>1333599470721</timestamp>
        <buyerID>74</buyerID>
        <sellerID>11</sellerID>
        <price>148</price>
      </transaction>
      <transaction>
        <timestamp>1333599470801</timestamp>
        <buyerID>13</buyerID>
        <sellerID>52</sellerID>
        <price>216</price>
      </transaction>
      <transaction>
        <timestamp>1333599470840</timestamp>
        <buyerID>93</buyerID>
        <sellerID>11</sellerID>
        <price>143</price>
      </transaction>
      <transaction>
        <timestamp>1333599471646</timestamp>
        <buyerID>13</buyerID>
        <sellerID>12</sellerID>
        <price>146</price>
      </transaction>
      <transaction>
        <timestamp>1333599472387</timestamp>
        <buyerID>94</buyerID>
        <sellerID>71</sellerID>
        <price>145</price>
      </transaction>
      <transaction>
        <timestamp>1333599473010</timestamp>
        <buyerID>93</buyerID>
        <sellerID>71</sellerID>
        <price>146</price>
      </transaction>
      <transaction>
        <timestamp>1333599473028</timestamp>
        <buyerID>73</buyerID>
        <sellerID>72</sellerID>
        <price>146</price>
      </transaction>
      <transaction>
        <timestamp>1333599473087</timestamp>
        <buyerID>94</buyerID>
        <sellerID>92</sellerID>
        <price>146</price>
      </transaction>
      <transaction>
        <timestamp>1333599473097</timestamp>
        <buyerID>74</buyerID>
        <sellerID>91</sellerID>
        <price>147</price>
      </transaction>
      <transaction>
        <timestamp>1333599473774</timestamp>
        <buyerID>74</buyerID>
        <sellerID>51</sellerID>
        <price>148</price>
      </transaction>
      <transaction>
        <timestamp>1333599473777</timestamp>
        <buyerID>94</buyerID>
        <sellerID>72</sellerID>
        <price>146</price>
      </transaction>
      <transaction>
        <timestamp>1333599473827</timestamp>
        <buyerID>14</buyerID>
        <sellerID>52</sellerID>
        <price>152</price>
      </transaction>
      <transaction>
        <timestamp>1333599473842</timestamp>
        <buyerID>13</buyerID>
        <sellerID>12</sellerID>
        <price>142</price>
      </transaction>
      <transaction>
        <timestamp>1333599474557</timestamp>
        <buyerID>14</buyerID>
        <sellerID>91</sellerID>
        <price>152</price>
      </transaction>
      <transaction>
        <timestamp>1333599474573</timestamp>
        <buyerID>73</buyerID>
        <sellerID>92</sellerID>
        <price>153</price>
      </transaction>
      <transaction>
        <timestamp>1333599475349</timestamp>
        <buyerID>73</buyerID>
        <sellerID>92</sellerID>
        <price>154</price>
      </transaction>
      <transaction>
        <timestamp>1333599475409</timestamp>
        <buyerID>93</buyerID>
        <sellerID>11</sellerID>
        <price>145</price>
      </transaction>
      <transaction>
        <timestamp>1333599476183</timestamp>
        <buyerID>14</buyerID>
        <sellerID>52</sellerID>
        <price>153</price>
      </transaction>
      <transaction>
        <timestamp>1333599476188</timestamp>
        <buyerID>93</buyerID>
        <sellerID>71</sellerID>
        <price>146</price>
      </transaction>
      <transaction>
        <timestamp>1333599477505</timestamp>
        <buyerID>74</buyerID>
        <sellerID>11</sellerID>
        <price>149</price>
      </transaction>
      <transaction>
        <timestamp>1333599477510</timestamp>
        <buyerID>14</buyerID>
        <sellerID>91</sellerID>
        <price>149</price>
      </transaction>
      <transaction>
        <timestamp>1333599478989</timestamp>
        <buyerID>93</buyerID>
        <sellerID>72</sellerID>
        <price>151</price>
      </transaction>
      <transaction>
        <timestamp>1333599479827</timestamp>
        <buyerID>94</buyerID>
        <sellerID>52</sellerID>
        <price>153</price>
      </transaction>
      <transaction>
        <timestamp>1333599479847</timestamp>
        <buyerID>93</buyerID>
        <sellerID>51</sellerID>
        <price>153</price>
      </transaction>
      <transaction>
        <timestamp>1333599480668</timestamp>
        <buyerID>93</buyerID>
        <sellerID>11</sellerID>
        <price>154</price>
      </transaction>
      <transaction>
        <timestamp>1333599482129</timestamp>
        <buyerID>94</buyerID>
        <sellerID>52</sellerID>
        <price>153</price>
      </transaction>
      <transaction>
        <timestamp>1333599489626</timestamp>
        <buyerID>94</buyerID>
        <sellerID>11</sellerID>
        <price>137</price>
      </transaction>
      <transaction>
        <timestamp>1333599516666</timestamp>
        <buyerID>73</buyerID>
        <sellerID>51</sellerID>
        <price>144</price>
      </transaction>
      <transaction>
        <timestamp>1333599553314</timestamp>
        <buyerID>74</buyerID>
        <sellerID>51</sellerID>
        <price>139</price>
      </transaction>
      <transaction>
        <timestamp>1333599578741</timestamp>
        <buyerID>13</buyerID>
        <sellerID>51</sellerID>
        <price>138</price>
      </transaction>
    </repetition>
    <repetition>
      <id>4</id>
      <transaction>
        <timestamp>1333599597747</timestamp>
        <buyerID>93</buyerID>
        <sellerID>92</sellerID>
        <price>151</price>
      </transaction>
      <transaction>
        <timestamp>1333599597763</timestamp>
        <buyerID>14</buyerID>
        <sellerID>91</sellerID>
        <price>154</price>
      </transaction>
      <transaction>
        <timestamp>1333599598230</timestamp>
        <buyerID>94</buyerID>
        <sellerID>12</sellerID>
        <price>151</price>
      </transaction>
      <transaction>
        <timestamp>1333599598317</timestamp>
        <buyerID>14</buyerID>
        <sellerID>11</sellerID>
        <price>108</price>
      </transaction>
      <transaction>
        <timestamp>1333599598398</timestamp>
        <buyerID>74</buyerID>
        <sellerID>92</sellerID>
        <price>143</price>
      </transaction>
      <transaction>
        <timestamp>1333599598411</timestamp>
        <buyerID>93</buyerID>
        <sellerID>72</sellerID>
        <price>138</price>
      </transaction>
      <transaction>
        <timestamp>1333599599005</timestamp>
        <buyerID>73</buyerID>
        <sellerID>52</sellerID>
        <price>144</price>
      </transaction>
      <transaction>
        <timestamp>1333599599130</timestamp>
        <buyerID>13</buyerID>
        <sellerID>92</sellerID>
        <price>153</price>
      </transaction>
      <transaction>
        <timestamp>1333599600546</timestamp>
        <buyerID>14</buyerID>
        <sellerID>51</sellerID>
        <price>149</price>
      </transaction>
      <transaction>
        <timestamp>1333599600616</timestamp>
        <buyerID>73</buyerID>
        <sellerID>91</sellerID>
        <price>150</price>
      </transaction>
      <transaction>
        <timestamp>1333599601284</timestamp>
        <buyerID>94</buyerID>
        <sellerID>12</sellerID>
        <price>144</price>
      </transaction>
      <transaction>
        <timestamp>1333599601313</timestamp>
        <buyerID>74</buyerID>
        <sellerID>52</sellerID>
        <price>147</price>
      </transaction>
      <transaction>
        <timestamp>1333599601394</timestamp>
        <buyerID>14</buyerID>
        <sellerID>91</sellerID>
        <price>158</price>
      </transaction>
      <transaction>
        <timestamp>1333599602066</timestamp>
        <buyerID>74</buyerID>
        <sellerID>91</sellerID>
        <price>151</price>
      </transaction>
      <transaction>
        <timestamp>1333599602155</timestamp>
        <buyerID>93</buyerID>
        <sellerID>72</sellerID>
        <price>146</price>
      </transaction>
      <transaction>
        <timestamp>1333599602168</timestamp>
        <buyerID>94</buyerID>
        <sellerID>12</sellerID>
        <price>145</price>
      </transaction>
      <transaction>
        <timestamp>1333599602824</timestamp>
        <buyerID>13</buyerID>
        <sellerID>52</sellerID>
        <price>149</price>
      </transaction>
      <transaction>
        <timestamp>1333599604248</timestamp>
        <buyerID>93</buyerID>
        <sellerID>11</sellerID>
        <price>149</price>
      </transaction>
      <transaction>
        <timestamp>1333599605014</timestamp>
        <buyerID>94</buyerID>
        <sellerID>71</sellerID>
        <price>149</price>
      </transaction>
      <transaction>
        <timestamp>1333599605725</timestamp>
        <buyerID>93</buyerID>
        <sellerID>72</sellerID>
        <price>150</price>
      </transaction>
      <transaction>
        <timestamp>1333599605793</timestamp>
        <buyerID>73</buyerID>
        <sellerID>51</sellerID>
        <price>152</price>
      </transaction>
      <transaction>
        <timestamp>1333599605813</timestamp>
        <buyerID>93</buyerID>
        <sellerID>71</sellerID>
        <price>150</price>
      </transaction>
      <transaction>
        <timestamp>1333599605910</timestamp>
        <buyerID>13</buyerID>
        <sellerID>52</sellerID>
        <price>156</price>
      </transaction>
      <transaction>
        <timestamp>1333599606646</timestamp>
        <buyerID>94</buyerID>
        <sellerID>71</sellerID>
        <price>152</price>
      </transaction>
      <transaction>
        <timestamp>1333599607303</timestamp>
        <buyerID>93</buyerID>
        <sellerID>11</sellerID>
        <price>151</price>
      </transaction>
      <transaction>
        <timestamp>1333599607400</timestamp>
        <buyerID>14</buyerID>
        <sellerID>92</sellerID>
        <price>154</price>
      </transaction>
      <transaction>
        <timestamp>1333599611772</timestamp>
        <buyerID>94</buyerID>
        <sellerID>11</sellerID>
        <price>152</price>
      </transaction>
      <transaction>
        <timestamp>1333599613983</timestamp>
        <buyerID>74</buyerID>
        <sellerID>51</sellerID>
        <price>152</price>
      </transaction>
      <transaction>
        <timestamp>1333599614858</timestamp>
        <buyerID>13</buyerID>
        <sellerID>11</sellerID>
        <price>151</price>
      </transaction>
      <transaction>
        <timestamp>1333599625229</timestamp>
        <buyerID>73</buyerID>
        <sellerID>52</sellerID>
        <price>146</price>
      </transaction>
      <transaction>
        <timestamp>1333599629031</timestamp>
        <buyerID>94</buyerID>
        <sellerID>51</sellerID>
        <price>145</price>
      </transaction>
      <transaction>
        <timestamp>1333599658969</timestamp>
        <buyerID>13</buyerID>
        <sellerID>51</sellerID>
        <price>136</price>
      </transaction>
      <transaction>
        <timestamp>1333599704885</timestamp>
        <buyerID>74</buyerID>
        <sellerID>51</sellerID>
        <price>139</price>
      </transaction>
    </repetition>
    <repetition>
      <id>5</id>
      <transaction>
        <timestamp>1333599725182</timestamp>
        <buyerID>93</buyerID>
        <sellerID>91</sellerID>
        <price>107</price>
      </transaction>
      <transaction>
        <timestamp>1333599725305</timestamp>
        <buyerID>94</buyerID>
        <sellerID>92</sellerID>
        <price>108</price>
      </transaction>
      <transaction>
        <timestamp>1333599725836</timestamp>
        <buyerID>14</buyerID>
        <sellerID>92</sellerID>
        <price>138</price>
      </transaction>
      <transaction>
        <timestamp>1333599725842</timestamp>
        <buyerID>94</buyerID>
        <sellerID>11</sellerID>
        <price>108</price>
      </transaction>
      <transaction>
        <timestamp>1333599725906</timestamp>
        <buyerID>93</buyerID>
        <sellerID>12</sellerID>
        <price>108</price>
      </transaction>
      <transaction>
        <timestamp>1333599726628</timestamp>
        <buyerID>93</buyerID>
        <sellerID>71</sellerID>
        <price>128</price>
      </transaction>
      <transaction>
        <timestamp>1333599726647</timestamp>
        <buyerID>74</buyerID>
        <sellerID>91</sellerID>
        <price>129</price>
      </transaction>
      <transaction>
        <timestamp>1333599727234</timestamp>
        <buyerID>73</buyerID>
        <sellerID>71</sellerID>
        <price>129</price>
      </transaction>
      <transaction>
        <timestamp>1333599727245</timestamp>
        <buyerID>14</buyerID>
        <sellerID>11</sellerID>
        <price>130</price>
      </transaction>
      <transaction>
        <timestamp>1333599727349</timestamp>
        <buyerID>73</buyerID>
        <sellerID>51</sellerID>
        <price>136</price>
      </transaction>
      <transaction>
        <timestamp>1333599727401</timestamp>
        <buyerID>13</buyerID>
        <sellerID>72</sellerID>
        <price>140</price>
      </transaction>
      <transaction>
        <timestamp>1333599728021</timestamp>
        <buyerID>93</buyerID>
        <sellerID>71</sellerID>
        <price>137</price>
      </transaction>
      <transaction>
        <timestamp>1333599728075</timestamp>
        <buyerID>93</buyerID>
        <sellerID>72</sellerID>
        <price>137</price>
      </transaction>
      <transaction>
        <timestamp>1333599728096</timestamp>
        <buyerID>13</buyerID>
        <sellerID>52</sellerID>
        <price>142</price>
      </transaction>
      <transaction>
        <timestamp>1333599728143</timestamp>
        <buyerID>53</buyerID>
        <sellerID>12</sellerID>
        <price>129</price>
      </transaction>
      <transaction>
        <timestamp>1333599728189</timestamp>
        <buyerID>14</buyerID>
        <sellerID>51</sellerID>
        <price>142</price>
      </transaction>
      <transaction>
        <timestamp>1333599728829</timestamp>
        <buyerID>53</buyerID>
        <sellerID>12</sellerID>
        <price>148</price>
      </transaction>
      <transaction>
        <timestamp>1333599728901</timestamp>
        <buyerID>13</buyerID>
        <sellerID>92</sellerID>
        <price>152</price>
      </transaction>
      <transaction>
        <timestamp>1333599729505</timestamp>
        <buyerID>53</buyerID>
        <sellerID>91</sellerID>
        <price>158</price>
      </transaction>
      <transaction>
        <timestamp>1333599730290</timestamp>
        <buyerID>53</buyerID>
        <sellerID>91</sellerID>
        <price>158</price>
      </transaction>
      <transaction>
        <timestamp>1333599730374</timestamp>
        <buyerID>14</buyerID>
        <sellerID>92</sellerID>
        <price>158</price>
      </transaction>
      <transaction>
        <timestamp>1333599730418</timestamp>
        <buyerID>93</buyerID>
        <sellerID>11</sellerID>
        <price>147</price>
      </transaction>
      <transaction>
        <timestamp>1333599732524</timestamp>
        <buyerID>14</buyerID>
        <sellerID>52</sellerID>
        <price>162</price>
      </transaction>
      <transaction>
        <timestamp>1333599734047</timestamp>
        <buyerID>94</buyerID>
        <sellerID>72</sellerID>
        <price>155</price>
      </transaction>
      <transaction>
        <timestamp>1333599734778</timestamp>
        <buyerID>93</buyerID>
        <sellerID>51</sellerID>
        <price>157</price>
      </transaction>
      <transaction>
        <timestamp>1333599735634</timestamp>
        <buyerID>94</buyerID>
        <sellerID>52</sellerID>
        <price>158</price>
      </transaction>
      <transaction>
        <timestamp>1333599737100</timestamp>
        <buyerID>94</buyerID>
        <sellerID>71</sellerID>
        <price>159</price>
      </transaction>
      <transaction>
        <timestamp>1333599737733</timestamp>
        <buyerID>73</buyerID>
        <sellerID>11</sellerID>
        <price>145</price>
      </transaction>
      <transaction>
        <timestamp>1333599739271</timestamp>
        <buyerID>94</buyerID>
        <sellerID>51</sellerID>
        <price>157</price>
      </transaction>
      <transaction>
        <timestamp>1333599740089</timestamp>
        <buyerID>13</buyerID>
        <sellerID>11</sellerID>
        <price>155</price>
      </transaction>
      <transaction>
        <timestamp>1333599741541</timestamp>
        <buyerID>74</buyerID>
        <sellerID>11</sellerID>
        <price>145</price>
      </transaction>
      <transaction>
        <timestamp>1333599745234</timestamp>
        <buyerID>74</buyerID>
        <sellerID>52</sellerID>
        <price>151</price>
      </transaction>
      <transaction>
        <timestamp>1333599746137</timestamp>
        <buyerID>74</buyerID>
        <sellerID>52</sellerID>
        <price>152</price>
      </transaction>
      <transaction>
        <timestamp>1333599764180</timestamp>
        <buyerID>73</buyerID>
        <sellerID>51</sellerID>
        <price>146</price>
      </transaction>
      <transaction>
        <timestamp>1333599790993</timestamp>
        <buyerID>94</buyerID>
        <sellerID>51</sellerID>
        <price>144</price>
      </transaction>
      <transaction>
        <timestamp>1333599827843</timestamp>
        <buyerID>13</buyerID>
        <sellerID>51</sellerID>
        <price>142</price>
      </transaction>
    </repetition>
  </transactions>
  <scores>
    <agent>
      <ID>71</ID>
      <userName>kaplan1</userName>
      <strategy>KAPLAN</strategy>
      <values>
        <value>72</value>
        <value>98</value>
        <value>127</value>
        <value>154</value>
        <value>172</value>
        <value>187</value>
        <value>206</value>
        <value>221</value>
        <value>227</value>
        <value>229</value>
      </values>
      <score>140.2</score>
    </agent>
    <agent>
      <ID>11</ID>
      <userName>zi1</userName>
      <strategy>ZI</strategy>
      <values>
        <value>74</value>
        <value>110</value>
        <value>116</value>
        <value>132</value>
        <value>134</value>
        <value>137</value>
        <value>206</value>
        <value>206</value>
        <value>223</value>
        <value>240</value>
      </values>
      <score>208.2</score>
    </agent>
    <agent>
      <ID>72</ID>
      <userName>kaplan2</userName>
      <strategy>KAPLAN</strategy>
      <values>
        <value>97</value>
        <value>109</value>
        <value>135</value>
        <value>160</value>
        <value>160</value>
        <value>165</value>
        <value>192</value>
        <value>197</value>
        <value>212</value>
        <value>223</value>
      </values>
      <score>108.6</score>
    </agent>
    <agent>
      <ID>12</ID>
      <userName>zi2</userName>
      <strategy>ZI</strategy>
      <values>
        <value>74</value>
        <value>77</value>
        <value>90</value>
        <value>180</value>
        <value>181</value>
        <value>183</value>
        <value>191</value>
        <value>195</value>
        <value>234</value>
        <value>256</value>
      </values>
      <score>207.6</score>
    </agent>
    <agent>
      <ID>73</ID>
      <userName>kaplan3</userName>
      <strategy>KAPLAN</strategy>
      <values>
        <value>227</value>
        <value>216</value>
        <value>161</value>
        <value>152</value>
        <value>131</value>
        <value>124</value>
        <value>120</value>
        <value>116</value>
        <value>96</value>
        <value>88</value>
      </values>
      <score>135.8</score>
    </agent>
    <agent>
      <ID>13</ID>
      <userName>zi3</userName>
      <strategy>ZI</strategy>
      <values>
        <value>228</value>
        <value>216</value>
        <value>193</value>
        <value>166</value>
        <value>144</value>
        <value>118</value>
        <value>116</value>
        <value>95</value>
        <value>89</value>
        <value>65</value>
      </values>
      <score>147.6</score>
    </agent>
    <agent>
      <ID>14</ID>
      <userName>zi4</userName>
      <strategy>ZI</strategy>
      <values>
        <value>244</value>
        <value>230</value>
        <value>212</value>
        <value>203</value>
        <value>193</value>
        <value>124</value>
        <value>116</value>
        <value>86</value>
        <value>81</value>
        <value>72</value>
      </values>
      <score>293.0</score>
    </agent>
    <agent>
      <ID>74</ID>
      <userName>kaplan4</userName>
      <strategy>KAPLAN</strategy>
      <values>
        <value>250</value>
        <value>197</value>
        <value>189</value>
        <value>161</value>
        <value>144</value>
        <value>129</value>
        <value>125</value>
        <value>119</value>
        <value>84</value>
        <value>64</value>
      </values>
      <score>172.2</score>
    </agent>
    <agent>
      <ID>51</ID>
      <userName>zip1</userName>
      <strategy>ZIP</strategy>
      <values>
        <value>112</value>
        <value>121</value>
        <value>129</value>
        <value>132</value>
        <value>135</value>
        <value>139</value>
        <value>142</value>
        <value>184</value>
        <value>203</value>
        <value>227</value>
      </values>
      <score>158.4</score>
    </agent>
    <agent>
      <ID>54</ID>
      <userName>zip4</userName>
      <strategy>ZIP</strategy>
      <values>
        <value>260</value>
        <value>260</value>
        <value>239</value>
        <value>198</value>
        <value>194</value>
        <value>176</value>
        <value>171</value>
        <value>131</value>
        <value>124</value>
        <value>80</value>
      </values>
      <score>14.0</score>
    </agent>
    <agent>
      <ID>53</ID>
      <userName>zip3</userName>
      <strategy>ZIP</strategy>
      <values>
        <value>240</value>
        <value>233</value>
        <value>223</value>
        <value>215</value>
        <value>195</value>
        <value>166</value>
        <value>144</value>
        <value>103</value>
        <value>102</value>
        <value>95</value>
      </values>
      <score>186.4</score>
    </agent>
    <agent>
      <ID>52</ID>
      <userName>zip2</userName>
      <strategy>ZIP</strategy>
      <values>
        <value>77</value>
        <value>94</value>
        <value>97</value>
        <value>105</value>
        <value>107</value>
        <value>183</value>
        <value>198</value>
        <value>210</value>
        <value>225</value>
        <value>256</value>
      </values>
      <score>313.0</score>
    </agent>
    <agent>
      <ID>93</ID>
      <userName>gd3</userName>
      <strategy>GD</strategy>
      <values>
        <value>259</value>
        <value>257</value>
        <value>256</value>
        <value>239</value>
        <value>214</value>
        <value>206</value>
        <value>194</value>
        <value>130</value>
        <value>108</value>
        <value>97</value>
      </values>
      <score>549.6</score>
    </agent>
    <agent>
      <ID>92</ID>
      <userName>gd2</userName>
      <strategy>GD</strategy>
      <values>
        <value>93</value>
        <value>122</value>
        <value>146</value>
        <value>153</value>
        <value>165</value>
        <value>184</value>
        <value>208</value>
        <value>234</value>
        <value>237</value>
        <value>245</value>
      </values>
      <score>129.0</score>
    </agent>
    <agent>
      <ID>94</ID>
      <userName>gd4</userName>
      <strategy>GD</strategy>
      <values>
        <value>238</value>
        <value>219</value>
        <value>204</value>
        <value>186</value>
        <value>182</value>
        <value>159</value>
        <value>146</value>
        <value>91</value>
        <value>79</value>
        <value>67</value>
      </values>
      <score>259.0</score>
    </agent>
    <agent>
      <ID>91</ID>
      <userName>gd1</userName>
      <strategy>GD</strategy>
      <values>
        <value>79</value>
        <value>90</value>
        <value>146</value>
        <value>147</value>
        <value>197</value>
        <value>204</value>
        <value>212</value>
        <value>247</value>
        <value>253</value>
        <value>259</value>
      </values>
      <score>188.8</score>
    </agent>
  </scores>
</results>

