<results>
  <transactions>
    <repetition>
      <id>1</id>
      <transaction>
        <timestamp>1333597273003</timestamp>
        <buyerID>14</buyerID>
        <sellerID>12</sellerID>
        <price>111</price>
      </transaction>
      <transaction>
        <timestamp>1333597273015</timestamp>
        <buyerID>53</buyerID>
        <sellerID>11</sellerID>
        <price>131</price>
      </transaction>
      <transaction>
        <timestamp>1333597273020</timestamp>
        <buyerID>13</buyerID>
        <sellerID>51</sellerID>
        <price>177</price>
      </transaction>
      <transaction>
        <timestamp>1333597273169</timestamp>
        <buyerID>54</buyerID>
        <sellerID>91</sellerID>
        <price>194</price>
      </transaction>
      <transaction>
        <timestamp>1333597273180</timestamp>
        <buyerID>93</buyerID>
        <sellerID>51</sellerID>
        <price>190</price>
      </transaction>
      <transaction>
        <timestamp>1333597273195</timestamp>
        <buyerID>94</buyerID>
        <sellerID>12</sellerID>
        <price>189</price>
      </transaction>
      <transaction>
        <timestamp>1333597273246</timestamp>
        <buyerID>14</buyerID>
        <sellerID>11</sellerID>
        <price>178</price>
      </transaction>
      <transaction>
        <timestamp>1333597273939</timestamp>
        <buyerID>93</buyerID>
        <sellerID>12</sellerID>
        <price>191</price>
      </transaction>
      <transaction>
        <timestamp>1333597273952</timestamp>
        <buyerID>14</buyerID>
        <sellerID>92</sellerID>
        <price>193</price>
      </transaction>
      <transaction>
        <timestamp>1333597274060</timestamp>
        <buyerID>94</buyerID>
        <sellerID>11</sellerID>
        <price>191</price>
      </transaction>
      <transaction>
        <timestamp>1333597274780</timestamp>
        <buyerID>94</buyerID>
        <sellerID>91</sellerID>
        <price>192</price>
      </transaction>
      <transaction>
        <timestamp>1333597275395</timestamp>
        <buyerID>93</buyerID>
        <sellerID>11</sellerID>
        <price>191</price>
      </transaction>
      <transaction>
        <timestamp>1333597276378</timestamp>
        <buyerID>93</buyerID>
        <sellerID>92</sellerID>
        <price>186</price>
      </transaction>
      <transaction>
        <timestamp>1333597276918</timestamp>
        <buyerID>94</buyerID>
        <sellerID>92</sellerID>
        <price>186</price>
      </transaction>
      <transaction>
        <timestamp>1333597278547</timestamp>
        <buyerID>94</buyerID>
        <sellerID>11</sellerID>
        <price>176</price>
      </transaction>
      <transaction>
        <timestamp>1333597279189</timestamp>
        <buyerID>53</buyerID>
        <sellerID>12</sellerID>
        <price>168</price>
      </transaction>
      <transaction>
        <timestamp>1333597279275</timestamp>
        <buyerID>13</buyerID>
        <sellerID>92</sellerID>
        <price>175</price>
      </transaction>
      <transaction>
        <timestamp>1333597279939</timestamp>
        <buyerID>13</buyerID>
        <sellerID>91</sellerID>
        <price>174</price>
      </transaction>
      <transaction>
        <timestamp>1333597282971</timestamp>
        <buyerID>93</buyerID>
        <sellerID>12</sellerID>
        <price>164</price>
      </transaction>
      <transaction>
        <timestamp>1333597284470</timestamp>
        <buyerID>93</buyerID>
        <sellerID>92</sellerID>
        <price>164</price>
      </transaction>
      <transaction>
        <timestamp>1333597284571</timestamp>
        <buyerID>93</buyerID>
        <sellerID>52</sellerID>
        <price>164</price>
      </transaction>
      <transaction>
        <timestamp>1333597285126</timestamp>
        <buyerID>13</buyerID>
        <sellerID>51</sellerID>
        <price>166</price>
      </transaction>
      <transaction>
        <timestamp>1333597285158</timestamp>
        <buyerID>54</buyerID>
        <sellerID>52</sellerID>
        <price>154</price>
      </transaction>
      <transaction>
        <timestamp>1333597285288</timestamp>
        <buyerID>53</buyerID>
        <sellerID>51</sellerID>
        <price>141</price>
      </transaction>
      <transaction>
        <timestamp>1333597287439</timestamp>
        <buyerID>14</buyerID>
        <sellerID>92</sellerID>
        <price>163</price>
      </transaction>
      <transaction>
        <timestamp>1333597297281</timestamp>
        <buyerID>14</buyerID>
        <sellerID>51</sellerID>
        <price>153</price>
      </transaction>
      <transaction>
        <timestamp>1333597316651</timestamp>
        <buyerID>13</buyerID>
        <sellerID>92</sellerID>
        <price>160</price>
      </transaction>
      <transaction>
        <timestamp>1333597324215</timestamp>
        <buyerID>94</buyerID>
        <sellerID>51</sellerID>
        <price>152</price>
      </transaction>
      <transaction>
        <timestamp>1333597376810</timestamp>
        <buyerID>73</buyerID>
        <sellerID>51</sellerID>
        <price>161</price>
      </transaction>
      <transaction>
        <timestamp>1333597377390</timestamp>
        <buyerID>73</buyerID>
        <sellerID>52</sellerID>
        <price>184</price>
      </transaction>
      <transaction>
        <timestamp>1333597378145</timestamp>
        <buyerID>73</buyerID>
        <sellerID>91</sellerID>
        <price>170</price>
      </transaction>
      <transaction>
        <timestamp>1333597384913</timestamp>
        <buyerID>54</buyerID>
        <sellerID>71</sellerID>
        <price>131</price>
      </transaction>
      <transaction>
        <timestamp>1333597384998</timestamp>
        <buyerID>54</buyerID>
        <sellerID>51</sellerID>
        <price>169</price>
      </transaction>
      <transaction>
        <timestamp>1333597385767</timestamp>
        <buyerID>94</buyerID>
        <sellerID>71</sellerID>
        <price>151</price>
      </transaction>
      <transaction>
        <timestamp>1333597385802</timestamp>
        <buyerID>53</buyerID>
        <sellerID>72</sellerID>
        <price>129</price>
      </transaction>
      <transaction>
        <timestamp>1333597386406</timestamp>
        <buyerID>93</buyerID>
        <sellerID>72</sellerID>
        <price>108</price>
      </transaction>
      <transaction>
        <timestamp>1333597387317</timestamp>
        <buyerID>13</buyerID>
        <sellerID>71</sellerID>
        <price>145</price>
      </transaction>
      <transaction>
        <timestamp>1333597388665</timestamp>
        <buyerID>74</buyerID>
        <sellerID>71</sellerID>
        <price>164</price>
      </transaction>
      <transaction>
        <timestamp>1333597388675</timestamp>
        <buyerID>74</buyerID>
        <sellerID>12</sellerID>
        <price>172</price>
      </transaction>
      <transaction>
        <timestamp>1333597389435</timestamp>
        <buyerID>74</buyerID>
        <sellerID>51</sellerID>
        <price>175</price>
      </transaction>
      <transaction>
        <timestamp>1333597390970</timestamp>
        <buyerID>74</buyerID>
        <sellerID>11</sellerID>
        <price>170</price>
      </transaction>
    </repetition>
    <repetition>
      <id>2</id>
      <transaction>
        <timestamp>1333597399316</timestamp>
        <buyerID>94</buyerID>
        <sellerID>12</sellerID>
        <price>195</price>
      </transaction>
      <transaction>
        <timestamp>1333597399353</timestamp>
        <buyerID>13</buyerID>
        <sellerID>92</sellerID>
        <price>183</price>
      </transaction>
      <transaction>
        <timestamp>1333597399387</timestamp>
        <buyerID>93</buyerID>
        <sellerID>11</sellerID>
        <price>180</price>
      </transaction>
      <transaction>
        <timestamp>1333597399880</timestamp>
        <buyerID>13</buyerID>
        <sellerID>91</sellerID>
        <price>183</price>
      </transaction>
      <transaction>
        <timestamp>1333597399897</timestamp>
        <buyerID>54</buyerID>
        <sellerID>72</sellerID>
        <price>179</price>
      </transaction>
      <transaction>
        <timestamp>1333597399941</timestamp>
        <buyerID>74</buyerID>
        <sellerID>91</sellerID>
        <price>183</price>
      </transaction>
      <transaction>
        <timestamp>1333597399950</timestamp>
        <buyerID>73</buyerID>
        <sellerID>51</sellerID>
        <price>184</price>
      </transaction>
      <transaction>
        <timestamp>1333597399984</timestamp>
        <buyerID>93</buyerID>
        <sellerID>51</sellerID>
        <price>174</price>
      </transaction>
      <transaction>
        <timestamp>1333597400023</timestamp>
        <buyerID>94</buyerID>
        <sellerID>71</sellerID>
        <price>174</price>
      </transaction>
      <transaction>
        <timestamp>1333597400055</timestamp>
        <buyerID>14</buyerID>
        <sellerID>11</sellerID>
        <price>173</price>
      </transaction>
      <transaction>
        <timestamp>1333597400696</timestamp>
        <buyerID>94</buyerID>
        <sellerID>71</sellerID>
        <price>170</price>
      </transaction>
      <transaction>
        <timestamp>1333597400715</timestamp>
        <buyerID>54</buyerID>
        <sellerID>72</sellerID>
        <price>169</price>
      </transaction>
      <transaction>
        <timestamp>1333597400721</timestamp>
        <buyerID>74</buyerID>
        <sellerID>92</sellerID>
        <price>173</price>
      </transaction>
      <transaction>
        <timestamp>1333597400733</timestamp>
        <buyerID>14</buyerID>
        <sellerID>52</sellerID>
        <price>175</price>
      </transaction>
      <transaction>
        <timestamp>1333597400757</timestamp>
        <buyerID>13</buyerID>
        <sellerID>91</sellerID>
        <price>193</price>
      </transaction>
      <transaction>
        <timestamp>1333597400837</timestamp>
        <buyerID>53</buyerID>
        <sellerID>52</sellerID>
        <price>163</price>
      </transaction>
      <transaction>
        <timestamp>1333597401405</timestamp>
        <buyerID>13</buyerID>
        <sellerID>12</sellerID>
        <price>176</price>
      </transaction>
      <transaction>
        <timestamp>1333597402152</timestamp>
        <buyerID>73</buyerID>
        <sellerID>92</sellerID>
        <price>184</price>
      </transaction>
      <transaction>
        <timestamp>1333597402269</timestamp>
        <buyerID>94</buyerID>
        <sellerID>12</sellerID>
        <price>173</price>
      </transaction>
      <transaction>
        <timestamp>1333597402983</timestamp>
        <buyerID>93</buyerID>
        <sellerID>51</sellerID>
        <price>180</price>
      </transaction>
      <transaction>
        <timestamp>1333597402995</timestamp>
        <buyerID>14</buyerID>
        <sellerID>72</sellerID>
        <price>179</price>
      </transaction>
      <transaction>
        <timestamp>1333597403011</timestamp>
        <buyerID>73</buyerID>
        <sellerID>92</sellerID>
        <price>181</price>
      </transaction>
      <transaction>
        <timestamp>1333597403685</timestamp>
        <buyerID>54</buyerID>
        <sellerID>11</sellerID>
        <price>167</price>
      </transaction>
      <transaction>
        <timestamp>1333597403812</timestamp>
        <buyerID>53</buyerID>
        <sellerID>51</sellerID>
        <price>165</price>
      </transaction>
      <transaction>
        <timestamp>1333597404536</timestamp>
        <buyerID>93</buyerID>
        <sellerID>11</sellerID>
        <price>161</price>
      </transaction>
      <transaction>
        <timestamp>1333597405130</timestamp>
        <buyerID>94</buyerID>
        <sellerID>71</sellerID>
        <price>160</price>
      </transaction>
      <transaction>
        <timestamp>1333597405217</timestamp>
        <buyerID>54</buyerID>
        <sellerID>12</sellerID>
        <price>151</price>
      </transaction>
      <transaction>
        <timestamp>1333597406027</timestamp>
        <buyerID>13</buyerID>
        <sellerID>92</sellerID>
        <price>157</price>
      </transaction>
      <transaction>
        <timestamp>1333597407636</timestamp>
        <buyerID>74</buyerID>
        <sellerID>92</sellerID>
        <price>156</price>
      </transaction>
      <transaction>
        <timestamp>1333597408230</timestamp>
        <buyerID>74</buyerID>
        <sellerID>92</sellerID>
        <price>156</price>
      </transaction>
      <transaction>
        <timestamp>1333597409175</timestamp>
        <buyerID>94</buyerID>
        <sellerID>71</sellerID>
        <price>151</price>
      </transaction>
      <transaction>
        <timestamp>1333597409187</timestamp>
        <buyerID>74</buyerID>
        <sellerID>51</sellerID>
        <price>156</price>
      </transaction>
      <transaction>
        <timestamp>1333597412726</timestamp>
        <buyerID>14</buyerID>
        <sellerID>51</sellerID>
        <price>166</price>
      </transaction>
      <transaction>
        <timestamp>1333597412855</timestamp>
        <buyerID>93</buyerID>
        <sellerID>71</sellerID>
        <price>162</price>
      </transaction>
      <transaction>
        <timestamp>1333597416517</timestamp>
        <buyerID>93</buyerID>
        <sellerID>12</sellerID>
        <price>157</price>
      </transaction>
      <transaction>
        <timestamp>1333597462198</timestamp>
        <buyerID>14</buyerID>
        <sellerID>51</sellerID>
        <price>161</price>
      </transaction>
      <transaction>
        <timestamp>1333597484680</timestamp>
        <buyerID>93</buyerID>
        <sellerID>11</sellerID>
        <price>155</price>
      </transaction>
    </repetition>
    <repetition>
      <id>3</id>
      <transaction>
        <timestamp>1333597526868</timestamp>
        <buyerID>93</buyerID>
        <sellerID>92</sellerID>
        <price>169</price>
      </transaction>
      <transaction>
        <timestamp>1333597527388</timestamp>
        <buyerID>94</buyerID>
        <sellerID>11</sellerID>
        <price>167</price>
      </transaction>
      <transaction>
        <timestamp>1333597527417</timestamp>
        <buyerID>13</buyerID>
        <sellerID>91</sellerID>
        <price>169</price>
      </transaction>
      <transaction>
        <timestamp>1333597527470</timestamp>
        <buyerID>74</buyerID>
        <sellerID>92</sellerID>
        <price>173</price>
      </transaction>
      <transaction>
        <timestamp>1333597527498</timestamp>
        <buyerID>73</buyerID>
        <sellerID>52</sellerID>
        <price>173</price>
      </transaction>
      <transaction>
        <timestamp>1333597528202</timestamp>
        <buyerID>13</buyerID>
        <sellerID>92</sellerID>
        <price>171</price>
      </transaction>
      <transaction>
        <timestamp>1333597528312</timestamp>
        <buyerID>94</buyerID>
        <sellerID>12</sellerID>
        <price>154</price>
      </transaction>
      <transaction>
        <timestamp>1333597528961</timestamp>
        <buyerID>93</buyerID>
        <sellerID>11</sellerID>
        <price>155</price>
      </transaction>
      <transaction>
        <timestamp>1333597530412</timestamp>
        <buyerID>94</buyerID>
        <sellerID>71</sellerID>
        <price>156</price>
      </transaction>
      <transaction>
        <timestamp>1333597530454</timestamp>
        <buyerID>73</buyerID>
        <sellerID>11</sellerID>
        <price>162</price>
      </transaction>
      <transaction>
        <timestamp>1333597530490</timestamp>
        <buyerID>14</buyerID>
        <sellerID>91</sellerID>
        <price>163</price>
      </transaction>
      <transaction>
        <timestamp>1333597530540</timestamp>
        <buyerID>74</buyerID>
        <sellerID>92</sellerID>
        <price>163</price>
      </transaction>
      <transaction>
        <timestamp>1333597531128</timestamp>
        <buyerID>73</buyerID>
        <sellerID>12</sellerID>
        <price>163</price>
      </transaction>
      <transaction>
        <timestamp>1333597531151</timestamp>
        <buyerID>14</buyerID>
        <sellerID>11</sellerID>
        <price>165</price>
      </transaction>
      <transaction>
        <timestamp>1333597531454</timestamp>
        <buyerID>74</buyerID>
        <sellerID>52</sellerID>
        <price>164</price>
      </transaction>
      <transaction>
        <timestamp>1333597531928</timestamp>
        <buyerID>94</buyerID>
        <sellerID>72</sellerID>
        <price>159</price>
      </transaction>
      <transaction>
        <timestamp>1333597531965</timestamp>
        <buyerID>74</buyerID>
        <sellerID>91</sellerID>
        <price>162</price>
      </transaction>
      <transaction>
        <timestamp>1333597532070</timestamp>
        <buyerID>93</buyerID>
        <sellerID>71</sellerID>
        <price>159</price>
      </transaction>
      <transaction>
        <timestamp>1333597532689</timestamp>
        <buyerID>74</buyerID>
        <sellerID>92</sellerID>
        <price>162</price>
      </transaction>
      <transaction>
        <timestamp>1333597532788</timestamp>
        <buyerID>14</buyerID>
        <sellerID>92</sellerID>
        <price>162</price>
      </transaction>
      <transaction>
        <timestamp>1333597532842</timestamp>
        <buyerID>94</buyerID>
        <sellerID>71</sellerID>
        <price>159</price>
      </transaction>
      <transaction>
        <timestamp>1333597533454</timestamp>
        <buyerID>93</buyerID>
        <sellerID>71</sellerID>
        <price>160</price>
      </transaction>
      <transaction>
        <timestamp>1333597533485</timestamp>
        <buyerID>13</buyerID>
        <sellerID>51</sellerID>
        <price>162</price>
      </transaction>
      <transaction>
        <timestamp>1333597533514</timestamp>
        <buyerID>53</buyerID>
        <sellerID>51</sellerID>
        <price>151</price>
      </transaction>
      <transaction>
        <timestamp>1333597533592</timestamp>
        <buyerID>54</buyerID>
        <sellerID>12</sellerID>
        <price>149</price>
      </transaction>
      <transaction>
        <timestamp>1333597534167</timestamp>
        <buyerID>53</buyerID>
        <sellerID>71</sellerID>
        <price>156</price>
      </transaction>
      <transaction>
        <timestamp>1333597535056</timestamp>
        <buyerID>93</buyerID>
        <sellerID>72</sellerID>
        <price>155</price>
      </transaction>
      <transaction>
        <timestamp>1333597535697</timestamp>
        <buyerID>13</buyerID>
        <sellerID>12</sellerID>
        <price>154</price>
      </transaction>
      <transaction>
        <timestamp>1333597536452</timestamp>
        <buyerID>93</buyerID>
        <sellerID>12</sellerID>
        <price>152</price>
      </transaction>
      <transaction>
        <timestamp>1333597537469</timestamp>
        <buyerID>13</buyerID>
        <sellerID>92</sellerID>
        <price>155</price>
      </transaction>
      <transaction>
        <timestamp>1333597542599</timestamp>
        <buyerID>93</buyerID>
        <sellerID>51</sellerID>
        <price>153</price>
      </transaction>
      <transaction>
        <timestamp>1333597559061</timestamp>
        <buyerID>14</buyerID>
        <sellerID>51</sellerID>
        <price>153</price>
      </transaction>
      <transaction>
        <timestamp>1333597566556</timestamp>
        <buyerID>14</buyerID>
        <sellerID>11</sellerID>
        <price>159</price>
      </transaction>
      <transaction>
        <timestamp>1333597582175</timestamp>
        <buyerID>94</buyerID>
        <sellerID>51</sellerID>
        <price>152</price>
      </transaction>
      <transaction>
        <timestamp>1333597598031</timestamp>
        <buyerID>94</buyerID>
        <sellerID>51</sellerID>
        <price>151</price>
      </transaction>
      <transaction>
        <timestamp>1333597646757</timestamp>
        <buyerID>13</buyerID>
        <sellerID>72</sellerID>
        <price>147</price>
      </transaction>
    </repetition>
    <repetition>
      <id>4</id>
      <transaction>
        <timestamp>1333597654332</timestamp>
        <buyerID>93</buyerID>
        <sellerID>91</sellerID>
        <price>174</price>
      </transaction>
      <transaction>
        <timestamp>1333597654358</timestamp>
        <buyerID>14</buyerID>
        <sellerID>12</sellerID>
        <price>174</price>
      </transaction>
      <transaction>
        <timestamp>1333597654363</timestamp>
        <buyerID>94</buyerID>
        <sellerID>92</sellerID>
        <price>174</price>
      </transaction>
      <transaction>
        <timestamp>1333597654949</timestamp>
        <buyerID>14</buyerID>
        <sellerID>51</sellerID>
        <price>167</price>
      </transaction>
      <transaction>
        <timestamp>1333597654982</timestamp>
        <buyerID>94</buyerID>
        <sellerID>12</sellerID>
        <price>148</price>
      </transaction>
      <transaction>
        <timestamp>1333597655626</timestamp>
        <buyerID>93</buyerID>
        <sellerID>91</sellerID>
        <price>147</price>
      </transaction>
      <transaction>
        <timestamp>1333597655658</timestamp>
        <buyerID>93</buyerID>
        <sellerID>92</sellerID>
        <price>147</price>
      </transaction>
      <transaction>
        <timestamp>1333597655705</timestamp>
        <buyerID>14</buyerID>
        <sellerID>11</sellerID>
        <price>148</price>
      </transaction>
      <transaction>
        <timestamp>1333597656407</timestamp>
        <buyerID>94</buyerID>
        <sellerID>11</sellerID>
        <price>147</price>
      </transaction>
      <transaction>
        <timestamp>1333597657293</timestamp>
        <buyerID>93</buyerID>
        <sellerID>12</sellerID>
        <price>150</price>
      </transaction>
      <transaction>
        <timestamp>1333597657303</timestamp>
        <buyerID>73</buyerID>
        <sellerID>91</sellerID>
        <price>163</price>
      </transaction>
      <transaction>
        <timestamp>1333597657319</timestamp>
        <buyerID>13</buyerID>
        <sellerID>92</sellerID>
        <price>164</price>
      </transaction>
      <transaction>
        <timestamp>1333597657974</timestamp>
        <buyerID>73</buyerID>
        <sellerID>52</sellerID>
        <price>164</price>
      </transaction>
      <transaction>
        <timestamp>1333597658058</timestamp>
        <buyerID>93</buyerID>
        <sellerID>12</sellerID>
        <price>151</price>
      </transaction>
      <transaction>
        <timestamp>1333597659575</timestamp>
        <buyerID>74</buyerID>
        <sellerID>52</sellerID>
        <price>159</price>
      </transaction>
      <transaction>
        <timestamp>1333597660140</timestamp>
        <buyerID>74</buyerID>
        <sellerID>92</sellerID>
        <price>160</price>
      </transaction>
      <transaction>
        <timestamp>1333597660192</timestamp>
        <buyerID>14</buyerID>
        <sellerID>51</sellerID>
        <price>160</price>
      </transaction>
      <transaction>
        <timestamp>1333597660289</timestamp>
        <buyerID>73</buyerID>
        <sellerID>92</sellerID>
        <price>162</price>
      </transaction>
      <transaction>
        <timestamp>1333597660908</timestamp>
        <buyerID>94</buyerID>
        <sellerID>92</sellerID>
        <price>162</price>
      </transaction>
      <transaction>
        <timestamp>1333597660960</timestamp>
        <buyerID>74</buyerID>
        <sellerID>71</sellerID>
        <price>162</price>
      </transaction>
      <transaction>
        <timestamp>1333597661004</timestamp>
        <buyerID>93</buyerID>
        <sellerID>72</sellerID>
        <price>161</price>
      </transaction>
      <transaction>
        <timestamp>1333597661048</timestamp>
        <buyerID>13</buyerID>
        <sellerID>11</sellerID>
        <price>161</price>
      </transaction>
      <transaction>
        <timestamp>1333597662514</timestamp>
        <buyerID>94</buyerID>
        <sellerID>71</sellerID>
        <price>156</price>
      </transaction>
      <transaction>
        <timestamp>1333597663163</timestamp>
        <buyerID>74</buyerID>
        <sellerID>12</sellerID>
        <price>156</price>
      </transaction>
      <transaction>
        <timestamp>1333597663227</timestamp>
        <buyerID>13</buyerID>
        <sellerID>92</sellerID>
        <price>162</price>
      </transaction>
      <transaction>
        <timestamp>1333597665565</timestamp>
        <buyerID>74</buyerID>
        <sellerID>11</sellerID>
        <price>157</price>
      </transaction>
      <transaction>
        <timestamp>1333597666194</timestamp>
        <buyerID>93</buyerID>
        <sellerID>71</sellerID>
        <price>155</price>
      </transaction>
      <transaction>
        <timestamp>1333597667028</timestamp>
        <buyerID>13</buyerID>
        <sellerID>51</sellerID>
        <price>155</price>
      </transaction>
      <transaction>
        <timestamp>1333597673045</timestamp>
        <buyerID>13</buyerID>
        <sellerID>71</sellerID>
        <price>163</price>
      </transaction>
      <transaction>
        <timestamp>1333597676743</timestamp>
        <buyerID>14</buyerID>
        <sellerID>72</sellerID>
        <price>150</price>
      </transaction>
      <transaction>
        <timestamp>1333597679625</timestamp>
        <buyerID>94</buyerID>
        <sellerID>51</sellerID>
        <price>152</price>
      </transaction>
      <transaction>
        <timestamp>1333597693985</timestamp>
        <buyerID>94</buyerID>
        <sellerID>51</sellerID>
        <price>151</price>
      </transaction>
      <transaction>
        <timestamp>1333597727059</timestamp>
        <buyerID>74</buyerID>
        <sellerID>51</sellerID>
        <price>146</price>
      </transaction>
    </repetition>
    <repetition>
      <id>5</id>
      <transaction>
        <timestamp>1333597781822</timestamp>
        <buyerID>14</buyerID>
        <sellerID>11</sellerID>
        <price>198</price>
      </transaction>
      <transaction>
        <timestamp>1333597781868</timestamp>
        <buyerID>94</buyerID>
        <sellerID>92</sellerID>
        <price>175</price>
      </transaction>
      <transaction>
        <timestamp>1333597781924</timestamp>
        <buyerID>13</buyerID>
        <sellerID>52</sellerID>
        <price>196</price>
      </transaction>
      <transaction>
        <timestamp>1333597781936</timestamp>
        <buyerID>93</buyerID>
        <sellerID>91</sellerID>
        <price>175</price>
      </transaction>
      <transaction>
        <timestamp>1333597782485</timestamp>
        <buyerID>94</buyerID>
        <sellerID>91</sellerID>
        <price>173</price>
      </transaction>
      <transaction>
        <timestamp>1333597782527</timestamp>
        <buyerID>14</buyerID>
        <sellerID>71</sellerID>
        <price>210</price>
      </transaction>
      <transaction>
        <timestamp>1333597783129</timestamp>
        <buyerID>14</buyerID>
        <sellerID>92</sellerID>
        <price>174</price>
      </transaction>
      <transaction>
        <timestamp>1333597783160</timestamp>
        <buyerID>93</buyerID>
        <sellerID>91</sellerID>
        <price>173</price>
      </transaction>
      <transaction>
        <timestamp>1333597783235</timestamp>
        <buyerID>53</buyerID>
        <sellerID>11</sellerID>
        <price>150</price>
      </transaction>
      <transaction>
        <timestamp>1333597783993</timestamp>
        <buyerID>73</buyerID>
        <sellerID>52</sellerID>
        <price>171</price>
      </transaction>
      <transaction>
        <timestamp>1333597784013</timestamp>
        <buyerID>74</buyerID>
        <sellerID>11</sellerID>
        <price>173</price>
      </transaction>
      <transaction>
        <timestamp>1333597784058</timestamp>
        <buyerID>13</buyerID>
        <sellerID>92</sellerID>
        <price>173</price>
      </transaction>
      <transaction>
        <timestamp>1333597784682</timestamp>
        <buyerID>73</buyerID>
        <sellerID>91</sellerID>
        <price>173</price>
      </transaction>
      <transaction>
        <timestamp>1333597784746</timestamp>
        <buyerID>93</buyerID>
        <sellerID>71</sellerID>
        <price>165</price>
      </transaction>
      <transaction>
        <timestamp>1333597784761</timestamp>
        <buyerID>74</buyerID>
        <sellerID>92</sellerID>
        <price>172</price>
      </transaction>
      <transaction>
        <timestamp>1333597785553</timestamp>
        <buyerID>94</buyerID>
        <sellerID>11</sellerID>
        <price>170</price>
      </transaction>
      <transaction>
        <timestamp>1333597785562</timestamp>
        <buyerID>14</buyerID>
        <sellerID>72</sellerID>
        <price>169</price>
      </transaction>
      <transaction>
        <timestamp>1333597785569</timestamp>
        <buyerID>73</buyerID>
        <sellerID>71</sellerID>
        <price>170</price>
      </transaction>
      <transaction>
        <timestamp>1333597786150</timestamp>
        <buyerID>93</buyerID>
        <sellerID>12</sellerID>
        <price>165</price>
      </transaction>
      <transaction>
        <timestamp>1333597786279</timestamp>
        <buyerID>74</buyerID>
        <sellerID>51</sellerID>
        <price>169</price>
      </transaction>
      <transaction>
        <timestamp>1333597786290</timestamp>
        <buyerID>94</buyerID>
        <sellerID>71</sellerID>
        <price>165</price>
      </transaction>
      <transaction>
        <timestamp>1333597787069</timestamp>
        <buyerID>93</buyerID>
        <sellerID>12</sellerID>
        <price>158</price>
      </transaction>
      <transaction>
        <timestamp>1333597787824</timestamp>
        <buyerID>94</buyerID>
        <sellerID>11</sellerID>
        <price>159</price>
      </transaction>
      <transaction>
        <timestamp>1333597788655</timestamp>
        <buyerID>93</buyerID>
        <sellerID>12</sellerID>
        <price>159</price>
      </transaction>
      <transaction>
        <timestamp>1333597790038</timestamp>
        <buyerID>13</buyerID>
        <sellerID>72</sellerID>
        <price>155</price>
      </transaction>
      <transaction>
        <timestamp>1333597790642</timestamp>
        <buyerID>74</buyerID>
        <sellerID>12</sellerID>
        <price>156</price>
      </transaction>
      <transaction>
        <timestamp>1333597792914</timestamp>
        <buyerID>13</buyerID>
        <sellerID>92</sellerID>
        <price>157</price>
      </transaction>
      <transaction>
        <timestamp>1333597794516</timestamp>
        <buyerID>74</buyerID>
        <sellerID>12</sellerID>
        <price>152</price>
      </transaction>
      <transaction>
        <timestamp>1333597798929</timestamp>
        <buyerID>14</buyerID>
        <sellerID>51</sellerID>
        <price>156</price>
      </transaction>
      <transaction>
        <timestamp>1333597799031</timestamp>
        <buyerID>93</buyerID>
        <sellerID>71</sellerID>
        <price>154</price>
      </transaction>
      <transaction>
        <timestamp>1333597809421</timestamp>
        <buyerID>94</buyerID>
        <sellerID>51</sellerID>
        <price>152</price>
      </transaction>
      <transaction>
        <timestamp>1333597828960</timestamp>
        <buyerID>94</buyerID>
        <sellerID>51</sellerID>
        <price>151</price>
      </transaction>
      <transaction>
        <timestamp>1333597843306</timestamp>
        <buyerID>13</buyerID>
        <sellerID>51</sellerID>
        <price>160</price>
      </transaction>
      <transaction>
        <timestamp>1333597866550</timestamp>
        <buyerID>74</buyerID>
        <sellerID>51</sellerID>
        <price>145</price>
      </transaction>
    </repetition>
  </transactions>
  <scores>
    <agent>
      <ID>71</ID>
      <userName>kaplan1</userName>
      <strategy>KAPLAN</strategy>
      <values>
        <value>99</value>
        <value>107</value>
        <value>120</value>
        <value>141</value>
        <value>147</value>
        <value>155</value>
        <value>198</value>
        <value>201</value>
        <value>211</value>
        <value>248</value>
      </values>
      <score>184.4</score>
    </agent>
    <agent>
      <ID>11</ID>
      <userName>zi1</userName>
      <strategy>ZI</strategy>
      <values>
        <value>75</value>
        <value>101</value>
        <value>125</value>
        <value>128</value>
        <value>152</value>
        <value>161</value>
        <value>185</value>
        <value>194</value>
        <value>226</value>
        <value>231</value>
      </values>
      <score>246.0</score>
    </agent>
    <agent>
      <ID>72</ID>
      <userName>kaplan2</userName>
      <strategy>KAPLAN</strategy>
      <values>
        <value>61</value>
        <value>106</value>
        <value>145</value>
        <value>157</value>
        <value>169</value>
        <value>173</value>
        <value>187</value>
        <value>188</value>
        <value>218</value>
        <value>244</value>
      </values>
      <score>147.0</score>
    </agent>
    <agent>
      <ID>12</ID>
      <userName>zi2</userName>
      <strategy>ZI</strategy>
      <values>
        <value>98</value>
        <value>105</value>
        <value>105</value>
        <value>108</value>
        <value>145</value>
        <value>162</value>
        <value>166</value>
        <value>189</value>
        <value>237</value>
        <value>249</value>
      </values>
      <score>244.2</score>
    </agent>
    <agent>
      <ID>73</ID>
      <userName>kaplan3</userName>
      <strategy>KAPLAN</strategy>
      <values>
        <value>251</value>
        <value>250</value>
        <value>205</value>
        <value>111</value>
        <value>105</value>
        <value>83</value>
        <value>70</value>
        <value>67</value>
        <value>67</value>
        <value>62</value>
      </values>
      <score>193.0</score>
    </agent>
    <agent>
      <ID>13</ID>
      <userName>zi3</userName>
      <strategy>ZI</strategy>
      <values>
        <value>217</value>
        <value>201</value>
        <value>193</value>
        <value>192</value>
        <value>164</value>
        <value>148</value>
        <value>121</value>
        <value>115</value>
        <value>104</value>
        <value>63</value>
      </values>
      <score>127.6</score>
    </agent>
    <agent>
      <ID>14</ID>
      <userName>zi4</userName>
      <strategy>ZI</strategy>
      <values>
        <value>242</value>
        <value>231</value>
        <value>226</value>
        <value>172</value>
        <value>162</value>
        <value>129</value>
        <value>124</value>
        <value>118</value>
        <value>105</value>
        <value>72</value>
      </values>
      <score>201.0</score>
    </agent>
    <agent>
      <ID>74</ID>
      <userName>kaplan4</userName>
      <strategy>KAPLAN</strategy>
      <values>
        <value>234</value>
        <value>206</value>
        <value>178</value>
        <value>170</value>
        <value>169</value>
        <value>146</value>
        <value>136</value>
        <value>129</value>
        <value>107</value>
        <value>84</value>
      </values>
      <score>134.4</score>
    </agent>
    <agent>
      <ID>51</ID>
      <userName>zip1</userName>
      <strategy>ZIP</strategy>
      <values>
        <value>66</value>
        <value>89</value>
        <value>95</value>
        <value>109</value>
        <value>122</value>
        <value>138</value>
        <value>161</value>
        <value>169</value>
        <value>175</value>
        <value>184</value>
      </values>
      <score>339.0</score>
    </agent>
    <agent>
      <ID>54</ID>
      <userName>zip4</userName>
      <strategy>ZIP</strategy>
      <values>
        <value>248</value>
        <value>223</value>
        <value>212</value>
        <value>207</value>
        <value>197</value>
        <value>183</value>
        <value>133</value>
        <value>107</value>
        <value>88</value>
        <value>77</value>
      </values>
      <score>113.0</score>
    </agent>
    <agent>
      <ID>53</ID>
      <userName>zip3</userName>
      <strategy>ZIP</strategy>
      <values>
        <value>224</value>
        <value>185</value>
        <value>145</value>
        <value>139</value>
        <value>126</value>
        <value>124</value>
        <value>111</value>
        <value>88</value>
        <value>87</value>
        <value>74</value>
      </values>
      <score>76.2</score>
    </agent>
    <agent>
      <ID>52</ID>
      <userName>zip2</userName>
      <strategy>ZIP</strategy>
      <values>
        <value>64</value>
        <value>74</value>
        <value>184</value>
        <value>194</value>
        <value>211</value>
        <value>228</value>
        <value>233</value>
        <value>235</value>
        <value>236</value>
        <value>260</value>
      </values>
      <score>198.6</score>
    </agent>
    <agent>
      <ID>93</ID>
      <userName>gd3</userName>
      <strategy>GD</strategy>
      <values>
        <value>229</value>
        <value>225</value>
        <value>212</value>
        <value>194</value>
        <value>174</value>
        <value>167</value>
        <value>156</value>
        <value>111</value>
        <value>95</value>
        <value>84</value>
      </values>
      <score>206.4</score>
    </agent>
    <agent>
      <ID>92</ID>
      <userName>gd2</userName>
      <strategy>GD</strategy>
      <values>
        <value>78</value>
        <value>106</value>
        <value>106</value>
        <value>113</value>
        <value>124</value>
        <value>154</value>
        <value>154</value>
        <value>180</value>
        <value>194</value>
        <value>260</value>
      </values>
      <score>337.4</score>
    </agent>
    <agent>
      <ID>94</ID>
      <userName>gd4</userName>
      <strategy>GD</strategy>
      <values>
        <value>258</value>
        <value>246</value>
        <value>230</value>
        <value>188</value>
        <value>181</value>
        <value>153</value>
        <value>152</value>
        <value>107</value>
        <value>94</value>
        <value>67</value>
      </values>
      <score>259.0</score>
    </agent>
    <agent>
      <ID>91</ID>
      <userName>gd1</userName>
      <strategy>GD</strategy>
      <values>
        <value>70</value>
        <value>103</value>
        <value>126</value>
        <value>167</value>
        <value>170</value>
        <value>178</value>
        <value>201</value>
        <value>224</value>
        <value>235</value>
        <value>239</value>
      </values>
      <score>226.4</score>
    </agent>
  </scores>
</results>

