<results>
  <transactions>
    <repetition>
      <id>1</id>
      <transaction>
        <timestamp>1333605934262</timestamp>
        <buyerID>33</buyerID>
        <sellerID>132</sellerID>
        <price>210</price>
      </transaction>
      <transaction>
        <timestamp>1333605934264</timestamp>
        <buyerID>113</buyerID>
        <sellerID>32</sellerID>
        <price>191</price>
      </transaction>
      <transaction>
        <timestamp>1333605934270</timestamp>
        <buyerID>114</buyerID>
        <sellerID>52</sellerID>
        <price>158</price>
      </transaction>
      <transaction>
        <timestamp>1333605934418</timestamp>
        <buyerID>133</buyerID>
        <sellerID>112</sellerID>
        <price>135</price>
      </transaction>
      <transaction>
        <timestamp>1333605934421</timestamp>
        <buyerID>34</buyerID>
        <sellerID>51</sellerID>
        <price>136</price>
      </transaction>
      <transaction>
        <timestamp>1333605934430</timestamp>
        <buyerID>134</buyerID>
        <sellerID>132</sellerID>
        <price>136</price>
      </transaction>
      <transaction>
        <timestamp>1333605934566</timestamp>
        <buyerID>133</buyerID>
        <sellerID>131</sellerID>
        <price>139</price>
      </transaction>
      <transaction>
        <timestamp>1333605934695</timestamp>
        <buyerID>34</buyerID>
        <sellerID>31</sellerID>
        <price>118</price>
      </transaction>
      <transaction>
        <timestamp>1333605935278</timestamp>
        <buyerID>54</buyerID>
        <sellerID>32</sellerID>
        <price>113</price>
      </transaction>
      <transaction>
        <timestamp>1333605935488</timestamp>
        <buyerID>33</buyerID>
        <sellerID>131</sellerID>
        <price>137</price>
      </transaction>
      <transaction>
        <timestamp>1333605935506</timestamp>
        <buyerID>113</buyerID>
        <sellerID>132</sellerID>
        <price>129</price>
      </transaction>
      <transaction>
        <timestamp>1333605935516</timestamp>
        <buyerID>133</buyerID>
        <sellerID>31</sellerID>
        <price>129</price>
      </transaction>
      <transaction>
        <timestamp>1333605935525</timestamp>
        <buyerID>54</buyerID>
        <sellerID>112</sellerID>
        <price>137</price>
      </transaction>
      <transaction>
        <timestamp>1333605935679</timestamp>
        <buyerID>34</buyerID>
        <sellerID>52</sellerID>
        <price>146</price>
      </transaction>
      <transaction>
        <timestamp>1333605935770</timestamp>
        <buyerID>134</buyerID>
        <sellerID>31</sellerID>
        <price>130</price>
      </transaction>
      <transaction>
        <timestamp>1333605935775</timestamp>
        <buyerID>114</buyerID>
        <sellerID>52</sellerID>
        <price>128</price>
      </transaction>
      <transaction>
        <timestamp>1333605935792</timestamp>
        <buyerID>33</buyerID>
        <sellerID>32</sellerID>
        <price>156</price>
      </transaction>
      <transaction>
        <timestamp>1333605935979</timestamp>
        <buyerID>34</buyerID>
        <sellerID>131</sellerID>
        <price>153</price>
      </transaction>
      <transaction>
        <timestamp>1333605936117</timestamp>
        <buyerID>54</buyerID>
        <sellerID>31</sellerID>
        <price>133</price>
      </transaction>
      <transaction>
        <timestamp>1333605936121</timestamp>
        <buyerID>34</buyerID>
        <sellerID>51</sellerID>
        <price>159</price>
      </transaction>
      <transaction>
        <timestamp>1333605936603</timestamp>
        <buyerID>113</buyerID>
        <sellerID>31</sellerID>
        <price>140</price>
      </transaction>
      <transaction>
        <timestamp>1333605936606</timestamp>
        <buyerID>33</buyerID>
        <sellerID>111</sellerID>
        <price>142</price>
      </transaction>
      <transaction>
        <timestamp>1333605936896</timestamp>
        <buyerID>34</buyerID>
        <sellerID>112</sellerID>
        <price>143</price>
      </transaction>
      <transaction>
        <timestamp>1333605936900</timestamp>
        <buyerID>113</buyerID>
        <sellerID>132</sellerID>
        <price>142</price>
      </transaction>
      <transaction>
        <timestamp>1333605937396</timestamp>
        <buyerID>34</buyerID>
        <sellerID>111</sellerID>
        <price>149</price>
      </transaction>
      <transaction>
        <timestamp>1333605937644</timestamp>
        <buyerID>33</buyerID>
        <sellerID>112</sellerID>
        <price>149</price>
      </transaction>
      <transaction>
        <timestamp>1333605938103</timestamp>
        <buyerID>133</buyerID>
        <sellerID>111</sellerID>
        <price>149</price>
      </transaction>
      <transaction>
        <timestamp>1333605938272</timestamp>
        <buyerID>34</buyerID>
        <sellerID>131</sellerID>
        <price>152</price>
      </transaction>
      <transaction>
        <timestamp>1333605938344</timestamp>
        <buyerID>114</buyerID>
        <sellerID>111</sellerID>
        <price>150</price>
      </transaction>
      <transaction>
        <timestamp>1333605938395</timestamp>
        <buyerID>33</buyerID>
        <sellerID>132</sellerID>
        <price>152</price>
      </transaction>
      <transaction>
        <timestamp>1333605939185</timestamp>
        <buyerID>33</buyerID>
        <sellerID>111</sellerID>
        <price>152</price>
      </transaction>
      <transaction>
        <timestamp>1333605939804</timestamp>
        <buyerID>134</buyerID>
        <sellerID>111</sellerID>
        <price>153</price>
      </transaction>
      <transaction>
        <timestamp>1333605940383</timestamp>
        <buyerID>134</buyerID>
        <sellerID>132</sellerID>
        <price>153</price>
      </transaction>
      <transaction>
        <timestamp>1333605940433</timestamp>
        <buyerID>133</buyerID>
        <sellerID>52</sellerID>
        <price>153</price>
      </transaction>
      <transaction>
        <timestamp>1333605942065</timestamp>
        <buyerID>134</buyerID>
        <sellerID>51</sellerID>
        <price>154</price>
      </transaction>
      <transaction>
        <timestamp>1333605944309</timestamp>
        <buyerID>134</buyerID>
        <sellerID>52</sellerID>
        <price>153</price>
      </transaction>
      <transaction>
        <timestamp>1333605983098</timestamp>
        <buyerID>114</buyerID>
        <sellerID>51</sellerID>
        <price>153</price>
      </transaction>
      <transaction>
        <timestamp>1333605983993</timestamp>
        <buyerID>113</buyerID>
        <sellerID>51</sellerID>
        <price>153</price>
      </transaction>
      <transaction>
        <timestamp>1333606029599</timestamp>
        <buyerID>114</buyerID>
        <sellerID>51</sellerID>
        <price>153</price>
      </transaction>
    </repetition>
    <repetition>
      <id>2</id>
      <transaction>
        <timestamp>1333606060693</timestamp>
        <buyerID>134</buyerID>
        <sellerID>112</sellerID>
        <price>155</price>
      </transaction>
      <transaction>
        <timestamp>1333606060700</timestamp>
        <buyerID>33</buyerID>
        <sellerID>132</sellerID>
        <price>166</price>
      </transaction>
      <transaction>
        <timestamp>1333606060973</timestamp>
        <buyerID>113</buyerID>
        <sellerID>32</sellerID>
        <price>153</price>
      </transaction>
      <transaction>
        <timestamp>1333606060991</timestamp>
        <buyerID>34</buyerID>
        <sellerID>31</sellerID>
        <price>89</price>
      </transaction>
      <transaction>
        <timestamp>1333606061148</timestamp>
        <buyerID>114</buyerID>
        <sellerID>132</sellerID>
        <price>147</price>
      </transaction>
      <transaction>
        <timestamp>1333606061156</timestamp>
        <buyerID>133</buyerID>
        <sellerID>31</sellerID>
        <price>146</price>
      </transaction>
      <transaction>
        <timestamp>1333606061212</timestamp>
        <buyerID>33</buyerID>
        <sellerID>131</sellerID>
        <price>153</price>
      </transaction>
      <transaction>
        <timestamp>1333606061463</timestamp>
        <buyerID>133</buyerID>
        <sellerID>32</sellerID>
        <price>121</price>
      </transaction>
      <transaction>
        <timestamp>1333606061583</timestamp>
        <buyerID>34</buyerID>
        <sellerID>131</sellerID>
        <price>152</price>
      </transaction>
      <transaction>
        <timestamp>1333606061857</timestamp>
        <buyerID>134</buyerID>
        <sellerID>31</sellerID>
        <price>122</price>
      </transaction>
      <transaction>
        <timestamp>1333606062491</timestamp>
        <buyerID>34</buyerID>
        <sellerID>131</sellerID>
        <price>145</price>
      </transaction>
      <transaction>
        <timestamp>1333606062501</timestamp>
        <buyerID>114</buyerID>
        <sellerID>32</sellerID>
        <price>125</price>
      </transaction>
      <transaction>
        <timestamp>1333606062519</timestamp>
        <buyerID>33</buyerID>
        <sellerID>112</sellerID>
        <price>147</price>
      </transaction>
      <transaction>
        <timestamp>1333606062580</timestamp>
        <buyerID>33</buyerID>
        <sellerID>111</sellerID>
        <price>148</price>
      </transaction>
      <transaction>
        <timestamp>1333606062592</timestamp>
        <buyerID>34</buyerID>
        <sellerID>132</sellerID>
        <price>149</price>
      </transaction>
      <transaction>
        <timestamp>1333606063542</timestamp>
        <buyerID>134</buyerID>
        <sellerID>31</sellerID>
        <price>140</price>
      </transaction>
      <transaction>
        <timestamp>1333606063567</timestamp>
        <buyerID>33</buyerID>
        <sellerID>112</sellerID>
        <price>140</price>
      </transaction>
      <transaction>
        <timestamp>1333606063597</timestamp>
        <buyerID>34</buyerID>
        <sellerID>132</sellerID>
        <price>139</price>
      </transaction>
      <transaction>
        <timestamp>1333606064077</timestamp>
        <buyerID>134</buyerID>
        <sellerID>52</sellerID>
        <price>144</price>
      </transaction>
      <transaction>
        <timestamp>1333606064196</timestamp>
        <buyerID>33</buyerID>
        <sellerID>31</sellerID>
        <price>145</price>
      </transaction>
      <transaction>
        <timestamp>1333606064452</timestamp>
        <buyerID>113</buyerID>
        <sellerID>111</sellerID>
        <price>145</price>
      </transaction>
      <transaction>
        <timestamp>1333606064827</timestamp>
        <buyerID>33</buyerID>
        <sellerID>51</sellerID>
        <price>154</price>
      </transaction>
      <transaction>
        <timestamp>1333606064876</timestamp>
        <buyerID>34</buyerID>
        <sellerID>52</sellerID>
        <price>159</price>
      </transaction>
      <transaction>
        <timestamp>1333606065746</timestamp>
        <buyerID>113</buyerID>
        <sellerID>52</sellerID>
        <price>149</price>
      </transaction>
      <transaction>
        <timestamp>1333606065750</timestamp>
        <buyerID>34</buyerID>
        <sellerID>111</sellerID>
        <price>151</price>
      </transaction>
      <transaction>
        <timestamp>1333606065907</timestamp>
        <buyerID>33</buyerID>
        <sellerID>131</sellerID>
        <price>151</price>
      </transaction>
      <transaction>
        <timestamp>1333606066158</timestamp>
        <buyerID>133</buyerID>
        <sellerID>112</sellerID>
        <price>151</price>
      </transaction>
      <transaction>
        <timestamp>1333606066412</timestamp>
        <buyerID>114</buyerID>
        <sellerID>111</sellerID>
        <price>151</price>
      </transaction>
      <transaction>
        <timestamp>1333606067237</timestamp>
        <buyerID>133</buyerID>
        <sellerID>132</sellerID>
        <price>154</price>
      </transaction>
      <transaction>
        <timestamp>1333606067980</timestamp>
        <buyerID>134</buyerID>
        <sellerID>111</sellerID>
        <price>155</price>
      </transaction>
      <transaction>
        <timestamp>1333606068063</timestamp>
        <buyerID>113</buyerID>
        <sellerID>132</sellerID>
        <price>155</price>
      </transaction>
      <transaction>
        <timestamp>1333606068130</timestamp>
        <buyerID>133</buyerID>
        <sellerID>52</sellerID>
        <price>156</price>
      </transaction>
      <transaction>
        <timestamp>1333606068651</timestamp>
        <buyerID>114</buyerID>
        <sellerID>52</sellerID>
        <price>155</price>
      </transaction>
      <transaction>
        <timestamp>1333606068770</timestamp>
        <buyerID>113</buyerID>
        <sellerID>111</sellerID>
        <price>155</price>
      </transaction>
      <transaction>
        <timestamp>1333606100910</timestamp>
        <buyerID>113</buyerID>
        <sellerID>51</sellerID>
        <price>153</price>
      </transaction>
      <transaction>
        <timestamp>1333606166917</timestamp>
        <buyerID>114</buyerID>
        <sellerID>51</sellerID>
        <price>153</price>
      </transaction>
    </repetition>
    <repetition>
      <id>3</id>
      <transaction>
        <timestamp>1333606188158</timestamp>
        <buyerID>54</buyerID>
        <sellerID>112</sellerID>
        <price>88</price>
      </transaction>
      <transaction>
        <timestamp>1333606188580</timestamp>
        <buyerID>114</buyerID>
        <sellerID>32</sellerID>
        <price>137</price>
      </transaction>
      <transaction>
        <timestamp>1333606188596</timestamp>
        <buyerID>133</buyerID>
        <sellerID>31</sellerID>
        <price>136</price>
      </transaction>
      <transaction>
        <timestamp>1333606188603</timestamp>
        <buyerID>33</buyerID>
        <sellerID>111</sellerID>
        <price>139</price>
      </transaction>
      <transaction>
        <timestamp>1333606188610</timestamp>
        <buyerID>34</buyerID>
        <sellerID>131</sellerID>
        <price>153</price>
      </transaction>
      <transaction>
        <timestamp>1333606188629</timestamp>
        <buyerID>34</buyerID>
        <sellerID>132</sellerID>
        <price>153</price>
      </transaction>
      <transaction>
        <timestamp>1333606188634</timestamp>
        <buyerID>33</buyerID>
        <sellerID>52</sellerID>
        <price>173</price>
      </transaction>
      <transaction>
        <timestamp>1333606188754</timestamp>
        <buyerID>134</buyerID>
        <sellerID>31</sellerID>
        <price>136</price>
      </transaction>
      <transaction>
        <timestamp>1333606189041</timestamp>
        <buyerID>134</buyerID>
        <sellerID>32</sellerID>
        <price>102</price>
      </transaction>
      <transaction>
        <timestamp>1333606189046</timestamp>
        <buyerID>133</buyerID>
        <sellerID>111</sellerID>
        <price>119</price>
      </transaction>
      <transaction>
        <timestamp>1333606189391</timestamp>
        <buyerID>114</buyerID>
        <sellerID>31</sellerID>
        <price>109</price>
      </transaction>
      <transaction>
        <timestamp>1333606189515</timestamp>
        <buyerID>134</buyerID>
        <sellerID>32</sellerID>
        <price>113</price>
      </transaction>
      <transaction>
        <timestamp>1333606189843</timestamp>
        <buyerID>33</buyerID>
        <sellerID>131</sellerID>
        <price>128</price>
      </transaction>
      <transaction>
        <timestamp>1333606190335</timestamp>
        <buyerID>113</buyerID>
        <sellerID>111</sellerID>
        <price>128</price>
      </transaction>
      <transaction>
        <timestamp>1333606190537</timestamp>
        <buyerID>33</buyerID>
        <sellerID>112</sellerID>
        <price>128</price>
      </transaction>
      <transaction>
        <timestamp>1333606190622</timestamp>
        <buyerID>114</buyerID>
        <sellerID>132</sellerID>
        <price>129</price>
      </transaction>
      <transaction>
        <timestamp>1333606190627</timestamp>
        <buyerID>133</buyerID>
        <sellerID>31</sellerID>
        <price>128</price>
      </transaction>
      <transaction>
        <timestamp>1333606191003</timestamp>
        <buyerID>114</buyerID>
        <sellerID>111</sellerID>
        <price>129</price>
      </transaction>
      <transaction>
        <timestamp>1333606191212</timestamp>
        <buyerID>34</buyerID>
        <sellerID>111</sellerID>
        <price>136</price>
      </transaction>
      <transaction>
        <timestamp>1333606191252</timestamp>
        <buyerID>113</buyerID>
        <sellerID>132</sellerID>
        <price>130</price>
      </transaction>
      <transaction>
        <timestamp>1333606191256</timestamp>
        <buyerID>33</buyerID>
        <sellerID>112</sellerID>
        <price>137</price>
      </transaction>
      <transaction>
        <timestamp>1333606191769</timestamp>
        <buyerID>34</buyerID>
        <sellerID>31</sellerID>
        <price>138</price>
      </transaction>
      <transaction>
        <timestamp>1333606192434</timestamp>
        <buyerID>33</buyerID>
        <sellerID>132</sellerID>
        <price>139</price>
      </transaction>
      <transaction>
        <timestamp>1333606192733</timestamp>
        <buyerID>34</buyerID>
        <sellerID>111</sellerID>
        <price>141</price>
      </transaction>
      <transaction>
        <timestamp>1333606193238</timestamp>
        <buyerID>34</buyerID>
        <sellerID>51</sellerID>
        <price>146</price>
      </transaction>
      <transaction>
        <timestamp>1333606193411</timestamp>
        <buyerID>33</buyerID>
        <sellerID>131</sellerID>
        <price>145</price>
      </transaction>
      <transaction>
        <timestamp>1333606193959</timestamp>
        <buyerID>34</buyerID>
        <sellerID>52</sellerID>
        <price>149</price>
      </transaction>
      <transaction>
        <timestamp>1333606194117</timestamp>
        <buyerID>113</buyerID>
        <sellerID>131</sellerID>
        <price>151</price>
      </transaction>
      <transaction>
        <timestamp>1333606194901</timestamp>
        <buyerID>133</buyerID>
        <sellerID>52</sellerID>
        <price>152</price>
      </transaction>
      <transaction>
        <timestamp>1333606195593</timestamp>
        <buyerID>134</buyerID>
        <sellerID>112</sellerID>
        <price>153</price>
      </transaction>
      <transaction>
        <timestamp>1333606196825</timestamp>
        <buyerID>133</buyerID>
        <sellerID>132</sellerID>
        <price>155</price>
      </transaction>
      <transaction>
        <timestamp>1333606197114</timestamp>
        <buyerID>113</buyerID>
        <sellerID>52</sellerID>
        <price>156</price>
      </transaction>
      <transaction>
        <timestamp>1333606199074</timestamp>
        <buyerID>134</buyerID>
        <sellerID>132</sellerID>
        <price>158</price>
      </transaction>
      <transaction>
        <timestamp>1333606200715</timestamp>
        <buyerID>113</buyerID>
        <sellerID>52</sellerID>
        <price>157</price>
      </transaction>
      <transaction>
        <timestamp>1333606260703</timestamp>
        <buyerID>134</buyerID>
        <sellerID>51</sellerID>
        <price>153</price>
      </transaction>
    </repetition>
    <repetition>
      <id>4</id>
      <transaction>
        <timestamp>1333606315527</timestamp>
        <buyerID>133</buyerID>
        <sellerID>132</sellerID>
        <price>155</price>
      </transaction>
      <transaction>
        <timestamp>1333606315540</timestamp>
        <buyerID>33</buyerID>
        <sellerID>131</sellerID>
        <price>169</price>
      </transaction>
      <transaction>
        <timestamp>1333606315675</timestamp>
        <buyerID>114</buyerID>
        <sellerID>31</sellerID>
        <price>155</price>
      </transaction>
      <transaction>
        <timestamp>1333606315824</timestamp>
        <buyerID>34</buyerID>
        <sellerID>51</sellerID>
        <price>200</price>
      </transaction>
      <transaction>
        <timestamp>1333606315834</timestamp>
        <buyerID>113</buyerID>
        <sellerID>32</sellerID>
        <price>154</price>
      </transaction>
      <transaction>
        <timestamp>1333606316389</timestamp>
        <buyerID>33</buyerID>
        <sellerID>111</sellerID>
        <price>171</price>
      </transaction>
      <transaction>
        <timestamp>1333606316401</timestamp>
        <buyerID>34</buyerID>
        <sellerID>131</sellerID>
        <price>168</price>
      </transaction>
      <transaction>
        <timestamp>1333606316410</timestamp>
        <buyerID>114</buyerID>
        <sellerID>32</sellerID>
        <price>154</price>
      </transaction>
      <transaction>
        <timestamp>1333606316416</timestamp>
        <buyerID>134</buyerID>
        <sellerID>31</sellerID>
        <price>153</price>
      </transaction>
      <transaction>
        <timestamp>1333606316976</timestamp>
        <buyerID>114</buyerID>
        <sellerID>32</sellerID>
        <price>157</price>
      </transaction>
      <transaction>
        <timestamp>1333606316996</timestamp>
        <buyerID>33</buyerID>
        <sellerID>132</sellerID>
        <price>164</price>
      </transaction>
      <transaction>
        <timestamp>1333606317396</timestamp>
        <buyerID>134</buyerID>
        <sellerID>31</sellerID>
        <price>159</price>
      </transaction>
      <transaction>
        <timestamp>1333606317402</timestamp>
        <buyerID>34</buyerID>
        <sellerID>112</sellerID>
        <price>163</price>
      </transaction>
      <transaction>
        <timestamp>1333606317594</timestamp>
        <buyerID>133</buyerID>
        <sellerID>31</sellerID>
        <price>158</price>
      </transaction>
      <transaction>
        <timestamp>1333606317824</timestamp>
        <buyerID>34</buyerID>
        <sellerID>132</sellerID>
        <price>161</price>
      </transaction>
      <transaction>
        <timestamp>1333606318499</timestamp>
        <buyerID>134</buyerID>
        <sellerID>111</sellerID>
        <price>161</price>
      </transaction>
      <transaction>
        <timestamp>1333606318558</timestamp>
        <buyerID>33</buyerID>
        <sellerID>112</sellerID>
        <price>162</price>
      </transaction>
      <transaction>
        <timestamp>1333606318706</timestamp>
        <buyerID>34</buyerID>
        <sellerID>131</sellerID>
        <price>163</price>
      </transaction>
      <transaction>
        <timestamp>1333606318715</timestamp>
        <buyerID>113</buyerID>
        <sellerID>31</sellerID>
        <price>160</price>
      </transaction>
      <transaction>
        <timestamp>1333606318913</timestamp>
        <buyerID>113</buyerID>
        <sellerID>131</sellerID>
        <price>162</price>
      </transaction>
      <transaction>
        <timestamp>1333606319018</timestamp>
        <buyerID>133</buyerID>
        <sellerID>111</sellerID>
        <price>161</price>
      </transaction>
      <transaction>
        <timestamp>1333606319023</timestamp>
        <buyerID>33</buyerID>
        <sellerID>132</sellerID>
        <price>162</price>
      </transaction>
      <transaction>
        <timestamp>1333606319220</timestamp>
        <buyerID>34</buyerID>
        <sellerID>112</sellerID>
        <price>163</price>
      </transaction>
      <transaction>
        <timestamp>1333606319388</timestamp>
        <buyerID>33</buyerID>
        <sellerID>31</sellerID>
        <price>167</price>
      </transaction>
      <transaction>
        <timestamp>1333606320179</timestamp>
        <buyerID>134</buyerID>
        <sellerID>132</sellerID>
        <price>164</price>
      </transaction>
      <transaction>
        <timestamp>1333606320197</timestamp>
        <buyerID>133</buyerID>
        <sellerID>52</sellerID>
        <price>165</price>
      </transaction>
      <transaction>
        <timestamp>1333606320212</timestamp>
        <buyerID>34</buyerID>
        <sellerID>111</sellerID>
        <price>166</price>
      </transaction>
      <transaction>
        <timestamp>1333606320583</timestamp>
        <buyerID>33</buyerID>
        <sellerID>132</sellerID>
        <price>165</price>
      </transaction>
      <transaction>
        <timestamp>1333606320597</timestamp>
        <buyerID>133</buyerID>
        <sellerID>112</sellerID>
        <price>166</price>
      </transaction>
      <transaction>
        <timestamp>1333606320843</timestamp>
        <buyerID>114</buyerID>
        <sellerID>111</sellerID>
        <price>166</price>
      </transaction>
      <transaction>
        <timestamp>1333606322987</timestamp>
        <buyerID>113</buyerID>
        <sellerID>52</sellerID>
        <price>166</price>
      </transaction>
      <transaction>
        <timestamp>1333606323602</timestamp>
        <buyerID>114</buyerID>
        <sellerID>52</sellerID>
        <price>165</price>
      </transaction>
      <transaction>
        <timestamp>1333606329005</timestamp>
        <buyerID>134</buyerID>
        <sellerID>52</sellerID>
        <price>163</price>
      </transaction>
      <transaction>
        <timestamp>1333606331240</timestamp>
        <buyerID>113</buyerID>
        <sellerID>111</sellerID>
        <price>157</price>
      </transaction>
      <transaction>
        <timestamp>1333606341058</timestamp>
        <buyerID>113</buyerID>
        <sellerID>52</sellerID>
        <price>155</price>
      </transaction>
      <transaction>
        <timestamp>1333606397215</timestamp>
        <buyerID>134</buyerID>
        <sellerID>51</sellerID>
        <price>153</price>
      </transaction>
    </repetition>
    <repetition>
      <id>5</id>
      <transaction>
        <timestamp>1333606443130</timestamp>
        <buyerID>114</buyerID>
        <sellerID>131</sellerID>
        <price>201</price>
      </transaction>
      <transaction>
        <timestamp>1333606443139</timestamp>
        <buyerID>134</buyerID>
        <sellerID>132</sellerID>
        <price>155</price>
      </transaction>
      <transaction>
        <timestamp>1333606443144</timestamp>
        <buyerID>34</buyerID>
        <sellerID>52</sellerID>
        <price>196</price>
      </transaction>
      <transaction>
        <timestamp>1333606443296</timestamp>
        <buyerID>133</buyerID>
        <sellerID>31</sellerID>
        <price>164</price>
      </transaction>
      <transaction>
        <timestamp>1333606443605</timestamp>
        <buyerID>33</buyerID>
        <sellerID>32</sellerID>
        <price>131</price>
      </transaction>
      <transaction>
        <timestamp>1333606443882</timestamp>
        <buyerID>33</buyerID>
        <sellerID>111</sellerID>
        <price>183</price>
      </transaction>
      <transaction>
        <timestamp>1333606443888</timestamp>
        <buyerID>133</buyerID>
        <sellerID>132</sellerID>
        <price>155</price>
      </transaction>
      <transaction>
        <timestamp>1333606443898</timestamp>
        <buyerID>113</buyerID>
        <sellerID>32</sellerID>
        <price>153</price>
      </transaction>
      <transaction>
        <timestamp>1333606443973</timestamp>
        <buyerID>34</buyerID>
        <sellerID>31</sellerID>
        <price>184</price>
      </transaction>
      <transaction>
        <timestamp>1333606444129</timestamp>
        <buyerID>113</buyerID>
        <sellerID>131</sellerID>
        <price>153</price>
      </transaction>
      <transaction>
        <timestamp>1333606444526</timestamp>
        <buyerID>114</buyerID>
        <sellerID>131</sellerID>
        <price>153</price>
      </transaction>
      <transaction>
        <timestamp>1333606444752</timestamp>
        <buyerID>33</buyerID>
        <sellerID>112</sellerID>
        <price>190</price>
      </transaction>
      <transaction>
        <timestamp>1333606445138</timestamp>
        <buyerID>34</buyerID>
        <sellerID>52</sellerID>
        <price>186</price>
      </transaction>
      <transaction>
        <timestamp>1333606445144</timestamp>
        <buyerID>134</buyerID>
        <sellerID>51</sellerID>
        <price>187</price>
      </transaction>
      <transaction>
        <timestamp>1333606445161</timestamp>
        <buyerID>113</buyerID>
        <sellerID>132</sellerID>
        <price>186</price>
      </transaction>
      <transaction>
        <timestamp>1333606445173</timestamp>
        <buyerID>114</buyerID>
        <sellerID>32</sellerID>
        <price>153</price>
      </transaction>
      <transaction>
        <timestamp>1333606445224</timestamp>
        <buyerID>33</buyerID>
        <sellerID>132</sellerID>
        <price>166</price>
      </transaction>
      <transaction>
        <timestamp>1333606445262</timestamp>
        <buyerID>34</buyerID>
        <sellerID>32</sellerID>
        <price>176</price>
      </transaction>
      <transaction>
        <timestamp>1333606445682</timestamp>
        <buyerID>113</buyerID>
        <sellerID>31</sellerID>
        <price>154</price>
      </transaction>
      <transaction>
        <timestamp>1333606445913</timestamp>
        <buyerID>133</buyerID>
        <sellerID>132</sellerID>
        <price>172</price>
      </transaction>
      <transaction>
        <timestamp>1333606445963</timestamp>
        <buyerID>134</buyerID>
        <sellerID>31</sellerID>
        <price>158</price>
      </transaction>
      <transaction>
        <timestamp>1333606445976</timestamp>
        <buyerID>33</buyerID>
        <sellerID>131</sellerID>
        <price>174</price>
      </transaction>
      <transaction>
        <timestamp>1333606446230</timestamp>
        <buyerID>34</buyerID>
        <sellerID>112</sellerID>
        <price>176</price>
      </transaction>
      <transaction>
        <timestamp>1333606446867</timestamp>
        <buyerID>34</buyerID>
        <sellerID>32</sellerID>
        <price>178</price>
      </transaction>
      <transaction>
        <timestamp>1333606447021</timestamp>
        <buyerID>33</buyerID>
        <sellerID>31</sellerID>
        <price>174</price>
      </transaction>
      <transaction>
        <timestamp>1333606447026</timestamp>
        <buyerID>133</buyerID>
        <sellerID>132</sellerID>
        <price>174</price>
      </transaction>
      <transaction>
        <timestamp>1333606447344</timestamp>
        <buyerID>34</buyerID>
        <sellerID>112</sellerID>
        <price>179</price>
      </transaction>
      <transaction>
        <timestamp>1333606447570</timestamp>
        <buyerID>134</buyerID>
        <sellerID>31</sellerID>
        <price>175</price>
      </transaction>
      <transaction>
        <timestamp>1333606447619</timestamp>
        <buyerID>133</buyerID>
        <sellerID>52</sellerID>
        <price>176</price>
      </transaction>
      <transaction>
        <timestamp>1333606448366</timestamp>
        <buyerID>114</buyerID>
        <sellerID>111</sellerID>
        <price>176</price>
      </transaction>
      <transaction>
        <timestamp>1333606451307</timestamp>
        <buyerID>114</buyerID>
        <sellerID>52</sellerID>
        <price>166</price>
      </transaction>
      <transaction>
        <timestamp>1333606452056</timestamp>
        <buyerID>33</buyerID>
        <sellerID>111</sellerID>
        <price>166</price>
      </transaction>
      <transaction>
        <timestamp>1333606453544</timestamp>
        <buyerID>134</buyerID>
        <sellerID>52</sellerID>
        <price>163</price>
      </transaction>
      <transaction>
        <timestamp>1333606458816</timestamp>
        <buyerID>113</buyerID>
        <sellerID>111</sellerID>
        <price>158</price>
      </transaction>
      <transaction>
        <timestamp>1333606499335</timestamp>
        <buyerID>113</buyerID>
        <sellerID>111</sellerID>
        <price>155</price>
      </transaction>
      <transaction>
        <timestamp>1333606526160</timestamp>
        <buyerID>134</buyerID>
        <sellerID>51</sellerID>
        <price>153</price>
      </transaction>
      <transaction>
        <timestamp>1333606553970</timestamp>
        <buyerID>133</buyerID>
        <sellerID>51</sellerID>
        <price>152</price>
      </transaction>
      <transaction>
        <timestamp>1333606554615</timestamp>
        <buyerID>34</buyerID>
        <sellerID>51</sellerID>
        <price>152</price>
      </transaction>
    </repetition>
  </transactions>
  <scores>
    <agent>
      <ID>34</ID>
      <userName>zibtq4</userName>
      <strategy>ZIBTQ</strategy>
      <values>
        <value>254</value>
        <value>236</value>
        <value>205</value>
        <value>205</value>
        <value>204</value>
        <value>195</value>
        <value>187</value>
        <value>152</value>
        <value>143</value>
        <value>131</value>
      </values>
      <score>393.4</score>
    </agent>
    <agent>
      <ID>32</ID>
      <userName>zibtq2</userName>
      <strategy>ZIBTQ</strategy>
      <values>
        <value>67</value>
        <value>71</value>
        <value>100</value>
        <value>170</value>
        <value>176</value>
        <value>192</value>
        <value>221</value>
        <value>224</value>
        <value>249</value>
        <value>257</value>
      </values>
      <score>186.2</score>
    </agent>
    <agent>
      <ID>33</ID>
      <userName>zibtq3</userName>
      <strategy>ZIBTQ</strategy>
      <values>
        <value>239</value>
        <value>236</value>
        <value>223</value>
        <value>194</value>
        <value>181</value>
        <value>175</value>
        <value>166</value>
        <value>151</value>
        <value>132</value>
        <value>65</value>
      </values>
      <score>317.2</score>
    </agent>
    <agent>
      <ID>111</ID>
      <userName>gdx1</userName>
      <strategy>GDX</strategy>
      <values>
        <value>66</value>
        <value>73</value>
        <value>94</value>
        <value>124</value>
        <value>124</value>
        <value>136</value>
        <value>164</value>
        <value>196</value>
        <value>247</value>
        <value>252</value>
      </values>
      <score>292.6</score>
    </agent>
    <agent>
      <ID>131</ID>
      <userName>rb1</userName>
      <strategy>RB</strategy>
      <values>
        <value>66</value>
        <value>80</value>
        <value>145</value>
        <value>151</value>
        <value>179</value>
        <value>198</value>
        <value>216</value>
        <value>224</value>
        <value>251</value>
        <value>257</value>
      </values>
      <score>178.4</score>
    </agent>
    <agent>
      <ID>133</ID>
      <userName>rb3</userName>
      <strategy>RB</strategy>
      <values>
        <value>212</value>
        <value>206</value>
        <value>187</value>
        <value>182</value>
        <value>180</value>
        <value>152</value>
        <value>113</value>
        <value>107</value>
        <value>103</value>
        <value>69</value>
      </values>
      <score>213.2</score>
    </agent>
    <agent>
      <ID>132</ID>
      <userName>rb2</userName>
      <strategy>RB</strategy>
      <values>
        <value>61</value>
        <value>62</value>
        <value>73</value>
        <value>101</value>
        <value>152</value>
        <value>153</value>
        <value>221</value>
        <value>225</value>
        <value>230</value>
        <value>241</value>
      </values>
      <score>333.0</score>
    </agent>
    <agent>
      <ID>134</ID>
      <userName>rb4</userName>
      <strategy>RB</strategy>
      <values>
        <value>239</value>
        <value>237</value>
        <value>219</value>
        <value>201</value>
        <value>163</value>
        <value>153</value>
        <value>151</value>
        <value>139</value>
        <value>73</value>
        <value>62</value>
      </values>
      <score>310.6</score>
    </agent>
    <agent>
      <ID>51</ID>
      <userName>zip1</userName>
      <strategy>ZIP</strategy>
      <values>
        <value>65</value>
        <value>74</value>
        <value>80</value>
        <value>84</value>
        <value>96</value>
        <value>123</value>
        <value>129</value>
        <value>175</value>
        <value>181</value>
        <value>214</value>
      </values>
      <score>268.4</score>
    </agent>
    <agent>
      <ID>54</ID>
      <userName>zip4</userName>
      <strategy>ZIP</strategy>
      <values>
        <value>260</value>
        <value>232</value>
        <value>228</value>
        <value>224</value>
        <value>213</value>
        <value>170</value>
        <value>155</value>
        <value>141</value>
        <value>101</value>
        <value>74</value>
      </values>
      <score>101.8</score>
    </agent>
    <agent>
      <ID>114</ID>
      <userName>gdx4</userName>
      <strategy>GDX</strategy>
      <values>
        <value>254</value>
        <value>236</value>
        <value>212</value>
        <value>186</value>
        <value>173</value>
        <value>126</value>
        <value>118</value>
        <value>97</value>
        <value>70</value>
        <value>62</value>
      </values>
      <score>301.8</score>
    </agent>
    <agent>
      <ID>53</ID>
      <userName>zip3</userName>
      <strategy>ZIP</strategy>
      <values>
        <value>250</value>
        <value>241</value>
        <value>223</value>
        <value>221</value>
        <value>170</value>
        <value>151</value>
        <value>131</value>
        <value>126</value>
        <value>123</value>
        <value>101</value>
      </values>
      <score>0.0</score>
    </agent>
    <agent>
      <ID>113</ID>
      <userName>gdx3</userName>
      <strategy>GDX</strategy>
      <values>
        <value>259</value>
        <value>257</value>
        <value>232</value>
        <value>222</value>
        <value>160</value>
        <value>156</value>
        <value>114</value>
        <value>75</value>
        <value>65</value>
        <value>62</value>
      </values>
      <score>363.6</score>
    </agent>
    <agent>
      <ID>112</ID>
      <userName>gdx2</userName>
      <strategy>GDX</strategy>
      <values>
        <value>64</value>
        <value>100</value>
        <value>121</value>
        <value>148</value>
        <value>176</value>
        <value>179</value>
        <value>224</value>
        <value>231</value>
        <value>242</value>
        <value>253</value>
      </values>
      <score>169.0</score>
    </agent>
    <agent>
      <ID>52</ID>
      <userName>zip2</userName>
      <strategy>ZIP</strategy>
      <values>
        <value>73</value>
        <value>79</value>
        <value>100</value>
        <value>118</value>
        <value>139</value>
        <value>174</value>
        <value>186</value>
        <value>220</value>
        <value>231</value>
        <value>240</value>
      </values>
      <score>288.8</score>
    </agent>
    <agent>
      <ID>31</ID>
      <userName>zibtq1</userName>
      <strategy>ZIBTQ</strategy>
      <values>
        <value>64</value>
        <value>64</value>
        <value>83</value>
        <value>99</value>
        <value>138</value>
        <value>163</value>
        <value>179</value>
        <value>180</value>
        <value>220</value>
        <value>240</value>
      </values>
      <score>266.8</score>
    </agent>
  </scores>
</results>

