<results>
  <transactions>
    <repetition>
      <id>1</id>
      <transaction>
        <timestamp>1333605007232</timestamp>
        <buyerID>113</buyerID>
        <sellerID>11</sellerID>
        <price>175</price>
      </transaction>
      <transaction>
        <timestamp>1333605007237</timestamp>
        <buyerID>54</buyerID>
        <sellerID>12</sellerID>
        <price>116</price>
      </transaction>
      <transaction>
        <timestamp>1333605007251</timestamp>
        <buyerID>13</buyerID>
        <sellerID>52</sellerID>
        <price>187</price>
      </transaction>
      <transaction>
        <timestamp>1333605007632</timestamp>
        <buyerID>13</buyerID>
        <sellerID>11</sellerID>
        <price>125</price>
      </transaction>
      <transaction>
        <timestamp>1333605008121</timestamp>
        <buyerID>114</buyerID>
        <sellerID>112</sellerID>
        <price>131</price>
      </transaction>
      <transaction>
        <timestamp>1333605008274</timestamp>
        <buyerID>114</buyerID>
        <sellerID>52</sellerID>
        <price>131</price>
      </transaction>
      <transaction>
        <timestamp>1333605008675</timestamp>
        <buyerID>113</buyerID>
        <sellerID>111</sellerID>
        <price>131</price>
      </transaction>
      <transaction>
        <timestamp>1333605008828</timestamp>
        <buyerID>13</buyerID>
        <sellerID>51</sellerID>
        <price>132</price>
      </transaction>
      <transaction>
        <timestamp>1333605008832</timestamp>
        <buyerID>14</buyerID>
        <sellerID>11</sellerID>
        <price>143</price>
      </transaction>
      <transaction>
        <timestamp>1333605009985</timestamp>
        <buyerID>113</buyerID>
        <sellerID>11</sellerID>
        <price>152</price>
      </transaction>
      <transaction>
        <timestamp>1333605010193</timestamp>
        <buyerID>114</buyerID>
        <sellerID>12</sellerID>
        <price>151</price>
      </transaction>
      <transaction>
        <timestamp>1333605010892</timestamp>
        <buyerID>113</buyerID>
        <sellerID>52</sellerID>
        <price>151</price>
      </transaction>
      <transaction>
        <timestamp>1333605010913</timestamp>
        <buyerID>114</buyerID>
        <sellerID>12</sellerID>
        <price>150</price>
      </transaction>
      <transaction>
        <timestamp>1333605010973</timestamp>
        <buyerID>13</buyerID>
        <sellerID>112</sellerID>
        <price>153</price>
      </transaction>
      <transaction>
        <timestamp>1333605011850</timestamp>
        <buyerID>13</buyerID>
        <sellerID>111</sellerID>
        <price>148</price>
      </transaction>
      <transaction>
        <timestamp>1333605012366</timestamp>
        <buyerID>14</buyerID>
        <sellerID>52</sellerID>
        <price>146</price>
      </transaction>
      <transaction>
        <timestamp>1333605012808</timestamp>
        <buyerID>14</buyerID>
        <sellerID>111</sellerID>
        <price>147</price>
      </transaction>
      <transaction>
        <timestamp>1333605014372</timestamp>
        <buyerID>13</buyerID>
        <sellerID>111</sellerID>
        <price>144</price>
      </transaction>
      <transaction>
        <timestamp>1333605014546</timestamp>
        <buyerID>14</buyerID>
        <sellerID>112</sellerID>
        <price>145</price>
      </transaction>
      <transaction>
        <timestamp>1333605015054</timestamp>
        <buyerID>13</buyerID>
        <sellerID>51</sellerID>
        <price>156</price>
      </transaction>
      <transaction>
        <timestamp>1333605015352</timestamp>
        <buyerID>14</buyerID>
        <sellerID>111</sellerID>
        <price>146</price>
      </transaction>
      <transaction>
        <timestamp>1333605018208</timestamp>
        <buyerID>114</buyerID>
        <sellerID>51</sellerID>
        <price>147</price>
      </transaction>
      <transaction>
        <timestamp>1333605018831</timestamp>
        <buyerID>113</buyerID>
        <sellerID>111</sellerID>
        <price>147</price>
      </transaction>
      <transaction>
        <timestamp>1333605018921</timestamp>
        <buyerID>114</buyerID>
        <sellerID>112</sellerID>
        <price>146</price>
      </transaction>
      <transaction>
        <timestamp>1333605018980</timestamp>
        <buyerID>14</buyerID>
        <sellerID>52</sellerID>
        <price>147</price>
      </transaction>
      <transaction>
        <timestamp>1333605020648</timestamp>
        <buyerID>113</buyerID>
        <sellerID>111</sellerID>
        <price>142</price>
      </transaction>
      <transaction>
        <timestamp>1333605021021</timestamp>
        <buyerID>13</buyerID>
        <sellerID>112</sellerID>
        <price>143</price>
      </transaction>
      <transaction>
        <timestamp>1333605114820</timestamp>
        <buyerID>74</buyerID>
        <sellerID>51</sellerID>
        <price>154</price>
      </transaction>
      <transaction>
        <timestamp>1333605115547</timestamp>
        <buyerID>74</buyerID>
        <sellerID>52</sellerID>
        <price>161</price>
      </transaction>
      <transaction>
        <timestamp>1333605116440</timestamp>
        <buyerID>74</buyerID>
        <sellerID>112</sellerID>
        <price>168</price>
      </transaction>
      <transaction>
        <timestamp>1333605117017</timestamp>
        <buyerID>74</buyerID>
        <sellerID>51</sellerID>
        <price>186</price>
      </transaction>
      <transaction>
        <timestamp>1333605117059</timestamp>
        <buyerID>73</buyerID>
        <sellerID>52</sellerID>
        <price>201</price>
      </transaction>
      <transaction>
        <timestamp>1333605117105</timestamp>
        <buyerID>114</buyerID>
        <sellerID>72</sellerID>
        <price>142</price>
      </transaction>
      <transaction>
        <timestamp>1333605117759</timestamp>
        <buyerID>74</buyerID>
        <sellerID>111</sellerID>
        <price>190</price>
      </transaction>
      <transaction>
        <timestamp>1333605117870</timestamp>
        <buyerID>73</buyerID>
        <sellerID>112</sellerID>
        <price>190</price>
      </transaction>
      <transaction>
        <timestamp>1333605118509</timestamp>
        <buyerID>74</buyerID>
        <sellerID>52</sellerID>
        <price>193</price>
      </transaction>
      <transaction>
        <timestamp>1333605118580</timestamp>
        <buyerID>113</buyerID>
        <sellerID>71</sellerID>
        <price>142</price>
      </transaction>
      <transaction>
        <timestamp>1333605118589</timestamp>
        <buyerID>73</buyerID>
        <sellerID>111</sellerID>
        <price>206</price>
      </transaction>
      <transaction>
        <timestamp>1333605119258</timestamp>
        <buyerID>73</buyerID>
        <sellerID>51</sellerID>
        <price>211</price>
      </transaction>
      <transaction>
        <timestamp>1333605119335</timestamp>
        <buyerID>53</buyerID>
        <sellerID>71</sellerID>
        <price>131</price>
      </transaction>
      <transaction>
        <timestamp>1333605120109</timestamp>
        <buyerID>73</buyerID>
        <sellerID>71</sellerID>
        <price>139</price>
      </transaction>
      <transaction>
        <timestamp>1333605120822</timestamp>
        <buyerID>53</buyerID>
        <sellerID>71</sellerID>
        <price>133</price>
      </transaction>
      <transaction>
        <timestamp>1333605120859</timestamp>
        <buyerID>73</buyerID>
        <sellerID>12</sellerID>
        <price>178</price>
      </transaction>
      <transaction>
        <timestamp>1333605121569</timestamp>
        <buyerID>114</buyerID>
        <sellerID>71</sellerID>
        <price>124</price>
      </transaction>
      <transaction>
        <timestamp>1333605122261</timestamp>
        <buyerID>53</buyerID>
        <sellerID>71</sellerID>
        <price>175</price>
      </transaction>
      <transaction>
        <timestamp>1333605124649</timestamp>
        <buyerID>74</buyerID>
        <sellerID>112</sellerID>
        <price>168</price>
      </transaction>
    </repetition>
    <repetition>
      <id>2</id>
      <transaction>
        <timestamp>1333605133130</timestamp>
        <buyerID>114</buyerID>
        <sellerID>51</sellerID>
        <price>212</price>
      </transaction>
      <transaction>
        <timestamp>1333605133574</timestamp>
        <buyerID>13</buyerID>
        <sellerID>52</sellerID>
        <price>164</price>
      </transaction>
      <transaction>
        <timestamp>1333605133591</timestamp>
        <buyerID>14</buyerID>
        <sellerID>111</sellerID>
        <price>211</price>
      </transaction>
      <transaction>
        <timestamp>1333605133816</timestamp>
        <buyerID>14</buyerID>
        <sellerID>112</sellerID>
        <price>211</price>
      </transaction>
      <transaction>
        <timestamp>1333605133835</timestamp>
        <buyerID>113</buyerID>
        <sellerID>12</sellerID>
        <price>162</price>
      </transaction>
      <transaction>
        <timestamp>1333605134000</timestamp>
        <buyerID>53</buyerID>
        <sellerID>11</sellerID>
        <price>124</price>
      </transaction>
      <transaction>
        <timestamp>1333605135145</timestamp>
        <buyerID>114</buyerID>
        <sellerID>11</sellerID>
        <price>119</price>
      </transaction>
      <transaction>
        <timestamp>1333605135447</timestamp>
        <buyerID>73</buyerID>
        <sellerID>111</sellerID>
        <price>125</price>
      </transaction>
      <transaction>
        <timestamp>1333605135595</timestamp>
        <buyerID>13</buyerID>
        <sellerID>52</sellerID>
        <price>126</price>
      </transaction>
      <transaction>
        <timestamp>1333605136293</timestamp>
        <buyerID>14</buyerID>
        <sellerID>112</sellerID>
        <price>138</price>
      </transaction>
      <transaction>
        <timestamp>1333605137160</timestamp>
        <buyerID>114</buyerID>
        <sellerID>12</sellerID>
        <price>124</price>
      </transaction>
      <transaction>
        <timestamp>1333605137280</timestamp>
        <buyerID>13</buyerID>
        <sellerID>111</sellerID>
        <price>135</price>
      </transaction>
      <transaction>
        <timestamp>1333605137563</timestamp>
        <buyerID>73</buyerID>
        <sellerID>112</sellerID>
        <price>135</price>
      </transaction>
      <transaction>
        <timestamp>1333605137577</timestamp>
        <buyerID>14</buyerID>
        <sellerID>51</sellerID>
        <price>147</price>
      </transaction>
      <transaction>
        <timestamp>1333605138275</timestamp>
        <buyerID>113</buyerID>
        <sellerID>71</sellerID>
        <price>136</price>
      </transaction>
      <transaction>
        <timestamp>1333605138390</timestamp>
        <buyerID>13</buyerID>
        <sellerID>111</sellerID>
        <price>137</price>
      </transaction>
      <transaction>
        <timestamp>1333605138466</timestamp>
        <buyerID>14</buyerID>
        <sellerID>112</sellerID>
        <price>137</price>
      </transaction>
      <transaction>
        <timestamp>1333605138823</timestamp>
        <buyerID>114</buyerID>
        <sellerID>71</sellerID>
        <price>137</price>
      </transaction>
      <transaction>
        <timestamp>1333605138872</timestamp>
        <buyerID>14</buyerID>
        <sellerID>12</sellerID>
        <price>137</price>
      </transaction>
      <transaction>
        <timestamp>1333605139216</timestamp>
        <buyerID>73</buyerID>
        <sellerID>52</sellerID>
        <price>139</price>
      </transaction>
      <transaction>
        <timestamp>1333605139303</timestamp>
        <buyerID>13</buyerID>
        <sellerID>112</sellerID>
        <price>139</price>
      </transaction>
      <transaction>
        <timestamp>1333605139638</timestamp>
        <buyerID>74</buyerID>
        <sellerID>111</sellerID>
        <price>142</price>
      </transaction>
      <transaction>
        <timestamp>1333605139748</timestamp>
        <buyerID>73</buyerID>
        <sellerID>52</sellerID>
        <price>146</price>
      </transaction>
      <transaction>
        <timestamp>1333605140416</timestamp>
        <buyerID>113</buyerID>
        <sellerID>11</sellerID>
        <price>143</price>
      </transaction>
      <transaction>
        <timestamp>1333605140447</timestamp>
        <buyerID>114</buyerID>
        <sellerID>71</sellerID>
        <price>142</price>
      </transaction>
      <transaction>
        <timestamp>1333605140532</timestamp>
        <buyerID>73</buyerID>
        <sellerID>51</sellerID>
        <price>142</price>
      </transaction>
      <transaction>
        <timestamp>1333605141037</timestamp>
        <buyerID>13</buyerID>
        <sellerID>111</sellerID>
        <price>145</price>
      </transaction>
      <transaction>
        <timestamp>1333605141295</timestamp>
        <buyerID>113</buyerID>
        <sellerID>52</sellerID>
        <price>169</price>
      </transaction>
      <transaction>
        <timestamp>1333605145744</timestamp>
        <buyerID>73</buyerID>
        <sellerID>111</sellerID>
        <price>154</price>
      </transaction>
      <transaction>
        <timestamp>1333605147171</timestamp>
        <buyerID>13</buyerID>
        <sellerID>72</sellerID>
        <price>148</price>
      </transaction>
      <transaction>
        <timestamp>1333605147244</timestamp>
        <buyerID>113</buyerID>
        <sellerID>71</sellerID>
        <price>148</price>
      </transaction>
      <transaction>
        <timestamp>1333605150770</timestamp>
        <buyerID>74</buyerID>
        <sellerID>51</sellerID>
        <price>154</price>
      </transaction>
      <transaction>
        <timestamp>1333605153941</timestamp>
        <buyerID>13</buyerID>
        <sellerID>112</sellerID>
        <price>154</price>
      </transaction>
      <transaction>
        <timestamp>1333605157573</timestamp>
        <buyerID>114</buyerID>
        <sellerID>11</sellerID>
        <price>145</price>
      </transaction>
      <transaction>
        <timestamp>1333605242349</timestamp>
        <buyerID>74</buyerID>
        <sellerID>52</sellerID>
        <price>161</price>
      </transaction>
      <transaction>
        <timestamp>1333605243127</timestamp>
        <buyerID>74</buyerID>
        <sellerID>112</sellerID>
        <price>171</price>
      </transaction>
      <transaction>
        <timestamp>1333605243867</timestamp>
        <buyerID>74</buyerID>
        <sellerID>112</sellerID>
        <price>171</price>
      </transaction>
      <transaction>
        <timestamp>1333605244727</timestamp>
        <buyerID>74</buyerID>
        <sellerID>52</sellerID>
        <price>174</price>
      </transaction>
      <transaction>
        <timestamp>1333605246176</timestamp>
        <buyerID>113</buyerID>
        <sellerID>71</sellerID>
        <price>145</price>
      </transaction>
      <transaction>
        <timestamp>1333605246896</timestamp>
        <buyerID>114</buyerID>
        <sellerID>71</sellerID>
        <price>134</price>
      </transaction>
      <transaction>
        <timestamp>1333605247519</timestamp>
        <buyerID>113</buyerID>
        <sellerID>71</sellerID>
        <price>132</price>
      </transaction>
    </repetition>
    <repetition>
      <id>3</id>
      <transaction>
        <timestamp>1333605260761</timestamp>
        <buyerID>113</buyerID>
        <sellerID>111</sellerID>
        <price>118</price>
      </transaction>
      <transaction>
        <timestamp>1333605261346</timestamp>
        <buyerID>73</buyerID>
        <sellerID>112</sellerID>
        <price>124</price>
      </transaction>
      <transaction>
        <timestamp>1333605261540</timestamp>
        <buyerID>14</buyerID>
        <sellerID>12</sellerID>
        <price>133</price>
      </transaction>
      <transaction>
        <timestamp>1333605261855</timestamp>
        <buyerID>14</buyerID>
        <sellerID>52</sellerID>
        <price>135</price>
      </transaction>
      <transaction>
        <timestamp>1333605262321</timestamp>
        <buyerID>13</buyerID>
        <sellerID>112</sellerID>
        <price>155</price>
      </transaction>
      <transaction>
        <timestamp>1333605262568</timestamp>
        <buyerID>114</buyerID>
        <sellerID>12</sellerID>
        <price>122</price>
      </transaction>
      <transaction>
        <timestamp>1333605262724</timestamp>
        <buyerID>14</buyerID>
        <sellerID>111</sellerID>
        <price>154</price>
      </transaction>
      <transaction>
        <timestamp>1333605263167</timestamp>
        <buyerID>13</buyerID>
        <sellerID>112</sellerID>
        <price>154</price>
      </transaction>
      <transaction>
        <timestamp>1333605263598</timestamp>
        <buyerID>114</buyerID>
        <sellerID>11</sellerID>
        <price>125</price>
      </transaction>
      <transaction>
        <timestamp>1333605265251</timestamp>
        <buyerID>14</buyerID>
        <sellerID>111</sellerID>
        <price>145</price>
      </transaction>
      <transaction>
        <timestamp>1333605265273</timestamp>
        <buyerID>13</buyerID>
        <sellerID>112</sellerID>
        <price>145</price>
      </transaction>
      <transaction>
        <timestamp>1333605265659</timestamp>
        <buyerID>14</buyerID>
        <sellerID>52</sellerID>
        <price>146</price>
      </transaction>
      <transaction>
        <timestamp>1333605267117</timestamp>
        <buyerID>113</buyerID>
        <sellerID>12</sellerID>
        <price>133</price>
      </transaction>
      <transaction>
        <timestamp>1333605267485</timestamp>
        <buyerID>13</buyerID>
        <sellerID>52</sellerID>
        <price>138</price>
      </transaction>
      <transaction>
        <timestamp>1333605267770</timestamp>
        <buyerID>73</buyerID>
        <sellerID>111</sellerID>
        <price>145</price>
      </transaction>
      <transaction>
        <timestamp>1333605268206</timestamp>
        <buyerID>13</buyerID>
        <sellerID>11</sellerID>
        <price>144</price>
      </transaction>
      <transaction>
        <timestamp>1333605268520</timestamp>
        <buyerID>73</buyerID>
        <sellerID>111</sellerID>
        <price>144</price>
      </transaction>
      <transaction>
        <timestamp>1333605268594</timestamp>
        <buyerID>14</buyerID>
        <sellerID>112</sellerID>
        <price>146</price>
      </transaction>
      <transaction>
        <timestamp>1333605268732</timestamp>
        <buyerID>113</buyerID>
        <sellerID>11</sellerID>
        <price>145</price>
      </transaction>
      <transaction>
        <timestamp>1333605269483</timestamp>
        <buyerID>114</buyerID>
        <sellerID>51</sellerID>
        <price>147</price>
      </transaction>
      <transaction>
        <timestamp>1333605269538</timestamp>
        <buyerID>113</buyerID>
        <sellerID>11</sellerID>
        <price>146</price>
      </transaction>
      <transaction>
        <timestamp>1333605270183</timestamp>
        <buyerID>113</buyerID>
        <sellerID>52</sellerID>
        <price>145</price>
      </transaction>
      <transaction>
        <timestamp>1333605270347</timestamp>
        <buyerID>73</buyerID>
        <sellerID>111</sellerID>
        <price>146</price>
      </transaction>
      <transaction>
        <timestamp>1333605270886</timestamp>
        <buyerID>114</buyerID>
        <sellerID>71</sellerID>
        <price>145</price>
      </transaction>
      <transaction>
        <timestamp>1333605271823</timestamp>
        <buyerID>73</buyerID>
        <sellerID>111</sellerID>
        <price>145</price>
      </transaction>
      <transaction>
        <timestamp>1333605272497</timestamp>
        <buyerID>73</buyerID>
        <sellerID>51</sellerID>
        <price>144</price>
      </transaction>
      <transaction>
        <timestamp>1333605273100</timestamp>
        <buyerID>113</buyerID>
        <sellerID>71</sellerID>
        <price>141</price>
      </transaction>
      <transaction>
        <timestamp>1333605273756</timestamp>
        <buyerID>114</buyerID>
        <sellerID>71</sellerID>
        <price>141</price>
      </transaction>
      <transaction>
        <timestamp>1333605273935</timestamp>
        <buyerID>74</buyerID>
        <sellerID>52</sellerID>
        <price>146</price>
      </transaction>
      <transaction>
        <timestamp>1333605276260</timestamp>
        <buyerID>13</buyerID>
        <sellerID>51</sellerID>
        <price>148</price>
      </transaction>
      <transaction>
        <timestamp>1333605283718</timestamp>
        <buyerID>13</buyerID>
        <sellerID>71</sellerID>
        <price>149</price>
      </transaction>
      <transaction>
        <timestamp>1333605285358</timestamp>
        <buyerID>13</buyerID>
        <sellerID>51</sellerID>
        <price>154</price>
      </transaction>
      <transaction>
        <timestamp>1333605369893</timestamp>
        <buyerID>74</buyerID>
        <sellerID>112</sellerID>
        <price>158</price>
      </transaction>
      <transaction>
        <timestamp>1333605370701</timestamp>
        <buyerID>74</buyerID>
        <sellerID>52</sellerID>
        <price>161</price>
      </transaction>
      <transaction>
        <timestamp>1333605371485</timestamp>
        <buyerID>74</buyerID>
        <sellerID>112</sellerID>
        <price>171</price>
      </transaction>
      <transaction>
        <timestamp>1333605372090</timestamp>
        <buyerID>74</buyerID>
        <sellerID>52</sellerID>
        <price>174</price>
      </transaction>
      <transaction>
        <timestamp>1333605372101</timestamp>
        <buyerID>53</buyerID>
        <sellerID>72</sellerID>
        <price>130</price>
      </transaction>
      <transaction>
        <timestamp>1333605372829</timestamp>
        <buyerID>74</buyerID>
        <sellerID>112</sellerID>
        <price>174</price>
      </transaction>
      <transaction>
        <timestamp>1333605373669</timestamp>
        <buyerID>113</buyerID>
        <sellerID>71</sellerID>
        <price>144</price>
      </transaction>
      <transaction>
        <timestamp>1333605374389</timestamp>
        <buyerID>114</buyerID>
        <sellerID>71</sellerID>
        <price>143</price>
      </transaction>
      <transaction>
        <timestamp>1333605375952</timestamp>
        <buyerID>114</buyerID>
        <sellerID>71</sellerID>
        <price>136</price>
      </transaction>
    </repetition>
    <repetition>
      <id>4</id>
      <transaction>
        <timestamp>1333605388274</timestamp>
        <buyerID>113</buyerID>
        <sellerID>111</sellerID>
        <price>117</price>
      </transaction>
      <transaction>
        <timestamp>1333605388678</timestamp>
        <buyerID>73</buyerID>
        <sellerID>112</sellerID>
        <price>125</price>
      </transaction>
      <transaction>
        <timestamp>1333605388719</timestamp>
        <buyerID>114</buyerID>
        <sellerID>11</sellerID>
        <price>118</price>
      </transaction>
      <transaction>
        <timestamp>1333605389571</timestamp>
        <buyerID>13</buyerID>
        <sellerID>52</sellerID>
        <price>123</price>
      </transaction>
      <transaction>
        <timestamp>1333605389651</timestamp>
        <buyerID>74</buyerID>
        <sellerID>112</sellerID>
        <price>123</price>
      </transaction>
      <transaction>
        <timestamp>1333605389964</timestamp>
        <buyerID>73</buyerID>
        <sellerID>112</sellerID>
        <price>135</price>
      </transaction>
      <transaction>
        <timestamp>1333605389999</timestamp>
        <buyerID>114</buyerID>
        <sellerID>12</sellerID>
        <price>124</price>
      </transaction>
      <transaction>
        <timestamp>1333605390501</timestamp>
        <buyerID>114</buyerID>
        <sellerID>52</sellerID>
        <price>130</price>
      </transaction>
      <transaction>
        <timestamp>1333605390625</timestamp>
        <buyerID>73</buyerID>
        <sellerID>111</sellerID>
        <price>133</price>
      </transaction>
      <transaction>
        <timestamp>1333605390636</timestamp>
        <buyerID>74</buyerID>
        <sellerID>51</sellerID>
        <price>134</price>
      </transaction>
      <transaction>
        <timestamp>1333605391195</timestamp>
        <buyerID>73</buyerID>
        <sellerID>11</sellerID>
        <price>142</price>
      </transaction>
      <transaction>
        <timestamp>1333605391322</timestamp>
        <buyerID>113</buyerID>
        <sellerID>11</sellerID>
        <price>143</price>
      </transaction>
      <transaction>
        <timestamp>1333605391486</timestamp>
        <buyerID>14</buyerID>
        <sellerID>111</sellerID>
        <price>145</price>
      </transaction>
      <transaction>
        <timestamp>1333605391988</timestamp>
        <buyerID>74</buyerID>
        <sellerID>112</sellerID>
        <price>144</price>
      </transaction>
      <transaction>
        <timestamp>1333605392010</timestamp>
        <buyerID>73</buyerID>
        <sellerID>71</sellerID>
        <price>144</price>
      </transaction>
      <transaction>
        <timestamp>1333605392236</timestamp>
        <buyerID>14</buyerID>
        <sellerID>111</sellerID>
        <price>144</price>
      </transaction>
      <transaction>
        <timestamp>1333605392273</timestamp>
        <buyerID>113</buyerID>
        <sellerID>71</sellerID>
        <price>143</price>
      </transaction>
      <transaction>
        <timestamp>1333605392345</timestamp>
        <buyerID>13</buyerID>
        <sellerID>52</sellerID>
        <price>148</price>
      </transaction>
      <transaction>
        <timestamp>1333605392425</timestamp>
        <buyerID>14</buyerID>
        <sellerID>112</sellerID>
        <price>146</price>
      </transaction>
      <transaction>
        <timestamp>1333605393310</timestamp>
        <buyerID>113</buyerID>
        <sellerID>11</sellerID>
        <price>143</price>
      </transaction>
      <transaction>
        <timestamp>1333605393318</timestamp>
        <buyerID>73</buyerID>
        <sellerID>111</sellerID>
        <price>155</price>
      </transaction>
      <transaction>
        <timestamp>1333605393460</timestamp>
        <buyerID>13</buyerID>
        <sellerID>112</sellerID>
        <price>155</price>
      </transaction>
      <transaction>
        <timestamp>1333605394588</timestamp>
        <buyerID>14</buyerID>
        <sellerID>52</sellerID>
        <price>154</price>
      </transaction>
      <transaction>
        <timestamp>1333605394812</timestamp>
        <buyerID>13</buyerID>
        <sellerID>72</sellerID>
        <price>153</price>
      </transaction>
      <transaction>
        <timestamp>1333605395636</timestamp>
        <buyerID>113</buyerID>
        <sellerID>12</sellerID>
        <price>153</price>
      </transaction>
      <transaction>
        <timestamp>1333605395723</timestamp>
        <buyerID>114</buyerID>
        <sellerID>52</sellerID>
        <price>152</price>
      </transaction>
      <transaction>
        <timestamp>1333605397663</timestamp>
        <buyerID>13</buyerID>
        <sellerID>111</sellerID>
        <price>139</price>
      </transaction>
      <transaction>
        <timestamp>1333605397914</timestamp>
        <buyerID>14</buyerID>
        <sellerID>51</sellerID>
        <price>144</price>
      </transaction>
      <transaction>
        <timestamp>1333605399783</timestamp>
        <buyerID>14</buyerID>
        <sellerID>12</sellerID>
        <price>143</price>
      </transaction>
      <transaction>
        <timestamp>1333605399914</timestamp>
        <buyerID>114</buyerID>
        <sellerID>71</sellerID>
        <price>141</price>
      </transaction>
      <transaction>
        <timestamp>1333605400613</timestamp>
        <buyerID>113</buyerID>
        <sellerID>71</sellerID>
        <price>141</price>
      </transaction>
      <transaction>
        <timestamp>1333605400754</timestamp>
        <buyerID>114</buyerID>
        <sellerID>111</sellerID>
        <price>141</price>
      </transaction>
      <transaction>
        <timestamp>1333605400763</timestamp>
        <buyerID>13</buyerID>
        <sellerID>51</sellerID>
        <price>143</price>
      </transaction>
      <transaction>
        <timestamp>1333605403557</timestamp>
        <buyerID>13</buyerID>
        <sellerID>51</sellerID>
        <price>154</price>
      </transaction>
      <transaction>
        <timestamp>1333605417220</timestamp>
        <buyerID>13</buyerID>
        <sellerID>71</sellerID>
        <price>155</price>
      </transaction>
      <transaction>
        <timestamp>1333605497302</timestamp>
        <buyerID>74</buyerID>
        <sellerID>52</sellerID>
        <price>161</price>
      </transaction>
      <transaction>
        <timestamp>1333605498052</timestamp>
        <buyerID>74</buyerID>
        <sellerID>112</sellerID>
        <price>174</price>
      </transaction>
      <transaction>
        <timestamp>1333605498773</timestamp>
        <buyerID>74</buyerID>
        <sellerID>52</sellerID>
        <price>174</price>
      </transaction>
      <transaction>
        <timestamp>1333605501049</timestamp>
        <buyerID>113</buyerID>
        <sellerID>71</sellerID>
        <price>141</price>
      </transaction>
      <transaction>
        <timestamp>1333605501823</timestamp>
        <buyerID>114</buyerID>
        <sellerID>71</sellerID>
        <price>141</price>
      </transaction>
      <transaction>
        <timestamp>1333605503473</timestamp>
        <buyerID>74</buyerID>
        <sellerID>112</sellerID>
        <price>168</price>
      </transaction>
    </repetition>
    <repetition>
      <id>5</id>
      <transaction>
        <timestamp>1333605515608</timestamp>
        <buyerID>113</buyerID>
        <sellerID>12</sellerID>
        <price>175</price>
      </transaction>
      <transaction>
        <timestamp>1333605515613</timestamp>
        <buyerID>14</buyerID>
        <sellerID>11</sellerID>
        <price>150</price>
      </transaction>
      <transaction>
        <timestamp>1333605516016</timestamp>
        <buyerID>114</buyerID>
        <sellerID>111</sellerID>
        <price>116</price>
      </transaction>
      <transaction>
        <timestamp>1333605516193</timestamp>
        <buyerID>14</buyerID>
        <sellerID>71</sellerID>
        <price>142</price>
      </transaction>
      <transaction>
        <timestamp>1333605516201</timestamp>
        <buyerID>73</buyerID>
        <sellerID>52</sellerID>
        <price>145</price>
      </transaction>
      <transaction>
        <timestamp>1333605516902</timestamp>
        <buyerID>114</buyerID>
        <sellerID>51</sellerID>
        <price>147</price>
      </transaction>
      <transaction>
        <timestamp>1333605517445</timestamp>
        <buyerID>13</buyerID>
        <sellerID>52</sellerID>
        <price>155</price>
      </transaction>
      <transaction>
        <timestamp>1333605517831</timestamp>
        <buyerID>73</buyerID>
        <sellerID>112</sellerID>
        <price>164</price>
      </transaction>
      <transaction>
        <timestamp>1333605517843</timestamp>
        <buyerID>114</buyerID>
        <sellerID>72</sellerID>
        <price>155</price>
      </transaction>
      <transaction>
        <timestamp>1333605517855</timestamp>
        <buyerID>113</buyerID>
        <sellerID>11</sellerID>
        <price>147</price>
      </transaction>
      <transaction>
        <timestamp>1333605518016</timestamp>
        <buyerID>13</buyerID>
        <sellerID>111</sellerID>
        <price>154</price>
      </transaction>
      <transaction>
        <timestamp>1333605518367</timestamp>
        <buyerID>113</buyerID>
        <sellerID>11</sellerID>
        <price>131</price>
      </transaction>
      <transaction>
        <timestamp>1333605518631</timestamp>
        <buyerID>74</buyerID>
        <sellerID>52</sellerID>
        <price>149</price>
      </transaction>
      <transaction>
        <timestamp>1333605518719</timestamp>
        <buyerID>113</buyerID>
        <sellerID>71</sellerID>
        <price>147</price>
      </transaction>
      <transaction>
        <timestamp>1333605518849</timestamp>
        <buyerID>73</buyerID>
        <sellerID>112</sellerID>
        <price>151</price>
      </transaction>
      <transaction>
        <timestamp>1333605518876</timestamp>
        <buyerID>13</buyerID>
        <sellerID>51</sellerID>
        <price>152</price>
      </transaction>
      <transaction>
        <timestamp>1333605519112</timestamp>
        <buyerID>73</buyerID>
        <sellerID>12</sellerID>
        <price>153</price>
      </transaction>
      <transaction>
        <timestamp>1333605519496</timestamp>
        <buyerID>14</buyerID>
        <sellerID>111</sellerID>
        <price>152</price>
      </transaction>
      <transaction>
        <timestamp>1333605519763</timestamp>
        <buyerID>73</buyerID>
        <sellerID>112</sellerID>
        <price>153</price>
      </transaction>
      <transaction>
        <timestamp>1333605519948</timestamp>
        <buyerID>74</buyerID>
        <sellerID>11</sellerID>
        <price>153</price>
      </transaction>
      <transaction>
        <timestamp>1333605519952</timestamp>
        <buyerID>114</buyerID>
        <sellerID>71</sellerID>
        <price>148</price>
      </transaction>
      <transaction>
        <timestamp>1333605520638</timestamp>
        <buyerID>73</buyerID>
        <sellerID>52</sellerID>
        <price>149</price>
      </transaction>
      <transaction>
        <timestamp>1333605521466</timestamp>
        <buyerID>114</buyerID>
        <sellerID>71</sellerID>
        <price>148</price>
      </transaction>
      <transaction>
        <timestamp>1333605521564</timestamp>
        <buyerID>74</buyerID>
        <sellerID>111</sellerID>
        <price>152</price>
      </transaction>
      <transaction>
        <timestamp>1333605522010</timestamp>
        <buyerID>13</buyerID>
        <sellerID>71</sellerID>
        <price>148</price>
      </transaction>
      <transaction>
        <timestamp>1333605522193</timestamp>
        <buyerID>74</buyerID>
        <sellerID>111</sellerID>
        <price>149</price>
      </transaction>
      <transaction>
        <timestamp>1333605522479</timestamp>
        <buyerID>13</buyerID>
        <sellerID>112</sellerID>
        <price>149</price>
      </transaction>
      <transaction>
        <timestamp>1333605522769</timestamp>
        <buyerID>113</buyerID>
        <sellerID>71</sellerID>
        <price>148</price>
      </transaction>
      <transaction>
        <timestamp>1333605522814</timestamp>
        <buyerID>13</buyerID>
        <sellerID>52</sellerID>
        <price>150</price>
      </transaction>
      <transaction>
        <timestamp>1333605523880</timestamp>
        <buyerID>14</buyerID>
        <sellerID>111</sellerID>
        <price>159</price>
      </transaction>
      <transaction>
        <timestamp>1333605524614</timestamp>
        <buyerID>113</buyerID>
        <sellerID>12</sellerID>
        <price>146</price>
      </transaction>
      <transaction>
        <timestamp>1333605525243</timestamp>
        <buyerID>14</buyerID>
        <sellerID>112</sellerID>
        <price>159</price>
      </transaction>
      <transaction>
        <timestamp>1333605525860</timestamp>
        <buyerID>13</buyerID>
        <sellerID>71</sellerID>
        <price>156</price>
      </transaction>
      <transaction>
        <timestamp>1333605530362</timestamp>
        <buyerID>14</buyerID>
        <sellerID>51</sellerID>
        <price>147</price>
      </transaction>
      <transaction>
        <timestamp>1333605530436</timestamp>
        <buyerID>74</buyerID>
        <sellerID>111</sellerID>
        <price>147</price>
      </transaction>
      <transaction>
        <timestamp>1333605555834</timestamp>
        <buyerID>13</buyerID>
        <sellerID>51</sellerID>
        <price>154</price>
      </transaction>
      <transaction>
        <timestamp>1333605624824</timestamp>
        <buyerID>74</buyerID>
        <sellerID>112</sellerID>
        <price>152</price>
      </transaction>
      <transaction>
        <timestamp>1333605625704</timestamp>
        <buyerID>74</buyerID>
        <sellerID>52</sellerID>
        <price>161</price>
      </transaction>
      <transaction>
        <timestamp>1333605627185</timestamp>
        <buyerID>113</buyerID>
        <sellerID>72</sellerID>
        <price>148</price>
      </transaction>
      <transaction>
        <timestamp>1333605629428</timestamp>
        <buyerID>114</buyerID>
        <sellerID>71</sellerID>
        <price>142</price>
      </transaction>
      <transaction>
        <timestamp>1333605630934</timestamp>
        <buyerID>74</buyerID>
        <sellerID>112</sellerID>
        <price>166</price>
      </transaction>
    </repetition>
  </transactions>
  <scores>
    <agent>
      <ID>71</ID>
      <userName>kaplan1</userName>
      <strategy>KAPLAN</strategy>
      <values>
        <value>65</value>
        <value>65</value>
        <value>76</value>
        <value>82</value>
        <value>84</value>
        <value>85</value>
        <value>129</value>
        <value>138</value>
        <value>186</value>
        <value>208</value>
      </values>
      <score>412.6</score>
    </agent>
    <agent>
      <ID>111</ID>
      <userName>gdx1</userName>
      <strategy>GDX</strategy>
      <values>
        <value>67</value>
        <value>76</value>
        <value>79</value>
        <value>96</value>
        <value>111</value>
        <value>126</value>
        <value>131</value>
        <value>189</value>
        <value>199</value>
        <value>237</value>
      </values>
      <score>326.4</score>
    </agent>
    <agent>
      <ID>11</ID>
      <userName>zi1</userName>
      <strategy>ZI</strategy>
      <values>
        <value>64</value>
        <value>69</value>
        <value>85</value>
        <value>97</value>
        <value>171</value>
        <value>214</value>
        <value>214</value>
        <value>217</value>
        <value>231</value>
        <value>246</value>
      </values>
      <score>247.6</score>
    </agent>
    <agent>
      <ID>72</ID>
      <userName>kaplan2</userName>
      <strategy>KAPLAN</strategy>
      <values>
        <value>130</value>
        <value>148</value>
        <value>152</value>
        <value>153</value>
        <value>171</value>
        <value>177</value>
        <value>182</value>
        <value>234</value>
        <value>239</value>
        <value>250</value>
      </values>
      <score>15.6</score>
    </agent>
    <agent>
      <ID>12</ID>
      <userName>zi2</userName>
      <strategy>ZI</strategy>
      <values>
        <value>81</value>
        <value>104</value>
        <value>109</value>
        <value>168</value>
        <value>173</value>
        <value>209</value>
        <value>211</value>
        <value>239</value>
        <value>251</value>
        <value>259</value>
      </values>
      <score>132.4</score>
    </agent>
    <agent>
      <ID>73</ID>
      <userName>kaplan3</userName>
      <strategy>KAPLAN</strategy>
      <values>
        <value>245</value>
        <value>240</value>
        <value>228</value>
        <value>211</value>
        <value>211</value>
        <value>207</value>
        <value>146</value>
        <value>143</value>
        <value>135</value>
        <value>82</value>
      </values>
      <score>429.4</score>
    </agent>
    <agent>
      <ID>13</ID>
      <userName>zi3</userName>
      <strategy>ZI</strategy>
      <values>
        <value>236</value>
        <value>234</value>
        <value>216</value>
        <value>196</value>
        <value>185</value>
        <value>170</value>
        <value>165</value>
        <value>158</value>
        <value>115</value>
        <value>65</value>
      </values>
      <score>377.8</score>
    </agent>
    <agent>
      <ID>14</ID>
      <userName>zi4</userName>
      <strategy>ZI</strategy>
      <values>
        <value>245</value>
        <value>238</value>
        <value>233</value>
        <value>200</value>
        <value>190</value>
        <value>152</value>
        <value>121</value>
        <value>119</value>
        <value>101</value>
        <value>89</value>
      </values>
      <score>358.2</score>
    </agent>
    <agent>
      <ID>74</ID>
      <userName>kaplan4</userName>
      <strategy>KAPLAN</strategy>
      <values>
        <value>256</value>
        <value>243</value>
        <value>222</value>
        <value>215</value>
        <value>212</value>
        <value>199</value>
        <value>168</value>
        <value>167</value>
        <value>162</value>
        <value>113</value>
      </values>
      <score>384.4</score>
    </agent>
    <agent>
      <ID>51</ID>
      <userName>zip1</userName>
      <strategy>ZIP</strategy>
      <values>
        <value>62</value>
        <value>116</value>
        <value>121</value>
        <value>154</value>
        <value>186</value>
        <value>211</value>
        <value>215</value>
        <value>224</value>
        <value>236</value>
        <value>239</value>
      </values>
      <score>149.4</score>
    </agent>
    <agent>
      <ID>54</ID>
      <userName>zip4</userName>
      <strategy>ZIP</strategy>
      <values>
        <value>249</value>
        <value>205</value>
        <value>204</value>
        <value>196</value>
        <value>160</value>
        <value>151</value>
        <value>142</value>
        <value>130</value>
        <value>95</value>
        <value>69</value>
      </values>
      <score>26.6</score>
    </agent>
    <agent>
      <ID>114</ID>
      <userName>gdx4</userName>
      <strategy>GDX</strategy>
      <values>
        <value>245</value>
        <value>243</value>
        <value>201</value>
        <value>183</value>
        <value>155</value>
        <value>147</value>
        <value>143</value>
        <value>134</value>
        <value>114</value>
        <value>77</value>
      </values>
      <score>335.8</score>
    </agent>
    <agent>
      <ID>53</ID>
      <userName>zip3</userName>
      <strategy>ZIP</strategy>
      <values>
        <value>258</value>
        <value>239</value>
        <value>222</value>
        <value>218</value>
        <value>181</value>
        <value>181</value>
        <value>165</value>
        <value>164</value>
        <value>121</value>
        <value>118</value>
      </values>
      <score>108.4</score>
    </agent>
    <agent>
      <ID>113</ID>
      <userName>gdx3</userName>
      <strategy>GDX</strategy>
      <values>
        <value>238</value>
        <value>232</value>
        <value>222</value>
        <value>196</value>
        <value>155</value>
        <value>149</value>
        <value>149</value>
        <value>137</value>
        <value>119</value>
        <value>94</value>
      </values>
      <score>327.0</score>
    </agent>
    <agent>
      <ID>112</ID>
      <userName>gdx2</userName>
      <strategy>GDX</strategy>
      <values>
        <value>79</value>
        <value>117</value>
        <value>118</value>
        <value>126</value>
        <value>132</value>
        <value>150</value>
        <value>165</value>
        <value>167</value>
        <value>193</value>
        <value>195</value>
      </values>
      <score>177.6</score>
    </agent>
    <agent>
      <ID>52</ID>
      <userName>zip2</userName>
      <strategy>ZIP</strategy>
      <values>
        <value>64</value>
        <value>80</value>
        <value>121</value>
        <value>137</value>
        <value>146</value>
        <value>161</value>
        <value>174</value>
        <value>186</value>
        <value>234</value>
        <value>259</value>
      </values>
      <score>193.0</score>
    </agent>
  </scores>
</results>

