<results>
  <transactions>
    <repetition>
      <id>1</id>
      <transaction>
        <timestamp>1333602044612</timestamp>
        <buyerID>54</buyerID>
        <sellerID>115</sellerID>
        <price>220</price>
      </transaction>
      <transaction>
        <timestamp>1333602045208</timestamp>
        <buyerID>120</buyerID>
        <sellerID>52</sellerID>
        <price>181</price>
      </transaction>
      <transaction>
        <timestamp>1333602045944</timestamp>
        <buyerID>122</buyerID>
        <sellerID>112</sellerID>
        <price>202</price>
      </transaction>
      <transaction>
        <timestamp>1333602046182</timestamp>
        <buyerID>121</buyerID>
        <sellerID>113</sellerID>
        <price>203</price>
      </transaction>
      <transaction>
        <timestamp>1333602046437</timestamp>
        <buyerID>119</buyerID>
        <sellerID>116</sellerID>
        <price>202</price>
      </transaction>
      <transaction>
        <timestamp>1333602047210</timestamp>
        <buyerID>54</buyerID>
        <sellerID>51</sellerID>
        <price>197</price>
      </transaction>
      <transaction>
        <timestamp>1333602049276</timestamp>
        <buyerID>121</buyerID>
        <sellerID>51</sellerID>
        <price>179</price>
      </transaction>
      <transaction>
        <timestamp>1333602049917</timestamp>
        <buyerID>120</buyerID>
        <sellerID>51</sellerID>
        <price>180</price>
      </transaction>
      <transaction>
        <timestamp>1333602050391</timestamp>
        <buyerID>122</buyerID>
        <sellerID>113</sellerID>
        <price>181</price>
      </transaction>
      <transaction>
        <timestamp>1333602050712</timestamp>
        <buyerID>121</buyerID>
        <sellerID>116</sellerID>
        <price>180</price>
      </transaction>
      <transaction>
        <timestamp>1333602050924</timestamp>
        <buyerID>118</buyerID>
        <sellerID>111</sellerID>
        <price>179</price>
      </transaction>
      <transaction>
        <timestamp>1333602051144</timestamp>
        <buyerID>117</buyerID>
        <sellerID>115</sellerID>
        <price>180</price>
      </transaction>
      <transaction>
        <timestamp>1333602051624</timestamp>
        <buyerID>118</buyerID>
        <sellerID>115</sellerID>
        <price>179</price>
      </transaction>
      <transaction>
        <timestamp>1333602052086</timestamp>
        <buyerID>120</buyerID>
        <sellerID>112</sellerID>
        <price>179</price>
      </transaction>
      <transaction>
        <timestamp>1333602052965</timestamp>
        <buyerID>118</buyerID>
        <sellerID>114</sellerID>
        <price>176</price>
      </transaction>
      <transaction>
        <timestamp>1333602053141</timestamp>
        <buyerID>120</buyerID>
        <sellerID>114</sellerID>
        <price>176</price>
      </transaction>
      <transaction>
        <timestamp>1333602053228</timestamp>
        <buyerID>117</buyerID>
        <sellerID>51</sellerID>
        <price>175</price>
      </transaction>
      <transaction>
        <timestamp>1333602053565</timestamp>
        <buyerID>122</buyerID>
        <sellerID>112</sellerID>
        <price>175</price>
      </transaction>
      <transaction>
        <timestamp>1333602054089</timestamp>
        <buyerID>118</buyerID>
        <sellerID>115</sellerID>
        <price>174</price>
      </transaction>
      <transaction>
        <timestamp>1333602054173</timestamp>
        <buyerID>117</buyerID>
        <sellerID>111</sellerID>
        <price>174</price>
      </transaction>
      <transaction>
        <timestamp>1333602054231</timestamp>
        <buyerID>118</buyerID>
        <sellerID>116</sellerID>
        <price>175</price>
      </transaction>
      <transaction>
        <timestamp>1333602054891</timestamp>
        <buyerID>119</buyerID>
        <sellerID>51</sellerID>
        <price>174</price>
      </transaction>
      <transaction>
        <timestamp>1333602055061</timestamp>
        <buyerID>122</buyerID>
        <sellerID>112</sellerID>
        <price>174</price>
      </transaction>
      <transaction>
        <timestamp>1333602055432</timestamp>
        <buyerID>118</buyerID>
        <sellerID>116</sellerID>
        <price>174</price>
      </transaction>
      <transaction>
        <timestamp>1333602055490</timestamp>
        <buyerID>117</buyerID>
        <sellerID>115</sellerID>
        <price>174</price>
      </transaction>
      <transaction>
        <timestamp>1333602055520</timestamp>
        <buyerID>118</buyerID>
        <sellerID>111</sellerID>
        <price>174</price>
      </transaction>
      <transaction>
        <timestamp>1333602056069</timestamp>
        <buyerID>122</buyerID>
        <sellerID>114</sellerID>
        <price>174</price>
      </transaction>
      <transaction>
        <timestamp>1333602056465</timestamp>
        <buyerID>118</buyerID>
        <sellerID>116</sellerID>
        <price>173</price>
      </transaction>
      <transaction>
        <timestamp>1333602057094</timestamp>
        <buyerID>119</buyerID>
        <sellerID>51</sellerID>
        <price>170</price>
      </transaction>
      <transaction>
        <timestamp>1333602057602</timestamp>
        <buyerID>120</buyerID>
        <sellerID>51</sellerID>
        <price>169</price>
      </transaction>
      <transaction>
        <timestamp>1333602058002</timestamp>
        <buyerID>119</buyerID>
        <sellerID>116</sellerID>
        <price>169</price>
      </transaction>
      <transaction>
        <timestamp>1333602058355</timestamp>
        <buyerID>118</buyerID>
        <sellerID>113</sellerID>
        <price>169</price>
      </transaction>
      <transaction>
        <timestamp>1333602058725</timestamp>
        <buyerID>119</buyerID>
        <sellerID>111</sellerID>
        <price>169</price>
      </transaction>
      <transaction>
        <timestamp>1333602059462</timestamp>
        <buyerID>119</buyerID>
        <sellerID>112</sellerID>
        <price>169</price>
      </transaction>
      <transaction>
        <timestamp>1333602083164</timestamp>
        <buyerID>119</buyerID>
        <sellerID>52</sellerID>
        <price>159</price>
      </transaction>
      <transaction>
        <timestamp>1333602085473</timestamp>
        <buyerID>121</buyerID>
        <sellerID>52</sellerID>
        <price>134</price>
      </transaction>
      <transaction>
        <timestamp>1333602161803</timestamp>
        <buyerID>117</buyerID>
        <sellerID>52</sellerID>
        <price>134</price>
      </transaction>
    </repetition>
    <repetition>
      <id>2</id>
      <transaction>
        <timestamp>1333602170976</timestamp>
        <buyerID>54</buyerID>
        <sellerID>112</sellerID>
        <price>133</price>
      </transaction>
      <transaction>
        <timestamp>1333602180347</timestamp>
        <buyerID>121</buyerID>
        <sellerID>114</sellerID>
        <price>161</price>
      </transaction>
      <transaction>
        <timestamp>1333602180569</timestamp>
        <buyerID>122</buyerID>
        <sellerID>112</sellerID>
        <price>162</price>
      </transaction>
      <transaction>
        <timestamp>1333602181046</timestamp>
        <buyerID>118</buyerID>
        <sellerID>116</sellerID>
        <price>162</price>
      </transaction>
      <transaction>
        <timestamp>1333602181051</timestamp>
        <buyerID>117</buyerID>
        <sellerID>51</sellerID>
        <price>161</price>
      </transaction>
      <transaction>
        <timestamp>1333602181372</timestamp>
        <buyerID>119</buyerID>
        <sellerID>116</sellerID>
        <price>162</price>
      </transaction>
      <transaction>
        <timestamp>1333602181587</timestamp>
        <buyerID>117</buyerID>
        <sellerID>114</sellerID>
        <price>162</price>
      </transaction>
      <transaction>
        <timestamp>1333602182936</timestamp>
        <buyerID>118</buyerID>
        <sellerID>113</sellerID>
        <price>161</price>
      </transaction>
      <transaction>
        <timestamp>1333602183142</timestamp>
        <buyerID>121</buyerID>
        <sellerID>111</sellerID>
        <price>161</price>
      </transaction>
      <transaction>
        <timestamp>1333602183419</timestamp>
        <buyerID>120</buyerID>
        <sellerID>52</sellerID>
        <price>161</price>
      </transaction>
      <transaction>
        <timestamp>1333602183520</timestamp>
        <buyerID>121</buyerID>
        <sellerID>113</sellerID>
        <price>161</price>
      </transaction>
      <transaction>
        <timestamp>1333602183985</timestamp>
        <buyerID>122</buyerID>
        <sellerID>112</sellerID>
        <price>161</price>
      </transaction>
      <transaction>
        <timestamp>1333602184189</timestamp>
        <buyerID>119</buyerID>
        <sellerID>114</sellerID>
        <price>161</price>
      </transaction>
      <transaction>
        <timestamp>1333602184263</timestamp>
        <buyerID>118</buyerID>
        <sellerID>116</sellerID>
        <price>161</price>
      </transaction>
      <transaction>
        <timestamp>1333602184333</timestamp>
        <buyerID>118</buyerID>
        <sellerID>115</sellerID>
        <price>162</price>
      </transaction>
      <transaction>
        <timestamp>1333602184417</timestamp>
        <buyerID>119</buyerID>
        <sellerID>111</sellerID>
        <price>162</price>
      </transaction>
      <transaction>
        <timestamp>1333602184578</timestamp>
        <buyerID>122</buyerID>
        <sellerID>116</sellerID>
        <price>162</price>
      </transaction>
      <transaction>
        <timestamp>1333602184714</timestamp>
        <buyerID>117</buyerID>
        <sellerID>114</sellerID>
        <price>162</price>
      </transaction>
      <transaction>
        <timestamp>1333602185287</timestamp>
        <buyerID>120</buyerID>
        <sellerID>115</sellerID>
        <price>162</price>
      </transaction>
      <transaction>
        <timestamp>1333602185775</timestamp>
        <buyerID>122</buyerID>
        <sellerID>115</sellerID>
        <price>161</price>
      </transaction>
      <transaction>
        <timestamp>1333602185902</timestamp>
        <buyerID>119</buyerID>
        <sellerID>116</sellerID>
        <price>161</price>
      </transaction>
      <transaction>
        <timestamp>1333602185953</timestamp>
        <buyerID>118</buyerID>
        <sellerID>111</sellerID>
        <price>162</price>
      </transaction>
      <transaction>
        <timestamp>1333602186169</timestamp>
        <buyerID>118</buyerID>
        <sellerID>51</sellerID>
        <price>161</price>
      </transaction>
      <transaction>
        <timestamp>1333602186217</timestamp>
        <buyerID>119</buyerID>
        <sellerID>112</sellerID>
        <price>162</price>
      </transaction>
      <transaction>
        <timestamp>1333602186692</timestamp>
        <buyerID>120</buyerID>
        <sellerID>116</sellerID>
        <price>162</price>
      </transaction>
      <transaction>
        <timestamp>1333602188199</timestamp>
        <buyerID>120</buyerID>
        <sellerID>51</sellerID>
        <price>161</price>
      </transaction>
      <transaction>
        <timestamp>1333602188575</timestamp>
        <buyerID>118</buyerID>
        <sellerID>115</sellerID>
        <price>161</price>
      </transaction>
      <transaction>
        <timestamp>1333602190675</timestamp>
        <buyerID>118</buyerID>
        <sellerID>52</sellerID>
        <price>161</price>
      </transaction>
      <transaction>
        <timestamp>1333602190865</timestamp>
        <buyerID>119</buyerID>
        <sellerID>115</sellerID>
        <price>161</price>
      </transaction>
      <transaction>
        <timestamp>1333602191264</timestamp>
        <buyerID>120</buyerID>
        <sellerID>112</sellerID>
        <price>161</price>
      </transaction>
      <transaction>
        <timestamp>1333602191757</timestamp>
        <buyerID>117</buyerID>
        <sellerID>51</sellerID>
        <price>161</price>
      </transaction>
      <transaction>
        <timestamp>1333602194500</timestamp>
        <buyerID>118</buyerID>
        <sellerID>51</sellerID>
        <price>161</price>
      </transaction>
      <transaction>
        <timestamp>1333602195510</timestamp>
        <buyerID>122</buyerID>
        <sellerID>52</sellerID>
        <price>161</price>
      </transaction>
      <transaction>
        <timestamp>1333602197346</timestamp>
        <buyerID>119</buyerID>
        <sellerID>51</sellerID>
        <price>156</price>
      </transaction>
      <transaction>
        <timestamp>1333602227237</timestamp>
        <buyerID>121</buyerID>
        <sellerID>52</sellerID>
        <price>152</price>
      </transaction>
      <transaction>
        <timestamp>1333602274222</timestamp>
        <buyerID>120</buyerID>
        <sellerID>52</sellerID>
        <price>150</price>
      </transaction>
    </repetition>
    <repetition>
      <id>3</id>
      <transaction>
        <timestamp>1333602298690</timestamp>
        <buyerID>120</buyerID>
        <sellerID>111</sellerID>
        <price>132</price>
      </transaction>
      <transaction>
        <timestamp>1333602298948</timestamp>
        <buyerID>117</buyerID>
        <sellerID>115</sellerID>
        <price>132</price>
      </transaction>
      <transaction>
        <timestamp>1333602299550</timestamp>
        <buyerID>119</buyerID>
        <sellerID>112</sellerID>
        <price>134</price>
      </transaction>
      <transaction>
        <timestamp>1333602299560</timestamp>
        <buyerID>54</buyerID>
        <sellerID>116</sellerID>
        <price>139</price>
      </transaction>
      <transaction>
        <timestamp>1333602303048</timestamp>
        <buyerID>121</buyerID>
        <sellerID>113</sellerID>
        <price>147</price>
      </transaction>
      <transaction>
        <timestamp>1333602303279</timestamp>
        <buyerID>122</buyerID>
        <sellerID>51</sellerID>
        <price>148</price>
      </transaction>
      <transaction>
        <timestamp>1333602303503</timestamp>
        <buyerID>121</buyerID>
        <sellerID>112</sellerID>
        <price>147</price>
      </transaction>
      <transaction>
        <timestamp>1333602303722</timestamp>
        <buyerID>119</buyerID>
        <sellerID>116</sellerID>
        <price>147</price>
      </transaction>
      <transaction>
        <timestamp>1333602304029</timestamp>
        <buyerID>117</buyerID>
        <sellerID>115</sellerID>
        <price>146</price>
      </transaction>
      <transaction>
        <timestamp>1333602304448</timestamp>
        <buyerID>117</buyerID>
        <sellerID>114</sellerID>
        <price>146</price>
      </transaction>
      <transaction>
        <timestamp>1333602304640</timestamp>
        <buyerID>118</buyerID>
        <sellerID>52</sellerID>
        <price>145</price>
      </transaction>
      <transaction>
        <timestamp>1333602304930</timestamp>
        <buyerID>119</buyerID>
        <sellerID>112</sellerID>
        <price>145</price>
      </transaction>
      <transaction>
        <timestamp>1333602305034</timestamp>
        <buyerID>118</buyerID>
        <sellerID>51</sellerID>
        <price>145</price>
      </transaction>
      <transaction>
        <timestamp>1333602305661</timestamp>
        <buyerID>121</buyerID>
        <sellerID>113</sellerID>
        <price>145</price>
      </transaction>
      <transaction>
        <timestamp>1333602305840</timestamp>
        <buyerID>122</buyerID>
        <sellerID>116</sellerID>
        <price>145</price>
      </transaction>
      <transaction>
        <timestamp>1333602306004</timestamp>
        <buyerID>119</buyerID>
        <sellerID>111</sellerID>
        <price>145</price>
      </transaction>
      <transaction>
        <timestamp>1333602306152</timestamp>
        <buyerID>117</buyerID>
        <sellerID>115</sellerID>
        <price>145</price>
      </transaction>
      <transaction>
        <timestamp>1333602306342</timestamp>
        <buyerID>120</buyerID>
        <sellerID>114</sellerID>
        <price>145</price>
      </transaction>
      <transaction>
        <timestamp>1333602306936</timestamp>
        <buyerID>119</buyerID>
        <sellerID>115</sellerID>
        <price>145</price>
      </transaction>
      <transaction>
        <timestamp>1333602307170</timestamp>
        <buyerID>118</buyerID>
        <sellerID>116</sellerID>
        <price>145</price>
      </transaction>
      <transaction>
        <timestamp>1333602307173</timestamp>
        <buyerID>117</buyerID>
        <sellerID>51</sellerID>
        <price>144</price>
      </transaction>
      <transaction>
        <timestamp>1333602307379</timestamp>
        <buyerID>122</buyerID>
        <sellerID>112</sellerID>
        <price>145</price>
      </transaction>
      <transaction>
        <timestamp>1333602308105</timestamp>
        <buyerID>119</buyerID>
        <sellerID>115</sellerID>
        <price>145</price>
      </transaction>
      <transaction>
        <timestamp>1333602308394</timestamp>
        <buyerID>118</buyerID>
        <sellerID>116</sellerID>
        <price>145</price>
      </transaction>
      <transaction>
        <timestamp>1333602308727</timestamp>
        <buyerID>122</buyerID>
        <sellerID>112</sellerID>
        <price>145</price>
      </transaction>
      <transaction>
        <timestamp>1333602309127</timestamp>
        <buyerID>120</buyerID>
        <sellerID>51</sellerID>
        <price>145</price>
      </transaction>
      <transaction>
        <timestamp>1333602309363</timestamp>
        <buyerID>118</buyerID>
        <sellerID>116</sellerID>
        <price>145</price>
      </transaction>
      <transaction>
        <timestamp>1333602309515</timestamp>
        <buyerID>121</buyerID>
        <sellerID>52</sellerID>
        <price>145</price>
      </transaction>
      <transaction>
        <timestamp>1333602310945</timestamp>
        <buyerID>118</buyerID>
        <sellerID>51</sellerID>
        <price>146</price>
      </transaction>
      <transaction>
        <timestamp>1333602311512</timestamp>
        <buyerID>120</buyerID>
        <sellerID>114</sellerID>
        <price>146</price>
      </transaction>
      <transaction>
        <timestamp>1333602317222</timestamp>
        <buyerID>119</buyerID>
        <sellerID>52</sellerID>
        <price>146</price>
      </transaction>
      <transaction>
        <timestamp>1333602349190</timestamp>
        <buyerID>121</buyerID>
        <sellerID>52</sellerID>
        <price>146</price>
      </transaction>
      <transaction>
        <timestamp>1333602377918</timestamp>
        <buyerID>122</buyerID>
        <sellerID>52</sellerID>
        <price>146</price>
      </transaction>
      <transaction>
        <timestamp>1333602402539</timestamp>
        <buyerID>120</buyerID>
        <sellerID>52</sellerID>
        <price>146</price>
      </transaction>
      <transaction>
        <timestamp>1333602418297</timestamp>
        <buyerID>118</buyerID>
        <sellerID>111</sellerID>
        <price>147</price>
      </transaction>
    </repetition>
    <repetition>
      <id>4</id>
      <transaction>
        <timestamp>1333602426078</timestamp>
        <buyerID>117</buyerID>
        <sellerID>114</sellerID>
        <price>131</price>
      </transaction>
      <transaction>
        <timestamp>1333602426230</timestamp>
        <buyerID>54</buyerID>
        <sellerID>112</sellerID>
        <price>132</price>
      </transaction>
      <transaction>
        <timestamp>1333602428716</timestamp>
        <buyerID>122</buyerID>
        <sellerID>114</sellerID>
        <price>141</price>
      </transaction>
      <transaction>
        <timestamp>1333602430282</timestamp>
        <buyerID>117</buyerID>
        <sellerID>116</sellerID>
        <price>142</price>
      </transaction>
      <transaction>
        <timestamp>1333602430559</timestamp>
        <buyerID>121</buyerID>
        <sellerID>116</sellerID>
        <price>142</price>
      </transaction>
      <transaction>
        <timestamp>1333602430802</timestamp>
        <buyerID>122</buyerID>
        <sellerID>115</sellerID>
        <price>141</price>
      </transaction>
      <transaction>
        <timestamp>1333602431037</timestamp>
        <buyerID>120</buyerID>
        <sellerID>51</sellerID>
        <price>140</price>
      </transaction>
      <transaction>
        <timestamp>1333602431146</timestamp>
        <buyerID>118</buyerID>
        <sellerID>113</sellerID>
        <price>141</price>
      </transaction>
      <transaction>
        <timestamp>1333602431364</timestamp>
        <buyerID>118</buyerID>
        <sellerID>111</sellerID>
        <price>142</price>
      </transaction>
      <transaction>
        <timestamp>1333602431840</timestamp>
        <buyerID>120</buyerID>
        <sellerID>115</sellerID>
        <price>142</price>
      </transaction>
      <transaction>
        <timestamp>1333602432036</timestamp>
        <buyerID>119</buyerID>
        <sellerID>116</sellerID>
        <price>141</price>
      </transaction>
      <transaction>
        <timestamp>1333602432258</timestamp>
        <buyerID>117</buyerID>
        <sellerID>111</sellerID>
        <price>142</price>
      </transaction>
      <transaction>
        <timestamp>1333602433175</timestamp>
        <buyerID>121</buyerID>
        <sellerID>116</sellerID>
        <price>144</price>
      </transaction>
      <transaction>
        <timestamp>1333602433420</timestamp>
        <buyerID>122</buyerID>
        <sellerID>113</sellerID>
        <price>143</price>
      </transaction>
      <transaction>
        <timestamp>1333602433491</timestamp>
        <buyerID>117</buyerID>
        <sellerID>51</sellerID>
        <price>143</price>
      </transaction>
      <transaction>
        <timestamp>1333602433743</timestamp>
        <buyerID>119</buyerID>
        <sellerID>115</sellerID>
        <price>144</price>
      </transaction>
      <transaction>
        <timestamp>1333602433819</timestamp>
        <buyerID>118</buyerID>
        <sellerID>52</sellerID>
        <price>144</price>
      </transaction>
      <transaction>
        <timestamp>1333602434381</timestamp>
        <buyerID>120</buyerID>
        <sellerID>116</sellerID>
        <price>145</price>
      </transaction>
      <transaction>
        <timestamp>1333602434790</timestamp>
        <buyerID>121</buyerID>
        <sellerID>112</sellerID>
        <price>145</price>
      </transaction>
      <transaction>
        <timestamp>1333602435103</timestamp>
        <buyerID>122</buyerID>
        <sellerID>116</sellerID>
        <price>145</price>
      </transaction>
      <transaction>
        <timestamp>1333602435391</timestamp>
        <buyerID>117</buyerID>
        <sellerID>115</sellerID>
        <price>145</price>
      </transaction>
      <transaction>
        <timestamp>1333602435781</timestamp>
        <buyerID>121</buyerID>
        <sellerID>51</sellerID>
        <price>145</price>
      </transaction>
      <transaction>
        <timestamp>1333602435903</timestamp>
        <buyerID>119</buyerID>
        <sellerID>115</sellerID>
        <price>145</price>
      </transaction>
      <transaction>
        <timestamp>1333602436472</timestamp>
        <buyerID>118</buyerID>
        <sellerID>112</sellerID>
        <price>145</price>
      </transaction>
      <transaction>
        <timestamp>1333602437000</timestamp>
        <buyerID>119</buyerID>
        <sellerID>114</sellerID>
        <price>146</price>
      </transaction>
      <transaction>
        <timestamp>1333602437051</timestamp>
        <buyerID>118</buyerID>
        <sellerID>52</sellerID>
        <price>146</price>
      </transaction>
      <transaction>
        <timestamp>1333602437690</timestamp>
        <buyerID>120</buyerID>
        <sellerID>112</sellerID>
        <price>146</price>
      </transaction>
      <transaction>
        <timestamp>1333602438336</timestamp>
        <buyerID>118</buyerID>
        <sellerID>51</sellerID>
        <price>147</price>
      </transaction>
      <transaction>
        <timestamp>1333602439311</timestamp>
        <buyerID>118</buyerID>
        <sellerID>112</sellerID>
        <price>147</price>
      </transaction>
      <transaction>
        <timestamp>1333602439360</timestamp>
        <buyerID>119</buyerID>
        <sellerID>111</sellerID>
        <price>147</price>
      </transaction>
      <transaction>
        <timestamp>1333602439424</timestamp>
        <buyerID>118</buyerID>
        <sellerID>51</sellerID>
        <price>147</price>
      </transaction>
      <transaction>
        <timestamp>1333602452901</timestamp>
        <buyerID>122</buyerID>
        <sellerID>52</sellerID>
        <price>147</price>
      </transaction>
      <transaction>
        <timestamp>1333602488266</timestamp>
        <buyerID>118</buyerID>
        <sellerID>52</sellerID>
        <price>147</price>
      </transaction>
      <transaction>
        <timestamp>1333602503076</timestamp>
        <buyerID>120</buyerID>
        <sellerID>52</sellerID>
        <price>147</price>
      </transaction>
      <transaction>
        <timestamp>1333602520141</timestamp>
        <buyerID>120</buyerID>
        <sellerID>52</sellerID>
        <price>147</price>
      </transaction>
    </repetition>
    <repetition>
      <id>5</id>
      <transaction>
        <timestamp>1333602553577</timestamp>
        <buyerID>118</buyerID>
        <sellerID>116</sellerID>
        <price>130</price>
      </transaction>
      <transaction>
        <timestamp>1333602554425</timestamp>
        <buyerID>120</buyerID>
        <sellerID>113</sellerID>
        <price>134</price>
      </transaction>
      <transaction>
        <timestamp>1333602555105</timestamp>
        <buyerID>122</buyerID>
        <sellerID>114</sellerID>
        <price>133</price>
      </transaction>
      <transaction>
        <timestamp>1333602555302</timestamp>
        <buyerID>119</buyerID>
        <sellerID>115</sellerID>
        <price>134</price>
      </transaction>
      <transaction>
        <timestamp>1333602555589</timestamp>
        <buyerID>122</buyerID>
        <sellerID>114</sellerID>
        <price>134</price>
      </transaction>
      <transaction>
        <timestamp>1333602555787</timestamp>
        <buyerID>120</buyerID>
        <sellerID>115</sellerID>
        <price>134</price>
      </transaction>
      <transaction>
        <timestamp>1333602556191</timestamp>
        <buyerID>118</buyerID>
        <sellerID>112</sellerID>
        <price>135</price>
      </transaction>
      <transaction>
        <timestamp>1333602556432</timestamp>
        <buyerID>121</buyerID>
        <sellerID>111</sellerID>
        <price>135</price>
      </transaction>
      <transaction>
        <timestamp>1333602556853</timestamp>
        <buyerID>122</buyerID>
        <sellerID>113</sellerID>
        <price>135</price>
      </transaction>
      <transaction>
        <timestamp>1333602556928</timestamp>
        <buyerID>122</buyerID>
        <sellerID>51</sellerID>
        <price>135</price>
      </transaction>
      <transaction>
        <timestamp>1333602557730</timestamp>
        <buyerID>117</buyerID>
        <sellerID>116</sellerID>
        <price>137</price>
      </transaction>
      <transaction>
        <timestamp>1333602557925</timestamp>
        <buyerID>118</buyerID>
        <sellerID>112</sellerID>
        <price>137</price>
      </transaction>
      <transaction>
        <timestamp>1333602558110</timestamp>
        <buyerID>121</buyerID>
        <sellerID>111</sellerID>
        <price>137</price>
      </transaction>
      <transaction>
        <timestamp>1333602558741</timestamp>
        <buyerID>117</buyerID>
        <sellerID>51</sellerID>
        <price>137</price>
      </transaction>
      <transaction>
        <timestamp>1333602559005</timestamp>
        <buyerID>120</buyerID>
        <sellerID>115</sellerID>
        <price>137</price>
      </transaction>
      <transaction>
        <timestamp>1333602559340</timestamp>
        <buyerID>118</buyerID>
        <sellerID>112</sellerID>
        <price>138</price>
      </transaction>
      <transaction>
        <timestamp>1333602559852</timestamp>
        <buyerID>117</buyerID>
        <sellerID>115</sellerID>
        <price>138</price>
      </transaction>
      <transaction>
        <timestamp>1333602560753</timestamp>
        <buyerID>118</buyerID>
        <sellerID>116</sellerID>
        <price>139</price>
      </transaction>
      <transaction>
        <timestamp>1333602561051</timestamp>
        <buyerID>118</buyerID>
        <sellerID>112</sellerID>
        <price>139</price>
      </transaction>
      <transaction>
        <timestamp>1333602561624</timestamp>
        <buyerID>119</buyerID>
        <sellerID>52</sellerID>
        <price>139</price>
      </transaction>
      <transaction>
        <timestamp>1333602561814</timestamp>
        <buyerID>120</buyerID>
        <sellerID>115</sellerID>
        <price>139</price>
      </transaction>
      <transaction>
        <timestamp>1333602562271</timestamp>
        <buyerID>117</buyerID>
        <sellerID>112</sellerID>
        <price>139</price>
      </transaction>
      <transaction>
        <timestamp>1333602562926</timestamp>
        <buyerID>119</buyerID>
        <sellerID>51</sellerID>
        <price>140</price>
      </transaction>
      <transaction>
        <timestamp>1333602564866</timestamp>
        <buyerID>119</buyerID>
        <sellerID>116</sellerID>
        <price>140</price>
      </transaction>
      <transaction>
        <timestamp>1333602566702</timestamp>
        <buyerID>121</buyerID>
        <sellerID>51</sellerID>
        <price>140</price>
      </transaction>
      <transaction>
        <timestamp>1333602567352</timestamp>
        <buyerID>117</buyerID>
        <sellerID>116</sellerID>
        <price>140</price>
      </transaction>
      <transaction>
        <timestamp>1333602569270</timestamp>
        <buyerID>121</buyerID>
        <sellerID>116</sellerID>
        <price>140</price>
      </transaction>
      <transaction>
        <timestamp>1333602571000</timestamp>
        <buyerID>119</buyerID>
        <sellerID>51</sellerID>
        <price>140</price>
      </transaction>
      <transaction>
        <timestamp>1333602572097</timestamp>
        <buyerID>122</buyerID>
        <sellerID>52</sellerID>
        <price>140</price>
      </transaction>
      <transaction>
        <timestamp>1333602614031</timestamp>
        <buyerID>119</buyerID>
        <sellerID>52</sellerID>
        <price>140</price>
      </transaction>
      <transaction>
        <timestamp>1333602655914</timestamp>
        <buyerID>120</buyerID>
        <sellerID>52</sellerID>
        <price>140</price>
      </transaction>
      <transaction>
        <timestamp>1333602673981</timestamp>
        <buyerID>118</buyerID>
        <sellerID>52</sellerID>
        <price>141</price>
      </transaction>
    </repetition>
  </transactions>
  <scores>
    <agent>
      <ID>111</ID>
      <userName>gdx1</userName>
      <strategy>GDX</strategy>
      <values>
        <value>102</value>
        <value>111</value>
        <value>146</value>
        <value>164</value>
        <value>169</value>
        <value>185</value>
        <value>197</value>
        <value>221</value>
        <value>251</value>
        <value>259</value>
      </values>
      <score>99.0</score>
    </agent>
    <agent>
      <ID>51</ID>
      <userName>zip1</userName>
      <strategy>ZIP</strategy>
      <values>
        <value>62</value>
        <value>91</value>
        <value>92</value>
        <value>118</value>
        <value>131</value>
        <value>154</value>
        <value>166</value>
        <value>169</value>
        <value>185</value>
        <value>191</value>
      </values>
      <score>280.6</score>
    </agent>
    <agent>
      <ID>119</ID>
      <userName>gdx9</userName>
      <strategy>GDX</strategy>
      <values>
        <value>259</value>
        <value>259</value>
        <value>252</value>
        <value>215</value>
        <value>204</value>
        <value>186</value>
        <value>160</value>
        <value>92</value>
        <value>88</value>
        <value>84</value>
      </values>
      <score>453.8</score>
    </agent>
    <agent>
      <ID>118</ID>
      <userName>gdx8</userName>
      <strategy>GDX</strategy>
      <values>
        <value>250</value>
        <value>242</value>
        <value>225</value>
        <value>214</value>
        <value>210</value>
        <value>203</value>
        <value>183</value>
        <value>176</value>
        <value>171</value>
        <value>141</value>
      </values>
      <score>473.6</score>
    </agent>
    <agent>
      <ID>117</ID>
      <userName>gdx7</userName>
      <strategy>GDX</strategy>
      <values>
        <value>258</value>
        <value>257</value>
        <value>246</value>
        <value>201</value>
        <value>149</value>
        <value>130</value>
        <value>128</value>
        <value>105</value>
        <value>68</value>
        <value>67</value>
      </values>
      <score>363.2</score>
    </agent>
    <agent>
      <ID>116</ID>
      <userName>gdx6</userName>
      <strategy>GDX</strategy>
      <values>
        <value>69</value>
        <value>69</value>
        <value>71</value>
        <value>80</value>
        <value>87</value>
        <value>101</value>
        <value>179</value>
        <value>200</value>
        <value>247</value>
        <value>256</value>
      </values>
      <score>441.8</score>
    </agent>
    <agent>
      <ID>115</ID>
      <userName>gdx5</userName>
      <strategy>GDX</strategy>
      <values>
        <value>62</value>
        <value>94</value>
        <value>102</value>
        <value>105</value>
        <value>124</value>
        <value>198</value>
        <value>204</value>
        <value>207</value>
        <value>208</value>
        <value>213</value>
      </values>
      <score>282.2</score>
    </agent>
    <agent>
      <ID>54</ID>
      <userName>zip4</userName>
      <strategy>ZIP</strategy>
      <values>
        <value>246</value>
        <value>227</value>
        <value>197</value>
        <value>185</value>
        <value>181</value>
        <value>177</value>
        <value>117</value>
        <value>97</value>
        <value>93</value>
        <value>69</value>
      </values>
      <score>78.0</score>
    </agent>
    <agent>
      <ID>114</ID>
      <userName>gdx4</userName>
      <strategy>GDX</strategy>
      <values>
        <value>71</value>
        <value>80</value>
        <value>145</value>
        <value>148</value>
        <value>174</value>
        <value>185</value>
        <value>188</value>
        <value>205</value>
        <value>247</value>
        <value>257</value>
      </values>
      <score>162.2</score>
    </agent>
    <agent>
      <ID>53</ID>
      <userName>zip3</userName>
      <strategy>ZIP</strategy>
      <values>
        <value>249</value>
        <value>238</value>
        <value>235</value>
        <value>210</value>
        <value>197</value>
        <value>167</value>
        <value>163</value>
        <value>157</value>
        <value>125</value>
        <value>100</value>
      </values>
      <score>0.0</score>
    </agent>
    <agent>
      <ID>113</ID>
      <userName>gdx3</userName>
      <strategy>GDX</strategy>
      <values>
        <value>94</value>
        <value>101</value>
        <value>164</value>
        <value>165</value>
        <value>177</value>
        <value>183</value>
        <value>187</value>
        <value>227</value>
        <value>244</value>
        <value>248</value>
      </values>
      <score>116.2</score>
    </agent>
    <agent>
      <ID>112</ID>
      <userName>gdx2</userName>
      <strategy>GDX</strategy>
      <values>
        <value>62</value>
        <value>71</value>
        <value>84</value>
        <value>133</value>
        <value>138</value>
        <value>166</value>
        <value>168</value>
        <value>170</value>
        <value>178</value>
        <value>253</value>
      </values>
      <score>271.4</score>
    </agent>
    <agent>
      <ID>52</ID>
      <userName>zip2</userName>
      <strategy>ZIP</strategy>
      <values>
        <value>63</value>
        <value>70</value>
        <value>85</value>
        <value>93</value>
        <value>121</value>
        <value>121</value>
        <value>146</value>
        <value>187</value>
        <value>225</value>
        <value>237</value>
      </values>
      <score>312.8</score>
    </agent>
    <agent>
      <ID>122</ID>
      <userName>gdx12</userName>
      <strategy>GDX</strategy>
      <values>
        <value>253</value>
        <value>236</value>
        <value>236</value>
        <value>194</value>
        <value>186</value>
        <value>136</value>
        <value>130</value>
        <value>127</value>
        <value>117</value>
        <value>106</value>
      </values>
      <score>337.8</score>
    </agent>
    <agent>
      <ID>121</ID>
      <userName>gdx11</userName>
      <strategy>GDX</strategy>
      <values>
        <value>254</value>
        <value>227</value>
        <value>220</value>
        <value>153</value>
        <value>147</value>
        <value>142</value>
        <value>110</value>
        <value>100</value>
        <value>100</value>
        <value>69</value>
      </values>
      <score>245.6</score>
    </agent>
    <agent>
      <ID>120</ID>
      <userName>gdx10</userName>
      <strategy>GDX</strategy>
      <values>
        <value>244</value>
        <value>207</value>
        <value>195</value>
        <value>184</value>
        <value>172</value>
        <value>151</value>
        <value>122</value>
        <value>111</value>
        <value>98</value>
        <value>84</value>
      </values>
      <score>241.0</score>
    </agent>
  </scores>
</results>

