<results>
  <transactions>
    <repetition>
      <id>1</id>
      <transaction>
        <timestamp>1333601683993</timestamp>
        <buyerID>34</buyerID>
        <sellerID>51</sellerID>
        <price>228</price>
      </transaction>
      <transaction>
        <timestamp>1333601684156</timestamp>
        <buyerID>58</buyerID>
        <sellerID>54</sellerID>
        <price>185</price>
      </transaction>
      <transaction>
        <timestamp>1333601684622</timestamp>
        <buyerID>33</buyerID>
        <sellerID>31</sellerID>
        <price>235</price>
      </transaction>
      <transaction>
        <timestamp>1333601684633</timestamp>
        <buyerID>114</buyerID>
        <sellerID>32</sellerID>
        <price>201</price>
      </transaction>
      <transaction>
        <timestamp>1333601684647</timestamp>
        <buyerID>56</buyerID>
        <sellerID>32</sellerID>
        <price>200</price>
      </transaction>
      <transaction>
        <timestamp>1333601684650</timestamp>
        <buyerID>57</buyerID>
        <sellerID>53</sellerID>
        <price>151</price>
      </transaction>
      <transaction>
        <timestamp>1333601684815</timestamp>
        <buyerID>33</buyerID>
        <sellerID>111</sellerID>
        <price>152</price>
      </transaction>
      <transaction>
        <timestamp>1333601684825</timestamp>
        <buyerID>57</buyerID>
        <sellerID>31</sellerID>
        <price>153</price>
      </transaction>
      <transaction>
        <timestamp>1333601685027</timestamp>
        <buyerID>34</buyerID>
        <sellerID>54</sellerID>
        <price>159</price>
      </transaction>
      <transaction>
        <timestamp>1333601685350</timestamp>
        <buyerID>33</buyerID>
        <sellerID>51</sellerID>
        <price>171</price>
      </transaction>
      <transaction>
        <timestamp>1333601685645</timestamp>
        <buyerID>114</buyerID>
        <sellerID>32</sellerID>
        <price>137</price>
      </transaction>
      <transaction>
        <timestamp>1333601685832</timestamp>
        <buyerID>34</buyerID>
        <sellerID>54</sellerID>
        <price>140</price>
      </transaction>
      <transaction>
        <timestamp>1333601685837</timestamp>
        <buyerID>34</buyerID>
        <sellerID>111</sellerID>
        <price>141</price>
      </transaction>
      <transaction>
        <timestamp>1333601686282</timestamp>
        <buyerID>114</buyerID>
        <sellerID>31</sellerID>
        <price>138</price>
      </transaction>
      <transaction>
        <timestamp>1333601686288</timestamp>
        <buyerID>33</buyerID>
        <sellerID>111</sellerID>
        <price>142</price>
      </transaction>
      <transaction>
        <timestamp>1333601686921</timestamp>
        <buyerID>34</buyerID>
        <sellerID>32</sellerID>
        <price>151</price>
      </transaction>
      <transaction>
        <timestamp>1333601687287</timestamp>
        <buyerID>33</buyerID>
        <sellerID>31</sellerID>
        <price>146</price>
      </transaction>
      <transaction>
        <timestamp>1333601687553</timestamp>
        <buyerID>33</buyerID>
        <sellerID>54</sellerID>
        <price>151</price>
      </transaction>
      <transaction>
        <timestamp>1333601687766</timestamp>
        <buyerID>34</buyerID>
        <sellerID>111</sellerID>
        <price>151</price>
      </transaction>
      <transaction>
        <timestamp>1333601688177</timestamp>
        <buyerID>33</buyerID>
        <sellerID>53</sellerID>
        <price>152</price>
      </transaction>
      <transaction>
        <timestamp>1333601688275</timestamp>
        <buyerID>114</buyerID>
        <sellerID>52</sellerID>
        <price>152</price>
      </transaction>
      <transaction>
        <timestamp>1333601688915</timestamp>
        <buyerID>114</buyerID>
        <sellerID>52</sellerID>
        <price>153</price>
      </transaction>
      <transaction>
        <timestamp>1333601689229</timestamp>
        <buyerID>113</buyerID>
        <sellerID>51</sellerID>
        <price>153</price>
      </transaction>
      <transaction>
        <timestamp>1333601689736</timestamp>
        <buyerID>34</buyerID>
        <sellerID>112</sellerID>
        <price>152</price>
      </transaction>
      <transaction>
        <timestamp>1333601690173</timestamp>
        <buyerID>114</buyerID>
        <sellerID>52</sellerID>
        <price>147</price>
      </transaction>
      <transaction>
        <timestamp>1333601690482</timestamp>
        <buyerID>113</buyerID>
        <sellerID>53</sellerID>
        <price>147</price>
      </transaction>
      <transaction>
        <timestamp>1333601691150</timestamp>
        <buyerID>113</buyerID>
        <sellerID>54</sellerID>
        <price>147</price>
      </transaction>
      <transaction>
        <timestamp>1333601691907</timestamp>
        <buyerID>113</buyerID>
        <sellerID>112</sellerID>
        <price>147</price>
      </transaction>
      <transaction>
        <timestamp>1333601693352</timestamp>
        <buyerID>114</buyerID>
        <sellerID>52</sellerID>
        <price>145</price>
      </transaction>
      <transaction>
        <timestamp>1333601693887</timestamp>
        <buyerID>113</buyerID>
        <sellerID>52</sellerID>
        <price>144</price>
      </transaction>
      <transaction>
        <timestamp>1333601698631</timestamp>
        <buyerID>113</buyerID>
        <sellerID>52</sellerID>
        <price>143</price>
      </transaction>
    </repetition>
    <repetition>
      <id>2</id>
      <transaction>
        <timestamp>1333601810629</timestamp>
        <buyerID>113</buyerID>
        <sellerID>112</sellerID>
        <price>236</price>
      </transaction>
      <transaction>
        <timestamp>1333601810635</timestamp>
        <buyerID>33</buyerID>
        <sellerID>32</sellerID>
        <price>236</price>
      </transaction>
      <transaction>
        <timestamp>1333601810833</timestamp>
        <buyerID>34</buyerID>
        <sellerID>52</sellerID>
        <price>192</price>
      </transaction>
      <transaction>
        <timestamp>1333601811011</timestamp>
        <buyerID>56</buyerID>
        <sellerID>31</sellerID>
        <price>144</price>
      </transaction>
      <transaction>
        <timestamp>1333601811345</timestamp>
        <buyerID>114</buyerID>
        <sellerID>31</sellerID>
        <price>137</price>
      </transaction>
      <transaction>
        <timestamp>1333601811405</timestamp>
        <buyerID>34</buyerID>
        <sellerID>53</sellerID>
        <price>130</price>
      </transaction>
      <transaction>
        <timestamp>1333601811417</timestamp>
        <buyerID>33</buyerID>
        <sellerID>32</sellerID>
        <price>113</price>
      </transaction>
      <transaction>
        <timestamp>1333601811701</timestamp>
        <buyerID>114</buyerID>
        <sellerID>52</sellerID>
        <price>138</price>
      </transaction>
      <transaction>
        <timestamp>1333601811707</timestamp>
        <buyerID>113</buyerID>
        <sellerID>51</sellerID>
        <price>137</price>
      </transaction>
      <transaction>
        <timestamp>1333601811835</timestamp>
        <buyerID>34</buyerID>
        <sellerID>54</sellerID>
        <price>144</price>
      </transaction>
      <transaction>
        <timestamp>1333601812252</timestamp>
        <buyerID>114</buyerID>
        <sellerID>32</sellerID>
        <price>138</price>
      </transaction>
      <transaction>
        <timestamp>1333601812690</timestamp>
        <buyerID>113</buyerID>
        <sellerID>51</sellerID>
        <price>138</price>
      </transaction>
      <transaction>
        <timestamp>1333601812877</timestamp>
        <buyerID>34</buyerID>
        <sellerID>31</sellerID>
        <price>122</price>
      </transaction>
      <transaction>
        <timestamp>1333601812891</timestamp>
        <buyerID>33</buyerID>
        <sellerID>111</sellerID>
        <price>138</price>
      </transaction>
      <transaction>
        <timestamp>1333601813241</timestamp>
        <buyerID>33</buyerID>
        <sellerID>52</sellerID>
        <price>139</price>
      </transaction>
      <transaction>
        <timestamp>1333601813415</timestamp>
        <buyerID>114</buyerID>
        <sellerID>31</sellerID>
        <price>137</price>
      </transaction>
      <transaction>
        <timestamp>1333601813516</timestamp>
        <buyerID>34</buyerID>
        <sellerID>111</sellerID>
        <price>140</price>
      </transaction>
      <transaction>
        <timestamp>1333601814117</timestamp>
        <buyerID>114</buyerID>
        <sellerID>54</sellerID>
        <price>139</price>
      </transaction>
      <transaction>
        <timestamp>1333601814121</timestamp>
        <buyerID>34</buyerID>
        <sellerID>111</sellerID>
        <price>140</price>
      </transaction>
      <transaction>
        <timestamp>1333601814161</timestamp>
        <buyerID>33</buyerID>
        <sellerID>51</sellerID>
        <price>141</price>
      </transaction>
      <transaction>
        <timestamp>1333601815023</timestamp>
        <buyerID>34</buyerID>
        <sellerID>52</sellerID>
        <price>141</price>
      </transaction>
      <transaction>
        <timestamp>1333601815047</timestamp>
        <buyerID>33</buyerID>
        <sellerID>53</sellerID>
        <price>142</price>
      </transaction>
      <transaction>
        <timestamp>1333601815461</timestamp>
        <buyerID>33</buyerID>
        <sellerID>32</sellerID>
        <price>151</price>
      </transaction>
      <transaction>
        <timestamp>1333601815681</timestamp>
        <buyerID>113</buyerID>
        <sellerID>52</sellerID>
        <price>142</price>
      </transaction>
      <transaction>
        <timestamp>1333601816871</timestamp>
        <buyerID>114</buyerID>
        <sellerID>53</sellerID>
        <price>142</price>
      </transaction>
      <transaction>
        <timestamp>1333601817292</timestamp>
        <buyerID>113</buyerID>
        <sellerID>54</sellerID>
        <price>141</price>
      </transaction>
      <transaction>
        <timestamp>1333601817867</timestamp>
        <buyerID>34</buyerID>
        <sellerID>111</sellerID>
        <price>141</price>
      </transaction>
      <transaction>
        <timestamp>1333601817966</timestamp>
        <buyerID>114</buyerID>
        <sellerID>52</sellerID>
        <price>137</price>
      </transaction>
      <transaction>
        <timestamp>1333601823717</timestamp>
        <buyerID>113</buyerID>
        <sellerID>54</sellerID>
        <price>137</price>
      </transaction>
      <transaction>
        <timestamp>1333601828987</timestamp>
        <buyerID>113</buyerID>
        <sellerID>54</sellerID>
        <price>137</price>
      </transaction>
    </repetition>
    <repetition>
      <id>3</id>
      <transaction>
        <timestamp>1333601938004</timestamp>
        <buyerID>33</buyerID>
        <sellerID>31</sellerID>
        <price>110</price>
      </transaction>
      <transaction>
        <timestamp>1333601938194</timestamp>
        <buyerID>56</buyerID>
        <sellerID>111</sellerID>
        <price>112</price>
      </transaction>
      <transaction>
        <timestamp>1333601938359</timestamp>
        <buyerID>113</buyerID>
        <sellerID>112</sellerID>
        <price>112</price>
      </transaction>
      <transaction>
        <timestamp>1333601938523</timestamp>
        <buyerID>34</buyerID>
        <sellerID>53</sellerID>
        <price>136</price>
      </transaction>
      <transaction>
        <timestamp>1333601938995</timestamp>
        <buyerID>33</buyerID>
        <sellerID>32</sellerID>
        <price>135</price>
      </transaction>
      <transaction>
        <timestamp>1333601939175</timestamp>
        <buyerID>34</buyerID>
        <sellerID>111</sellerID>
        <price>122</price>
      </transaction>
      <transaction>
        <timestamp>1333601939206</timestamp>
        <buyerID>114</buyerID>
        <sellerID>32</sellerID>
        <price>115</price>
      </transaction>
      <transaction>
        <timestamp>1333601939741</timestamp>
        <buyerID>33</buyerID>
        <sellerID>31</sellerID>
        <price>121</price>
      </transaction>
      <transaction>
        <timestamp>1333601939746</timestamp>
        <buyerID>34</buyerID>
        <sellerID>111</sellerID>
        <price>123</price>
      </transaction>
      <transaction>
        <timestamp>1333601940127</timestamp>
        <buyerID>33</buyerID>
        <sellerID>51</sellerID>
        <price>145</price>
      </transaction>
      <transaction>
        <timestamp>1333601940301</timestamp>
        <buyerID>34</buyerID>
        <sellerID>54</sellerID>
        <price>146</price>
      </transaction>
      <transaction>
        <timestamp>1333601940709</timestamp>
        <buyerID>33</buyerID>
        <sellerID>32</sellerID>
        <price>140</price>
      </transaction>
      <transaction>
        <timestamp>1333601940713</timestamp>
        <buyerID>34</buyerID>
        <sellerID>31</sellerID>
        <price>145</price>
      </transaction>
      <transaction>
        <timestamp>1333601941544</timestamp>
        <buyerID>33</buyerID>
        <sellerID>51</sellerID>
        <price>159</price>
      </transaction>
      <transaction>
        <timestamp>1333601942142</timestamp>
        <buyerID>114</buyerID>
        <sellerID>52</sellerID>
        <price>139</price>
      </transaction>
      <transaction>
        <timestamp>1333601942285</timestamp>
        <buyerID>114</buyerID>
        <sellerID>54</sellerID>
        <price>137</price>
      </transaction>
      <transaction>
        <timestamp>1333601942563</timestamp>
        <buyerID>113</buyerID>
        <sellerID>51</sellerID>
        <price>135</price>
      </transaction>
      <transaction>
        <timestamp>1333601942664</timestamp>
        <buyerID>33</buyerID>
        <sellerID>31</sellerID>
        <price>136</price>
      </transaction>
      <transaction>
        <timestamp>1333601943219</timestamp>
        <buyerID>34</buyerID>
        <sellerID>111</sellerID>
        <price>138</price>
      </transaction>
      <transaction>
        <timestamp>1333601943938</timestamp>
        <buyerID>34</buyerID>
        <sellerID>52</sellerID>
        <price>138</price>
      </transaction>
      <transaction>
        <timestamp>1333601944244</timestamp>
        <buyerID>113</buyerID>
        <sellerID>53</sellerID>
        <price>138</price>
      </transaction>
      <transaction>
        <timestamp>1333601944404</timestamp>
        <buyerID>114</buyerID>
        <sellerID>54</sellerID>
        <price>137</price>
      </transaction>
      <transaction>
        <timestamp>1333601945541</timestamp>
        <buyerID>114</buyerID>
        <sellerID>52</sellerID>
        <price>142</price>
      </transaction>
      <transaction>
        <timestamp>1333601946281</timestamp>
        <buyerID>114</buyerID>
        <sellerID>53</sellerID>
        <price>141</price>
      </transaction>
      <transaction>
        <timestamp>1333601947741</timestamp>
        <buyerID>114</buyerID>
        <sellerID>54</sellerID>
        <price>141</price>
      </transaction>
      <transaction>
        <timestamp>1333601947749</timestamp>
        <buyerID>34</buyerID>
        <sellerID>52</sellerID>
        <price>141</price>
      </transaction>
      <transaction>
        <timestamp>1333601952061</timestamp>
        <buyerID>113</buyerID>
        <sellerID>54</sellerID>
        <price>140</price>
      </transaction>
      <transaction>
        <timestamp>1333601954318</timestamp>
        <buyerID>113</buyerID>
        <sellerID>52</sellerID>
        <price>138</price>
      </transaction>
      <transaction>
        <timestamp>1333601955086</timestamp>
        <buyerID>113</buyerID>
        <sellerID>52</sellerID>
        <price>137</price>
      </transaction>
    </repetition>
    <repetition>
      <id>4</id>
      <transaction>
        <timestamp>1333602065355</timestamp>
        <buyerID>34</buyerID>
        <sellerID>54</sellerID>
        <price>151</price>
      </transaction>
      <transaction>
        <timestamp>1333602065553</timestamp>
        <buyerID>33</buyerID>
        <sellerID>111</sellerID>
        <price>166</price>
      </transaction>
      <transaction>
        <timestamp>1333602065831</timestamp>
        <buyerID>113</buyerID>
        <sellerID>31</sellerID>
        <price>142</price>
      </transaction>
      <transaction>
        <timestamp>1333602066210</timestamp>
        <buyerID>114</buyerID>
        <sellerID>32</sellerID>
        <price>113</price>
      </transaction>
      <transaction>
        <timestamp>1333602066219</timestamp>
        <buyerID>56</buyerID>
        <sellerID>51</sellerID>
        <price>112</price>
      </transaction>
      <transaction>
        <timestamp>1333602066534</timestamp>
        <buyerID>114</buyerID>
        <sellerID>53</sellerID>
        <price>106</price>
      </transaction>
      <transaction>
        <timestamp>1333602066540</timestamp>
        <buyerID>34</buyerID>
        <sellerID>52</sellerID>
        <price>107</price>
      </transaction>
      <transaction>
        <timestamp>1333602066558</timestamp>
        <buyerID>33</buyerID>
        <sellerID>112</sellerID>
        <price>109</price>
      </transaction>
      <transaction>
        <timestamp>1333602066913</timestamp>
        <buyerID>113</buyerID>
        <sellerID>31</sellerID>
        <price>122</price>
      </transaction>
      <transaction>
        <timestamp>1333602066966</timestamp>
        <buyerID>33</buyerID>
        <sellerID>54</sellerID>
        <price>151</price>
      </transaction>
      <transaction>
        <timestamp>1333602067072</timestamp>
        <buyerID>34</buyerID>
        <sellerID>111</sellerID>
        <price>158</price>
      </transaction>
      <transaction>
        <timestamp>1333602067524</timestamp>
        <buyerID>114</buyerID>
        <sellerID>53</sellerID>
        <price>156</price>
      </transaction>
      <transaction>
        <timestamp>1333602067528</timestamp>
        <buyerID>113</buyerID>
        <sellerID>32</sellerID>
        <price>155</price>
      </transaction>
      <transaction>
        <timestamp>1333602067768</timestamp>
        <buyerID>34</buyerID>
        <sellerID>51</sellerID>
        <price>137</price>
      </transaction>
      <transaction>
        <timestamp>1333602067772</timestamp>
        <buyerID>33</buyerID>
        <sellerID>52</sellerID>
        <price>137</price>
      </transaction>
      <transaction>
        <timestamp>1333602068308</timestamp>
        <buyerID>114</buyerID>
        <sellerID>54</sellerID>
        <price>124</price>
      </transaction>
      <transaction>
        <timestamp>1333602068319</timestamp>
        <buyerID>34</buyerID>
        <sellerID>31</sellerID>
        <price>125</price>
      </transaction>
      <transaction>
        <timestamp>1333602068323</timestamp>
        <buyerID>33</buyerID>
        <sellerID>111</sellerID>
        <price>126</price>
      </transaction>
      <transaction>
        <timestamp>1333602068875</timestamp>
        <buyerID>33</buyerID>
        <sellerID>31</sellerID>
        <price>132</price>
      </transaction>
      <transaction>
        <timestamp>1333602068957</timestamp>
        <buyerID>113</buyerID>
        <sellerID>32</sellerID>
        <price>125</price>
      </transaction>
      <transaction>
        <timestamp>1333602069839</timestamp>
        <buyerID>34</buyerID>
        <sellerID>53</sellerID>
        <price>149</price>
      </transaction>
      <transaction>
        <timestamp>1333602070085</timestamp>
        <buyerID>114</buyerID>
        <sellerID>52</sellerID>
        <price>149</price>
      </transaction>
      <transaction>
        <timestamp>1333602070388</timestamp>
        <buyerID>33</buyerID>
        <sellerID>51</sellerID>
        <price>150</price>
      </transaction>
      <transaction>
        <timestamp>1333602070905</timestamp>
        <buyerID>34</buyerID>
        <sellerID>54</sellerID>
        <price>150</price>
      </transaction>
      <transaction>
        <timestamp>1333602071885</timestamp>
        <buyerID>113</buyerID>
        <sellerID>52</sellerID>
        <price>148</price>
      </transaction>
      <transaction>
        <timestamp>1333602073675</timestamp>
        <buyerID>114</buyerID>
        <sellerID>52</sellerID>
        <price>143</price>
      </transaction>
      <transaction>
        <timestamp>1333602074513</timestamp>
        <buyerID>114</buyerID>
        <sellerID>52</sellerID>
        <price>142</price>
      </transaction>
      <transaction>
        <timestamp>1333602075666</timestamp>
        <buyerID>113</buyerID>
        <sellerID>54</sellerID>
        <price>142</price>
      </transaction>
    </repetition>
    <repetition>
      <id>5</id>
      <transaction>
        <timestamp>1333602193008</timestamp>
        <buyerID>34</buyerID>
        <sellerID>111</sellerID>
        <price>194</price>
      </transaction>
      <transaction>
        <timestamp>1333602193071</timestamp>
        <buyerID>57</buyerID>
        <sellerID>32</sellerID>
        <price>108</price>
      </transaction>
      <transaction>
        <timestamp>1333602193122</timestamp>
        <buyerID>33</buyerID>
        <sellerID>31</sellerID>
        <price>109</price>
      </transaction>
      <transaction>
        <timestamp>1333602194148</timestamp>
        <buyerID>114</buyerID>
        <sellerID>32</sellerID>
        <price>108</price>
      </transaction>
      <transaction>
        <timestamp>1333602194152</timestamp>
        <buyerID>34</buyerID>
        <sellerID>111</sellerID>
        <price>110</price>
      </transaction>
      <transaction>
        <timestamp>1333602194156</timestamp>
        <buyerID>33</buyerID>
        <sellerID>112</sellerID>
        <price>111</price>
      </transaction>
      <transaction>
        <timestamp>1333602194479</timestamp>
        <buyerID>57</buyerID>
        <sellerID>53</sellerID>
        <price>112</price>
      </transaction>
      <transaction>
        <timestamp>1333602194846</timestamp>
        <buyerID>33</buyerID>
        <sellerID>31</sellerID>
        <price>121</price>
      </transaction>
      <transaction>
        <timestamp>1333602194961</timestamp>
        <buyerID>114</buyerID>
        <sellerID>32</sellerID>
        <price>110</price>
      </transaction>
      <transaction>
        <timestamp>1333602195203</timestamp>
        <buyerID>34</buyerID>
        <sellerID>51</sellerID>
        <price>127</price>
      </transaction>
      <transaction>
        <timestamp>1333602195568</timestamp>
        <buyerID>33</buyerID>
        <sellerID>31</sellerID>
        <price>131</price>
      </transaction>
      <transaction>
        <timestamp>1333602195742</timestamp>
        <buyerID>34</buyerID>
        <sellerID>54</sellerID>
        <price>132</price>
      </transaction>
      <transaction>
        <timestamp>1333602195999</timestamp>
        <buyerID>113</buyerID>
        <sellerID>111</sellerID>
        <price>132</price>
      </transaction>
      <transaction>
        <timestamp>1333602196216</timestamp>
        <buyerID>33</buyerID>
        <sellerID>111</sellerID>
        <price>133</price>
      </transaction>
      <transaction>
        <timestamp>1333602196330</timestamp>
        <buyerID>34</buyerID>
        <sellerID>31</sellerID>
        <price>133</price>
      </transaction>
      <transaction>
        <timestamp>1333602196571</timestamp>
        <buyerID>34</buyerID>
        <sellerID>54</sellerID>
        <price>143</price>
      </transaction>
      <transaction>
        <timestamp>1333602196794</timestamp>
        <buyerID>33</buyerID>
        <sellerID>53</sellerID>
        <price>137</price>
      </transaction>
      <transaction>
        <timestamp>1333602197610</timestamp>
        <buyerID>113</buyerID>
        <sellerID>51</sellerID>
        <price>140</price>
      </transaction>
      <transaction>
        <timestamp>1333602197614</timestamp>
        <buyerID>33</buyerID>
        <sellerID>52</sellerID>
        <price>144</price>
      </transaction>
      <transaction>
        <timestamp>1333602197884</timestamp>
        <buyerID>34</buyerID>
        <sellerID>32</sellerID>
        <price>151</price>
      </transaction>
      <transaction>
        <timestamp>1333602198660</timestamp>
        <buyerID>114</buyerID>
        <sellerID>53</sellerID>
        <price>141</price>
      </transaction>
      <transaction>
        <timestamp>1333602198894</timestamp>
        <buyerID>34</buyerID>
        <sellerID>51</sellerID>
        <price>141</price>
      </transaction>
      <transaction>
        <timestamp>1333602198904</timestamp>
        <buyerID>113</buyerID>
        <sellerID>52</sellerID>
        <price>140</price>
      </transaction>
      <transaction>
        <timestamp>1333602199587</timestamp>
        <buyerID>114</buyerID>
        <sellerID>54</sellerID>
        <price>137</price>
      </transaction>
      <transaction>
        <timestamp>1333602202169</timestamp>
        <buyerID>114</buyerID>
        <sellerID>52</sellerID>
        <price>141</price>
      </transaction>
      <transaction>
        <timestamp>1333602204047</timestamp>
        <buyerID>114</buyerID>
        <sellerID>54</sellerID>
        <price>140</price>
      </transaction>
      <transaction>
        <timestamp>1333602206245</timestamp>
        <buyerID>113</buyerID>
        <sellerID>52</sellerID>
        <price>139</price>
      </transaction>
      <transaction>
        <timestamp>1333602208585</timestamp>
        <buyerID>113</buyerID>
        <sellerID>54</sellerID>
        <price>138</price>
      </transaction>
      <transaction>
        <timestamp>1333602209358</timestamp>
        <buyerID>114</buyerID>
        <sellerID>52</sellerID>
        <price>138</price>
      </transaction>
      <transaction>
        <timestamp>1333602214500</timestamp>
        <buyerID>113</buyerID>
        <sellerID>52</sellerID>
        <price>137</price>
      </transaction>
    </repetition>
  </transactions>
  <scores>
    <agent>
      <ID>34</ID>
      <userName>zibtq4</userName>
      <strategy>ZIBTQ</strategy>
      <values>
        <value>258</value>
        <value>216</value>
        <value>214</value>
        <value>210</value>
        <value>210</value>
        <value>208</value>
        <value>154</value>
        <value>141</value>
        <value>131</value>
        <value>78</value>
      </values>
      <score>460.8</score>
    </agent>
    <agent>
      <ID>32</ID>
      <userName>zibtq2</userName>
      <strategy>ZIBTQ</strategy>
      <values>
        <value>70</value>
        <value>91</value>
        <value>101</value>
        <value>151</value>
        <value>167</value>
        <value>173</value>
        <value>177</value>
        <value>181</value>
        <value>212</value>
        <value>259</value>
      </values>
      <score>164.8</score>
    </agent>
    <agent>
      <ID>33</ID>
      <userName>zibtq3</userName>
      <strategy>ZIBTQ</strategy>
      <values>
        <value>255</value>
        <value>252</value>
        <value>223</value>
        <value>223</value>
        <value>223</value>
        <value>209</value>
        <value>153</value>
        <value>125</value>
        <value>109</value>
        <value>64</value>
      </values>
      <score>535.6</score>
    </agent>
    <agent>
      <ID>111</ID>
      <userName>gdx1</userName>
      <strategy>GDX</strategy>
      <values>
        <value>68</value>
        <value>89</value>
        <value>96</value>
        <value>129</value>
        <value>155</value>
        <value>169</value>
        <value>193</value>
        <value>230</value>
        <value>238</value>
        <value>247</value>
      </values>
      <score>175.6</score>
    </agent>
    <agent>
      <ID>51</ID>
      <userName>zip1</userName>
      <strategy>ZIP</strategy>
      <values>
        <value>106</value>
        <value>107</value>
        <value>121</value>
        <value>151</value>
        <value>151</value>
        <value>171</value>
        <value>175</value>
        <value>186</value>
        <value>199</value>
        <value>234</value>
      </values>
      <score>108.8</score>
    </agent>
    <agent>
      <ID>55</ID>
      <userName>zip5</userName>
      <strategy>ZIP</strategy>
      <values>
        <value>260</value>
        <value>234</value>
        <value>228</value>
        <value>219</value>
        <value>171</value>
        <value>168</value>
        <value>93</value>
        <value>69</value>
        <value>66</value>
        <value>62</value>
      </values>
      <score>0.0</score>
    </agent>
    <agent>
      <ID>54</ID>
      <userName>zip4</userName>
      <strategy>ZIP</strategy>
      <values>
        <value>72</value>
        <value>72</value>
        <value>76</value>
        <value>109</value>
        <value>110</value>
        <value>157</value>
        <value>179</value>
        <value>216</value>
        <value>236</value>
        <value>254</value>
      </values>
      <score>278.8</score>
    </agent>
    <agent>
      <ID>114</ID>
      <userName>gdx4</userName>
      <strategy>GDX</strategy>
      <values>
        <value>237</value>
        <value>226</value>
        <value>215</value>
        <value>215</value>
        <value>208</value>
        <value>170</value>
        <value>146</value>
        <value>67</value>
        <value>64</value>
        <value>63</value>
      </values>
      <score>448.8</score>
    </agent>
    <agent>
      <ID>53</ID>
      <userName>zip3</userName>
      <strategy>ZIP</strategy>
      <values>
        <value>62</value>
        <value>105</value>
        <value>124</value>
        <value>151</value>
        <value>155</value>
        <value>172</value>
        <value>175</value>
        <value>207</value>
        <value>235</value>
        <value>246</value>
      </values>
      <score>125.0</score>
    </agent>
    <agent>
      <ID>113</ID>
      <userName>gdx3</userName>
      <strategy>GDX</strategy>
      <values>
        <value>242</value>
        <value>227</value>
        <value>198</value>
        <value>167</value>
        <value>150</value>
        <value>144</value>
        <value>141</value>
        <value>136</value>
        <value>111</value>
        <value>91</value>
      </values>
      <score>274.4</score>
    </agent>
    <agent>
      <ID>112</ID>
      <userName>gdx2</userName>
      <strategy>GDX</strategy>
      <values>
        <value>80</value>
        <value>145</value>
        <value>170</value>
        <value>183</value>
        <value>209</value>
        <value>215</value>
        <value>216</value>
        <value>222</value>
        <value>224</value>
        <value>242</value>
      </values>
      <score>64.4</score>
    </agent>
    <agent>
      <ID>52</ID>
      <userName>zip2</userName>
      <strategy>ZIP</strategy>
      <values>
        <value>87</value>
        <value>90</value>
        <value>96</value>
        <value>110</value>
        <value>119</value>
        <value>125</value>
        <value>197</value>
        <value>200</value>
        <value>218</value>
        <value>257</value>
      </values>
      <score>227.6</score>
    </agent>
    <agent>
      <ID>58</ID>
      <userName>zip8</userName>
      <strategy>ZIP</strategy>
      <values>
        <value>247</value>
        <value>243</value>
        <value>235</value>
        <value>201</value>
        <value>200</value>
        <value>200</value>
        <value>129</value>
        <value>127</value>
        <value>90</value>
        <value>73</value>
      </values>
      <score>12.4</score>
    </agent>
    <agent>
      <ID>57</ID>
      <userName>zip7</userName>
      <strategy>ZIP</strategy>
      <values>
        <value>229</value>
        <value>218</value>
        <value>194</value>
        <value>185</value>
        <value>140</value>
        <value>120</value>
        <value>108</value>
        <value>98</value>
        <value>88</value>
        <value>69</value>
      </values>
      <score>74.0</score>
    </agent>
    <agent>
      <ID>56</ID>
      <userName>zip6</userName>
      <strategy>ZIP</strategy>
      <values>
        <value>250</value>
        <value>240</value>
        <value>236</value>
        <value>217</value>
        <value>126</value>
        <value>122</value>
        <value>119</value>
        <value>118</value>
        <value>116</value>
        <value>94</value>
      </values>
      <score>86.4</score>
    </agent>
    <agent>
      <ID>31</ID>
      <userName>zibtq1</userName>
      <strategy>ZIBTQ</strategy>
      <values>
        <value>107</value>
        <value>121</value>
        <value>122</value>
        <value>126</value>
        <value>159</value>
        <value>174</value>
        <value>180</value>
        <value>190</value>
        <value>243</value>
        <value>259</value>
      </values>
      <score>71.8</score>
    </agent>
  </scores>
</results>

