<results>
  <transactions>
    <repetition>
      <id>1</id>
      <transaction>
        <timestamp>1333600464007</timestamp>
        <buyerID>33</buyerID>
        <sellerID>112</sellerID>
        <price>133</price>
      </transaction>
      <transaction>
        <timestamp>1333600464251</timestamp>
        <buyerID>54</buyerID>
        <sellerID>31</sellerID>
        <price>126</price>
      </transaction>
      <transaction>
        <timestamp>1333600464266</timestamp>
        <buyerID>34</buyerID>
        <sellerID>32</sellerID>
        <price>129</price>
      </transaction>
      <transaction>
        <timestamp>1333600464391</timestamp>
        <buyerID>53</buyerID>
        <sellerID>111</sellerID>
        <price>129</price>
      </transaction>
      <transaction>
        <timestamp>1333600464519</timestamp>
        <buyerID>113</buyerID>
        <sellerID>31</sellerID>
        <price>123</price>
      </transaction>
      <transaction>
        <timestamp>1333600464639</timestamp>
        <buyerID>33</buyerID>
        <sellerID>112</sellerID>
        <price>148</price>
      </transaction>
      <transaction>
        <timestamp>1333600464645</timestamp>
        <buyerID>54</buyerID>
        <sellerID>32</sellerID>
        <price>152</price>
      </transaction>
      <transaction>
        <timestamp>1333600464725</timestamp>
        <buyerID>34</buyerID>
        <sellerID>52</sellerID>
        <price>155</price>
      </transaction>
      <transaction>
        <timestamp>1333600465229</timestamp>
        <buyerID>34</buyerID>
        <sellerID>51</sellerID>
        <price>165</price>
      </transaction>
      <transaction>
        <timestamp>1333600465234</timestamp>
        <buyerID>114</buyerID>
        <sellerID>31</sellerID>
        <price>158</price>
      </transaction>
      <transaction>
        <timestamp>1333600465245</timestamp>
        <buyerID>33</buyerID>
        <sellerID>112</sellerID>
        <price>208</price>
      </transaction>
      <transaction>
        <timestamp>1333600465434</timestamp>
        <buyerID>54</buyerID>
        <sellerID>32</sellerID>
        <price>163</price>
      </transaction>
      <transaction>
        <timestamp>1333600465637</timestamp>
        <buyerID>34</buyerID>
        <sellerID>111</sellerID>
        <price>163</price>
      </transaction>
      <transaction>
        <timestamp>1333600465641</timestamp>
        <buyerID>113</buyerID>
        <sellerID>31</sellerID>
        <price>159</price>
      </transaction>
      <transaction>
        <timestamp>1333600465667</timestamp>
        <buyerID>33</buyerID>
        <sellerID>52</sellerID>
        <price>171</price>
      </transaction>
      <transaction>
        <timestamp>1333600465685</timestamp>
        <buyerID>54</buyerID>
        <sellerID>51</sellerID>
        <price>168</price>
      </transaction>
      <transaction>
        <timestamp>1333600465889</timestamp>
        <buyerID>34</buyerID>
        <sellerID>32</sellerID>
        <price>175</price>
      </transaction>
      <transaction>
        <timestamp>1333600465918</timestamp>
        <buyerID>33</buyerID>
        <sellerID>31</sellerID>
        <price>168</price>
      </transaction>
      <transaction>
        <timestamp>1333600467341</timestamp>
        <buyerID>33</buyerID>
        <sellerID>31</sellerID>
        <price>170</price>
      </transaction>
      <transaction>
        <timestamp>1333600467439</timestamp>
        <buyerID>113</buyerID>
        <sellerID>51</sellerID>
        <price>170</price>
      </transaction>
      <transaction>
        <timestamp>1333600467973</timestamp>
        <buyerID>114</buyerID>
        <sellerID>31</sellerID>
        <price>170</price>
      </transaction>
      <transaction>
        <timestamp>1333600468039</timestamp>
        <buyerID>33</buyerID>
        <sellerID>111</sellerID>
        <price>170</price>
      </transaction>
      <transaction>
        <timestamp>1333600469435</timestamp>
        <buyerID>114</buyerID>
        <sellerID>51</sellerID>
        <price>169</price>
      </transaction>
      <transaction>
        <timestamp>1333600471007</timestamp>
        <buyerID>113</buyerID>
        <sellerID>51</sellerID>
        <price>169</price>
      </transaction>
      <transaction>
        <timestamp>1333600471112</timestamp>
        <buyerID>114</buyerID>
        <sellerID>112</sellerID>
        <price>169</price>
      </transaction>
      <transaction>
        <timestamp>1333600471746</timestamp>
        <buyerID>34</buyerID>
        <sellerID>112</sellerID>
        <price>169</price>
      </transaction>
      <transaction>
        <timestamp>1333600569050</timestamp>
        <buyerID>73</buyerID>
        <sellerID>112</sellerID>
        <price>169</price>
      </transaction>
      <transaction>
        <timestamp>1333600569872</timestamp>
        <buyerID>73</buyerID>
        <sellerID>111</sellerID>
        <price>170</price>
      </transaction>
      <transaction>
        <timestamp>1333600571433</timestamp>
        <buyerID>34</buyerID>
        <sellerID>71</sellerID>
        <price>152</price>
      </transaction>
      <transaction>
        <timestamp>1333600572129</timestamp>
        <buyerID>53</buyerID>
        <sellerID>71</sellerID>
        <price>144</price>
      </transaction>
      <transaction>
        <timestamp>1333600575957</timestamp>
        <buyerID>114</buyerID>
        <sellerID>71</sellerID>
        <price>147</price>
      </transaction>
      <transaction>
        <timestamp>1333600578034</timestamp>
        <buyerID>114</buyerID>
        <sellerID>72</sellerID>
        <price>146</price>
      </transaction>
      <transaction>
        <timestamp>1333600578066</timestamp>
        <buyerID>74</buyerID>
        <sellerID>112</sellerID>
        <price>170</price>
      </transaction>
      <transaction>
        <timestamp>1333600578804</timestamp>
        <buyerID>54</buyerID>
        <sellerID>72</sellerID>
        <price>136</price>
      </transaction>
      <transaction>
        <timestamp>1333600578830</timestamp>
        <buyerID>74</buyerID>
        <sellerID>111</sellerID>
        <price>172</price>
      </transaction>
      <transaction>
        <timestamp>1333600578879</timestamp>
        <buyerID>54</buyerID>
        <sellerID>32</sellerID>
        <price>172</price>
      </transaction>
      <transaction>
        <timestamp>1333600579594</timestamp>
        <buyerID>113</buyerID>
        <sellerID>72</sellerID>
        <price>136</price>
      </transaction>
      <transaction>
        <timestamp>1333600579657</timestamp>
        <buyerID>74</buyerID>
        <sellerID>111</sellerID>
        <price>174</price>
      </transaction>
      <transaction>
        <timestamp>1333600579674</timestamp>
        <buyerID>54</buyerID>
        <sellerID>52</sellerID>
        <price>177</price>
      </transaction>
      <transaction>
        <timestamp>1333600580306</timestamp>
        <buyerID>33</buyerID>
        <sellerID>72</sellerID>
        <price>132</price>
      </transaction>
      <transaction>
        <timestamp>1333600580408</timestamp>
        <buyerID>74</buyerID>
        <sellerID>31</sellerID>
        <price>178</price>
      </transaction>
      <transaction>
        <timestamp>1333600581093</timestamp>
        <buyerID>74</buyerID>
        <sellerID>31</sellerID>
        <price>182</price>
      </transaction>
      <transaction>
        <timestamp>1333600581146</timestamp>
        <buyerID>53</buyerID>
        <sellerID>72</sellerID>
        <price>160</price>
      </transaction>
      <transaction>
        <timestamp>1333600582636</timestamp>
        <buyerID>53</buyerID>
        <sellerID>72</sellerID>
        <price>156</price>
      </transaction>
    </repetition>
    <repetition>
      <id>2</id>
      <transaction>
        <timestamp>1333600590441</timestamp>
        <buyerID>114</buyerID>
        <sellerID>112</sellerID>
        <price>122</price>
      </transaction>
      <transaction>
        <timestamp>1333600590601</timestamp>
        <buyerID>34</buyerID>
        <sellerID>31</sellerID>
        <price>148</price>
      </transaction>
      <transaction>
        <timestamp>1333600590605</timestamp>
        <buyerID>113</buyerID>
        <sellerID>32</sellerID>
        <price>123</price>
      </transaction>
      <transaction>
        <timestamp>1333600590913</timestamp>
        <buyerID>113</buyerID>
        <sellerID>32</sellerID>
        <price>152</price>
      </transaction>
      <transaction>
        <timestamp>1333600590917</timestamp>
        <buyerID>33</buyerID>
        <sellerID>31</sellerID>
        <price>151</price>
      </transaction>
      <transaction>
        <timestamp>1333600590923</timestamp>
        <buyerID>73</buyerID>
        <sellerID>52</sellerID>
        <price>154</price>
      </transaction>
      <transaction>
        <timestamp>1333600591047</timestamp>
        <buyerID>34</buyerID>
        <sellerID>51</sellerID>
        <price>163</price>
      </transaction>
      <transaction>
        <timestamp>1333600591669</timestamp>
        <buyerID>33</buyerID>
        <sellerID>112</sellerID>
        <price>185</price>
      </transaction>
      <transaction>
        <timestamp>1333600591780</timestamp>
        <buyerID>33</buyerID>
        <sellerID>111</sellerID>
        <price>197</price>
      </transaction>
      <transaction>
        <timestamp>1333600592126</timestamp>
        <buyerID>114</buyerID>
        <sellerID>31</sellerID>
        <price>146</price>
      </transaction>
      <transaction>
        <timestamp>1333600592277</timestamp>
        <buyerID>34</buyerID>
        <sellerID>111</sellerID>
        <price>174</price>
      </transaction>
      <transaction>
        <timestamp>1333600592282</timestamp>
        <buyerID>33</buyerID>
        <sellerID>32</sellerID>
        <price>175</price>
      </transaction>
      <transaction>
        <timestamp>1333600592640</timestamp>
        <buyerID>114</buyerID>
        <sellerID>31</sellerID>
        <price>147</price>
      </transaction>
      <transaction>
        <timestamp>1333600593124</timestamp>
        <buyerID>34</buyerID>
        <sellerID>52</sellerID>
        <price>160</price>
      </transaction>
      <transaction>
        <timestamp>1333600593148</timestamp>
        <buyerID>113</buyerID>
        <sellerID>31</sellerID>
        <price>146</price>
      </transaction>
      <transaction>
        <timestamp>1333600593893</timestamp>
        <buyerID>34</buyerID>
        <sellerID>51</sellerID>
        <price>159</price>
      </transaction>
      <transaction>
        <timestamp>1333600593898</timestamp>
        <buyerID>33</buyerID>
        <sellerID>72</sellerID>
        <price>157</price>
      </transaction>
      <transaction>
        <timestamp>1333600593911</timestamp>
        <buyerID>114</buyerID>
        <sellerID>31</sellerID>
        <price>157</price>
      </transaction>
      <transaction>
        <timestamp>1333600593918</timestamp>
        <buyerID>74</buyerID>
        <sellerID>111</sellerID>
        <price>159</price>
      </transaction>
      <transaction>
        <timestamp>1333600594022</timestamp>
        <buyerID>113</buyerID>
        <sellerID>71</sellerID>
        <price>157</price>
      </transaction>
      <transaction>
        <timestamp>1333600594101</timestamp>
        <buyerID>73</buyerID>
        <sellerID>112</sellerID>
        <price>162</price>
      </transaction>
      <transaction>
        <timestamp>1333600594525</timestamp>
        <buyerID>33</buyerID>
        <sellerID>31</sellerID>
        <price>158</price>
      </transaction>
      <transaction>
        <timestamp>1333600594740</timestamp>
        <buyerID>33</buyerID>
        <sellerID>112</sellerID>
        <price>157</price>
      </transaction>
      <transaction>
        <timestamp>1333600594749</timestamp>
        <buyerID>34</buyerID>
        <sellerID>72</sellerID>
        <price>149</price>
      </transaction>
      <transaction>
        <timestamp>1333600595509</timestamp>
        <buyerID>34</buyerID>
        <sellerID>71</sellerID>
        <price>151</price>
      </transaction>
      <transaction>
        <timestamp>1333600595529</timestamp>
        <buyerID>114</buyerID>
        <sellerID>72</sellerID>
        <price>148</price>
      </transaction>
      <transaction>
        <timestamp>1333600596214</timestamp>
        <buyerID>114</buyerID>
        <sellerID>72</sellerID>
        <price>146</price>
      </transaction>
      <transaction>
        <timestamp>1333600605144</timestamp>
        <buyerID>73</buyerID>
        <sellerID>51</sellerID>
        <price>146</price>
      </transaction>
      <transaction>
        <timestamp>1333600618550</timestamp>
        <buyerID>74</buyerID>
        <sellerID>51</sellerID>
        <price>136</price>
      </transaction>
      <transaction>
        <timestamp>1333600705654</timestamp>
        <buyerID>74</buyerID>
        <sellerID>51</sellerID>
        <price>156</price>
      </transaction>
      <transaction>
        <timestamp>1333600706366</timestamp>
        <buyerID>74</buyerID>
        <sellerID>32</sellerID>
        <price>165</price>
      </transaction>
      <transaction>
        <timestamp>1333600707200</timestamp>
        <buyerID>74</buyerID>
        <sellerID>32</sellerID>
        <price>166</price>
      </transaction>
      <transaction>
        <timestamp>1333600707815</timestamp>
        <buyerID>74</buyerID>
        <sellerID>52</sellerID>
        <price>174</price>
      </transaction>
      <transaction>
        <timestamp>1333600710868</timestamp>
        <buyerID>74</buyerID>
        <sellerID>111</sellerID>
        <price>148</price>
      </transaction>
    </repetition>
    <repetition>
      <id>3</id>
      <transaction>
        <timestamp>1333600717970</timestamp>
        <buyerID>113</buyerID>
        <sellerID>32</sellerID>
        <price>198</price>
      </transaction>
      <transaction>
        <timestamp>1333600718079</timestamp>
        <buyerID>33</buyerID>
        <sellerID>111</sellerID>
        <price>206</price>
      </transaction>
      <transaction>
        <timestamp>1333600718193</timestamp>
        <buyerID>114</buyerID>
        <sellerID>112</sellerID>
        <price>198</price>
      </transaction>
      <transaction>
        <timestamp>1333600718200</timestamp>
        <buyerID>53</buyerID>
        <sellerID>31</sellerID>
        <price>103</price>
      </transaction>
      <transaction>
        <timestamp>1333600718322</timestamp>
        <buyerID>33</buyerID>
        <sellerID>32</sellerID>
        <price>210</price>
      </transaction>
      <transaction>
        <timestamp>1333600718709</timestamp>
        <buyerID>114</buyerID>
        <sellerID>31</sellerID>
        <price>192</price>
      </transaction>
      <transaction>
        <timestamp>1333600718714</timestamp>
        <buyerID>34</buyerID>
        <sellerID>112</sellerID>
        <price>197</price>
      </transaction>
      <transaction>
        <timestamp>1333600719098</timestamp>
        <buyerID>74</buyerID>
        <sellerID>111</sellerID>
        <price>195</price>
      </transaction>
      <transaction>
        <timestamp>1333600719104</timestamp>
        <buyerID>113</buyerID>
        <sellerID>71</sellerID>
        <price>192</price>
      </transaction>
      <transaction>
        <timestamp>1333600719113</timestamp>
        <buyerID>34</buyerID>
        <sellerID>52</sellerID>
        <price>196</price>
      </transaction>
      <transaction>
        <timestamp>1333600719117</timestamp>
        <buyerID>33</buyerID>
        <sellerID>51</sellerID>
        <price>202</price>
      </transaction>
      <transaction>
        <timestamp>1333600719226</timestamp>
        <buyerID>113</buyerID>
        <sellerID>51</sellerID>
        <price>192</price>
      </transaction>
      <transaction>
        <timestamp>1333600719908</timestamp>
        <buyerID>73</buyerID>
        <sellerID>31</sellerID>
        <price>145</price>
      </transaction>
      <transaction>
        <timestamp>1333600719982</timestamp>
        <buyerID>114</buyerID>
        <sellerID>71</sellerID>
        <price>144</price>
      </transaction>
      <transaction>
        <timestamp>1333600719988</timestamp>
        <buyerID>33</buyerID>
        <sellerID>51</sellerID>
        <price>150</price>
      </transaction>
      <transaction>
        <timestamp>1333600719998</timestamp>
        <buyerID>34</buyerID>
        <sellerID>32</sellerID>
        <price>156</price>
      </transaction>
      <transaction>
        <timestamp>1333600720614</timestamp>
        <buyerID>33</buyerID>
        <sellerID>31</sellerID>
        <price>151</price>
      </transaction>
      <transaction>
        <timestamp>1333600720625</timestamp>
        <buyerID>114</buyerID>
        <sellerID>72</sellerID>
        <price>144</price>
      </transaction>
      <transaction>
        <timestamp>1333600720717</timestamp>
        <buyerID>34</buyerID>
        <sellerID>111</sellerID>
        <price>156</price>
      </transaction>
      <transaction>
        <timestamp>1333600721337</timestamp>
        <buyerID>34</buyerID>
        <sellerID>52</sellerID>
        <price>161</price>
      </transaction>
      <transaction>
        <timestamp>1333600721355</timestamp>
        <buyerID>33</buyerID>
        <sellerID>31</sellerID>
        <price>152</price>
      </transaction>
      <transaction>
        <timestamp>1333600722324</timestamp>
        <buyerID>34</buyerID>
        <sellerID>112</sellerID>
        <price>161</price>
      </transaction>
      <transaction>
        <timestamp>1333600722408</timestamp>
        <buyerID>33</buyerID>
        <sellerID>31</sellerID>
        <price>151</price>
      </transaction>
      <transaction>
        <timestamp>1333600723025</timestamp>
        <buyerID>34</buyerID>
        <sellerID>72</sellerID>
        <price>148</price>
      </transaction>
      <transaction>
        <timestamp>1333600723030</timestamp>
        <buyerID>73</buyerID>
        <sellerID>51</sellerID>
        <price>153</price>
      </transaction>
      <transaction>
        <timestamp>1333600723535</timestamp>
        <buyerID>73</buyerID>
        <sellerID>31</sellerID>
        <price>155</price>
      </transaction>
      <transaction>
        <timestamp>1333600723687</timestamp>
        <buyerID>113</buyerID>
        <sellerID>72</sellerID>
        <price>147</price>
      </transaction>
      <transaction>
        <timestamp>1333600724533</timestamp>
        <buyerID>114</buyerID>
        <sellerID>72</sellerID>
        <price>147</price>
      </transaction>
      <transaction>
        <timestamp>1333600826414</timestamp>
        <buyerID>114</buyerID>
        <sellerID>71</sellerID>
        <price>147</price>
      </transaction>
      <transaction>
        <timestamp>1333600833158</timestamp>
        <buyerID>74</buyerID>
        <sellerID>112</sellerID>
        <price>147</price>
      </transaction>
      <transaction>
        <timestamp>1333600833825</timestamp>
        <buyerID>74</buyerID>
        <sellerID>111</sellerID>
        <price>147</price>
      </transaction>
      <transaction>
        <timestamp>1333600834643</timestamp>
        <buyerID>74</buyerID>
        <sellerID>51</sellerID>
        <price>156</price>
      </transaction>
      <transaction>
        <timestamp>1333600835394</timestamp>
        <buyerID>74</buyerID>
        <sellerID>112</sellerID>
        <price>161</price>
      </transaction>
      <transaction>
        <timestamp>1333600836079</timestamp>
        <buyerID>74</buyerID>
        <sellerID>32</sellerID>
        <price>165</price>
      </transaction>
    </repetition>
    <repetition>
      <id>4</id>
      <transaction>
        <timestamp>1333600845317</timestamp>
        <buyerID>34</buyerID>
        <sellerID>112</sellerID>
        <price>216</price>
      </transaction>
      <transaction>
        <timestamp>1333600845656</timestamp>
        <buyerID>33</buyerID>
        <sellerID>32</sellerID>
        <price>117</price>
      </transaction>
      <transaction>
        <timestamp>1333600845788</timestamp>
        <buyerID>114</buyerID>
        <sellerID>111</sellerID>
        <price>117</price>
      </transaction>
      <transaction>
        <timestamp>1333600845796</timestamp>
        <buyerID>33</buyerID>
        <sellerID>31</sellerID>
        <price>155</price>
      </transaction>
      <transaction>
        <timestamp>1333600846068</timestamp>
        <buyerID>114</buyerID>
        <sellerID>32</sellerID>
        <price>119</price>
      </transaction>
      <transaction>
        <timestamp>1333600846173</timestamp>
        <buyerID>34</buyerID>
        <sellerID>31</sellerID>
        <price>138</price>
      </transaction>
      <transaction>
        <timestamp>1333600846881</timestamp>
        <buyerID>34</buyerID>
        <sellerID>32</sellerID>
        <price>165</price>
      </transaction>
      <transaction>
        <timestamp>1333600846885</timestamp>
        <buyerID>114</buyerID>
        <sellerID>31</sellerID>
        <price>129</price>
      </transaction>
      <transaction>
        <timestamp>1333600847347</timestamp>
        <buyerID>114</buyerID>
        <sellerID>72</sellerID>
        <price>129</price>
      </transaction>
      <transaction>
        <timestamp>1333600847353</timestamp>
        <buyerID>33</buyerID>
        <sellerID>31</sellerID>
        <price>132</price>
      </transaction>
      <transaction>
        <timestamp>1333600847568</timestamp>
        <buyerID>74</buyerID>
        <sellerID>111</sellerID>
        <price>166</price>
      </transaction>
      <transaction>
        <timestamp>1333600847583</timestamp>
        <buyerID>73</buyerID>
        <sellerID>32</sellerID>
        <price>166</price>
      </transaction>
      <transaction>
        <timestamp>1333600847700</timestamp>
        <buyerID>34</buyerID>
        <sellerID>112</sellerID>
        <price>163</price>
      </transaction>
      <transaction>
        <timestamp>1333600848100</timestamp>
        <buyerID>33</buyerID>
        <sellerID>112</sellerID>
        <price>160</price>
      </transaction>
      <transaction>
        <timestamp>1333600848112</timestamp>
        <buyerID>34</buyerID>
        <sellerID>51</sellerID>
        <price>161</price>
      </transaction>
      <transaction>
        <timestamp>1333600848831</timestamp>
        <buyerID>33</buyerID>
        <sellerID>31</sellerID>
        <price>142</price>
      </transaction>
      <transaction>
        <timestamp>1333600848952</timestamp>
        <buyerID>34</buyerID>
        <sellerID>71</sellerID>
        <price>162</price>
      </transaction>
      <transaction>
        <timestamp>1333600849713</timestamp>
        <buyerID>113</buyerID>
        <sellerID>72</sellerID>
        <price>144</price>
      </transaction>
      <transaction>
        <timestamp>1333600849726</timestamp>
        <buyerID>73</buyerID>
        <sellerID>31</sellerID>
        <price>145</price>
      </transaction>
      <transaction>
        <timestamp>1333600849751</timestamp>
        <buyerID>33</buyerID>
        <sellerID>111</sellerID>
        <price>153</price>
      </transaction>
      <transaction>
        <timestamp>1333600850299</timestamp>
        <buyerID>74</buyerID>
        <sellerID>51</sellerID>
        <price>156</price>
      </transaction>
      <transaction>
        <timestamp>1333600850355</timestamp>
        <buyerID>34</buyerID>
        <sellerID>71</sellerID>
        <price>151</price>
      </transaction>
      <transaction>
        <timestamp>1333600850586</timestamp>
        <buyerID>33</buyerID>
        <sellerID>111</sellerID>
        <price>156</price>
      </transaction>
      <transaction>
        <timestamp>1333600850671</timestamp>
        <buyerID>114</buyerID>
        <sellerID>72</sellerID>
        <price>151</price>
      </transaction>
      <transaction>
        <timestamp>1333600851037</timestamp>
        <buyerID>113</buyerID>
        <sellerID>72</sellerID>
        <price>151</price>
      </transaction>
      <transaction>
        <timestamp>1333600851378</timestamp>
        <buyerID>73</buyerID>
        <sellerID>51</sellerID>
        <price>150</price>
      </transaction>
      <transaction>
        <timestamp>1333600853447</timestamp>
        <buyerID>74</buyerID>
        <sellerID>112</sellerID>
        <price>150</price>
      </transaction>
      <transaction>
        <timestamp>1333600854189</timestamp>
        <buyerID>113</buyerID>
        <sellerID>52</sellerID>
        <price>148</price>
      </transaction>
      <transaction>
        <timestamp>1333600854290</timestamp>
        <buyerID>74</buyerID>
        <sellerID>51</sellerID>
        <price>153</price>
      </transaction>
      <transaction>
        <timestamp>1333600854860</timestamp>
        <buyerID>74</buyerID>
        <sellerID>31</sellerID>
        <price>153</price>
      </transaction>
      <transaction>
        <timestamp>1333600855704</timestamp>
        <buyerID>74</buyerID>
        <sellerID>51</sellerID>
        <price>156</price>
      </transaction>
      <transaction>
        <timestamp>1333600858067</timestamp>
        <buyerID>113</buyerID>
        <sellerID>52</sellerID>
        <price>153</price>
      </transaction>
    </repetition>
    <repetition>
      <id>5</id>
      <transaction>
        <timestamp>1333600972910</timestamp>
        <buyerID>113</buyerID>
        <sellerID>111</sellerID>
        <price>116</price>
      </transaction>
      <transaction>
        <timestamp>1333600973236</timestamp>
        <buyerID>34</buyerID>
        <sellerID>31</sellerID>
        <price>150</price>
      </transaction>
      <transaction>
        <timestamp>1333600973258</timestamp>
        <buyerID>33</buyerID>
        <sellerID>32</sellerID>
        <price>149</price>
      </transaction>
      <transaction>
        <timestamp>1333600973679</timestamp>
        <buyerID>33</buyerID>
        <sellerID>32</sellerID>
        <price>139</price>
      </transaction>
      <transaction>
        <timestamp>1333600974164</timestamp>
        <buyerID>113</buyerID>
        <sellerID>31</sellerID>
        <price>124</price>
      </transaction>
      <transaction>
        <timestamp>1333600974668</timestamp>
        <buyerID>73</buyerID>
        <sellerID>112</sellerID>
        <price>145</price>
      </transaction>
      <transaction>
        <timestamp>1333600974673</timestamp>
        <buyerID>34</buyerID>
        <sellerID>52</sellerID>
        <price>145</price>
      </transaction>
      <transaction>
        <timestamp>1333600974789</timestamp>
        <buyerID>33</buyerID>
        <sellerID>32</sellerID>
        <price>146</price>
      </transaction>
      <transaction>
        <timestamp>1333600975160</timestamp>
        <buyerID>114</buyerID>
        <sellerID>72</sellerID>
        <price>142</price>
      </transaction>
      <transaction>
        <timestamp>1333600975275</timestamp>
        <buyerID>113</buyerID>
        <sellerID>31</sellerID>
        <price>141</price>
      </transaction>
      <transaction>
        <timestamp>1333600975281</timestamp>
        <buyerID>34</buyerID>
        <sellerID>112</sellerID>
        <price>152</price>
      </transaction>
      <transaction>
        <timestamp>1333600975770</timestamp>
        <buyerID>34</buyerID>
        <sellerID>31</sellerID>
        <price>158</price>
      </transaction>
      <transaction>
        <timestamp>1333600976039</timestamp>
        <buyerID>33</buyerID>
        <sellerID>112</sellerID>
        <price>164</price>
      </transaction>
      <transaction>
        <timestamp>1333600976354</timestamp>
        <buyerID>34</buyerID>
        <sellerID>112</sellerID>
        <price>164</price>
      </transaction>
      <transaction>
        <timestamp>1333600976503</timestamp>
        <buyerID>33</buyerID>
        <sellerID>31</sellerID>
        <price>159</price>
      </transaction>
      <transaction>
        <timestamp>1333600977222</timestamp>
        <buyerID>33</buyerID>
        <sellerID>52</sellerID>
        <price>163</price>
      </transaction>
      <transaction>
        <timestamp>1333600977780</timestamp>
        <buyerID>33</buyerID>
        <sellerID>31</sellerID>
        <price>156</price>
      </transaction>
      <transaction>
        <timestamp>1333600977803</timestamp>
        <buyerID>34</buyerID>
        <sellerID>72</sellerID>
        <price>152</price>
      </transaction>
      <transaction>
        <timestamp>1333600978290</timestamp>
        <buyerID>73</buyerID>
        <sellerID>51</sellerID>
        <price>154</price>
      </transaction>
      <transaction>
        <timestamp>1333600978534</timestamp>
        <buyerID>114</buyerID>
        <sellerID>71</sellerID>
        <price>152</price>
      </transaction>
      <transaction>
        <timestamp>1333600978627</timestamp>
        <buyerID>34</buyerID>
        <sellerID>72</sellerID>
        <price>152</price>
      </transaction>
      <transaction>
        <timestamp>1333600978778</timestamp>
        <buyerID>74</buyerID>
        <sellerID>111</sellerID>
        <price>155</price>
      </transaction>
      <transaction>
        <timestamp>1333600979279</timestamp>
        <buyerID>113</buyerID>
        <sellerID>71</sellerID>
        <price>152</price>
      </transaction>
      <transaction>
        <timestamp>1333600979371</timestamp>
        <buyerID>73</buyerID>
        <sellerID>31</sellerID>
        <price>153</price>
      </transaction>
      <transaction>
        <timestamp>1333600979453</timestamp>
        <buyerID>114</buyerID>
        <sellerID>72</sellerID>
        <price>151</price>
      </transaction>
      <transaction>
        <timestamp>1333600980097</timestamp>
        <buyerID>74</buyerID>
        <sellerID>111</sellerID>
        <price>154</price>
      </transaction>
      <transaction>
        <timestamp>1333600980313</timestamp>
        <buyerID>114</buyerID>
        <sellerID>51</sellerID>
        <price>152</price>
      </transaction>
      <transaction>
        <timestamp>1333600981857</timestamp>
        <buyerID>74</buyerID>
        <sellerID>111</sellerID>
        <price>156</price>
      </transaction>
      <transaction>
        <timestamp>1333600983187</timestamp>
        <buyerID>74</buyerID>
        <sellerID>112</sellerID>
        <price>156</price>
      </transaction>
      <transaction>
        <timestamp>1333600983775</timestamp>
        <buyerID>74</buyerID>
        <sellerID>51</sellerID>
        <price>156</price>
      </transaction>
      <transaction>
        <timestamp>1333600984581</timestamp>
        <buyerID>74</buyerID>
        <sellerID>51</sellerID>
        <price>156</price>
      </transaction>
      <transaction>
        <timestamp>1333600992144</timestamp>
        <buyerID>114</buyerID>
        <sellerID>71</sellerID>
        <price>156</price>
      </transaction>
    </repetition>
  </transactions>
  <scores>
    <agent>
      <ID>34</ID>
      <userName>zibtq4</userName>
      <strategy>ZIBTQ</strategy>
      <values>
        <value>247</value>
        <value>234</value>
        <value>219</value>
        <value>216</value>
        <value>206</value>
        <value>169</value>
        <value>152</value>
        <value>104</value>
        <value>77</value>
        <value>74</value>
      </values>
      <score>319.8</score>
    </agent>
    <agent>
      <ID>32</ID>
      <userName>zibtq2</userName>
      <strategy>ZIBTQ</strategy>
      <values>
        <value>65</value>
        <value>107</value>
        <value>145</value>
        <value>165</value>
        <value>172</value>
        <value>202</value>
        <value>208</value>
        <value>222</value>
        <value>252</value>
        <value>254</value>
      </values>
      <score>142.6</score>
    </agent>
    <agent>
      <ID>71</ID>
      <userName>kaplan1</userName>
      <strategy>KAPLAN</strategy>
      <values>
        <value>73</value>
        <value>116</value>
        <value>147</value>
        <value>194</value>
        <value>197</value>
        <value>200</value>
        <value>213</value>
        <value>227</value>
        <value>231</value>
        <value>252</value>
      </values>
      <score>124.2</score>
    </agent>
    <agent>
      <ID>33</ID>
      <userName>zibtq3</userName>
      <strategy>ZIBTQ</strategy>
      <values>
        <value>257</value>
        <value>246</value>
        <value>228</value>
        <value>227</value>
        <value>227</value>
        <value>170</value>
        <value>170</value>
        <value>132</value>
        <value>86</value>
        <value>85</value>
      </values>
      <score>392.8</score>
    </agent>
    <agent>
      <ID>111</ID>
      <userName>gdx1</userName>
      <strategy>GDX</strategy>
      <values>
        <value>111</value>
        <value>139</value>
        <value>140</value>
        <value>146</value>
        <value>166</value>
        <value>173</value>
        <value>178</value>
        <value>190</value>
        <value>230</value>
        <value>235</value>
      </values>
      <score>102.8</score>
    </agent>
    <agent>
      <ID>72</ID>
      <userName>kaplan2</userName>
      <strategy>KAPLAN</strategy>
      <values>
        <value>70</value>
        <value>70</value>
        <value>104</value>
        <value>127</value>
        <value>147</value>
        <value>154</value>
        <value>203</value>
        <value>208</value>
        <value>250</value>
        <value>260</value>
      </values>
      <score>213.6</score>
    </agent>
    <agent>
      <ID>73</ID>
      <userName>kaplan3</userName>
      <strategy>KAPLAN</strategy>
      <values>
        <value>180</value>
        <value>176</value>
        <value>165</value>
        <value>132</value>
        <value>127</value>
        <value>104</value>
        <value>90</value>
        <value>77</value>
        <value>75</value>
        <value>71</value>
      </values>
      <score>54.6</score>
    </agent>
    <agent>
      <ID>74</ID>
      <userName>kaplan4</userName>
      <strategy>KAPLAN</strategy>
      <values>
        <value>256</value>
        <value>231</value>
        <value>217</value>
        <value>212</value>
        <value>190</value>
        <value>179</value>
        <value>150</value>
        <value>137</value>
        <value>118</value>
        <value>70</value>
      </values>
      <score>315.6</score>
    </agent>
    <agent>
      <ID>51</ID>
      <userName>zip1</userName>
      <strategy>ZIP</strategy>
      <values>
        <value>91</value>
        <value>103</value>
        <value>119</value>
        <value>128</value>
        <value>156</value>
        <value>190</value>
        <value>212</value>
        <value>223</value>
        <value>259</value>
        <value>259</value>
      </values>
      <score>203.8</score>
    </agent>
    <agent>
      <ID>54</ID>
      <userName>zip4</userName>
      <strategy>ZIP</strategy>
      <values>
        <value>252</value>
        <value>248</value>
        <value>243</value>
        <value>228</value>
        <value>196</value>
        <value>187</value>
        <value>186</value>
        <value>130</value>
        <value>112</value>
        <value>110</value>
      </values>
      <score>89.2</score>
    </agent>
    <agent>
      <ID>114</ID>
      <userName>gdx4</userName>
      <strategy>GDX</strategy>
      <values>
        <value>238</value>
        <value>216</value>
        <value>199</value>
        <value>183</value>
        <value>167</value>
        <value>148</value>
        <value>75</value>
        <value>69</value>
        <value>61</value>
        <value>61</value>
      </values>
      <score>252.8</score>
    </agent>
    <agent>
      <ID>53</ID>
      <userName>zip3</userName>
      <strategy>ZIP</strategy>
      <values>
        <value>241</value>
        <value>240</value>
        <value>220</value>
        <value>215</value>
        <value>208</value>
        <value>204</value>
        <value>181</value>
        <value>93</value>
        <value>66</value>
        <value>61</value>
      </values>
      <score>93.0</score>
    </agent>
    <agent>
      <ID>113</ID>
      <userName>gdx3</userName>
      <strategy>GDX</strategy>
      <values>
        <value>229</value>
        <value>216</value>
        <value>213</value>
        <value>172</value>
        <value>137</value>
        <value>135</value>
        <value>103</value>
        <value>93</value>
        <value>72</value>
        <value>65</value>
      </values>
      <score>218.8</score>
    </agent>
    <agent>
      <ID>112</ID>
      <userName>gdx2</userName>
      <strategy>GDX</strategy>
      <values>
        <value>74</value>
        <value>84</value>
        <value>106</value>
        <value>132</value>
        <value>154</value>
        <value>165</value>
        <value>169</value>
        <value>201</value>
        <value>209</value>
        <value>235</value>
      </values>
      <score>270.0</score>
    </agent>
    <agent>
      <ID>52</ID>
      <userName>zip2</userName>
      <strategy>ZIP</strategy>
      <values>
        <value>90</value>
        <value>145</value>
        <value>174</value>
        <value>189</value>
        <value>189</value>
        <value>202</value>
        <value>205</value>
        <value>242</value>
        <value>245</value>
        <value>258</value>
      </values>
      <score>86.8</score>
    </agent>
    <agent>
      <ID>31</ID>
      <userName>zibtq1</userName>
      <strategy>ZIBTQ</strategy>
      <values>
        <value>71</value>
        <value>71</value>
        <value>97</value>
        <value>121</value>
        <value>125</value>
        <value>142</value>
        <value>153</value>
        <value>178</value>
        <value>182</value>
        <value>207</value>
      </values>
      <score>262.2</score>
    </agent>
  </scores>
</results>

