<results>
  <transactions>
    <repetition>
      <id>1</id>
      <transaction>
        <timestamp>1333598627273</timestamp>
        <buyerID>53</buyerID>
        <sellerID>112</sellerID>
        <price>83</price>
      </transaction>
      <transaction>
        <timestamp>1333598627514</timestamp>
        <buyerID>38</buyerID>
        <sellerID>111</sellerID>
        <price>135</price>
      </transaction>
      <transaction>
        <timestamp>1333598627525</timestamp>
        <buyerID>37</buyerID>
        <sellerID>32</sellerID>
        <price>132</price>
      </transaction>
      <transaction>
        <timestamp>1333598627530</timestamp>
        <buyerID>36</buyerID>
        <sellerID>51</sellerID>
        <price>148</price>
      </transaction>
      <transaction>
        <timestamp>1333598627532</timestamp>
        <buyerID>35</buyerID>
        <sellerID>34</sellerID>
        <price>129</price>
      </transaction>
      <transaction>
        <timestamp>1333598627561</timestamp>
        <buyerID>113</buyerID>
        <sellerID>34</sellerID>
        <price>113</price>
      </transaction>
      <transaction>
        <timestamp>1333598628155</timestamp>
        <buyerID>35</buyerID>
        <sellerID>31</sellerID>
        <price>137</price>
      </transaction>
      <transaction>
        <timestamp>1333598628163</timestamp>
        <buyerID>37</buyerID>
        <sellerID>52</sellerID>
        <price>138</price>
      </transaction>
      <transaction>
        <timestamp>1333598628266</timestamp>
        <buyerID>113</buyerID>
        <sellerID>51</sellerID>
        <price>155</price>
      </transaction>
      <transaction>
        <timestamp>1333598628366</timestamp>
        <buyerID>38</buyerID>
        <sellerID>33</sellerID>
        <price>154</price>
      </transaction>
      <transaction>
        <timestamp>1333598628788</timestamp>
        <buyerID>38</buyerID>
        <sellerID>111</sellerID>
        <price>194</price>
      </transaction>
      <transaction>
        <timestamp>1333598628805</timestamp>
        <buyerID>35</buyerID>
        <sellerID>33</sellerID>
        <price>195</price>
      </transaction>
      <transaction>
        <timestamp>1333598628810</timestamp>
        <buyerID>37</buyerID>
        <sellerID>32</sellerID>
        <price>194</price>
      </transaction>
      <transaction>
        <timestamp>1333598628833</timestamp>
        <buyerID>36</buyerID>
        <sellerID>34</sellerID>
        <price>206</price>
      </transaction>
      <transaction>
        <timestamp>1333598628854</timestamp>
        <buyerID>53</buyerID>
        <sellerID>31</sellerID>
        <price>193</price>
      </transaction>
      <transaction>
        <timestamp>1333598628867</timestamp>
        <buyerID>113</buyerID>
        <sellerID>51</sellerID>
        <price>193</price>
      </transaction>
      <transaction>
        <timestamp>1333598628888</timestamp>
        <buyerID>36</buyerID>
        <sellerID>32</sellerID>
        <price>199</price>
      </transaction>
      <transaction>
        <timestamp>1333598628893</timestamp>
        <buyerID>35</buyerID>
        <sellerID>52</sellerID>
        <price>200</price>
      </transaction>
      <transaction>
        <timestamp>1333598629468</timestamp>
        <buyerID>38</buyerID>
        <sellerID>112</sellerID>
        <price>204</price>
      </transaction>
      <transaction>
        <timestamp>1333598629485</timestamp>
        <buyerID>113</buyerID>
        <sellerID>33</sellerID>
        <price>204</price>
      </transaction>
      <transaction>
        <timestamp>1333598629569</timestamp>
        <buyerID>114</buyerID>
        <sellerID>111</sellerID>
        <price>204</price>
      </transaction>
      <transaction>
        <timestamp>1333598629653</timestamp>
        <buyerID>38</buyerID>
        <sellerID>34</sellerID>
        <price>203</price>
      </transaction>
      <transaction>
        <timestamp>1333598629670</timestamp>
        <buyerID>36</buyerID>
        <sellerID>32</sellerID>
        <price>198</price>
      </transaction>
      <transaction>
        <timestamp>1333598629676</timestamp>
        <buyerID>35</buyerID>
        <sellerID>52</sellerID>
        <price>185</price>
      </transaction>
      <transaction>
        <timestamp>1333598629689</timestamp>
        <buyerID>113</buyerID>
        <sellerID>31</sellerID>
        <price>185</price>
      </transaction>
      <transaction>
        <timestamp>1333598629764</timestamp>
        <buyerID>37</buyerID>
        <sellerID>111</sellerID>
        <price>165</price>
      </transaction>
      <transaction>
        <timestamp>1333598629837</timestamp>
        <buyerID>38</buyerID>
        <sellerID>34</sellerID>
        <price>125</price>
      </transaction>
      <transaction>
        <timestamp>1333598629842</timestamp>
        <buyerID>37</buyerID>
        <sellerID>32</sellerID>
        <price>145</price>
      </transaction>
      <transaction>
        <timestamp>1333598630095</timestamp>
        <buyerID>36</buyerID>
        <sellerID>31</sellerID>
        <price>121</price>
      </transaction>
      <transaction>
        <timestamp>1333598630729</timestamp>
        <buyerID>36</buyerID>
        <sellerID>51</sellerID>
        <price>145</price>
      </transaction>
      <transaction>
        <timestamp>1333598630990</timestamp>
        <buyerID>114</buyerID>
        <sellerID>31</sellerID>
        <price>129</price>
      </transaction>
      <transaction>
        <timestamp>1333598631303</timestamp>
        <buyerID>113</buyerID>
        <sellerID>112</sellerID>
        <price>130</price>
      </transaction>
      <transaction>
        <timestamp>1333598633395</timestamp>
        <buyerID>114</buyerID>
        <sellerID>31</sellerID>
        <price>138</price>
      </transaction>
      <transaction>
        <timestamp>1333598634288</timestamp>
        <buyerID>114</buyerID>
        <sellerID>112</sellerID>
        <price>138</price>
      </transaction>
      <transaction>
        <timestamp>1333598634877</timestamp>
        <buyerID>113</buyerID>
        <sellerID>112</sellerID>
        <price>138</price>
      </transaction>
    </repetition>
    <repetition>
      <id>2</id>
      <transaction>
        <timestamp>1333598753654</timestamp>
        <buyerID>37</buyerID>
        <sellerID>112</sellerID>
        <price>82</price>
      </transaction>
      <transaction>
        <timestamp>1333598753658</timestamp>
        <buyerID>36</buyerID>
        <sellerID>32</sellerID>
        <price>91</price>
      </transaction>
      <transaction>
        <timestamp>1333598753807</timestamp>
        <buyerID>35</buyerID>
        <sellerID>31</sellerID>
        <price>97</price>
      </transaction>
      <transaction>
        <timestamp>1333598753813</timestamp>
        <buyerID>38</buyerID>
        <sellerID>34</sellerID>
        <price>122</price>
      </transaction>
      <transaction>
        <timestamp>1333598753931</timestamp>
        <buyerID>113</buyerID>
        <sellerID>33</sellerID>
        <price>133</price>
      </transaction>
      <transaction>
        <timestamp>1333598754070</timestamp>
        <buyerID>37</buyerID>
        <sellerID>111</sellerID>
        <price>206</price>
      </transaction>
      <transaction>
        <timestamp>1333598754082</timestamp>
        <buyerID>36</buyerID>
        <sellerID>52</sellerID>
        <price>191</price>
      </transaction>
      <transaction>
        <timestamp>1333598754096</timestamp>
        <buyerID>38</buyerID>
        <sellerID>51</sellerID>
        <price>220</price>
      </transaction>
      <transaction>
        <timestamp>1333598754104</timestamp>
        <buyerID>114</buyerID>
        <sellerID>34</sellerID>
        <price>161</price>
      </transaction>
      <transaction>
        <timestamp>1333598754459</timestamp>
        <buyerID>114</buyerID>
        <sellerID>31</sellerID>
        <price>161</price>
      </transaction>
      <transaction>
        <timestamp>1333598754665</timestamp>
        <buyerID>35</buyerID>
        <sellerID>111</sellerID>
        <price>205</price>
      </transaction>
      <transaction>
        <timestamp>1333598754686</timestamp>
        <buyerID>113</buyerID>
        <sellerID>32</sellerID>
        <price>161</price>
      </transaction>
      <transaction>
        <timestamp>1333598754951</timestamp>
        <buyerID>35</buyerID>
        <sellerID>34</sellerID>
        <price>107</price>
      </transaction>
      <transaction>
        <timestamp>1333598755131</timestamp>
        <buyerID>36</buyerID>
        <sellerID>32</sellerID>
        <price>116</price>
      </transaction>
      <transaction>
        <timestamp>1333598755591</timestamp>
        <buyerID>37</buyerID>
        <sellerID>31</sellerID>
        <price>120</price>
      </transaction>
      <transaction>
        <timestamp>1333598755672</timestamp>
        <buyerID>114</buyerID>
        <sellerID>32</sellerID>
        <price>117</price>
      </transaction>
      <transaction>
        <timestamp>1333598755759</timestamp>
        <buyerID>35</buyerID>
        <sellerID>31</sellerID>
        <price>118</price>
      </transaction>
      <transaction>
        <timestamp>1333598755887</timestamp>
        <buyerID>38</buyerID>
        <sellerID>33</sellerID>
        <price>118</price>
      </transaction>
      <transaction>
        <timestamp>1333598755893</timestamp>
        <buyerID>36</buyerID>
        <sellerID>34</sellerID>
        <price>121</price>
      </transaction>
      <transaction>
        <timestamp>1333598756328</timestamp>
        <buyerID>35</buyerID>
        <sellerID>112</sellerID>
        <price>123</price>
      </transaction>
      <transaction>
        <timestamp>1333598756396</timestamp>
        <buyerID>36</buyerID>
        <sellerID>51</sellerID>
        <price>144</price>
      </transaction>
      <transaction>
        <timestamp>1333598756712</timestamp>
        <buyerID>38</buyerID>
        <sellerID>34</sellerID>
        <price>123</price>
      </transaction>
      <transaction>
        <timestamp>1333598756718</timestamp>
        <buyerID>37</buyerID>
        <sellerID>112</sellerID>
        <price>123</price>
      </transaction>
      <transaction>
        <timestamp>1333598757180</timestamp>
        <buyerID>38</buyerID>
        <sellerID>111</sellerID>
        <price>123</price>
      </transaction>
      <transaction>
        <timestamp>1333598757268</timestamp>
        <buyerID>36</buyerID>
        <sellerID>32</sellerID>
        <price>124</price>
      </transaction>
      <transaction>
        <timestamp>1333598757441</timestamp>
        <buyerID>37</buyerID>
        <sellerID>31</sellerID>
        <price>127</price>
      </transaction>
      <transaction>
        <timestamp>1333598758108</timestamp>
        <buyerID>38</buyerID>
        <sellerID>33</sellerID>
        <price>130</price>
      </transaction>
      <transaction>
        <timestamp>1333598759494</timestamp>
        <buyerID>114</buyerID>
        <sellerID>51</sellerID>
        <price>136</price>
      </transaction>
      <transaction>
        <timestamp>1333598760435</timestamp>
        <buyerID>114</buyerID>
        <sellerID>111</sellerID>
        <price>138</price>
      </transaction>
      <transaction>
        <timestamp>1333598761033</timestamp>
        <buyerID>113</buyerID>
        <sellerID>112</sellerID>
        <price>138</price>
      </transaction>
      <transaction>
        <timestamp>1333598761861</timestamp>
        <buyerID>113</buyerID>
        <sellerID>31</sellerID>
        <price>138</price>
      </transaction>
      <transaction>
        <timestamp>1333598762568</timestamp>
        <buyerID>113</buyerID>
        <sellerID>112</sellerID>
        <price>139</price>
      </transaction>
      <transaction>
        <timestamp>1333598767628</timestamp>
        <buyerID>113</buyerID>
        <sellerID>51</sellerID>
        <price>144</price>
      </transaction>
    </repetition>
    <repetition>
      <id>3</id>
      <transaction>
        <timestamp>1333598881272</timestamp>
        <buyerID>114</buyerID>
        <sellerID>112</sellerID>
        <price>81</price>
      </transaction>
      <transaction>
        <timestamp>1333598881287</timestamp>
        <buyerID>38</buyerID>
        <sellerID>52</sellerID>
        <price>209</price>
      </transaction>
      <transaction>
        <timestamp>1333598881524</timestamp>
        <buyerID>37</buyerID>
        <sellerID>111</sellerID>
        <price>240</price>
      </transaction>
      <transaction>
        <timestamp>1333598881529</timestamp>
        <buyerID>113</buyerID>
        <sellerID>51</sellerID>
        <price>221</price>
      </transaction>
      <transaction>
        <timestamp>1333598881538</timestamp>
        <buyerID>36</buyerID>
        <sellerID>31</sellerID>
        <price>215</price>
      </transaction>
      <transaction>
        <timestamp>1333598881583</timestamp>
        <buyerID>35</buyerID>
        <sellerID>34</sellerID>
        <price>240</price>
      </transaction>
      <transaction>
        <timestamp>1333598881595</timestamp>
        <buyerID>54</buyerID>
        <sellerID>33</sellerID>
        <price>108</price>
      </transaction>
      <transaction>
        <timestamp>1333598881632</timestamp>
        <buyerID>38</buyerID>
        <sellerID>32</sellerID>
        <price>104</price>
      </transaction>
      <transaction>
        <timestamp>1333598881671</timestamp>
        <buyerID>37</buyerID>
        <sellerID>51</sellerID>
        <price>163</price>
      </transaction>
      <transaction>
        <timestamp>1333598882103</timestamp>
        <buyerID>113</buyerID>
        <sellerID>32</sellerID>
        <price>209</price>
      </transaction>
      <transaction>
        <timestamp>1333598882109</timestamp>
        <buyerID>36</buyerID>
        <sellerID>34</sellerID>
        <price>208</price>
      </transaction>
      <transaction>
        <timestamp>1333598882114</timestamp>
        <buyerID>114</buyerID>
        <sellerID>31</sellerID>
        <price>208</price>
      </transaction>
      <transaction>
        <timestamp>1333598882122</timestamp>
        <buyerID>35</buyerID>
        <sellerID>112</sellerID>
        <price>219</price>
      </transaction>
      <transaction>
        <timestamp>1333598882435</timestamp>
        <buyerID>38</buyerID>
        <sellerID>33</sellerID>
        <price>119</price>
      </transaction>
      <transaction>
        <timestamp>1333598882447</timestamp>
        <buyerID>37</buyerID>
        <sellerID>31</sellerID>
        <price>177</price>
      </transaction>
      <transaction>
        <timestamp>1333598882716</timestamp>
        <buyerID>35</buyerID>
        <sellerID>34</sellerID>
        <price>137</price>
      </transaction>
      <transaction>
        <timestamp>1333598882719</timestamp>
        <buyerID>36</buyerID>
        <sellerID>32</sellerID>
        <price>134</price>
      </transaction>
      <transaction>
        <timestamp>1333598883075</timestamp>
        <buyerID>37</buyerID>
        <sellerID>51</sellerID>
        <price>143</price>
      </transaction>
      <transaction>
        <timestamp>1333598883124</timestamp>
        <buyerID>35</buyerID>
        <sellerID>31</sellerID>
        <price>107</price>
      </transaction>
      <transaction>
        <timestamp>1333598883520</timestamp>
        <buyerID>36</buyerID>
        <sellerID>32</sellerID>
        <price>121</price>
      </transaction>
      <transaction>
        <timestamp>1333598883839</timestamp>
        <buyerID>37</buyerID>
        <sellerID>111</sellerID>
        <price>121</price>
      </transaction>
      <transaction>
        <timestamp>1333598883969</timestamp>
        <buyerID>36</buyerID>
        <sellerID>34</sellerID>
        <price>121</price>
      </transaction>
      <transaction>
        <timestamp>1333598884175</timestamp>
        <buyerID>38</buyerID>
        <sellerID>34</sellerID>
        <price>121</price>
      </transaction>
      <transaction>
        <timestamp>1333598884808</timestamp>
        <buyerID>36</buyerID>
        <sellerID>32</sellerID>
        <price>122</price>
      </transaction>
      <transaction>
        <timestamp>1333598884921</timestamp>
        <buyerID>38</buyerID>
        <sellerID>112</sellerID>
        <price>122</price>
      </transaction>
      <transaction>
        <timestamp>1333598885015</timestamp>
        <buyerID>35</buyerID>
        <sellerID>31</sellerID>
        <price>127</price>
      </transaction>
      <transaction>
        <timestamp>1333598885396</timestamp>
        <buyerID>113</buyerID>
        <sellerID>111</sellerID>
        <price>128</price>
      </transaction>
      <transaction>
        <timestamp>1333598885462</timestamp>
        <buyerID>114</buyerID>
        <sellerID>33</sellerID>
        <price>130</price>
      </transaction>
      <transaction>
        <timestamp>1333598886174</timestamp>
        <buyerID>113</buyerID>
        <sellerID>31</sellerID>
        <price>138</price>
      </transaction>
      <transaction>
        <timestamp>1333598886194</timestamp>
        <buyerID>38</buyerID>
        <sellerID>31</sellerID>
        <price>138</price>
      </transaction>
      <transaction>
        <timestamp>1333598887883</timestamp>
        <buyerID>114</buyerID>
        <sellerID>112</sellerID>
        <price>142</price>
      </transaction>
      <transaction>
        <timestamp>1333598888422</timestamp>
        <buyerID>114</buyerID>
        <sellerID>111</sellerID>
        <price>142</price>
      </transaction>
      <transaction>
        <timestamp>1333598888549</timestamp>
        <buyerID>113</buyerID>
        <sellerID>112</sellerID>
        <price>143</price>
      </transaction>
      <transaction>
        <timestamp>1333598890040</timestamp>
        <buyerID>113</buyerID>
        <sellerID>51</sellerID>
        <price>144</price>
      </transaction>
      <transaction>
        <timestamp>1333598892304</timestamp>
        <buyerID>113</buyerID>
        <sellerID>52</sellerID>
        <price>146</price>
      </transaction>
    </repetition>
    <repetition>
      <id>4</id>
      <transaction>
        <timestamp>1333599008628</timestamp>
        <buyerID>35</buyerID>
        <sellerID>31</sellerID>
        <price>88</price>
      </transaction>
      <transaction>
        <timestamp>1333599008636</timestamp>
        <buyerID>36</buyerID>
        <sellerID>51</sellerID>
        <price>232</price>
      </transaction>
      <transaction>
        <timestamp>1333599008900</timestamp>
        <buyerID>38</buyerID>
        <sellerID>32</sellerID>
        <price>120</price>
      </transaction>
      <transaction>
        <timestamp>1333599009255</timestamp>
        <buyerID>37</buyerID>
        <sellerID>112</sellerID>
        <price>140</price>
      </transaction>
      <transaction>
        <timestamp>1333599009460</timestamp>
        <buyerID>36</buyerID>
        <sellerID>31</sellerID>
        <price>110</price>
      </transaction>
      <transaction>
        <timestamp>1333599009471</timestamp>
        <buyerID>38</buyerID>
        <sellerID>34</sellerID>
        <price>139</price>
      </transaction>
      <transaction>
        <timestamp>1333599009707</timestamp>
        <buyerID>35</buyerID>
        <sellerID>32</sellerID>
        <price>93</price>
      </transaction>
      <transaction>
        <timestamp>1333599009854</timestamp>
        <buyerID>37</buyerID>
        <sellerID>33</sellerID>
        <price>128</price>
      </transaction>
      <transaction>
        <timestamp>1333599009899</timestamp>
        <buyerID>37</buyerID>
        <sellerID>34</sellerID>
        <price>99</price>
      </transaction>
      <transaction>
        <timestamp>1333599009903</timestamp>
        <buyerID>35</buyerID>
        <sellerID>32</sellerID>
        <price>103</price>
      </transaction>
      <transaction>
        <timestamp>1333599010970</timestamp>
        <buyerID>38</buyerID>
        <sellerID>31</sellerID>
        <price>116</price>
      </transaction>
      <transaction>
        <timestamp>1333599010998</timestamp>
        <buyerID>36</buyerID>
        <sellerID>51</sellerID>
        <price>136</price>
      </transaction>
      <transaction>
        <timestamp>1333599011030</timestamp>
        <buyerID>38</buyerID>
        <sellerID>33</sellerID>
        <price>128</price>
      </transaction>
      <transaction>
        <timestamp>1333599011192</timestamp>
        <buyerID>35</buyerID>
        <sellerID>34</sellerID>
        <price>117</price>
      </transaction>
      <transaction>
        <timestamp>1333599011432</timestamp>
        <buyerID>37</buyerID>
        <sellerID>32</sellerID>
        <price>130</price>
      </transaction>
      <transaction>
        <timestamp>1333599011684</timestamp>
        <buyerID>37</buyerID>
        <sellerID>111</sellerID>
        <price>130</price>
      </transaction>
      <transaction>
        <timestamp>1333599011850</timestamp>
        <buyerID>35</buyerID>
        <sellerID>31</sellerID>
        <price>133</price>
      </transaction>
      <transaction>
        <timestamp>1333599011907</timestamp>
        <buyerID>36</buyerID>
        <sellerID>32</sellerID>
        <price>122</price>
      </transaction>
      <transaction>
        <timestamp>1333599012321</timestamp>
        <buyerID>36</buyerID>
        <sellerID>34</sellerID>
        <price>124</price>
      </transaction>
      <transaction>
        <timestamp>1333599012348</timestamp>
        <buyerID>38</buyerID>
        <sellerID>112</sellerID>
        <price>126</price>
      </transaction>
      <transaction>
        <timestamp>1333599012485</timestamp>
        <buyerID>114</buyerID>
        <sellerID>111</sellerID>
        <price>126</price>
      </transaction>
      <transaction>
        <timestamp>1333599012690</timestamp>
        <buyerID>113</buyerID>
        <sellerID>31</sellerID>
        <price>127</price>
      </transaction>
      <transaction>
        <timestamp>1333599012742</timestamp>
        <buyerID>36</buyerID>
        <sellerID>33</sellerID>
        <price>130</price>
      </transaction>
      <transaction>
        <timestamp>1333599012932</timestamp>
        <buyerID>113</buyerID>
        <sellerID>52</sellerID>
        <price>137</price>
      </transaction>
      <transaction>
        <timestamp>1333599013279</timestamp>
        <buyerID>114</buyerID>
        <sellerID>34</sellerID>
        <price>124</price>
      </transaction>
      <transaction>
        <timestamp>1333599013290</timestamp>
        <buyerID>38</buyerID>
        <sellerID>111</sellerID>
        <price>137</price>
      </transaction>
      <transaction>
        <timestamp>1333599013644</timestamp>
        <buyerID>113</buyerID>
        <sellerID>31</sellerID>
        <price>138</price>
      </transaction>
      <transaction>
        <timestamp>1333599015348</timestamp>
        <buyerID>113</buyerID>
        <sellerID>112</sellerID>
        <price>135</price>
      </transaction>
      <transaction>
        <timestamp>1333599016627</timestamp>
        <buyerID>113</buyerID>
        <sellerID>112</sellerID>
        <price>137</price>
      </transaction>
      <transaction>
        <timestamp>1333599016743</timestamp>
        <buyerID>114</buyerID>
        <sellerID>112</sellerID>
        <price>137</price>
      </transaction>
      <transaction>
        <timestamp>1333599017605</timestamp>
        <buyerID>114</buyerID>
        <sellerID>111</sellerID>
        <price>137</price>
      </transaction>
      <transaction>
        <timestamp>1333599018917</timestamp>
        <buyerID>114</buyerID>
        <sellerID>51</sellerID>
        <price>139</price>
      </transaction>
      <transaction>
        <timestamp>1333599025054</timestamp>
        <buyerID>113</buyerID>
        <sellerID>51</sellerID>
        <price>144</price>
      </transaction>
      <transaction>
        <timestamp>1333599129208</timestamp>
        <buyerID>113</buyerID>
        <sellerID>52</sellerID>
        <price>146</price>
      </transaction>
    </repetition>
    <repetition>
      <id>5</id>
      <transaction>
        <timestamp>1333599136011</timestamp>
        <buyerID>36</buyerID>
        <sellerID>31</sellerID>
        <price>212</price>
      </transaction>
      <transaction>
        <timestamp>1333599136296</timestamp>
        <buyerID>37</buyerID>
        <sellerID>112</sellerID>
        <price>245</price>
      </transaction>
      <transaction>
        <timestamp>1333599136301</timestamp>
        <buyerID>114</buyerID>
        <sellerID>34</sellerID>
        <price>136</price>
      </transaction>
      <transaction>
        <timestamp>1333599136333</timestamp>
        <buyerID>53</buyerID>
        <sellerID>32</sellerID>
        <price>127</price>
      </transaction>
      <transaction>
        <timestamp>1333599136349</timestamp>
        <buyerID>38</buyerID>
        <sellerID>52</sellerID>
        <price>211</price>
      </transaction>
      <transaction>
        <timestamp>1333599136364</timestamp>
        <buyerID>35</buyerID>
        <sellerID>33</sellerID>
        <price>200</price>
      </transaction>
      <transaction>
        <timestamp>1333599136679</timestamp>
        <buyerID>36</buyerID>
        <sellerID>51</sellerID>
        <price>156</price>
      </transaction>
      <transaction>
        <timestamp>1333599136812</timestamp>
        <buyerID>37</buyerID>
        <sellerID>31</sellerID>
        <price>222</price>
      </transaction>
      <transaction>
        <timestamp>1333599136878</timestamp>
        <buyerID>38</buyerID>
        <sellerID>33</sellerID>
        <price>191</price>
      </transaction>
      <transaction>
        <timestamp>1333599137332</timestamp>
        <buyerID>114</buyerID>
        <sellerID>33</sellerID>
        <price>149</price>
      </transaction>
      <transaction>
        <timestamp>1333599137336</timestamp>
        <buyerID>35</buyerID>
        <sellerID>34</sellerID>
        <price>148</price>
      </transaction>
      <transaction>
        <timestamp>1333599137341</timestamp>
        <buyerID>38</buyerID>
        <sellerID>111</sellerID>
        <price>155</price>
      </transaction>
      <transaction>
        <timestamp>1333599137835</timestamp>
        <buyerID>37</buyerID>
        <sellerID>32</sellerID>
        <price>137</price>
      </transaction>
      <transaction>
        <timestamp>1333599137841</timestamp>
        <buyerID>113</buyerID>
        <sellerID>31</sellerID>
        <price>121</price>
      </transaction>
      <transaction>
        <timestamp>1333599137845</timestamp>
        <buyerID>35</buyerID>
        <sellerID>112</sellerID>
        <price>148</price>
      </transaction>
      <transaction>
        <timestamp>1333599137856</timestamp>
        <buyerID>36</buyerID>
        <sellerID>111</sellerID>
        <price>149</price>
      </transaction>
      <transaction>
        <timestamp>1333599138168</timestamp>
        <buyerID>38</buyerID>
        <sellerID>31</sellerID>
        <price>128</price>
      </transaction>
      <transaction>
        <timestamp>1333599138305</timestamp>
        <buyerID>35</buyerID>
        <sellerID>52</sellerID>
        <price>149</price>
      </transaction>
      <transaction>
        <timestamp>1333599138400</timestamp>
        <buyerID>37</buyerID>
        <sellerID>34</sellerID>
        <price>146</price>
      </transaction>
      <transaction>
        <timestamp>1333599138484</timestamp>
        <buyerID>36</buyerID>
        <sellerID>112</sellerID>
        <price>149</price>
      </transaction>
      <transaction>
        <timestamp>1333599138846</timestamp>
        <buyerID>35</buyerID>
        <sellerID>31</sellerID>
        <price>127</price>
      </transaction>
      <transaction>
        <timestamp>1333599139083</timestamp>
        <buyerID>37</buyerID>
        <sellerID>32</sellerID>
        <price>130</price>
      </transaction>
      <transaction>
        <timestamp>1333599139236</timestamp>
        <buyerID>36</buyerID>
        <sellerID>34</sellerID>
        <price>127</price>
      </transaction>
      <transaction>
        <timestamp>1333599139247</timestamp>
        <buyerID>114</buyerID>
        <sellerID>32</sellerID>
        <price>126</price>
      </transaction>
      <transaction>
        <timestamp>1333599139727</timestamp>
        <buyerID>36</buyerID>
        <sellerID>34</sellerID>
        <price>130</price>
      </transaction>
      <transaction>
        <timestamp>1333599139855</timestamp>
        <buyerID>114</buyerID>
        <sellerID>32</sellerID>
        <price>144</price>
      </transaction>
      <transaction>
        <timestamp>1333599139873</timestamp>
        <buyerID>38</buyerID>
        <sellerID>31</sellerID>
        <price>143</price>
      </transaction>
      <transaction>
        <timestamp>1333599140707</timestamp>
        <buyerID>38</buyerID>
        <sellerID>111</sellerID>
        <price>143</price>
      </transaction>
      <transaction>
        <timestamp>1333599142887</timestamp>
        <buyerID>113</buyerID>
        <sellerID>51</sellerID>
        <price>140</price>
      </transaction>
      <transaction>
        <timestamp>1333599143438</timestamp>
        <buyerID>114</buyerID>
        <sellerID>112</sellerID>
        <price>140</price>
      </transaction>
      <transaction>
        <timestamp>1333599144178</timestamp>
        <buyerID>113</buyerID>
        <sellerID>111</sellerID>
        <price>141</price>
      </transaction>
      <transaction>
        <timestamp>1333599144297</timestamp>
        <buyerID>114</buyerID>
        <sellerID>51</sellerID>
        <price>140</price>
      </transaction>
      <transaction>
        <timestamp>1333599147888</timestamp>
        <buyerID>113</buyerID>
        <sellerID>112</sellerID>
        <price>141</price>
      </transaction>
      <transaction>
        <timestamp>1333599150934</timestamp>
        <buyerID>113</buyerID>
        <sellerID>51</sellerID>
        <price>144</price>
      </transaction>
      <transaction>
        <timestamp>1333599153951</timestamp>
        <buyerID>113</buyerID>
        <sellerID>51</sellerID>
        <price>147</price>
      </transaction>
      <transaction>
        <timestamp>1333599256586</timestamp>
        <buyerID>113</buyerID>
        <sellerID>111</sellerID>
        <price>147</price>
      </transaction>
    </repetition>
  </transactions>
  <scores>
    <agent>
      <ID>34</ID>
      <userName>zibtq4</userName>
      <strategy>ZIBTQ</strategy>
      <values>
        <value>87</value>
        <value>91</value>
        <value>104</value>
        <value>121</value>
        <value>121</value>
        <value>155</value>
        <value>176</value>
        <value>207</value>
        <value>215</value>
        <value>255</value>
      </values>
      <score>181.4</score>
    </agent>
    <agent>
      <ID>35</ID>
      <userName>zibtq5</userName>
      <strategy>ZIBTQ</strategy>
      <values>
        <value>255</value>
        <value>232</value>
        <value>224</value>
        <value>212</value>
        <value>185</value>
        <value>104</value>
        <value>92</value>
        <value>88</value>
        <value>73</value>
        <value>68</value>
      </values>
      <score>381.6</score>
    </agent>
    <agent>
      <ID>32</ID>
      <userName>zibtq2</userName>
      <strategy>ZIBTQ</strategy>
      <values>
        <value>73</value>
        <value>76</value>
        <value>83</value>
        <value>85</value>
        <value>121</value>
        <value>183</value>
        <value>197</value>
        <value>223</value>
        <value>235</value>
        <value>237</value>
      </values>
      <score>241.8</score>
    </agent>
    <agent>
      <ID>33</ID>
      <userName>zibtq3</userName>
      <strategy>ZIBTQ</strategy>
      <values>
        <value>65</value>
        <value>118</value>
        <value>130</value>
        <value>170</value>
        <value>180</value>
        <value>183</value>
        <value>193</value>
        <value>204</value>
        <value>241</value>
        <value>259</value>
      </values>
      <score>130.4</score>
    </agent>
    <agent>
      <ID>38</ID>
      <userName>zibtq8</userName>
      <strategy>ZIBTQ</strategy>
      <values>
        <value>254</value>
        <value>254</value>
        <value>218</value>
        <value>217</value>
        <value>216</value>
        <value>162</value>
        <value>135</value>
        <value>122</value>
        <value>71</value>
        <value>69</value>
      </values>
      <score>440.8</score>
    </agent>
    <agent>
      <ID>36</ID>
      <userName>zibtq6</userName>
      <strategy>ZIBTQ</strategy>
      <values>
        <value>240</value>
        <value>209</value>
        <value>206</value>
        <value>198</value>
        <value>157</value>
        <value>152</value>
        <value>122</value>
        <value>115</value>
        <value>108</value>
        <value>95</value>
      </values>
      <score>261.6</score>
    </agent>
    <agent>
      <ID>37</ID>
      <userName>zibtq7</userName>
      <strategy>ZIBTQ</strategy>
      <values>
        <value>249</value>
        <value>238</value>
        <value>194</value>
        <value>165</value>
        <value>161</value>
        <value>92</value>
        <value>85</value>
        <value>79</value>
        <value>64</value>
        <value>62</value>
      </values>
      <score>250.4</score>
    </agent>
    <agent>
      <ID>111</ID>
      <userName>gdx1</userName>
      <strategy>GDX</strategy>
      <values>
        <value>84</value>
        <value>108</value>
        <value>120</value>
        <value>133</value>
        <value>146</value>
        <value>169</value>
        <value>206</value>
        <value>209</value>
        <value>239</value>
        <value>258</value>
      </values>
      <score>179.0</score>
    </agent>
    <agent>
      <ID>51</ID>
      <userName>zip1</userName>
      <strategy>ZIP</strategy>
      <values>
        <value>72</value>
        <value>85</value>
        <value>95</value>
        <value>144</value>
        <value>147</value>
        <value>159</value>
        <value>181</value>
        <value>183</value>
        <value>212</value>
        <value>241</value>
      </values>
      <score>241.4</score>
    </agent>
    <agent>
      <ID>54</ID>
      <userName>zip4</userName>
      <strategy>ZIP</strategy>
      <values>
        <value>221</value>
        <value>217</value>
        <value>209</value>
        <value>207</value>
        <value>170</value>
        <value>141</value>
        <value>107</value>
        <value>104</value>
        <value>90</value>
        <value>73</value>
      </values>
      <score>22.6</score>
    </agent>
    <agent>
      <ID>114</ID>
      <userName>gdx4</userName>
      <strategy>GDX</strategy>
      <values>
        <value>253</value>
        <value>250</value>
        <value>186</value>
        <value>184</value>
        <value>182</value>
        <value>163</value>
        <value>125</value>
        <value>120</value>
        <value>110</value>
        <value>94</value>
      </values>
      <score>346.6</score>
    </agent>
    <agent>
      <ID>53</ID>
      <userName>zip3</userName>
      <strategy>ZIP</strategy>
      <values>
        <value>258</value>
        <value>212</value>
        <value>177</value>
        <value>148</value>
        <value>146</value>
        <value>119</value>
        <value>118</value>
        <value>100</value>
        <value>93</value>
        <value>71</value>
      </values>
      <score>65.0</score>
    </agent>
    <agent>
      <ID>113</ID>
      <userName>gdx3</userName>
      <strategy>GDX</strategy>
      <values>
        <value>258</value>
        <value>244</value>
        <value>232</value>
        <value>223</value>
        <value>217</value>
        <value>203</value>
        <value>195</value>
        <value>135</value>
        <value>80</value>
        <value>79</value>
      </values>
      <score>524.0</score>
    </agent>
    <agent>
      <ID>112</ID>
      <userName>gdx2</userName>
      <strategy>GDX</strategy>
      <values>
        <value>78</value>
        <value>88</value>
        <value>110</value>
        <value>121</value>
        <value>127</value>
        <value>199</value>
        <value>201</value>
        <value>243</value>
        <value>244</value>
        <value>257</value>
      </values>
      <score>176.6</score>
    </agent>
    <agent>
      <ID>52</ID>
      <userName>zip2</userName>
      <strategy>ZIP</strategy>
      <values>
        <value>122</value>
        <value>146</value>
        <value>149</value>
        <value>163</value>
        <value>183</value>
        <value>209</value>
        <value>217</value>
        <value>234</value>
        <value>249</value>
        <value>257</value>
      </values>
      <score>73.8</score>
    </agent>
    <agent>
      <ID>31</ID>
      <userName>zibtq1</userName>
      <strategy>ZIBTQ</strategy>
      <values>
        <value>84</value>
        <value>85</value>
        <value>97</value>
        <value>103</value>
        <value>127</value>
        <value>138</value>
        <value>183</value>
        <value>210</value>
        <value>219</value>
        <value>247</value>
      </values>
      <score>217.2</score>
    </agent>
  </scores>
</results>

